t_device,t_host,gyro_x,gyro_y,gyro_z,accel_x,accel_y,accel_z,dropped_before,buttons,seq
183.750000,313.052590,2.92944,-0.79339,-1.58678,0.01415,0.12444,0.99967,0,0,36986
183.755000,313.052590,2.92944,-1.34266,-1.76987,0.01391,0.12420,1.00406,0,0,36987
183.760000,313.052590,3.05150,-1.89193,-1.83090,0.01196,0.12615,1.00455,0,0,36988
183.765000,313.053013,3.47871,-2.44120,-1.83090,0.00708,0.13005,1.00406,0,0,36989
183.770000,313.053013,3.96695,-2.86841,-1.76987,0.00805,0.12786,1.00138,0,0,36990
183.775000,313.053013,4.08901,-3.11253,-1.52575,0.01342,0.12761,0.99674,0,0,36991
183.780000,313.053155,3.60077,-3.05150,-1.03751,0.01440,0.13054,0.99528,0,0,36992
183.785000,313.053155,2.86841,-2.50223,-0.48824,0.01513,0.13200,0.99430,0,0,36993
183.790000,313.053155,1.89193,-1.83090,-0.06103,0.01903,0.13347,0.99064,0,0,36994
183.795000,313.053365,0.91545,-1.58678,-0.06103,0.01903,0.13396,0.98796,0,0,36995
183.800000,313.053365,0.18309,-1.15957,-0.18309,0.01586,0.13249,0.98674,0,0,36996
183.805000,313.053365,-0.30515,-0.54927,-0.36618,0.01391,0.13054,0.98674,0,0,36997
183.810000,313.053527,-0.42721,0.06103,-1.03751,0.01318,0.12883,0.98747,0,0,36998
183.815000,313.053527,-0.18309,0.48824,-1.34266,0.01440,0.13298,0.99235,0,0,36999
183.820000,313.053527,0.54927,0.54927,-1.64781,0.01659,0.14030,0.99869,0,0,37000
183.825000,313.053650,1.40369,0.42721,-1.70884,0.01830,0.14542,1.00308,0,0,37001
183.830000,313.053650,1.76987,0.42721,-1.46472,0.01732,0.15030,1.00406,0,0,37002
183.835000,313.053650,1.03751,0.97648,-1.03751,0.01147,0.15396,1.00430,0,0,37003
183.840000,313.053773,-0.06103,1.40369,-0.91545,0.00537,0.15958,1.00552,0,0,37004
183.845000,313.053773,-1.34266,1.95296,-0.91545,0.00390,0.16324,1.00601,0,0,37005
183.850000,313.053773,-2.56326,2.25811,-0.91545,0.00634,0.16275,1.00894,0,0,37006
183.855000,313.053894,-3.84489,2.19708,-0.61030,0.00854,0.16324,1.01016,0,0,37007
183.860000,313.053894,-4.76034,1.95296,-0.06103,0.00854,0.16275,1.01138,0,0,37008
183.865000,313.053894,-4.69931,1.52575,0.42721,0.01098,0.16006,1.00943,0,0,37009
183.870000,313.054014,-4.08901,1.22060,0.79339,0.01440,0.15543,1.00772,0,0,37010
183.875000,313.054014,-3.17356,0.85442,1.09854,0.01440,0.14957,1.00674,0,0,37011
183.880000,313.054014,-2.01399,0.12206,1.28163,0.01391,0.14518,1.00528,0,0,37012
183.885000,313.054138,-0.61030,-0.67133,1.46472,0.01513,0.14128,1.00089,0,0,37013
183.890000,313.054138,0.42721,-1.40369,1.64781,0.01781,0.13664,0.99528,0,0,37014
183.895000,313.054138,0.61030,-1.70884,1.89193,0.01684,0.13249,0.99162,0,0,37015
183.900000,313.054319,-0.06103,-1.70884,2.01399,0.00976,0.12615,0.98796,0,0,37016
183.905000,313.054319,-0.85442,-1.52575,1.83090,0.00732,0.11785,0.98308,0,0,37017
183.910000,313.054319,-1.64781,-0.79339,1.34266,0.00732,0.11541,0.97868,0,0,37018
183.915000,313.054443,-2.44120,0.36618,0.54927,0.00732,0.11297,0.97649,0,0,37019
183.920000,313.054443,-2.68532,0.91545,-0.12206,0.00610,0.11297,0.97673,0,0,37020
183.925000,313.054443,-2.80738,1.28163,-0.91545,0.00293,0.11370,0.98186,0,0,37021
183.930000,313.054572,-2.74635,1.58678,-1.76987,0.00415,0.11297,0.98552,0,0,37022
183.935000,313.054572,-2.07502,1.70884,-2.68532,0.00952,0.11590,0.98844,0,0,37023
183.940000,313.054572,-1.58678,1.52575,-3.17356,0.01293,0.11834,0.99088,0,0,37024
183.945000,313.054694,-1.09854,1.34266,-3.47871,0.01122,0.12127,0.99210,0,0,37025
183.950000,313.054694,-0.67133,1.46472,-3.66180,0.00293,0.12566,0.99357,0,0,37026
183.955000,313.054694,-0.30515,1.58678,-3.96695,0.00098,0.12834,0.99454,0,0,37027
183.960000,313.054816,0.12206,1.46472,-4.33313,0.00561,0.13469,0.99674,0,0,37028
183.965000,313.054816,0.36618,1.46472,-4.27210,0.00878,0.14518,0.99918,0,0,37029
183.970000,313.054816,0.06103,1.40369,-3.90592,0.00683,0.15445,1.00113,0,0,37030
183.975000,313.054937,-0.48824,1.28163,-3.29562,0.00464,0.16080,1.00138,0,0,37031
183.980000,313.054937,-1.03751,1.28163,-2.38017,0.00537,0.16128,1.00089,0,0,37032
183.985000,313.054937,-1.46472,1.52575,-1.70884,0.00781,0.16177,1.00016,0,0,37033
183.990000,313.055058,-1.95296,1.95296,-1.03751,0.00561,0.16226,1.00186,0,0,37034
183.995000,313.055058,-2.56326,2.25811,0.12206,0.00781,0.15592,1.00528,0,0,37035
184.000000,313.055058,-2.44120,2.25811,1.09854,0.01269,0.14518,1.00918,0,0,37036
184.005000,313.055181,-1.95296,2.19708,1.83090,0.01391,0.13908,1.01236,0,0,37037
184.010000,313.055181,-0.30515,1.15957,2.38017,0.00927,0.13396,1.01455,0,0,37038
184.015000,313.055181,1.28163,0.30515,2.38017,0.00488,0.13127,1.01480,0,0,37039
184.020000,313.055354,2.74635,-0.61030,2.01399,0.00439,0.12810,1.01138,0,0,37040
184.025000,313.055354,3.72283,-1.03751,1.34266,0.00488,0.12615,1.00455,0,0,37041
184.030000,313.055354,3.96695,-0.91545,0.73236,0.00610,0.12590,1.00113,0,0,37042
184.035000,313.055479,3.60077,-0.24412,0.12206,0.00805,0.12712,0.99942,0,0,37043
184.040000,313.055479,2.80738,0.48824,-0.06103,0.00927,0.13103,1.00308,0,0,37044
184.045000,313.055479,2.01399,0.36618,0.06103,0.01049,0.13420,1.00552,0,0,37045
184.050000,313.055602,1.58678,-0.18309,-0.06103,0.01049,0.13640,1.00430,0,0,37046
184.055000,313.055602,1.28163,-0.48824,-0.36618,0.01000,0.13713,1.00308,0,0,37047
184.060000,313.055602,0.85442,0.00000,-0.79339,0.01000,0.13762,1.00382,0,0,37048
184.065000,313.055724,0.54927,0.36618,-1.03751,0.01049,0.13957,1.00382,0,0,37049
184.070000,313.055724,0.36618,0.36618,-0.85442,0.01025,0.14030,1.00479,0,0,37050
184.075000,313.055724,0.18309,0.06103,-0.79339,0.01049,0.14152,1.00504,0,0,37051
184.080000,313.055850,-0.12206,-0.12206,-0.91545,0.00878,0.14347,1.00186,0,0,37052
184.085000,313.055850,-1.09854,-0.18309,-0.91545,0.00805,0.14664,0.99894,0,0,37053
184.090000,313.055850,-2.50223,0.06103,-0.48824,0.00830,0.14811,0.99772,0,0,37054
184.095000,313.055971,-3.17356,0.36618,0.00000,0.00854,0.14957,0.99430,0,0,37055
184.100000,313.055971,-3.29562,0.79339,0.42721,0.00976,0.14835,0.98698,0,0,37056
184.105000,313.055971,-2.92944,0.91545,0.91545,0.01098,0.14445,0.98332,0,0,37057
184.110000,313.056091,-2.01399,1.28163,1.28163,0.00927,0.14079,0.98552,0,0,37058
184.115000,313.056091,-0.85442,1.40369,1.52575,0.01000,0.13688,0.99040,0,0,37059
184.120000,313.056091,0.48824,1.03751,1.52575,0.01122,0.13225,0.99357,0,0,37060
184.125000,313.056212,1.64781,0.67133,1.34266,0.01171,0.12956,0.99454,0,0,37061
184.130000,313.056212,2.68532,0.36618,1.22060,0.01220,0.12883,0.99576,0,0,37062
184.135000,313.056212,3.35665,0.06103,1.09854,0.01440,0.13005,0.99796,0,0,37063
184.140000,313.056412,3.41768,-0.18309,0.97648,0.01537,0.13152,1.00113,0,0,37064
184.145000,313.056412,3.29562,-0.67133,0.73236,0.01415,0.13274,1.00040,0,0,37065
184.150000,313.056412,2.92944,-0.97648,0.24412,0.01196,0.13542,0.99869,0,0,37066
184.155000,313.056536,2.31914,-1.09854,-0.12206,0.01122,0.13859,0.99528,0,0,37067
184.160000,313.056536,1.15957,-1.03751,-0.36618,0.01293,0.14176,0.98844,0,0,37068
184.165000,313.056536,-0.12206,-0.54927,-0.61030,0.01391,0.14201,0.98137,0,0,37069
184.170000,313.056674,-1.09854,0.30515,-0.79339,0.01342,0.14274,0.97454,0,0,37070
184.175000,313.056674,-1.83090,1.22060,-0.73236,0.01269,0.14445,0.97478,0,0,37071
184.180000,313.056674,-2.13605,1.83090,-0.61030,0.01196,0.14518,0.97990,0,0,37072
184.185000,313.056796,-1.83090,2.01399,-0.48824,0.01122,0.14884,0.98552,0,0,37073
184.190000,313.056796,-1.15957,1.89193,-0.30515,0.01098,0.15250,0.99308,0,0,37074
184.195000,313.056796,-0.61030,1.89193,0.06103,0.01244,0.15494,0.99747,0,0,37075
184.200000,313.056917,-0.36618,1.89193,0.61030,0.01342,0.15567,1.00186,0,0,37076
184.205000,313.056917,0.00000,1.76987,1.09854,0.01196,0.15396,1.00870,0,0,37077
184.210000,313.056917,0.67133,1.28163,1.58678,0.01000,0.15226,1.01187,0,0,37078
184.215000,313.057045,1.58678,0.36618,1.95296,0.00952,0.14982,1.00870,0,0,37079
184.220000,313.057045,2.01399,0.06103,1.76987,0.01000,0.14298,1.00235,0,0,37080
184.225000,313.057045,1.89193,0.42721,1.46472,0.01122,0.13591,0.99601,0,0,37081
184.230000,313.057167,1.34266,1.46472,1.40369,0.01025,0.13591,0.99552,0,0,37082
184.235000,313.057167,0.24412,2.31914,1.28163,0.00781,0.13469,0.99820,0,0,37083
184.240000,313.057167,-0.54927,2.25811,0.97648,0.00561,0.13200,0.99942,0,0,37084
184.245000,313.057339,-1.28163,2.19708,0.30515,0.00244,0.13103,1.00186,0,0,37085
184.250000,313.057339,-1.89193,2.31914,-0.48824,0.00098,0.12956,1.00382,0,0,37086
184.255000,313.057339,-2.07502,2.19708,-1.22060,0.00342,0.12761,1.00504,0,0,37087
184.260000,313.057462,-1.76987,1.52575,-1.58678,0.00756,0.12639,1.00626,0,0,37088
184.265000,313.057462,-0.73236,0.42721,-1.58678,0.01122,0.13005,1.00430,0,0,37089
184.270000,313.057462,0.12206,-0.12206,-1.15957,0.00854,0.13542,0.99820,0,0,37090
184.275000,313.057582,0.73236,-0.18309,-0.48824,0.00586,0.13884,0.99576,0,0,37091
184.280000,313.057582,1.15957,0.18309,-0.06103,0.00415,0.14201,0.99674,0,0,37092
184.285000,313.057582,1.46472,0.42721,0.18309,0.00439,0.14298,0.99991,0,0,37093
184.290000,313.057706,1.28163,0.48824,0.12206,0.00634,0.14347,1.00235,0,0,37094
184.295000,313.057706,0.73236,0.67133,0.12206,0.00976,0.14372,1.00308,0,0,37095
184.300000,313.057706,-0.06103,0.97648,0.36618,0.01098,0.14445,1.00382,0,0,37096
184.305000,313.057832,-0.79339,1.15957,0.85442,0.00878,0.14616,1.00650,0,0,37097
184.310000,313.057832,-1.28163,1.70884,1.09854,0.00390,0.14689,1.01089,0,0,37098
184.315000,313.057832,-1.40369,1.83090,1.22060,0.00268,0.14494,1.01431,0,0,37099
184.320000,313.057953,-1.03751,1.46472,1.46472,0.00220,0.14250,1.01650,0,0,37100
184.325000,313.057953,-0.36618,0.85442,1.64781,0.00098,0.14128,1.01772,0,0,37101
184.330000,313.057953,0.54927,0.06103,1.70884,-0.00049,0.13957,1.01748,0,0,37102
184.335000,313.058075,1.46472,-0.61030,1.70884,-0.00244,0.13713,1.01358,0,0,37103
184.340000,313.058075,2.31914,-1.28163,1.40369,-0.00317,0.13493,1.00870,0,0,37104
184.345000,313.058075,2.50223,-1.22060,0.91545,0.00000,0.13054,1.00455,0,0,37105
184.350000,313.058199,2.19708,-0.97648,0.54927,0.00390,0.13078,0.99991,0,0,37106
184.355000,313.058199,1.40369,-0.54927,0.36618,0.00268,0.13591,0.99576,0,0,37107
184.360000,313.058199,0.00000,0.36618,0.18309,0.00195,0.13981,0.99503,0,0,37108
184.365000,313.058350,-0.97648,1.03751,0.12206,0.00366,0.13859,0.99650,0,0,37109
184.370000,313.058350,-1.34266,1.40369,0.12206,0.00488,0.13444,0.99723,0,0,37110
184.375000,313.058350,-1.34266,1.15957,0.30515,0.00464,0.13103,0.99650,0,0,37111
184.380000,313.058473,-0.91545,0.67133,0.48824,0.00415,0.12883,0.99552,0,0,37112
184.385000,313.058473,-0.06103,0.36618,0.73236,0.00415,0.12786,0.99528,0,0,37113
184.390000,313.058473,1.52575,0.36618,0.85442,0.00317,0.12834,0.99869,0,0,37114
184.395000,313.058598,2.74635,0.30515,0.67133,-0.00122,0.13078,1.00479,0,0,37115
184.400000,313.058598,3.96695,-0.12206,0.24412,-0.00220,0.13249,1.00967,0,0,37116
184.405000,313.058598,4.33313,-0.54927,-0.12206,-0.00098,0.13591,1.01528,0,0,37117
184.410000,313.058721,3.53974,-0.85442,-0.61030,-0.00220,0.14030,1.02114,0,0,37118
184.415000,313.058721,2.44120,-1.03751,-1.09854,-0.00293,0.14713,1.02626,0,0,37119
184.420000,313.058721,1.28163,-1.40369,-1.40369,-0.00146,0.15250,1.02895,0,0,37120
184.425000,313.058845,0.30515,-1.83090,-1.64781,0.00390,0.15811,1.02651,0,0,37121
184.430000,313.058845,-0.67133,-2.07502,-1.64781,0.00952,0.16519,1.01894,0,0,37122
184.435000,313.058845,-1.89193,-1.89193,-0.54927,0.01074,0.17300,1.00943,0,0,37123
184.440000,313.058967,-2.50223,-1.46472,0.61030,0.00708,0.17422,1.00333,0,0,37124
184.445000,313.058967,-2.25811,-1.09854,1.46472,0.00415,0.16958,0.99723,0,0,37125
184.450000,313.058967,-1.09854,-1.15957,2.01399,0.00390,0.16202,0.98820,0,0,37126
184.455000,313.059103,0.61030,-1.28163,2.19708,0.00268,0.15274,0.98137,0,0,37127
184.460000,313.059103,3.11253,-0.97648,1.89193,-0.00049,0.14347,0.97405,0,0,37128
184.465000,313.059103,4.63828,-0.79339,1.46472,-0.00244,0.13713,0.97210,0,0,37129
184.470000,313.059226,5.30961,-0.79339,1.03751,0.00659,0.12956,0.97649,0,0,37130
184.475000,313.059226,5.67579,-0.67133,0.79339,0.01464,0.12615,0.98112,0,0,37131
184.480000,313.059226,5.55373,-0.18309,0.61030,0.01684,0.12517,0.98234,0,0,37132
184.485000,313.059423,4.51622,0.54927,0.61030,0.01610,0.12566,0.98405,0,0,37133
184.490000,313.059423,2.38017,1.76987,0.73236,0.01415,0.12615,0.98893,0,0,37134
184.495000,313.059423,0.48824,2.38017,0.42721,0.01098,0.12712,0.99430,0,0,37135
184.500000,313.059557,-0.91545,2.25811,-0.48824,0.00878,0.12639,0.99674,0,0,37136
184.505000,313.059557,-2.62429,1.64781,-1.40369,0.00586,0.12688,0.99576,0,0,37137
184.510000,313.059557,-3.72283,1.83090,-2.19708,0.00293,0.12859,0.99479,0,0,37138
184.515000,313.059684,-4.33313,2.25811,-2.99047,0.00488,0.13078,0.99625,0,0,37139
184.520000,313.059684,-3.96695,2.44120,-3.53974,0.00659,0.13591,0.99723,0,0,37140
184.525000,313.059684,-3.41768,1.89193,-3.47871,0.00610,0.14201,1.00040,0,0,37141
184.530000,313.059806,-2.99047,1.40369,-2.86841,0.00634,0.14933,1.00089,0,0,37142
184.535000,313.059806,-2.13605,0.91545,-1.58678,0.00586,0.15494,0.99820,0,0,37143
184.540000,313.059806,-1.46472,0.73236,-0.79339,0.00439,0.15787,0.99894,0,0,37144
184.545000,313.059928,-1.09854,0.79339,0.12206,0.00342,0.15884,1.00138,0,0,37145
184.550000,313.059928,-0.73236,0.67133,1.28163,0.00342,0.15860,1.00138,0,0,37146
184.555000,313.059928,-0.36618,0.48824,2.56326,0.00415,0.15543,1.00211,0,0,37147
184.560000,313.060050,-0.18309,0.18309,3.96695,0.00415,0.15030,1.00382,0,0,37148
184.565000,313.060050,0.18309,-0.12206,4.51622,0.00317,0.14372,1.00504,0,0,37149
184.570000,313.060050,0.61030,-0.36618,4.57725,0.00000,0.13688,1.00650,0,0,37150
184.575000,313.060174,1.15957,-0.48824,4.27210,-0.00317,0.13176,1.00918,0,0,37151
184.580000,313.060174,1.70884,-0.42721,3.53974,-0.00512,0.13005,1.00894,0,0,37152
184.585000,313.060174,2.25811,-0.67133,2.38017,-0.00439,0.12908,1.00723,0,0,37153
184.590000,313.060327,2.74635,-1.15957,1.22060,-0.00268,0.12908,1.00455,0,0,37154
184.595000,313.060327,2.62429,-1.34266,0.12206,-0.00195,0.13054,0.99894,0,0,37155
184.600000,313.060327,2.01399,-1.28163,-0.42721,-0.00098,0.13420,0.99162,0,0,37156
184.605000,313.060450,0.79339,-0.73236,-0.85442,0.00146,0.13810,0.98405,0,0,37157
184.610000,313.060450,-0.48824,0.00000,-1.03751,0.00317,0.14030,0.98015,0,0,37158
184.615000,313.060450,-2.07502,0.97648,-1.40369,0.00146,0.14420,0.98039,0,0,37159
184.620000,313.060576,-3.60077,2.01399,-1.52575,-0.00244,0.14982,0.98210,0,0,37160
184.625000,313.060576,-4.82137,2.62429,-1.70884,-0.00268,0.15323,0.98625,0,0,37161
184.630000,313.060576,-5.55373,2.99047,-1.76987,-0.00098,0.15372,0.99040,0,0,37162
184.635000,313.060701,-5.43167,3.05150,-1.83090,-0.00049,0.15396,0.99698,0,0,37163
184.640000,313.060701,-4.69931,2.74635,-1.58678,0.00122,0.15372,1.00479,0,0,37164
184.645000,313.060701,-3.72283,2.19708,-1.03751,0.00512,0.15128,1.00626,0,0,37165
184.650000,313.060823,-2.56326,1.52575,-0.18309,0.00878,0.15250,1.00430,0,0,37166
184.655000,313.060823,-1.52575,1.03751,0.85442,0.00781,0.15226,1.00430,0,0,37167
184.660000,313.060823,-0.24412,0.85442,1.95296,0.00537,0.14762,1.00211,0,0,37168
184.665000,313.060945,0.48824,0.73236,2.68532,0.00683,0.14103,1.00113,0,0,37169
184.670000,313.060945,0.85442,0.79339,3.47871,0.00708,0.13518,1.00479,0,0,37170
184.675000,313.060945,1.40369,0.61030,3.72283,0.00244,0.13200,1.00943,0,0,37171
184.680000,313.061067,1.89193,0.24412,3.47871,-0.00024,0.13005,1.01260,0,0,37172
184.685000,313.061067,1.89193,-0.12206,2.92944,-0.00122,0.12834,1.01309,0,0,37173
184.690000,313.061067,1.46472,-0.18309,2.31914,-0.00317,0.12834,1.01480,0,0,37174
184.695000,313.061189,0.91545,-0.18309,1.64781,-0.00512,0.12615,1.01480,0,0,37175
184.700000,313.061189,0.61030,-0.48824,0.97648,-0.00439,0.12298,1.01577,0,0,37176
184.705000,313.061189,0.30515,-1.03751,0.06103,-0.00366,0.12054,1.01333,0,0,37177
184.710000,313.066425,0.48824,-1.58678,-0.79339,-0.00342,0.12249,1.01040,0,0,37178
184.715000,313.066425,0.85442,-2.07502,-1.22060,0.00146,0.12420,1.00552,0,0,37179
184.720000,313.066425,1.09854,-2.25811,-1.46472,0.00634,0.12908,1.00064,0,0,37180
184.725000,313.081692,1.22060,-2.01399,-1.46472,0.00610,0.13518,0.99625,0,0,37181
184.730000,313.081692,1.22060,-1.40369,-0.85442,0.00732,0.14372,0.99332,0,0,37182
184.735000,313.081692,0.67133,-0.54927,-0.06103,0.00708,0.15030,0.99601,0,0,37183
184.740000,313.096394,-0.30515,0.36618,0.42721,0.00293,0.15396,0.99820,0,0,37184
184.745000,313.096394,-1.64781,1.03751,0.85442,-0.00122,0.15274,1.00162,0,0,37185
184.750000,313.096394,-2.99047,1.46472,1.15957,-0.00220,0.14762,1.00699,0,0,37186
184.755000,313.111672,-3.66180,1.46472,1.15957,-0.00146,0.14396,1.00967,0,0,37187
184.760000,313.111672,-3.41768,0.97648,0.97648,-0.00195,0.14201,1.00943,0,0,37188
184.765000,313.111672,-2.92944,0.36618,0.73236,-0.00195,0.14103,1.00967,0,0,37189
184.770000,313.126403,-2.19708,0.06103,0.42721,0.00268,0.13908,1.00894,0,0,37190
184.775000,313.126403,-1.15957,-0.06103,0.24412,0.00708,0.14054,1.00430,0,0,37191
184.780000,313.126403,-0.24412,-0.24412,0.48824,0.00610,0.14567,1.00186,0,0,37192
184.785000,313.141451,0.18309,-0.42721,0.73236,0.00268,0.14982,1.00186,0,0,37193
184.790000,313.141451,0.42721,-0.42721,0.91545,0.00146,0.15274,1.00333,0,0,37194
184.795000,313.141451,0.67133,-0.73236,1.09854,0.00195,0.15250,1.00504,0,0,37195
184.800000,313.156377,0.85442,-0.79339,1.28163,0.00244,0.14860,1.00406,0,0,37196
184.805000,313.156377,0.85442,-0.91545,1.03751,0.00561,0.14372,1.00040,0,0,37197
184.810000,313.156377,0.00000,-0.85442,0.97648,0.00878,0.13713,0.99918,0,0,37198
184.815000,313.171313,-0.85442,-0.42721,1.03751,0.01122,0.12956,0.99796,0,0,37199
184.820000,313.171313,-1.40369,0.24412,0.91545,0.01220,0.12639,0.99845,0,0,37200
184.825000,313.171313,-1.83090,0.61030,1.03751,0.00878,0.12761,1.00089,0,0,37201
184.830000,313.186308,-2.01399,0.61030,1.28163,0.00781,0.13030,1.00479,0,0,37202
184.835000,313.186308,-1.76987,0.12206,0.91545,0.00732,0.13103,1.00504,0,0,37203
184.840000,313.186308,-1.22060,-0.12206,0.36618,0.00561,0.13127,1.00406,0,0,37204
184.845000,313.201323,-0.73236,-0.30515,0.06103,0.00683,0.13225,1.00089,0,0,37205
184.850000,313.201323,-0.42721,-0.30515,0.06103,0.00805,0.13322,0.99820,0,0,37206
184.855000,313.201323,-0.42721,-0.24412,-0.12206,0.00561,0.13152,0.99674,0,0,37207
184.860000,313.216338,-0.67133,-0.18309,-0.42721,0.00293,0.13103,0.99381,0,0,37208
184.865000,313.216338,-1.03751,-0.06103,-0.42721,0.00439,0.13225,0.99162,0,0,37209
184.870000,313.216338,-0.91545,-0.12206,-0.30515,0.00830,0.13493,0.99430,0,0,37210
184.875000,313.231343,-0.42721,-0.18309,-0.24412,0.01000,0.13640,0.99918,0,0,37211
184.880000,313.231343,0.12206,-0.12206,-0.36618,0.00756,0.13810,1.00382,0,0,37212
184.885000,313.231343,0.73236,-0.06103,-0.67133,0.00390,0.13957,1.00723,0,0,37213
184.890000,313.246329,1.15957,-0.18309,-0.91545,0.00342,0.14006,1.00967,0,0,37214
184.895000,313.246329,1.46472,-0.61030,-1.28163,0.00634,0.14103,1.01211,0,0,37215
184.900000,313.246329,1.40369,-1.28163,-1.52575,0.00708,0.14445,1.00967,0,0,37216
184.905000,313.261181,0.42721,-1.76987,-1.46472,0.00659,0.15006,1.00430,0,0,37217
184.910000,313.261181,-0.79339,-1.52575,-0.91545,0.00439,0.15396,0.99942,0,0,37218
184.915000,313.261181,-2.01399,-0.91545,-0.30515,0.00171,0.15567,0.99503,0,0,37219
184.920000,313.276281,-2.86841,-0.36618,0.30515,0.00073,0.15177,0.99210,0,0,37220
184.925000,313.276281,-3.23459,-0.36618,0.91545,0.00244,0.14640,0.98820,0,0,37221
184.930000,313.276281,-2.38017,-0.91545,1.46472,0.00293,0.14054,0.98576,0,0,37222
184.935000,313.291329,-0.67133,-1.09854,1.70884,0.00293,0.13518,0.98405,0,0,37223
184.940000,313.291329,1.28163,-1.09854,1.58678,0.00317,0.12883,0.98405,0,0,37224
184.945000,313.291329,2.86841,-1.15957,1.28163,0.00610,0.12151,0.98478,0,0,37225
184.950000,313.306256,3.72283,-1.15957,0.97648,0.00976,0.11810,0.98308,0,0,37226
184.955000,313.306256,3.41768,-0.85442,0.48824,0.00634,0.11907,0.97820,0,0,37227
184.960000,313.306256,1.76987,-0.24412,-0.06103,0.00244,0.12151,0.97502,0,0,37228
184.965000,313.321428,0.06103,0.42721,-0.54927,0.00122,0.12273,0.97624,0,0,37229
184.970000,313.321428,-1.40369,1.09854,-1.15957,0.00098,0.12517,0.98186,0,0,37230
184.975000,313.321428,-2.62429,1.70884,-1.83090,0.00049,0.12761,0.98966,0,0,37231
184.980000,313.336236,-3.53974,2.13605,-2.38017,0.00244,0.12956,0.99601,0,0,37232
184.985000,313.336236,-3.84489,2.19708,-2.68532,0.00683,0.13152,1.00089,0,0,37233
184.990000,313.336236,-3.47871,1.58678,-2.44120,0.00976,0.13371,1.00650,0,0,37234
184.995000,313.351266,-2.74635,0.91545,-2.01399,0.01318,0.13786,1.01089,0,0,37235
185.000000,313.351266,-2.13605,-0.18309,-1.89193,0.01415,0.14518,1.00870,0,0,37236
185.005000,313.351266,-2.31914,-0.67133,-1.89193,0.01440,0.15152,1.00479,0,0,37237
185.010000,313.366303,-2.56326,-0.85442,-1.34266,0.01440,0.15909,0.99869,0,0,37238
185.015000,313.366303,-2.25811,-1.09854,-0.54927,0.01537,0.16836,0.99186,0,0,37239
185.020000,313.366303,-1.70884,-1.28163,0.61030,0.01269,0.17202,0.98722,0,0,37240
185.025000,313.381707,-0.54927,-1.52575,1.64781,0.00903,0.17178,0.98308,0,0,37241
185.030000,313.381707,1.03751,-1.52575,2.31914,0.00464,0.16836,0.97966,0,0,37242
185.035000,313.381707,2.80738,-1.46472,2.92944,0.00512,0.15909,0.97795,0,0,37243
185.040000,313.396729,3.72283,-1.28163,3.11253,0.00903,0.14835,0.97893,0,0,37244
185.045000,313.396729,3.90592,-0.97648,2.92944,0.01537,0.13859,0.97966,0,0,37245
185.050000,313.396729,2.80738,-0.30515,2.74635,0.01757,0.13274,0.98625,0,0,37246
185.055000,313.411366,1.34266,0.18309,2.56326,0.00903,0.13274,0.99040,0,0,37247
185.060000,313.411366,-1.22060,0.67133,1.76987,-0.00171,0.13347,0.99406,0,0,37248
185.065000,313.411366,-2.38017,0.79339,0.85442,-0.00098,0.13054,0.99430,0,0,37249
185.070000,313.426646,-2.74635,0.67133,0.24412,0.00464,0.12932,0.99284,0,0,37250
185.075000,313.426646,-2.56326,0.48824,0.18309,0.00586,0.13103,0.99528,0,0,37251
185.080000,313.426646,-1.89193,0.12206,0.48824,0.00488,0.13054,0.99650,0,0,37252
185.085000,313.441459,-0.67133,-0.30515,0.67133,0.00537,0.12956,0.99479,0,0,37253
185.090000,313.441459,0.54927,-0.61030,0.48824,0.00317,0.12981,0.99210,0,0,37254
185.095000,313.441459,0.48824,-0.36618,0.12206,0.00244,0.13298,0.98893,0,0,37255
185.100000,313.456687,-0.24412,0.30515,0.24412,0.00390,0.13713,0.98991,0,0,37256
185.105000,313.456687,-2.07502,1.28163,0.36618,0.00512,0.14054,0.99186,0,0,37257
185.110000,313.456687,-3.41768,1.89193,0.54927,0.00464,0.14176,0.99015,0,0,37258
185.115000,313.471559,-4.33313,2.19708,0.97648,0.00098,0.14054,0.99186,0,0,37259
185.120000,313.471559,-4.08901,2.13605,1.46472,-0.00073,0.13713,0.99479,0,0,37260
185.125000,313.471559,-2.62429,1.70884,1.76987,-0.00073,0.13274,0.99479,0,0,37261
185.130000,313.486498,-0.97648,1.09854,1.76987,0.00244,0.12737,0.99332,0,0,37262
185.135000,313.486498,0.85442,1.09854,1.52575,0.00244,0.12468,0.99406,0,0,37263
185.140000,313.486498,1.76987,1.34266,1.34266,-0.00122,0.12664,0.99430,0,0,37264
185.145000,313.501377,1.89193,1.40369,1.15957,-0.00098,0.12810,0.99528,0,0,37265
185.150000,313.501377,1.40369,1.15957,1.03751,0.00317,0.12810,0.99576,0,0,37266
185.155000,313.501377,0.79339,0.91545,0.91545,0.00464,0.12737,0.99576,0,0,37267
185.160000,313.516723,0.24412,0.97648,0.48824,0.00439,0.12688,0.99723,0,0,37268
185.165000,313.516723,-0.18309,1.22060,0.12206,0.00342,0.12688,0.99991,0,0,37269
185.170000,313.516723,-0.24412,1.40369,-0.36618,0.00439,0.12468,1.00528,0,0,37270
185.175000,313.531388,0.24412,1.34266,-1.09854,0.00586,0.12322,1.00943,0,0,37271
185.180000,313.531388,1.34266,1.03751,-1.70884,0.00586,0.12615,1.01309,0,0,37272
185.185000,313.531388,2.13605,0.18309,-1.76987,0.00488,0.12932,1.01577,0,0,37273
185.190000,313.546410,2.50223,-0.36618,-1.70884,0.00537,0.13396,1.01504,0,0,37274
185.195000,313.546410,2.25811,-0.61030,-1.46472,0.00708,0.14176,1.01260,0,0,37275
185.200000,313.546410,1.34266,-0.36618,-0.67133,0.00781,0.14664,1.00943,0,0,37276
185.205000,313.564256,-0.48824,-0.18309,0.42721,0.00781,0.14933,1.00699,0,0,37277
185.210000,313.564256,-1.83090,0.06103,1.15957,0.00708,0.14933,1.00455,0,0,37278
185.215000,313.564256,-2.62429,0.48824,1.52575,0.00415,0.14542,1.00406,0,0,37279
185.220000,313.576506,-2.74635,0.73236,1.46472,0.00073,0.13908,1.00162,0,0,37280
185.225000,313.576506,-2.13605,0.67133,0.85442,0.00049,0.13298,1.00186,0,0,37281
185.230000,313.576506,-0.91545,0.61030,0.18309,0.00146,0.12932,1.00260,0,0,37282
185.235000,313.591721,-0.12206,0.42721,-0.24412,0.00195,0.12615,1.00235,0,0,37283
185.240000,313.591721,0.54927,0.06103,-0.79339,0.00415,0.12615,0.99820,0,0,37284
185.245000,313.591721,0.79339,-0.18309,-1.22060,0.00659,0.12908,0.99113,0,0,37285
185.250000,313.606723,0.61030,0.00000,-1.40369,0.00659,0.13225,0.98771,0,0,37286
185.255000,313.606723,-0.18309,0.67133,-1.22060,0.00732,0.13493,0.98893,0,0,37287
185.260000,313.606723,-0.67133,1.09854,-1.09854,0.00781,0.13762,0.99259,0,0,37288
185.265000,313.621457,-0.79339,1.09854,-0.85442,0.00781,0.13932,0.99747,0,0,37289
185.270000,313.621457,-0.36618,0.97648,-0.73236,0.00537,0.14030,1.00479,0,0,37290
185.275000,313.621457,0.61030,0.73236,-0.85442,0.00634,0.14176,1.00967,0,0,37291
185.280000,313.636512,1.09854,0.36618,-0.85442,0.01000,0.14128,1.01211,0,0,37292
185.285000,313.636512,0.91545,0.06103,-0.67133,0.01074,0.14323,1.01260,0,0,37293
185.290000,313.636512,0.42721,-0.18309,-0.48824,0.01074,0.14469,1.01260,0,0,37294
185.295000,313.651759,0.00000,-0.61030,-0.06103,0.01147,0.14518,1.01162,0,0,37295
185.300000,313.651759,-0.30515,-0.61030,0.00000,0.01098,0.14591,1.00992,0,0,37296
185.305000,313.651759,-0.06103,-0.67133,-0.18309,0.01074,0.14884,1.00796,0,0,37297
185.310000,313.666737,0.48824,-0.48824,-0.42721,0.01074,0.15274,1.00552,0,0,37298
185.315000,313.666737,0.79339,-0.18309,-0.18309,0.01074,0.15543,1.00357,0,0,37299
185.320000,313.666737,0.85442,0.00000,0.42721,0.00976,0.15714,1.00552,0,0,37300
185.325000,313.681734,0.73236,0.12206,1.22060,0.00390,0.15616,1.00796,0,0,37301
185.330000,313.681734,0.61030,-0.24412,1.70884,0.00098,0.15445,1.00699,0,0,37302
185.335000,313.681734,0.18309,-0.24412,1.83090,0.00171,0.15299,1.00186,0,0,37303
185.340000,313.696388,-0.54927,0.48824,1.89193,0.00220,0.14884,0.99991,0,0,37304
185.345000,313.696388,-1.34266,1.46472,1.95296,0.00195,0.14591,1.00186,0,0,37305
185.350000,313.696388,-2.01399,2.13605,1.95296,0.00244,0.14323,1.00333,0,0,37306
185.355000,313.711359,-2.38017,2.13605,1.89193,0.00244,0.13835,1.00577,0,0,37307
185.360000,313.711359,-2.01399,1.58678,1.76987,0.00220,0.13396,1.00943,0,0,37308
185.365000,313.711359,-1.46472,1.09854,1.58678,0.00342,0.13030,1.01260,0,0,37309
185.370000,313.726236,-0.91545,0.85442,1.28163,0.00488,0.12956,1.01309,0,0,37310
185.375000,313.726236,-0.48824,0.67133,0.85442,0.00317,0.13005,1.01382,0,0,37311
185.380000,313.726236,-0.24412,0.54927,0.36618,0.00122,0.13054,1.01431,0,0,37312
185.385000,313.741641,-0.42721,0.54927,0.06103,0.00098,0.13200,1.01504,0,0,37313
185.390000,313.741641,-0.67133,0.18309,0.00000,0.00073,0.13542,1.01577,0,0,37314
185.395000,313.741641,-0.79339,-0.30515,0.42721,0.00073,0.13981,1.01406,0,0,37315
185.400000,313.756750,-0.85442,-0.48824,0.73236,0.00049,0.14103,1.01114,0,0,37316
185.405000,313.756750,-0.54927,-0.73236,0.79339,0.00244,0.14128,1.00772,0,0,37317
185.410000,313.756750,-0.18309,-0.73236,1.09854,0.00561,0.14347,1.00528,0,0,37318
185.415000,313.771409,0.12206,-0.79339,1.76987,0.00586,0.14567,1.00504,0,0,37319
185.420000,313.771409,0.48824,-0.91545,2.50223,0.00537,0.14640,1.00455,0,0,37320
185.425000,313.771409,0.73236,-1.22060,2.74635,0.00439,0.14469,1.00211,0,0,37321
185.430000,313.786452,0.67133,-1.40369,2.80738,0.00390,0.14030,0.99942,0,0,37322
185.435000,313.786452,0.00000,-0.97648,2.62429,0.00244,0.13688,0.99698,0,0,37323
185.440000,313.786452,-0.54927,-0.54927,2.56326,0.00366,0.13249,0.99552,0,0,37324
185.445000,313.801681,-0.97648,-0.18309,2.44120,0.00561,0.12932,0.99576,0,0,37325
185.450000,313.801681,-1.46472,0.00000,2.31914,0.00659,0.12908,0.99918,0,0,37326
185.455000,313.801681,-1.83090,-0.06103,2.01399,0.00366,0.12810,1.00113,0,0,37327
185.460000,313.816493,-1.64781,-0.24412,1.58678,-0.00073,0.12664,1.00064,0,0,37328
185.465000,313.816493,-1.03751,-0.24412,0.97648,-0.00293,0.12566,0.99869,0,0,37329
185.470000,313.816493,-0.42721,-0.30515,0.12206,-0.00464,0.12664,0.99137,0,0,37330
185.475000,313.831346,0.00000,0.12206,-0.54927,-0.00464,0.12786,0.98600,0,0,37331
185.480000,313.831346,0.42721,0.67133,-1.09854,-0.00390,0.12859,0.98430,0,0,37332
185.485000,313.831346,0.48824,0.85442,-0.67133,-0.00342,0.13103,0.98332,0,0,37333
185.490000,313.846603,0.48824,0.67133,-0.36618,-0.00366,0.13225,0.98356,0,0,37334
185.495000,313.846603,0.18309,0.48824,-0.24412,-0.00293,0.12883,0.98454,0,0,37335
185.500000,313.846603,-0.36618,0.48824,-0.30515,-0.00073,0.12542,0.98552,0,0,37336
185.505000,313.861604,-0.85442,1.03751,-0.12206,0.00073,0.12712,0.98771,0,0,37337
185.510000,313.861604,-1.15957,1.40369,0.18309,0.00098,0.12590,0.99357,0,0,37338
185.515000,313.861604,-0.97648,1.46472,0.42721,0.00537,0.12273,0.99967,0,0,37339
185.520000,313.876371,-0.42721,1.03751,0.61030,0.00952,0.12200,1.00382,0,0,37340
185.525000,313.876371,0.42721,0.30515,0.79339,0.00756,0.12420,1.00528,0,0,37341
185.530000,313.876371,1.58678,-0.54927,0.79339,0.00561,0.12615,1.00406,0,0,37342
185.535000,313.891441,2.13605,-0.97648,0.73236,0.00561,0.13054,1.00357,0,0,37343
185.540000,313.891441,2.13605,-1.03751,0.73236,0.00512,0.13688,1.00284,0,0,37344
185.545000,313.891441,1.52575,-0.54927,0.79339,0.00561,0.14176,1.00308,0,0,37345
185.550000,313.906622,0.30515,0.06103,0.79339,0.00659,0.14420,1.00577,0,0,37346
185.555000,313.906622,-1.58678,0.48824,0.79339,0.00268,0.14518,1.00918,0,0,37347
185.560000,313.906622,-2.80738,0.42721,0.42721,-0.00073,0.14542,1.01162,0,0,37348
185.565000,313.921332,-3.35665,0.24412,0.18309,-0.00220,0.14591,1.01284,0,0,37349
185.570000,313.921332,-3.35665,-0.06103,0.12206,-0.00073,0.14640,1.01138,0,0,37350
185.575000,313.921332,-2.86841,-0.36618,0.24412,0.00171,0.14396,1.00918,0,0,37351
185.580000,313.936459,-2.01399,-0.79339,0.42721,0.00537,0.14030,1.00406,0,0,37352
185.585000,313.936459,-0.67133,-1.46472,0.79339,0.00683,0.13640,0.99576,0,0,37353
185.590000,313.936459,0.36618,-1.70884,1.22060,0.00732,0.13249,0.98893,0,0,37354
185.595000,313.951430,1.46472,-1.46472,1.40369,0.00708,0.12883,0.98356,0,0,37355
185.600000,313.951430,1.95296,-1.15957,1.28163,0.00512,0.12493,0.98259,0,0,37356
185.605000,313.951430,1.95296,-0.91545,1.09854,0.00122,0.12151,0.98015,0,0,37357
185.610000,313.966480,1.64781,-0.54927,0.79339,0.00146,0.12102,0.98259,0,0,37358
185.615000,313.966480,1.03751,0.06103,0.48824,0.00439,0.12200,0.98747,0,0,37359
185.620000,313.966480,0.00000,0.67133,0.30515,0.00512,0.12346,0.99235,0,0,37360
185.625000,313.981618,-1.22060,1.09854,0.36618,0.00439,0.12639,0.99723,0,0,37361
185.630000,313.981618,-2.62429,1.40369,0.42721,0.00098,0.12883,1.00235,0,0,37362
185.635000,313.981618,-3.17356,1.22060,0.48824,-0.00146,0.12908,1.00601,0,0,37363
185.640000,313.996402,-3.23459,0.79339,0.42721,-0.00195,0.12932,1.00577,0,0,37364
185.645000,313.996402,-2.99047,0.36618,0.18309,-0.00268,0.13103,1.00357,0,0,37365
185.650000,313.996402,-2.62429,0.30515,0.12206,-0.00317,0.13274,0.99991,0,0,37366
185.655000,314.011385,-2.19708,0.36618,0.30515,-0.00268,0.13518,0.99650,0,0,37367
185.660000,314.011385,-1.52575,0.30515,0.54927,0.00000,0.13640,0.99528,0,0,37368
185.665000,314.011385,-0.97648,0.12206,0.54927,0.00146,0.13591,0.99332,0,0,37369
185.670000,314.026378,-0.24412,-0.06103,0.48824,0.00049,0.13444,0.99308,0,0,37370
185.675000,314.026378,0.54927,-0.30515,0.42721,-0.00146,0.13225,0.99430,0,0,37371
185.680000,314.026378,1.40369,-0.42721,0.24412,-0.00122,0.13054,0.99674,0,0,37372
185.685000,314.041489,1.70884,-0.30515,0.18309,-0.00122,0.12859,0.99918,0,0,37373
185.690000,314.041489,1.76987,-0.24412,0.18309,-0.00073,0.12737,1.00064,0,0,37374
185.695000,314.041489,1.40369,-0.12206,0.18309,0.00024,0.12590,1.00211,0,0,37375
185.700000,314.056321,1.03751,-0.24412,0.18309,0.00122,0.12322,1.00284,0,0,37376
185.705000,314.056321,0.48824,-0.24412,-0.06103,0.00195,0.12029,1.00186,0,0,37377
185.710000,314.056321,0.18309,-0.30515,-0.30515,0.00268,0.11688,1.00040,0,0,37378
185.715000,314.071313,0.00000,-0.30515,-0.48824,0.00439,0.11297,0.99698,0,0,37379
185.720000,314.071313,-0.12206,-0.30515,-1.09854,0.00586,0.11151,0.99308,0,0,37380
185.725000,314.071313,-0.12206,0.12206,-1.70884,0.00756,0.11639,0.99284,0,0,37381
185.730000,314.086294,-0.30515,0.67133,-1.83090,0.00854,0.12322,0.99332,0,0,37382
185.735000,314.086294,-0.42721,1.09854,-1.76987,0.00854,0.12859,0.99284,0,0,37383
185.740000,314.086294,-0.24412,1.22060,-1.64781,0.00586,0.13298,0.99576,0,0,37384
185.745000,314.101245,0.24412,1.09854,-1.64781,0.00268,0.14176,1.00089,0,0,37385
185.750000,314.101245,0.54927,1.03751,-1.76987,0.00317,0.14616,1.00528,0,0,37386
185.755000,314.101245,0.18309,1.15957,-1.52575,0.00268,0.14908,1.00845,0,0,37387
185.760000,314.116264,-0.12206,0.91545,-0.97648,0.00317,0.15055,1.01162,0,0,37388
185.765000,314.116264,-0.18309,0.36618,-0.54927,0.00195,0.15030,1.01406,0,0,37389
185.770000,314.116264,-0.12206,-0.06103,-0.36618,-0.00024,0.15006,1.01284,0,0,37390
185.775000,314.131213,0.18309,-0.30515,-0.42721,0.00024,0.15006,1.01089,0,0,37391
185.780000,314.131213,0.54927,-0.48824,-0.48824,0.00317,0.14786,1.01016,0,0,37392
185.785000,314.131213,0.97648,-0.79339,-0.54927,0.00659,0.14664,1.00845,0,0,37393
185.790000,314.146160,1.22060,-0.79339,-0.06103,0.00732,0.14884,1.00406,0,0,37394
185.795000,314.146160,1.28163,-0.61030,0.54927,0.00561,0.15006,0.99942,0,0,37395
185.800000,314.146160,1.28163,-0.30515,1.34266,0.00512,0.14933,0.99991,0,0,37396
185.805000,314.161143,1.03751,0.12206,1.83090,0.00708,0.14713,1.00406,0,0,37397
185.810000,314.161143,0.91545,0.30515,2.19708,0.00878,0.14372,1.00626,0,0,37398
185.815000,314.161143,1.09854,0.36618,2.74635,0.00732,0.13981,1.01089,0,0,37399
185.820000,314.176185,1.40369,0.18309,3.05150,0.00317,0.13786,1.01626,0,0,37400
185.825000,314.176185,1.70884,-0.30515,2.92944,0.00049,0.13347,1.01724,0,0,37401
185.830000,314.176185,1.70884,-0.54927,2.25811,-0.00195,0.12859,1.01406,0,0,37402
185.835000,314.191145,1.40369,-0.61030,1.40369,-0.00049,0.12615,1.00943,0,0,37403
185.840000,314.191145,0.97648,-0.67133,0.73236,0.00268,0.12468,1.00674,0,0,37404
185.845000,314.191145,0.67133,-0.73236,0.24412,0.00439,0.12298,1.00504,0,0,37405
185.850000,314.206153,0.36618,-0.97648,0.00000,0.00366,0.12395,0.99845,0,0,37406
185.855000,314.206153,0.12206,-1.28163,-0.18309,0.00561,0.12444,0.99186,0,0,37407
185.860000,314.206153,0.00000,-1.09854,-0.30515,0.00756,0.12322,0.98698,0,0,37408
185.865000,314.221157,-0.36618,-0.61030,-0.30515,0.00634,0.12200,0.98527,0,0,37409
185.870000,314.221157,-0.54927,-0.24412,-0.24412,0.00244,0.12176,0.98527,0,0,37410
185.875000,314.221157,-0.42721,-0.12206,-0.30515,-0.00122,0.12102,0.98552,0,0,37411
185.880000,314.236118,-0.12206,-0.06103,-0.54927,-0.00220,0.12176,0.98722,0,0,37412
185.885000,314.236118,0.00000,0.00000,-0.85442,-0.00342,0.12566,0.98771,0,0,37413
185.890000,314.236118,0.36618,0.00000,-0.85442,-0.00049,0.13078,0.98918,0,0,37414
185.895000,314.251113,1.34266,-0.12206,-0.67133,0.00976,0.13274,0.99015,0,0,37415
185.900000,314.251113,2.31914,0.12206,-0.18309,0.00512,0.14006,0.99235,0,0,37416
185.905000,314.251113,2.25811,0.36618,0.36618,0.00000,0.14518,1.00064,0,0,37417
185.910000,314.266176,1.70884,0.67133,0.67133,-0.00049,0.14616,1.00577,0,0,37418
185.915000,314.266176,1.28163,1.15957,0.73236,0.00464,0.14982,1.00382,0,0,37419
185.920000,314.266176,0.42721,1.58678,0.97648,0.00781,0.15201,1.00284,0,0,37420
185.925000,314.281099,-0.42721,1.83090,1.46472,0.00927,0.15201,1.00479,0,0,37421
185.930000,314.281099,-1.34266,2.01399,2.07502,0.00952,0.14957,1.00528,0,0,37422
185.935000,314.281099,-1.89193,1.89193,2.01399,0.01049,0.14494,1.00504,0,0,37423
185.940000,314.296208,-2.19708,1.89193,1.76987,0.00927,0.14128,1.00601,0,0,37424
185.945000,314.296208,-2.07502,1.95296,1.40369,0.00366,0.13835,1.00796,0,0,37425
185.950000,314.296208,-1.46472,1.64781,0.97648,0.00049,0.13444,1.00870,0,0,37426
185.955000,314.311180,-0.42721,1.09854,0.61030,0.00244,0.13200,1.00943,0,0,37427
185.960000,314.311180,0.42721,0.67133,0.61030,0.00634,0.13103,1.00796,0,0,37428
185.965000,314.311180,1.09854,0.36618,0.73236,0.00830,0.13225,1.00626,0,0,37429
185.970000,314.326193,1.34266,0.00000,0.97648,0.00708,0.13127,1.00552,0,0,37430
185.975000,314.326193,1.03751,-0.12206,1.09854,0.00659,0.12981,1.00406,0,0,37431
185.980000,314.326193,0.24412,0.12206,0.79339,0.00537,0.12810,0.99845,0,0,37432
185.985000,314.341186,-0.67133,0.24412,0.30515,0.00366,0.12883,0.99503,0,0,37433
185.990000,314.341186,-1.40369,0.48824,0.12206,0.00122,0.13078,0.99406,0,0,37434
185.995000,314.341186,-1.83090,1.03751,-0.12206,0.00098,0.13005,0.99308,0,0,37435
186.000000,314.356199,-1.83090,1.34266,-0.24412,0.00317,0.12859,0.99406,0,0,37436
186.005000,314.356199,-1.09854,1.15957,-0.18309,0.00488,0.12761,0.99820,0,0,37437
186.010000,314.356199,-0.18309,1.15957,-0.24412,0.00586,0.12883,1.00186,0,0,37438
186.015000,314.371187,0.85442,0.85442,0.00000,0.00805,0.13176,1.00235,0,0,37439
186.020000,314.371187,1.40369,0.54927,0.54927,0.00830,0.13444,1.00064,0,0,37440
186.025000,314.371187,1.58678,0.54927,1.46472,0.00293,0.13713,1.00455,0,0,37441
186.030000,314.386143,1.58678,0.42721,1.76987,0.00049,0.13908,1.00796,0,0,37442
186.035000,314.386143,1.09854,0.18309,1.76987,0.00073,0.13932,1.01089,0,0,37443
186.040000,314.386143,0.18309,0.12206,1.70884,-0.00146,0.13884,1.01236,0,0,37444
186.045000,314.401154,-0.67133,-0.12206,1.70884,-0.00317,0.13713,1.01211,0,0,37445
186.050000,314.401154,-1.09854,-0.30515,1.58678,-0.00317,0.13420,1.00650,0,0,37446
186.055000,314.401154,-1.09854,-0.48824,1.15957,0.00000,0.12786,1.00186,0,0,37447
186.060000,314.416147,-1.09854,-0.30515,0.61030,0.00415,0.12176,0.99796,0,0,37448
186.065000,314.416147,-0.85442,0.12206,0.00000,0.00415,0.11980,0.99332,0,0,37449
186.070000,314.416147,-0.73236,0.18309,-0.48824,0.00146,0.12346,0.99332,0,0,37450
186.075000,314.431119,-0.73236,0.06103,-0.67133,0.00098,0.12859,0.99430,0,0,37451
186.080000,314.431119,-0.67133,-0.12206,-1.03751,0.00293,0.13469,0.99576,0,0,37452
186.085000,314.431119,-0.79339,-0.24412,-1.15957,0.00390,0.13762,0.99674,0,0,37453
186.090000,314.446127,-0.73236,-0.30515,-1.03751,0.00415,0.13835,0.99479,0,0,37454
186.095000,314.446127,-0.54927,-0.42721,-0.30515,0.00244,0.14176,0.99210,0,0,37455
186.100000,314.446127,-0.30515,-0.48824,0.06103,-0.00171,0.14250,0.99088,0,0,37456
186.105000,314.461147,0.67133,-0.54927,0.30515,-0.00171,0.14054,0.98942,0,0,37457
186.110000,314.461147,1.22060,-0.73236,0.42721,-0.00024,0.14006,0.98430,0,0,37458
186.115000,314.461147,1.52575,-0.73236,0.54927,0.00122,0.13884,0.98210,0,0,37459
186.120000,314.476116,1.83090,-0.42721,0.48824,0.00220,0.13835,0.98088,0,0,37460
186.125000,314.476116,1.95296,0.18309,0.73236,0.00317,0.13737,0.98308,0,0,37461
186.130000,314.476116,1.34266,0.48824,1.15957,0.00464,0.13908,0.98674,0,0,37462
186.135000,314.491054,0.61030,0.42721,1.34266,0.00586,0.14274,0.98552,0,0,37463
186.140000,314.491054,-0.36618,0.61030,1.28163,0.00708,0.14664,0.98308,0,0,37464
186.145000,314.491054,-1.83090,1.34266,1.22060,0.00610,0.14689,0.98454,0,0,37465
186.150000,314.506175,-3.11253,2.13605,1.28163,0.00512,0.14445,0.98820,0,0,37466
186.155000,314.506175,-4.21107,2.56326,1.15957,0.00659,0.13981,0.99186,0,0,37467
186.160000,314.506175,-4.82137,2.44120,0.85442,0.00756,0.13615,0.99601,0,0,37468
186.165000,314.521163,-5.12652,2.19708,0.67133,0.00634,0.13249,0.99991,0,0,37469
186.170000,314.521163,-4.88240,1.89193,0.67133,0.00537,0.12883,0.99918,0,0,37470
186.175000,314.521163,-4.27210,1.70884,0.73236,0.00415,0.12639,0.99845,0,0,37471
186.180000,314.536283,-3.17356,1.40369,0.85442,0.00488,0.12395,0.99820,0,0,37472
186.185000,314.536283,-2.07502,1.15957,0.67133,0.00268,0.12346,0.99430,0,0,37473
186.190000,314.536283,-1.58678,0.97648,0.36618,-0.00122,0.12371,0.98747,0,0,37474
186.195000,314.551507,-1.34266,1.03751,0.18309,-0.00464,0.12712,0.97917,0,0,37475
186.200000,314.551507,-2.01399,2.07502,0.00000,-0.00415,0.12664,0.98210,0,0,37476
186.205000,314.551507,-1.03751,2.25811,-0.48824,0.00390,0.12737,0.98015,0,0,37477
186.210000,314.566251,0.06103,1.40369,-0.42721,0.00268,0.12566,0.98015,0,0,37478
186.215000,314.566251,0.12206,1.28163,0.06103,-0.00122,0.12493,0.98283,0,0,37479
186.220000,314.566251,0.73236,0.97648,0.54927,-0.00244,0.12151,0.98454,0,0,37480
186.225000,314.581493,1.76987,0.61030,0.61030,0.00024,0.11883,0.98283,0,0,37481
186.230000,314.581493,2.38017,0.42721,0.30515,0.00244,0.12005,0.98576,0,0,37482
186.235000,314.581493,2.44120,0.54927,0.24412,0.00268,0.12151,0.99015,0,0,37483
186.240000,314.596420,2.62429,0.61030,0.36618,0.00293,0.12444,0.99479,0,0,37484
186.245000,314.596420,2.62429,0.67133,0.48824,0.00268,0.12639,1.00064,0,0,37485
186.250000,314.596420,2.25811,0.73236,0.54927,0.00122,0.12908,1.00601,0,0,37486
186.255000,314.611773,1.28163,0.91545,0.61030,0.00024,0.13152,1.00723,0,0,37487
186.260000,314.611773,0.06103,1.64781,0.79339,-0.00073,0.13249,1.00601,0,0,37488
186.265000,314.611773,-1.28163,2.38017,1.15957,-0.00439,0.12859,1.00650,0,0,37489
186.270000,314.626635,-2.25811,2.68532,0.97648,-0.00634,0.12786,1.00967,0,0,37490
186.275000,314.626635,-2.99047,2.80738,0.24412,-0.00561,0.12932,1.01236,0,0,37491
186.280000,314.626635,-3.84489,2.86841,-0.30515,-0.00537,0.12981,1.01626,0,0,37492
186.285000,314.641480,-3.78386,2.74635,-0.24412,-0.00464,0.13005,1.01699,0,0,37493
186.290000,314.641480,-3.35665,2.56326,-0.24412,-0.00220,0.12810,1.01211,0,0,37494
186.295000,314.641480,-2.56326,2.68532,-0.06103,-0.00512,0.12712,1.00943,0,0,37495
186.300000,314.656364,-0.73236,2.44120,-0.18309,-0.00781,0.12664,1.00967,0,0,37496
186.305000,314.656364,0.61030,1.95296,-0.48824,-0.00122,0.12542,1.00918,0,0,37497
186.310000,314.656364,1.46472,1.40369,-0.54927,0.00317,0.12249,1.00748,0,0,37498
186.315000,314.671776,2.25811,1.22060,-0.61030,-0.00024,0.12420,1.00504,0,0,37499
186.320000,314.671776,2.80738,1.15957,-0.73236,-0.00561,0.12639,1.00260,0,0,37500
186.325000,314.671776,2.99047,1.09854,-0.79339,-0.00586,0.12932,1.00138,0,0,37501
186.330000,314.686380,2.62429,1.15957,-1.22060,-0.00488,0.13078,1.00016,0,0,37502
186.335000,314.686380,1.89193,1.15957,-1.70884,-0.00537,0.13200,0.99576,0,0,37503
186.340000,314.686380,0.85442,1.22060,-2.19708,-0.00756,0.13469,0.99210,0,0,37504
186.345000,314.701406,-0.18309,1.34266,-2.50223,-0.00805,0.13518,0.99308,0,0,37505
186.350000,314.701406,-1.22060,1.58678,-2.68532,-0.00586,0.13444,0.99186,0,0,37506
186.355000,314.701406,-1.34266,1.46472,-2.86841,-0.00317,0.13420,0.98869,0,0,37507
186.360000,314.716701,-1.03751,1.22060,-2.86841,-0.00098,0.13518,0.99064,0,0,37508
186.365000,314.716701,-0.42721,1.22060,-2.44120,0.00146,0.13566,0.99235,0,0,37509
186.370000,314.716701,0.61030,0.97648,-1.89193,0.00171,0.13981,0.99625,0,0,37510
186.375000,314.731769,1.89193,0.48824,-1.34266,-0.00024,0.14372,1.00138,0,0,37511
186.380000,314.731769,3.05150,-0.06103,-0.67133,-0.00049,0.14372,1.00357,0,0,37512
186.385000,314.731769,3.41768,-0.18309,-0.36618,0.00146,0.13884,0.99845,0,0,37513
186.390000,314.746514,3.23459,0.00000,0.00000,0.00293,0.13615,0.99259,0,0,37514
186.395000,314.746514,2.62429,0.67133,0.61030,-0.00024,0.13493,0.99284,0,0,37515
186.400000,314.746514,1.95296,0.97648,0.97648,-0.00268,0.13249,0.99576,0,0,37516
186.405000,314.761436,1.22060,0.91545,0.67133,-0.00342,0.12883,0.99552,0,0,37517
186.410000,314.761436,0.24412,1.15957,0.06103,-0.00049,0.12664,0.99674,0,0,37518
186.415000,314.761436,-0.91545,1.64781,-0.48824,0.00268,0.12810,0.99942,0,0,37519
186.420000,314.776705,-2.19708,2.07502,-0.61030,0.00073,0.13225,1.00406,0,0,37520
186.425000,314.776705,-3.47871,2.38017,-0.73236,-0.00220,0.13615,1.00918,0,0,37521
186.430000,314.776705,-3.72283,2.31914,-0.85442,-0.00268,0.13786,1.01309,0,0,37522
186.435000,314.792635,-3.35665,2.01399,-0.97648,-0.00366,0.13786,1.01431,0,0,37523
186.440000,314.792635,-2.68532,1.46472,-0.97648,-0.00415,0.13884,1.01114,0,0,37524
186.445000,314.792635,-1.83090,0.91545,-0.79339,-0.00586,0.14030,1.00626,0,0,37525
186.450000,314.806754,-0.97648,0.79339,-0.54927,-0.00878,0.13908,1.00260,0,0,37526
186.455000,314.806754,0.00000,0.79339,-0.24412,-0.01147,0.13884,0.99820,0,0,37527
186.460000,314.806754,0.42721,0.67133,-0.12206,-0.01122,0.13737,0.99259,0,0,37528
186.465000,314.821725,0.85442,0.54927,0.36618,-0.00805,0.13615,0.98844,0,0,37529
186.470000,314.821725,1.58678,0.67133,0.91545,-0.00464,0.13298,0.98722,0,0,37530
186.475000,314.821725,2.68532,0.73236,1.46472,-0.00293,0.12810,0.98600,0,0,37531
186.480000,314.836426,3.66180,0.73236,1.70884,-0.00220,0.12200,0.98844,0,0,37532
186.485000,314.836426,4.82137,0.97648,1.76987,-0.00122,0.11810,0.99259,0,0,37533
186.490000,314.836426,5.55373,1.46472,1.34266,-0.00244,0.11492,0.99430,0,0,37534
186.495000,314.851435,5.73682,2.01399,0.91545,-0.00415,0.11663,1.00260,0,0,37535
186.500000,314.851435,6.46918,2.13605,0.00000,-0.00146,0.12005,1.00967,0,0,37536
186.505000,314.851435,6.95742,1.70884,-0.24412,0.00342,0.12517,1.01553,0,0,37537
186.510000,314.866728,6.46918,1.52575,-0.06103,0.00024,0.13225,1.02431,0,0,37538
186.515000,314.866728,5.85888,1.34266,0.30515,-0.00439,0.13957,1.03066,0,0,37539
186.520000,314.866728,5.55373,0.91545,0.36618,-0.00610,0.14298,1.03358,0,0,37540
186.525000,314.881456,5.06549,0.48824,0.12206,-0.00805,0.14542,1.03676,0,0,37541
186.530000,314.881456,4.08901,0.18309,-0.42721,-0.01122,0.14957,1.03724,0,0,37542
186.535000,314.881456,3.11253,0.12206,-0.79339,-0.01562,0.15470,1.03383,0,0,37543
186.540000,314.896759,2.01399,0.24412,-0.97648,-0.01684,0.15860,1.02919,0,0,37544
186.545000,314.896759,0.79339,0.54927,-1.03751,-0.01440,0.16080,1.02602,0,0,37545
186.550000,314.896759,-1.09854,0.67133,-0.91545,-0.01269,0.16104,1.02138,0,0,37546
186.555000,314.912822,-2.44120,0.73236,-0.67133,-0.01318,0.15884,1.01602,0,0,37547
186.560000,314.912822,-3.29562,0.61030,-0.30515,-0.01391,0.15396,1.00992,0,0,37548
186.565000,314.912822,-3.41768,0.48824,0.06103,-0.01269,0.14738,1.00552,0,0,37549
186.570000,314.926433,-2.74635,0.42721,0.42721,-0.01049,0.13908,1.00430,0,0,37550
186.575000,314.926433,-1.52575,0.36618,0.97648,-0.00952,0.12956,1.00552,0,0,37551
186.580000,314.926433,0.30515,0.12206,1.70884,-0.00976,0.12078,1.00918,0,0,37552
186.585000,314.941720,1.89193,-0.36618,2.07502,-0.00854,0.11541,1.01187,0,0,37553
186.590000,314.941720,3.05150,-0.85442,1.70884,-0.00976,0.11102,1.00992,0,0,37554
186.595000,314.941720,3.23459,-1.22060,1.40369,-0.01318,0.10931,1.00748,0,0,37555
186.600000,314.956486,2.68532,-1.22060,1.40369,-0.01171,0.10394,1.00235,0,0,37556
186.605000,314.956486,1.95296,-1.03751,0.91545,-0.01366,0.10492,0.99991,0,0,37557
186.610000,314.956486,1.03751,-0.79339,0.48824,-0.01562,0.10370,0.99869,0,0,37558
186.615000,314.971572,0.24412,-0.97648,-0.12206,-0.01610,0.10346,0.99650,0,0,37559
186.620000,314.971572,-0.30515,-1.15957,-0.85442,-0.01659,0.10541,0.99259,0,0,37560
186.625000,314.971572,-0.73236,-0.97648,-1.34266,-0.01342,0.10736,0.98918,0,0,37561
186.630000,314.986715,-0.54927,-0.85442,-1.52575,-0.01025,0.10736,0.98820,0,0,37562
186.635000,314.986715,0.18309,-0.91545,-1.76987,-0.01074,0.10858,0.98869,0,0,37563
186.640000,314.986715,0.91545,-1.03751,-2.13605,-0.00976,0.11322,0.98796,0,0,37564
186.645000,315.001377,1.40369,-1.15957,-2.38017,-0.00708,0.11834,0.98625,0,0,37565
186.650000,315.001377,1.40369,-1.15957,-2.56326,-0.00512,0.12420,0.98405,0,0,37566
186.655000,315.001377,0.85442,-0.85442,-2.56326,-0.00464,0.12883,0.98722,0,0,37567
186.660000,315.031762,0.18309,-0.61030,-2.74635,-0.00512,0.13493,0.99162,0,0,37568
186.665000,315.031762,-0.61030,-0.42721,-2.86841,-0.00537,0.13957,0.99747,0,0,37569
186.670000,315.031762,-1.40369,-0.30515,-2.86841,-0.00464,0.14201,0.99967,0,0,37570
186.675000,315.032625,-1.89193,-0.24412,-2.68532,-0.00195,0.14396,1.00284,0,0,37571
186.680000,315.032625,-2.44120,0.24412,-2.25811,-0.00317,0.14640,1.00894,0,0,37572
186.685000,315.032625,-2.50223,0.42721,-1.76987,-0.00683,0.14713,1.01333,0,0,37573
186.690000,315.047615,-2.25811,0.12206,-1.52575,-0.00830,0.14616,1.01455,0,0,37574
186.695000,315.047615,-1.52575,-0.61030,-1.46472,-0.00659,0.14591,1.01211,0,0,37575
186.700000,315.047615,-0.54927,-1.15957,-1.52575,-0.00464,0.14567,1.00699,0,0,37576
186.705000,315.062606,0.30515,-1.46472,-1.46472,-0.00293,0.14713,0.99942,0,0,37577
186.710000,315.062606,0.48824,-1.52575,-1.03751,-0.00098,0.14933,0.99308,0,0,37578
186.715000,315.062606,0.30515,-1.40369,-0.61030,-0.00049,0.14957,0.98918,0,0,37579
186.720000,315.076580,-0.12206,-1.15957,-0.24412,-0.00195,0.14591,0.98674,0,0,37580
186.725000,315.076580,-0.54927,-0.85442,-0.12206,-0.00342,0.14347,0.98234,0,0,37581
186.730000,315.076580,-0.24412,-0.61030,-0.06103,-0.00390,0.14152,0.98430,0,0,37582
186.735000,315.091702,0.67133,-0.42721,0.18309,0.00024,0.13908,0.98747,0,0,37583
186.740000,315.091702,1.70884,-0.42721,0.24412,0.00000,0.13688,0.99186,0,0,37584
186.745000,315.091702,2.74635,-0.42721,0.24412,-0.00268,0.13591,0.99845,0,0,37585
186.750000,315.106455,3.78386,-0.42721,0.24412,-0.00317,0.13640,1.00333,0,0,37586
186.755000,315.106455,4.21107,-0.79339,0.30515,-0.00512,0.13762,1.00918,0,0,37587
186.760000,315.106455,4.33313,-1.34266,0.36618,-0.00781,0.13835,1.01065,0,0,37588
186.765000,315.121571,4.27210,-1.76987,0.24412,-0.00805,0.14176,1.00943,0,0,37589
186.770000,315.121571,3.78386,-1.46472,-0.12206,-0.01074,0.14469,1.01065,0,0,37590
186.775000,315.121571,2.56326,-0.91545,-0.48824,-0.01488,0.14835,1.00992,0,0,37591
186.780000,315.136741,1.52575,-0.73236,-0.91545,-0.01342,0.15079,1.00601,0,0,37592
186.785000,315.136741,0.54927,-0.61030,-1.15957,-0.00854,0.15372,1.00186,0,0,37593
186.790000,315.136741,-0.54927,-0.36618,-1.40369,-0.00586,0.15787,0.99894,0,0,37594
186.795000,315.151753,-1.83090,0.06103,-1.34266,-0.00561,0.16177,0.99747,0,0,37595
186.800000,315.151753,-2.92944,0.36618,-0.91545,-0.00537,0.16153,0.99601,0,0,37596
186.805000,315.151753,-3.11253,0.48824,-0.54927,-0.00488,0.15738,0.99552,0,0,37597
186.810000,315.166465,-2.62429,0.42721,-0.42721,-0.00488,0.15445,0.99601,0,0,37598
186.815000,315.166465,-1.64781,0.24412,-0.30515,-0.00488,0.15250,0.99674,0,0,37599
186.820000,315.166465,-0.36618,-0.06103,-0.06103,-0.00293,0.15152,0.99747,0,0,37600
186.825000,315.182744,0.85442,-0.36618,0.54927,-0.00244,0.15201,1.00113,0,0,37601
186.830000,315.182744,2.13605,-0.73236,1.09854,-0.00464,0.15079,0.99918,0,0,37602
186.835000,315.182744,2.92944,-1.22060,1.28163,-0.00976,0.14884,0.99259,0,0,37603
186.840000,315.196415,3.41768,-1.40369,1.09854,-0.01098,0.14518,0.98430,0,0,37604
186.845000,315.196415,3.41768,-1.22060,0.73236,-0.00732,0.14274,0.97649,0,0,37605
186.850000,315.196415,2.80738,-0.85442,0.30515,-0.00342,0.13981,0.97258,0,0,37606
186.855000,315.211779,2.01399,-0.54927,-0.06103,-0.00244,0.13762,0.97136,0,0,37607
186.860000,315.211779,1.34266,-0.06103,-0.30515,-0.00244,0.13762,0.97502,0,0,37608
186.865000,315.211779,0.85442,0.36618,-0.73236,-0.00464,0.13810,0.97966,0,0,37609
186.870000,315.226422,0.79339,0.48824,-1.22060,-0.00586,0.13957,0.98234,0,0,37610
186.875000,315.226422,1.46472,0.48824,-1.58678,-0.00098,0.14030,0.98796,0,0,37611
186.880000,315.226422,2.80738,-0.06103,-1.64781,0.00488,0.14298,0.99113,0,0,37612
186.885000,315.241732,2.56326,-0.18309,-1.52575,0.00122,0.14835,0.99430,0,0,37613
186.890000,315.241732,1.52575,0.06103,-1.15957,-0.00268,0.15592,0.99723,0,0,37614
186.895000,315.241732,0.18309,0.79339,-0.61030,-0.00220,0.16031,0.99942,0,0,37615
186.900000,315.256430,-1.95296,1.15957,-0.12206,-0.00024,0.16446,1.00064,0,0,37616
186.905000,315.256430,-3.17356,1.09854,0.61030,0.00268,0.16812,1.00040,0,0,37617
186.910000,315.256430,-3.72283,1.03751,1.70884,0.00488,0.16885,0.99723,0,0,37618
186.915000,315.271486,-3.78386,1.40369,2.80738,0.00195,0.16714,0.99381,0,0,37619
186.920000,315.271486,-3.35665,1.76987,3.84489,-0.00195,0.16348,0.99381,0,0,37620
186.925000,315.271486,-2.31914,2.07502,4.45519,-0.00390,0.15714,0.99601,0,0,37621
186.930000,315.286751,-1.40369,1.76987,4.57725,-0.00342,0.14933,0.99723,0,0,37622
186.935000,315.286751,-0.42721,1.28163,4.69931,-0.00366,0.14274,0.99820,0,0,37623
186.940000,315.286751,0.48824,0.79339,4.69931,-0.00512,0.13786,0.99894,0,0,37624
186.945000,315.301756,1.34266,0.30515,4.45519,-0.00488,0.13054,0.99820,0,0,37625
186.950000,315.301756,2.07502,0.00000,3.72283,-0.00488,0.12200,0.99552,0,0,37626
186.955000,315.301756,2.38017,-0.06103,2.86841,-0.00683,0.11590,0.99576,0,0,37627
186.960000,315.316545,2.56326,0.18309,1.64781,-0.00732,0.11053,0.99747,0,0,37628
186.965000,315.316545,2.44120,0.30515,0.42721,-0.00634,0.11004,0.99869,0,0,37629
186.970000,315.316545,2.19708,0.30515,-0.48824,-0.00610,0.11224,1.00211,0,0,37630
186.975000,315.331440,1.95296,0.30515,-0.97648,-0.00708,0.11761,1.00674,0,0,37631
186.980000,315.331440,1.52575,0.18309,-1.40369,-0.00708,0.12395,1.01040,0,0,37632
186.985000,315.331440,1.22060,0.00000,-1.58678,-0.00659,0.13030,1.01162,0,0,37633
186.990000,315.346462,0.54927,0.00000,-1.34266,-0.00854,0.13444,1.01065,0,0,37634
186.995000,315.346462,-0.06103,-0.06103,-1.22060,-0.00927,0.13615,1.00943,0,0,37635
187.000000,315.346462,-0.67133,-0.12206,-1.22060,-0.00903,0.13884,1.00870,0,0,37636
187.005000,315.361409,-1.09854,0.24412,-1.34266,-0.01000,0.14176,1.00821,0,0,37637
187.010000,315.361409,-1.40369,0.30515,-1.40369,-0.01147,0.14372,1.00918,0,0,37638
187.015000,315.361409,-1.46472,0.06103,-1.52575,-0.01000,0.14518,1.00992,0,0,37639
187.020000,315.376621,-1.34266,-0.12206,-1.70884,-0.00805,0.14640,1.00723,0,0,37640
187.025000,315.376621,-1.40369,-0.54927,-1.70884,-0.00634,0.14908,1.00186,0,0,37641
187.030000,315.376621,-1.58678,-0.42721,-1.58678,-0.00756,0.15079,0.99772,0,0,37642
187.035000,315.391403,-1.70884,-0.12206,-1.52575,-0.00781,0.14982,0.99210,0,0,37643
187.040000,315.391403,-1.70884,0.12206,-1.40369,-0.00634,0.14908,0.98844,0,0,37644
187.045000,315.391403,-1.52575,0.36618,-1.22060,-0.00512,0.14908,0.98893,0,0,37645
187.050000,315.406356,-1.09854,0.42721,-0.91545,-0.00561,0.15030,0.99137,0,0,37646
187.055000,315.406356,-0.30515,0.06103,-0.67133,-0.00732,0.15030,0.99308,0,0,37647
187.060000,315.406356,0.30515,0.00000,-0.54927,-0.00927,0.14811,0.99406,0,0,37648
187.065000,315.421737,0.67133,0.00000,-0.61030,-0.00805,0.14713,0.99576,0,0,37649
187.070000,315.421737,0.67133,0.06103,-0.54927,-0.00561,0.14835,0.99698,0,0,37650
187.075000,315.421737,0.67133,-0.18309,-0.30515,-0.00512,0.14786,0.99869,0,0,37651
187.080000,315.436601,0.73236,-0.36618,-0.06103,-0.00512,0.14567,0.99723,0,0,37652
187.085000,315.436601,0.79339,-0.91545,0.36618,-0.00537,0.14420,0.99137,0,0,37653
187.090000,315.436601,1.03751,-0.97648,0.61030,-0.00512,0.13957,0.98600,0,0,37654
187.095000,315.451492,0.79339,-0.67133,0.79339,-0.00439,0.13591,0.98137,0,0,37655
187.100000,315.451492,0.48824,-0.24412,0.54927,-0.00561,0.13884,0.97551,0,0,37656
187.105000,315.451492,0.12206,0.36618,0.24412,-0.01171,0.14225,0.97332,0,0,37657
187.110000,315.466497,-0.24412,1.09854,0.00000,-0.01586,0.14250,0.97283,0,0,37658
187.115000,315.466497,-0.06103,1.64781,-0.12206,-0.00732,0.13762,0.97649,0,0,37659
187.120000,315.466497,0.54927,1.89193,-0.18309,0.00683,0.13274,0.98112,0,0,37660
187.125000,315.481511,0.85442,2.19708,0.12206,0.00634,0.13542,0.99186,0,0,37661
187.130000,315.481511,0.73236,2.68532,0.61030,-0.00024,0.14006,1.00138,0,0,37662
187.135000,315.481511,0.54927,3.05150,0.73236,-0.00439,0.14152,1.00699,0,0,37663
187.140000,315.496498,0.36618,3.11253,0.42721,-0.00512,0.14103,1.01089,0,0,37664
187.145000,315.496498,0.36618,2.86841,0.00000,-0.00683,0.14030,1.01406,0,0,37665
187.150000,315.496498,0.97648,2.44120,-0.12206,-0.00830,0.14176,1.01480,0,0,37666
187.155000,315.511776,1.64781,2.19708,0.06103,-0.00854,0.14128,1.01894,0,0,37667
187.160000,315.511776,2.25811,1.76987,0.30515,-0.00903,0.13810,1.02358,0,0,37668
187.165000,315.511776,2.56326,1.34266,0.24412,-0.00976,0.13444,1.02529,0,0,37669
187.170000,315.526472,2.62429,1.03751,-0.12206,-0.00830,0.13176,1.02382,0,0,37670
187.175000,315.526472,2.13605,0.48824,-0.73236,-0.00976,0.12859,1.02090,0,0,37671
187.180000,315.526472,1.76987,0.42721,-0.91545,-0.01098,0.12639,1.01846,0,0,37672
187.185000,315.541503,1.70884,0.12206,-0.73236,-0.00415,0.12249,1.01650,0,0,37673
187.190000,315.541503,1.46472,-0.42721,-0.30515,-0.00195,0.12029,1.01333,0,0,37674
187.195000,315.541503,0.73236,-0.67133,-0.18309,-0.00854,0.12078,1.01236,0,0,37675
187.200000,315.556451,0.42721,-0.67133,-1.09854,-0.00976,0.12200,1.00918,0,0,37676
187.205000,315.556451,-0.06103,-0.73236,-2.13605,-0.00708,0.12834,1.00406,0,0,37677
187.210000,315.556451,-0.79339,-0.54927,-2.80738,-0.00732,0.13908,1.00504,0,0,37678
187.215000,315.571769,-1.52575,-0.24412,-2.92944,-0.00976,0.14908,1.00699,0,0,37679
187.220000,315.571769,-2.07502,0.24412,-2.50223,-0.01049,0.15738,1.00796,0,0,37680
187.225000,315.571769,-2.68532,0.48824,-1.70884,-0.01000,0.16592,1.00943,0,0,37681
187.230000,315.586356,-3.29562,0.54927,-1.09854,-0.01147,0.17153,1.00967,0,0,37682
187.235000,315.586356,-3.72283,0.67133,-0.61030,-0.01342,0.17495,1.01114,0,0,37683
187.240000,315.586356,-3.90592,0.67133,0.00000,-0.01586,0.17422,1.01138,0,0,37684
187.245000,315.601410,-3.72283,0.48824,0.73236,-0.01464,0.16860,1.01016,0,0,37685
187.250000,315.601410,-2.50223,-0.12206,1.58678,-0.00927,0.15884,1.00699,0,0,37686
187.255000,315.601410,-0.97648,-0.85442,1.95296,-0.00634,0.14933,1.00186,0,0,37687
187.260000,315.616770,0.48824,-1.40369,2.13605,-0.00561,0.14006,0.99601,0,0,37688
187.265000,315.616770,1.95296,-1.83090,2.31914,-0.00561,0.13225,0.99015,0,0,37689
187.270000,315.616770,3.17356,-1.89193,2.13605,-0.00634,0.12517,0.98478,0,0,37690
187.275000,315.631583,3.84489,-1.52575,1.95296,-0.00586,0.11956,0.98112,0,0,37691
187.280000,315.631583,3.60077,-0.85442,1.58678,-0.00586,0.11663,0.98039,0,0,37692
187.285000,315.631583,2.80738,-0.48824,1.15957,-0.00634,0.11517,0.98234,0,0,37693
187.290000,315.646403,1.95296,-0.12206,0.61030,-0.00683,0.11492,0.98918,0,0,37694
187.295000,315.646403,1.52575,0.06103,0.00000,-0.00561,0.11566,0.99552,0,0,37695
187.300000,315.646403,1.58678,-0.24412,-0.73236,-0.00561,0.11590,0.99747,0,0,37696
187.305000,315.661473,1.83090,-0.67133,-1.40369,-0.00805,0.11712,0.99820,0,0,37697
187.310000,315.661473,2.13605,-1.09854,-2.13605,-0.00781,0.12176,0.99674,0,0,37698
187.315000,315.661473,2.44120,-1.34266,-2.74635,-0.00561,0.13103,0.99259,0,0,37699
187.320000,315.676553,1.64781,-1.22060,-2.99047,-0.00415,0.13762,0.99210,0,0,37700
187.325000,315.676553,0.42721,-0.91545,-3.11253,-0.00366,0.14298,0.99137,0,0,37701
187.330000,315.676553,-0.42721,-0.30515,-3.29562,-0.00415,0.15079,0.98820,0,0,37702
187.335000,315.691475,-1.58678,0.36618,-3.23459,-0.00586,0.16006,0.98674,0,0,37703
187.340000,315.691475,-2.74635,1.03751,-2.92944,-0.00903,0.16348,0.98747,0,0,37704
187.345000,315.691475,-3.47871,1.70884,-2.50223,-0.01098,0.16616,0.99088,0,0,37705
187.350000,315.706805,-3.72283,1.70884,-1.70884,-0.01147,0.16787,0.99650,0,0,37706
187.355000,315.706805,-3.11253,1.34266,-1.09854,-0.00903,0.16519,1.00162,0,0,37707
187.360000,315.706805,-2.01399,0.67133,-0.48824,-0.00586,0.16080,1.00162,0,0,37708
187.365000,315.721573,-0.73236,0.00000,0.18309,-0.00342,0.15372,1.00260,0,0,37709
187.370000,315.721573,0.36618,-0.48824,0.79339,-0.00293,0.14762,1.00308,0,0,37710
187.375000,315.721573,1.70884,-1.22060,1.15957,-0.00293,0.14372,0.99625,0,0,37711
187.380000,315.736464,2.44120,-1.40369,1.34266,-0.00342,0.14250,0.99308,0,0,37712
187.385000,315.736464,2.68532,-1.28163,1.34266,-0.00366,0.14079,0.99137,0,0,37713
187.390000,315.736464,2.92944,-1.40369,0.97648,-0.00439,0.14103,0.99040,0,0,37714
187.395000,315.751464,2.86841,-1.58678,0.42721,-0.00512,0.14445,0.99040,0,0,37715
187.400000,315.751464,2.31914,-1.52575,-0.24412,-0.00512,0.14982,0.98820,0,0,37716
187.405000,315.751464,1.46472,-1.03751,-0.79339,-0.00488,0.15226,0.98722,0,0,37717
187.410000,315.766432,0.42721,-0.48824,-1.15957,-0.00464,0.15396,0.98698,0,0,37718
187.415000,315.766432,-0.24412,0.00000,-1.15957,-0.00390,0.15445,0.98649,0,0,37719
187.420000,315.766432,-0.67133,0.24412,-0.73236,-0.00317,0.15836,0.98600,0,0,37720
187.425000,315.782201,-1.03751,0.48824,-0.12206,-0.00146,0.16299,0.98478,0,0,37721
187.430000,315.782201,-1.40369,0.73236,0.18309,0.00073,0.16397,0.98234,0,0,37722
187.435000,315.782201,-1.70884,1.09854,0.61030,-0.00098,0.16250,0.98381,0,0,37723
187.440000,315.796503,-2.13605,1.70884,1.34266,-0.00293,0.15884,0.98991,0,0,37724
187.445000,315.796503,-2.38017,2.13605,1.89193,-0.00439,0.15518,0.99747,0,0,37725
187.450000,315.796503,-2.38017,1.83090,1.76987,-0.00586,0.15079,0.99918,0,0,37726
187.455000,315.811329,-2.44120,1.40369,1.58678,-0.00756,0.14567,0.99747,0,0,37727
187.460000,315.811329,-2.19708,1.40369,1.15957,-0.01025,0.14152,0.99674,0,0,37728
187.465000,315.811329,-2.01399,1.70884,0.85442,-0.01098,0.13859,0.99747,0,0,37729
187.470000,315.826778,-1.89193,1.89193,0.79339,-0.01049,0.13688,0.99552,0,0,37730
187.475000,315.826778,-2.07502,1.64781,0.67133,-0.00927,0.13542,0.99528,0,0,37731
187.480000,315.826778,-2.01399,1.34266,0.24412,-0.00708,0.13371,0.99430,0,0,37732
187.485000,315.841574,-1.70884,1.03751,-0.36618,-0.00512,0.13322,0.99332,0,0,37733
187.490000,315.841574,-1.22060,0.85442,-0.73236,-0.00293,0.13591,0.99015,0,0,37734
187.495000,315.841574,-0.18309,0.54927,-0.48824,-0.00268,0.14006,0.98844,0,0,37735
187.500000,315.856302,1.46472,0.48824,0.00000,-0.00317,0.14518,0.99137,0,0,37736
187.505000,315.856302,2.86841,0.18309,0.24412,-0.00561,0.14835,0.99381,0,0,37737
187.510000,315.856302,4.02798,-0.36618,0.42721,-0.00708,0.14786,0.99552,0,0,37738
187.515000,315.871259,4.63828,-0.67133,0.67133,-0.00659,0.14811,0.99894,0,0,37739
187.520000,315.871259,4.33313,-0.61030,1.28163,-0.00610,0.14860,1.00235,0,0,37740
187.525000,315.871259,3.35665,-0.36618,1.58678,-0.00708,0.14908,1.00601,0,0,37741
187.530000,315.886773,1.89193,0.00000,1.40369,-0.00903,0.14835,1.00796,0,0,37742
187.535000,315.886773,0.12206,0.36618,1.03751,-0.00878,0.14786,1.01162,0,0,37743
187.540000,315.886773,-1.52575,0.73236,0.54927,-0.00903,0.14835,1.01236,0,0,37744
187.545000,315.901330,-2.07502,0.61030,0.18309,-0.00805,0.14860,1.01065,0,0,37745
187.550000,315.901330,-2.25811,0.18309,0.00000,-0.00683,0.14933,1.00552,0,0,37746
187.555000,315.901330,-1.64781,-0.18309,0.06103,-0.00683,0.14884,1.00089,0,0,37747
187.560000,315.916427,-0.85442,-0.42721,0.18309,-0.00610,0.14738,0.99625,0,0,37748
187.565000,315.916427,-0.06103,-0.42721,0.18309,-0.00634,0.14616,0.99308,0,0,37749
187.570000,315.916427,0.91545,-0.48824,-0.06103,-0.00659,0.14591,0.98991,0,0,37750
187.575000,315.931722,1.64781,-0.67133,-0.06103,-0.00756,0.14616,0.98820,0,0,37751
187.580000,315.931722,1.83090,-0.54927,0.12206,-0.00683,0.14811,0.98796,0,0,37752
187.585000,315.931722,1.70884,-0.36618,-0.06103,-0.00464,0.14689,0.99015,0,0,37753
187.590000,315.946756,1.22060,0.12206,-0.36618,-0.00415,0.14396,0.99088,0,0,37754
187.595000,315.946756,0.73236,0.54927,-0.54927,-0.00878,0.14420,0.99308,0,0,37755
187.600000,315.946756,0.42721,0.67133,-0.67133,-0.01342,0.14445,0.99820,0,0,37756
187.605000,315.961396,0.06103,0.73236,-0.73236,-0.01025,0.14176,0.99820,0,0,37757
187.610000,315.961396,-0.61030,0.67133,-1.09854,-0.00415,0.14006,0.99723,0,0,37758
187.615000,315.961396,-1.64781,1.09854,-1.58678,-0.00488,0.14494,0.99454,0,0,37759
187.620000,315.976760,-2.13605,1.22060,-1.70884,-0.00732,0.14811,0.99162,0,0,37760
187.625000,315.976760,-2.13605,0.97648,-1.46472,-0.00659,0.15128,0.98966,0,0,37761
187.630000,315.976760,-1.52575,0.79339,-1.09854,-0.00342,0.15396,0.98991,0,0,37762
187.635000,315.991753,-0.73236,0.97648,-0.54927,-0.00317,0.15909,0.99308,0,0,37763
187.640000,315.991753,-0.18309,1.34266,0.24412,-0.00415,0.16275,0.99991,0,0,37764
187.645000,315.991753,0.42721,1.46472,1.34266,-0.00512,0.16226,1.00601,0,0,37765
187.650000,316.006592,0.79339,1.46472,2.01399,-0.00586,0.15860,1.01211,0,0,37766
187.655000,316.006592,0.91545,1.28163,2.56326,-0.00732,0.15250,1.01894,0,0,37767
187.660000,316.006592,0.85442,0.91545,2.80738,-0.00927,0.14640,1.02090,0,0,37768
187.665000,316.021377,0.42721,0.73236,2.74635,-0.01049,0.14176,1.02163,0,0,37769
187.670000,316.021377,-0.24412,0.67133,2.44120,-0.01025,0.13396,1.02114,0,0,37770
187.675000,316.021377,-0.42721,0.48824,2.19708,-0.01171,0.12688,1.02016,0,0,37771
187.680000,316.036775,-0.79339,0.12206,1.70884,-0.01074,0.12127,1.01846,0,0,37772
187.685000,316.036775,-1.15957,-0.54927,0.85442,-0.01147,0.12005,1.01480,0,0,37773
187.690000,316.036775,-1.15957,-1.03751,0.06103,-0.01488,0.12346,1.01162,0,0,37774
187.695000,316.051476,-0.91545,-1.28163,-0.97648,-0.01586,0.12786,1.00796,0,0,37775
187.700000,316.051476,-0.48824,-1.28163,-1.83090,-0.01147,0.13078,1.00796,0,0,37776
187.705000,316.051476,-0.18309,-1.03751,-2.25811,-0.00708,0.13640,1.00796,0,0,37777
187.710000,316.067623,-0.30515,-0.67133,-2.07502,-0.00561,0.14128,1.01309,0,0,37778
187.715000,316.067623,-0.36618,-0.73236,-1.46472,-0.00683,0.14469,1.01919,0,0,37779
187.720000,316.067623,-0.06103,-1.15957,-0.85442,-0.00634,0.14689,1.01943,0,0,37780
187.725000,316.081562,0.42721,-1.76987,-0.30515,-0.00537,0.14640,1.01528,0,0,37781
187.730000,316.081562,0.97648,-2.25811,0.24412,-0.00586,0.14518,1.00723,0,0,37782
187.735000,316.081562,1.52575,-2.25811,0.73236,-0.00952,0.14128,1.00064,0,0,37783
187.740000,316.096423,2.01399,-1.70884,0.79339,-0.01171,0.13713,0.99601,0,0,37784
187.745000,316.096423,2.44120,-1.15957,0.42721,-0.01196,0.13542,0.99113,0,0,37785
187.750000,316.096423,2.19708,-0.73236,-0.12206,-0.01391,0.13640,0.99113,0,0,37786
187.755000,316.111501,1.70884,-0.54927,-0.73236,-0.01342,0.13786,0.99454,0,0,37787
187.760000,316.111501,1.15957,-0.24412,-1.40369,-0.01025,0.13957,1.00113,0,0,37788
187.765000,316.111501,0.42721,-0.12206,-1.76987,-0.00708,0.14591,1.00845,0,0,37789
187.770000,316.126471,-0.42721,-0.24412,-1.64781,-0.00634,0.15079,1.01553,0,0,37790
187.775000,316.126471,-1.40369,-0.67133,-1.46472,-0.00537,0.15323,1.01894,0,0,37791
187.780000,316.126471,-2.01399,-1.09854,-1.52575,-0.00146,0.15494,1.01504,0,0,37792
187.785000,316.141479,-2.50223,-1.15957,-1.15957,-0.00073,0.15958,1.01089,0,0,37793
187.790000,316.141479,-2.86841,-1.15957,-0.24412,-0.00268,0.16348,1.01040,0,0,37794
187.795000,316.141479,-2.80738,-1.28163,0.36618,-0.00439,0.16714,1.00943,0,0,37795
187.800000,316.156446,-2.62429,-1.46472,0.54927,-0.00390,0.16982,1.00601,0,0,37796
187.805000,316.156446,-2.13605,-1.40369,0.54927,-0.00439,0.17251,1.00113,0,0,37797
187.810000,316.156446,-1.09854,-1.03751,0.85442,-0.00488,0.17690,0.99991,0,0,37798
187.815000,316.171487,-0.61030,-0.79339,1.46472,-0.00488,0.18080,1.00186,0,0,37799
187.820000,316.171487,0.12206,-0.61030,2.92944,-0.00220,0.18007,1.00308,0,0,37800
187.825000,316.171487,0.85442,-0.67133,3.90592,-0.00268,0.17568,1.00186,0,0,37801
187.830000,316.186431,1.46472,-0.61030,4.76034,-0.00488,0.17031,0.99918,0,0,37802
187.835000,316.186431,2.01399,-0.67133,5.49270,-0.00756,0.16031,0.99454,0,0,37803
187.840000,316.186431,2.99047,-0.85442,5.98094,-0.00781,0.14908,0.99723,0,0,37804
187.845000,316.201465,3.41768,-1.03751,5.85888,-0.00756,0.13762,0.99430,0,0,37805
187.850000,316.201465,3.41768,-1.03751,5.12652,-0.00878,0.12688,0.98600,0,0,37806
187.855000,316.201465,2.74635,-0.97648,4.21107,-0.01049,0.11614,0.98478,0,0,37807
187.860000,316.216403,1.58678,-0.54927,3.11253,-0.01415,0.10712,0.98576,0,0,37808
187.865000,316.216403,0.24412,-0.12206,1.83090,-0.01415,0.10248,0.98503,0,0,37809
187.870000,316.216403,-1.09854,0.00000,0.12206,-0.01293,0.10053,0.98649,0,0,37810
187.875000,316.231575,-1.89193,0.18309,-0.97648,-0.01293,0.10004,0.98747,0,0,37811
187.880000,316.231575,-1.70884,0.00000,-1.95296,-0.01342,0.10272,0.98527,0,0,37812
187.885000,316.231575,-1.28163,-0.18309,-2.99047,-0.01269,0.10590,0.98503,0,0,37813
187.890000,316.246442,-0.12206,-0.24412,-3.47871,-0.01196,0.11346,0.98722,0,0,37814
187.895000,316.246442,0.85442,-0.30515,-3.41768,-0.01074,0.12249,0.98966,0,0,37815
187.900000,316.246442,1.58678,-0.36618,-2.99047,-0.00952,0.12615,0.98966,0,0,37816
187.905000,316.261608,1.76987,-0.24412,-2.62429,-0.00854,0.12590,0.98698,0,0,37817
187.910000,316.261608,1.40369,-0.12206,-2.07502,-0.01122,0.12639,0.98869,0,0,37818
187.915000,316.261608,0.48824,0.18309,-1.52575,-0.01196,0.12688,0.99381,0,0,37819
187.920000,316.276474,-0.36618,0.18309,-1.52575,-0.00903,0.12737,0.99698,0,0,37820
187.925000,316.276474,-0.97648,-0.06103,-2.01399,-0.00708,0.12859,0.99967,0,0,37821
187.930000,316.276474,-1.03751,-0.24412,-2.31914,-0.00512,0.12834,0.99991,0,0,37822
187.935000,316.291442,-0.36618,-0.54927,-2.38017,-0.00464,0.13152,1.00138,0,0,37823
187.940000,316.291442,0.54927,-0.91545,-2.31914,-0.00415,0.13640,1.00382,0,0,37824
187.945000,316.291442,1.40369,-1.28163,-2.25811,-0.00390,0.14250,1.00406,0,0,37825
187.950000,316.306290,1.64781,-1.64781,-2.19708,-0.00464,0.14884,1.00016,0,0,37826
187.955000,316.306290,1.40369,-1.70884,-2.13605,-0.00512,0.15226,0.99503,0,0,37827
187.960000,316.306290,0.79339,-1.46472,-1.89193,-0.00415,0.15372,0.99137,0,0,37828
187.965000,316.321573,0.18309,-1.09854,-1.58678,-0.00195,0.15396,0.98820,0,0,37829
187.970000,316.321573,-0.30515,-0.91545,-1.22060,0.00098,0.15372,0.98503,0,0,37830
187.975000,316.321573,-0.73236,-0.48824,-0.79339,0.00171,0.15445,0.98308,0,0,37831
187.980000,316.336390,-0.67133,-0.36618,-0.48824,0.00342,0.15201,0.98308,0,0,37832
187.985000,316.336390,-0.54927,-0.24412,-0.36618,0.00512,0.14884,0.98356,0,0,37833
187.990000,316.336390,-0.48824,0.06103,-0.24412,0.00317,0.14835,0.98527,0,0,37834
187.995000,316.351321,-0.91545,0.24412,-0.30515,0.00122,0.14933,0.98649,0,0,37835
188.000000,316.351321,-1.28163,0.36618,-0.24412,-0.00024,0.14811,0.98796,0,0,37836
188.005000,316.351321,-1.34266,0.42721,-0.30515,-0.00122,0.14811,0.98966,0,0,37837
188.010000,316.366786,-1.40369,0.67133,-0.30515,-0.00146,0.14933,0.99137,0,0,37838
188.015000,316.366786,-1.34266,0.73236,-0.06103,-0.00024,0.15152,0.99381,0,0,37839
188.020000,316.366786,-1.09854,0.42721,0.42721,-0.00049,0.15299,0.99479,0,0,37840
188.025000,316.381506,-0.42721,0.00000,0.67133,-0.00268,0.15128,0.99235,0,0,37841
188.030000,316.381506,0.61030,-0.24412,0.85442,-0.00415,0.15055,0.98893,0,0,37842
188.035000,316.381506,1.83090,-0.18309,0.97648,-0.00390,0.14860,0.98698,0,0,37843
188.040000,316.396732,2.74635,0.24412,1.28163,-0.00098,0.14713,0.98796,0,0,37844
188.045000,316.396732,3.17356,0.73236,1.64781,-0.00146,0.14762,0.99210,0,0,37845
188.050000,316.396732,2.50223,1.09854,1.76987,-0.00342,0.14713,0.99869,0,0,37846
188.055000,316.411459,1.09854,1.28163,1.64781,-0.00415,0.14445,1.00504,0,0,37847
188.060000,316.411459,-0.42721,1.40369,1.15957,-0.00439,0.13884,1.01138,0,0,37848
188.065000,316.411459,-1.83090,1.34266,0.48824,-0.00464,0.13444,1.01602,0,0,37849
188.070000,316.426373,-2.80738,1.15957,-0.12206,-0.00586,0.13322,1.02016,0,0,37850
188.075000,316.426373,-3.23459,0.67133,-0.85442,-0.00683,0.13444,1.01919,0,0,37851
188.080000,316.426373,-2.99047,0.24412,-1.34266,-0.00586,0.13688,1.01480,0,0,37852
188.085000,316.441404,-2.50223,-0.18309,-1.34266,-0.00488,0.14152,1.00894,0,0,37853
188.090000,316.441404,-1.46472,-0.61030,-0.91545,-0.00488,0.14640,1.00382,0,0,37854
188.095000,316.441404,-0.79339,-0.91545,-0.67133,-0.00464,0.14689,0.99796,0,0,37855
188.100000,316.456406,-0.06103,-1.03751,-0.42721,-0.00293,0.14591,0.99332,0,0,37856
188.105000,316.456406,0.12206,-0.85442,-0.24412,-0.00171,0.14689,0.99064,0,0,37857
188.110000,316.456406,0.18309,-0.24412,-0.06103,-0.00122,0.14762,0.99162,0,0,37858
188.115000,316.471397,-0.06103,0.30515,0.24412,-0.00024,0.14786,0.99552,0,0,37859
188.120000,316.471397,-0.54927,0.73236,0.67133,-0.00171,0.14640,1.00406,0,0,37860
188.125000,316.471397,-0.61030,0.73236,0.79339,-0.00366,0.14347,1.01162,0,0,37861
188.130000,316.486314,-0.24412,0.42721,0.67133,-0.00634,0.13884,1.01675,0,0,37862
188.135000,316.486314,0.36618,-0.12206,0.36618,-0.00659,0.13469,1.01943,0,0,37863
188.140000,316.486314,1.09854,-0.73236,-0.18309,-0.00659,0.13371,1.01968,0,0,37864
188.145000,316.501274,1.58678,-1.28163,-0.73236,-0.00634,0.14103,1.01675,0,0,37865
188.150000,316.501274,1.83090,-1.64781,-1.03751,-0.00586,0.15055,1.01065,0,0,37866
188.155000,316.501274,1.34266,-1.28163,-0.91545,-0.00537,0.15567,1.00308,0,0,37867
188.160000,316.516515,0.42721,-0.73236,-0.54927,-0.00537,0.15933,0.99869,0,0,37868
188.165000,316.516515,-0.61030,-0.36618,-0.12206,-0.00537,0.16153,0.99528,0,0,37869
188.170000,316.516515,-0.85442,-0.36618,0.18309,-0.00415,0.15958,0.99015,0,0,37870
188.175000,316.531467,-0.67133,-0.48824,0.36618,-0.00390,0.15811,0.98747,0,0,37871
188.180000,316.531467,0.00000,-0.54927,0.42721,-0.00439,0.15567,0.98747,0,0,37872
188.185000,316.531467,0.85442,-0.18309,0.54927,-0.00317,0.15079,0.98820,0,0,37873
188.190000,316.546311,1.95296,0.00000,0.42721,-0.00317,0.14640,0.99235,0,0,37874
188.195000,316.546311,2.92944,-0.18309,0.42721,-0.00220,0.14274,0.99698,0,0,37875
188.200000,316.546311,3.23459,-0.61030,0.48824,-0.00122,0.14128,1.00016,0,0,37876
188.205000,316.561406,2.86841,-0.97648,0.73236,-0.00122,0.13932,1.00235,0,0,37877
188.210000,316.561406,1.89193,-1.15957,1.03751,-0.00342,0.13640,1.00211,0,0,37878
188.215000,316.561406,0.79339,-1.28163,1.15957,-0.00708,0.13396,0.99820,0,0,37879
188.220000,316.576769,-0.36618,-1.09854,0.91545,-0.00952,0.12932,0.99210,0,0,37880
188.225000,316.576769,-1.03751,-0.61030,0.54927,-0.01025,0.12468,0.99113,0,0,37881
188.230000,316.576769,-1.28163,-0.30515,0.00000,-0.01147,0.12444,0.99454,0,0,37882
188.235000,316.591627,-1.03751,-0.24412,-0.54927,-0.00903,0.12493,0.99552,0,0,37883
188.240000,316.591627,-0.67133,-0.36618,-0.97648,-0.00586,0.12566,0.99625,0,0,37884
188.245000,316.591627,-0.30515,-0.61030,-1.40369,-0.00537,0.12981,0.99381,0,0,37885
188.250000,316.606610,-0.06103,-0.73236,-1.58678,-0.00488,0.13274,0.98966,0,0,37886
188.255000,316.606610,0.24412,-0.73236,-1.70884,-0.00439,0.13396,0.98649,0,0,37887
188.260000,316.606610,0.36618,-0.85442,-1.64781,-0.00390,0.13444,0.98332,0,0,37888
188.265000,316.621780,0.36618,-0.79339,-1.70884,-0.00512,0.13542,0.98283,0,0,37889
188.270000,316.621780,0.42721,-0.42721,-1.89193,-0.00659,0.13396,0.98625,0,0,37890
188.275000,316.621780,0.61030,0.06103,-2.19708,-0.00732,0.13200,0.99162,0,0,37891
188.280000,316.636722,0.91545,0.36618,-2.80738,-0.00659,0.13396,0.99845,0,0,37892
188.285000,316.636722,1.28163,0.12206,-3.29562,-0.00488,0.13566,1.00723,0,0,37893
188.290000,316.636722,1.89193,-0.12206,-3.72283,-0.00537,0.14030,1.01431,0,0,37894
188.295000,316.651489,2.50223,-0.12206,-3.53974,-0.01000,0.15128,1.01943,0,0,37895
188.300000,316.651489,2.68532,-0.54927,-3.23459,-0.01122,0.16006,1.02407,0,0,37896
188.305000,316.651489,2.38017,-1.15957,-2.86841,-0.00781,0.16397,1.02480,0,0,37897
188.310000,316.666430,1.89193,-1.89193,-2.56326,-0.00610,0.16934,1.01748,0,0,37898
188.315000,316.666430,0.85442,-2.50223,-2.13605,-0.00610,0.17251,1.00601,0,0,37899
188.320000,316.666430,-0.42721,-2.25811,-1.52575,-0.00634,0.17324,0.99942,0,0,37900
188.325000,316.681615,-1.46472,-1.64781,-0.97648,-0.00634,0.17251,0.99454,0,0,37901
188.330000,316.681615,-2.13605,-1.09854,-0.67133,-0.00610,0.16860,0.99528,0,0,37902
188.335000,316.681615,-2.19708,-0.61030,-0.24412,-0.00537,0.16470,0.99845,0,0,37903
188.340000,316.696418,-1.40369,-0.54927,0.36618,-0.00488,0.16104,1.00308,0,0,37904
188.345000,316.696418,0.30515,-1.03751,1.28163,-0.00512,0.15494,1.00552,0,0,37905
188.350000,316.696418,1.52575,-1.46472,1.76987,-0.00756,0.14786,1.00577,0,0,37906
188.355000,316.711287,2.50223,-1.70884,1.76987,-0.00781,0.14176,1.00479,0,0,37907
188.360000,316.711287,2.92944,-1.52575,1.40369,-0.00610,0.13859,1.00138,0,0,37908
188.365000,316.711287,2.80738,-1.15957,1.03751,-0.00586,0.13835,0.99723,0,0,37909
188.370000,316.726242,2.25811,-1.03751,0.91545,-0.00659,0.13786,0.99479,0,0,37910
188.375000,316.726242,1.09854,-0.91545,0.61030,-0.00537,0.13640,0.99137,0,0,37911
188.380000,316.726242,0.30515,-0.85442,0.12206,-0.00464,0.13542,0.98942,0,0,37912
188.385000,316.741699,-0.48824,-0.54927,-0.30515,-0.00464,0.13615,0.98820,0,0,37913
188.390000,316.741699,-1.22060,-0.24412,-0.54927,-0.00512,0.13810,0.98747,0,0,37914
188.395000,316.741699,-1.52575,-0.06103,-0.67133,-0.00268,0.13786,0.98942,0,0,37915
188.400000,316.756758,-1.64781,-0.06103,-0.73236,-0.00049,0.13664,0.98942,0,0,37916
188.405000,316.756758,-1.46472,-0.18309,-0.79339,0.00024,0.13835,0.99064,0,0,37917
188.410000,316.756758,-1.03751,-0.42721,-0.67133,-0.00220,0.14103,0.99137,0,0,37918
188.415000,316.771451,-0.48824,-0.79339,-0.61030,-0.00268,0.14445,0.99088,0,0,37919
188.420000,316.771451,0.24412,-1.40369,-0.79339,-0.00073,0.14835,0.98796,0,0,37920
188.425000,316.771451,0.61030,-1.52575,-0.91545,-0.00024,0.15055,0.98527,0,0,37921
188.430000,316.786730,1.09854,-1.28163,-0.97648,-0.00073,0.15323,0.97893,0,0,37922
188.435000,316.786730,1.34266,-0.97648,-0.91545,-0.00171,0.15689,0.97527,0,0,37923
188.440000,316.786730,1.28163,-0.67133,-0.79339,-0.00366,0.16104,0.97722,0,0,37924
188.445000,316.801729,1.28163,-0.36618,-0.67133,-0.00220,0.16372,0.97746,0,0,37925
188.450000,316.801729,0.97648,-0.06103,-0.42721,0.00268,0.16397,0.97893,0,0,37926
188.455000,316.801729,0.36618,0.12206,0.06103,0.00634,0.16275,0.98234,0,0,37927
188.460000,316.816360,-0.12206,0.48824,0.42721,0.00756,0.16055,0.98356,0,0,37928
188.465000,316.816360,-0.42721,0.97648,0.79339,0.00781,0.15811,0.98503,0,0,37929
188.470000,316.816360,-0.54927,1.46472,0.79339,0.00732,0.15396,0.99088,0,0,37930
188.475000,316.831638,-0.48824,1.58678,0.36618,0.00756,0.15250,0.99430,0,0,37931
188.480000,316.831638,-0.54927,1.34266,0.06103,0.00854,0.15396,0.99552,0,0,37932
188.485000,316.831638,-0.85442,1.40369,-0.24412,0.00610,0.15738,0.99576,0,0,37933
188.490000,316.846428,-1.09854,1.83090,-0.36618,0.00512,0.16153,0.99723,0,0,37934
188.495000,316.846428,-1.46472,1.95296,-0.54927,0.00708,0.16348,0.99796,0,0,37935
188.500000,316.846428,-2.07502,1.95296,-0.67133,0.00683,0.16519,1.00040,0,0,37936
188.505000,316.861376,-2.62429,1.95296,-0.61030,0.00488,0.16690,1.00211,0,0,37937
188.510000,316.861376,-2.92944,1.95296,-0.36618,0.00561,0.16860,1.00430,0,0,37938
188.515000,316.861376,-2.92944,1.70884,0.30515,0.00805,0.16738,1.00577,0,0,37939
188.520000,316.876406,-2.44120,1.52575,1.15957,0.00610,0.16470,1.00918,0,0,37940
188.525000,316.876406,-1.58678,1.22060,1.83090,0.00390,0.16104,1.01236,0,0,37941
188.530000,316.876406,-0.54927,0.73236,2.13605,0.00146,0.15738,1.01236,0,0,37942
188.535000,316.891511,0.42721,0.06103,2.44120,-0.00098,0.15323,1.01016,0,0,37943
188.540000,316.891511,1.52575,-0.73236,2.56326,-0.00049,0.14835,1.00674,0,0,37944
188.545000,316.891511,2.62429,-1.34266,2.44120,-0.00146,0.14176,1.00138,0,0,37945
188.550000,316.906745,3.11253,-1.52575,2.38017,-0.00244,0.13542,0.99698,0,0,37946
188.555000,316.906745,3.35665,-1.40369,2.44120,-0.00464,0.13127,0.99503,0,0,37947
188.560000,316.906745,3.35665,-1.15957,2.38017,-0.00561,0.12639,0.99601,0,0,37948
188.565000,316.921500,3.11253,-1.03751,1.89193,-0.00488,0.12346,0.99772,0,0,37949
188.570000,316.921500,2.01399,-1.15957,0.73236,-0.00390,0.12249,0.99747,0,0,37950
188.575000,316.921500,1.09854,-0.73236,-0.24412,-0.00561,0.12615,0.99698,0,0,37951
188.580000,316.936399,0.36618,-0.24412,-0.85442,-0.00830,0.12859,0.99942,0,0,37952
188.585000,316.936399,0.12206,-0.18309,-1.34266,-0.00756,0.13322,0.99918,0,0,37953
188.590000,316.936399,0.00000,-0.30515,-1.83090,-0.00561,0.14103,0.99869,0,0,37954
188.595000,316.951797,-0.42721,-0.36618,-2.13605,-0.00537,0.14982,0.99576,0,0,37955
188.600000,316.951797,-0.54927,-0.54927,-2.01399,-0.00586,0.15567,0.98918,0,0,37956
188.605000,316.951797,-0.73236,-0.54927,-1.58678,-0.00512,0.16006,0.98356,0,0,37957
188.610000,316.966761,-0.85442,-0.30515,-0.73236,-0.00512,0.16470,0.98161,0,0,37958
188.615000,316.966761,-0.42721,-0.12206,0.24412,-0.00415,0.16519,0.97966,0,0,37959
188.620000,316.966761,-0.36618,0.06103,0.67133,-0.00366,0.16153,0.97844,0,0,37960
188.625000,316.981773,-0.42721,0.42721,0.91545,-0.00220,0.15714,0.97673,0,0,37961
188.630000,316.981773,-0.73236,0.91545,1.22060,0.00146,0.15348,0.97746,0,0,37962
188.635000,316.981773,-0.97648,1.40369,1.58678,0.00464,0.15152,0.98161,0,0,37963
188.640000,316.996799,-0.97648,1.58678,1.83090,0.00512,0.14957,0.98625,0,0,37964
188.645000,316.996799,-0.54927,1.09854,2.01399,0.00317,0.14884,0.99064,0,0,37965
188.650000,316.996799,-0.06103,0.91545,2.01399,0.00049,0.14933,0.99308,0,0,37966
188.655000,317.011491,0.54927,0.97648,1.83090,-0.00024,0.14933,0.99650,0,0,37967
188.660000,317.011491,1.15957,0.97648,1.70884,0.00171,0.15006,1.00064,0,0,37968
188.665000,317.011491,1.70884,0.67133,1.52575,0.00415,0.14908,1.00357,0,0,37969
188.670000,317.026766,1.58678,0.36618,1.28163,0.00561,0.14957,1.00382,0,0,37970
188.675000,317.026766,0.54927,0.42721,0.91545,0.00171,0.15274,1.00382,0,0,37971
188.680000,317.026766,-0.85442,0.79339,0.61030,-0.00171,0.15616,1.00333,0,0,37972
188.685000,317.041454,-2.50223,1.40369,0.48824,-0.00146,0.15543,1.00333,0,0,37973
188.690000,317.041454,-3.96695,1.89193,0.30515,-0.00244,0.15323,1.00674,0,0,37974
188.695000,317.041454,-3.96695,1.83090,0.30515,-0.00366,0.15201,1.00748,0,0,37975
188.700000,317.056810,-3.05150,1.34266,0.48824,-0.00415,0.15030,1.00674,0,0,37976
188.705000,317.056810,-1.46472,0.97648,0.61030,-0.00342,0.14567,1.00528,0,0,37977
188.710000,317.056810,0.36618,0.67133,0.73236,-0.00146,0.14250,1.00455,0,0,37978
188.715000,317.071588,2.19708,0.30515,1.03751,0.00000,0.14250,1.00333,0,0,37979
188.720000,317.071588,3.84489,-0.24412,1.52575,-0.00171,0.14372,1.00479,0,0,37980
188.725000,317.071588,4.27210,-0.36618,1.89193,-0.00464,0.14445,1.00699,0,0,37981
188.730000,317.086499,4.02798,-0.36618,2.01399,-0.00634,0.14250,1.00626,0,0,37982
188.735000,317.086499,3.35665,-0.30515,1.95296,-0.00732,0.13615,1.00528,0,0,37983
188.740000,317.086499,2.50223,-0.18309,1.83090,-0.00805,0.12859,1.00479,0,0,37984
188.745000,317.101754,1.40369,-0.12206,1.40369,-0.00952,0.12249,1.00308,0,0,37985
188.750000,317.101754,0.54927,0.24412,0.79339,-0.01196,0.12029,0.99991,0,0,37986
188.755000,317.101754,0.06103,0.42721,0.18309,-0.01122,0.12005,1.00113,0,0,37987
188.760000,317.116438,0.06103,0.54927,-0.54927,-0.00781,0.12273,1.00528,0,0,37988
188.765000,317.116438,0.97648,-0.12206,-1.09854,-0.00561,0.12859,1.00870,0,0,37989
188.770000,317.116438,1.52575,-0.61030,-1.22060,-0.00439,0.13566,1.00748,0,0,37990
188.775000,317.131432,1.46472,-0.67133,-1.09854,-0.00195,0.14006,1.00455,0,0,37991
188.780000,317.131432,0.85442,-0.67133,-1.03751,-0.00342,0.14494,0.99967,0,0,37992
188.785000,317.131432,-0.42721,-0.48824,-0.85442,-0.00488,0.14689,0.99332,0,0,37993
188.790000,317.147866,-2.31914,-0.18309,-0.73236,-0.00561,0.14713,0.98747,0,0,37994
188.795000,317.147866,-3.66180,0.30515,-0.67133,-0.00683,0.14469,0.98332,0,0,37995
188.800000,317.147866,-4.57725,0.97648,-0.91545,-0.01074,0.14201,0.98430,0,0,37996
188.805000,317.161786,-5.12652,1.64781,-1.40369,-0.01318,0.14201,0.98820,0,0,37997
188.810000,317.161786,-5.00446,1.76987,-2.07502,-0.01391,0.14347,0.99210,0,0,37998
188.815000,317.161786,-4.02798,1.58678,-2.50223,-0.01220,0.14396,0.99576,0,0,37999
188.820000,317.176426,-2.80738,1.22060,-2.38017,-0.01220,0.14469,0.99942,0,0,38000
188.825000,317.176426,-1.03751,0.42721,-2.07502,-0.01196,0.14469,0.99991,0,0,38001
188.830000,317.176426,0.91545,-0.42721,-1.70884,-0.00781,0.14469,0.99723,0,0,38002
188.835000,317.191459,2.44120,-1.09854,-1.28163,-0.00561,0.14469,0.99235,0,0,38003
188.840000,317.191459,2.99047,-1.34266,-0.91545,-0.00464,0.14225,0.98649,0,0,38004
188.845000,317.191459,1.95296,-1.09854,-0.61030,-0.00537,0.13932,0.98283,0,0,38005
188.850000,317.206455,0.30515,-0.54927,-0.79339,-0.00537,0.13664,0.98088,0,0,38006
188.855000,317.206455,-1.46472,0.18309,-1.28163,-0.00342,0.13152,0.98186,0,0,38007
188.860000,317.206455,-2.56326,1.03751,-1.70884,-0.00390,0.12932,0.98527,0,0,38008
188.865000,317.221426,-2.92944,1.52575,-1.89193,-0.00512,0.12786,0.99040,0,0,38009
188.870000,317.221426,-2.31914,1.70884,-2.13605,-0.00171,0.12590,0.99796,0,0,38010
188.875000,317.221426,-1.15957,1.46472,-2.25811,0.00683,0.12737,1.00308,0,0,38011
188.880000,317.236370,-0.18309,0.97648,-2.50223,0.01074,0.13371,1.00479,0,0,38012
188.885000,317.236370,-0.30515,1.03751,-2.50223,0.00268,0.14396,1.00504,0,0,38013
188.890000,317.236370,-1.09854,1.46472,-2.31914,-0.00464,0.15226,1.00357,0,0,38014
188.895000,317.251760,-2.38017,2.01399,-2.13605,-0.00610,0.15860,1.00723,0,0,38015
188.900000,317.251760,-3.41768,2.07502,-2.13605,-0.00732,0.16470,1.01187,0,0,38016
188.905000,317.251760,-3.90592,1.64781,-2.07502,-0.00586,0.16812,1.01284,0,0,38017
188.910000,317.266434,-3.90592,1.34266,-1.83090,-0.00610,0.16738,1.00967,0,0,38018
188.915000,317.266434,-3.17356,1.03751,-1.28163,-0.00732,0.16738,1.00821,0,0,38019
188.920000,317.266434,-1.95296,0.67133,-0.67133,-0.00732,0.16616,1.00943,0,0,38020
188.925000,317.281342,-0.73236,0.06103,-0.06103,-0.00610,0.16275,1.00845,0,0,38021
188.930000,317.281342,0.42721,-0.48824,0.42721,-0.00659,0.15860,1.00479,0,0,38022
188.935000,317.281342,1.28163,-0.91545,0.67133,-0.00659,0.15421,1.00064,0,0,38023
188.940000,317.296388,1.15957,-1.03751,0.79339,-0.00537,0.15055,0.99650,0,0,38024
188.945000,317.296388,-0.42721,-0.91545,0.67133,-0.00634,0.14445,0.98991,0,0,38025
188.950000,317.296388,-2.19708,-0.30515,0.54927,-0.00878,0.13737,0.98625,0,0,38026
188.955000,317.311439,-3.72283,0.42721,0.36618,-0.00903,0.13078,0.98503,0,0,38027
188.960000,317.311439,-4.45519,0.79339,-0.18309,-0.00659,0.12639,0.98600,0,0,38028
188.965000,317.311439,-4.39416,0.85442,-0.79339,-0.00464,0.12590,0.98771,0,0,38029
188.970000,317.326620,-3.84489,0.79339,-1.22060,-0.00317,0.12883,0.98966,0,0,38030
188.975000,317.326620,-2.56326,0.79339,-1.40369,-0.00049,0.13566,0.98966,0,0,38031
188.980000,317.326620,-1.46472,1.09854,-1.09854,0.00024,0.14396,0.99259,0,0,38032
188.985000,317.341418,0.12206,1.46472,-0.30515,-0.00122,0.14518,0.99845,0,0,38033
188.990000,317.341418,1.70884,1.03751,0.24412,0.00634,0.15030,1.00162,0,0,38034
188.995000,317.341418,1.76987,0.42721,0.67133,0.00781,0.15152,1.00260,0,0,38035
189.000000,317.356299,1.64781,0.36618,1.03751,0.00195,0.15055,1.00064,0,0,38036
189.005000,317.356299,1.22060,0.54927,1.15957,-0.00293,0.14786,0.99991,0,0,38037
189.010000,317.356299,1.03751,0.85442,0.97648,-0.00342,0.14762,0.99918,0,0,38038
189.015000,317.371791,1.03751,0.91545,0.67133,-0.00415,0.14957,1.00040,0,0,38039
189.020000,317.371791,1.15957,0.91545,0.48824,-0.00634,0.15104,1.00016,0,0,38040
189.025000,317.371791,1.22060,0.85442,0.42721,-0.00805,0.14982,1.00040,0,0,38041
189.030000,317.386768,1.15957,0.85442,0.36618,-0.00634,0.14689,1.00162,0,0,38042
189.035000,317.386768,0.85442,0.91545,0.12206,-0.00366,0.14347,1.00138,0,0,38043
189.040000,317.386768,0.24412,1.15957,-0.18309,-0.00317,0.14176,1.00089,0,0,38044
189.045000,317.401418,-0.61030,1.52575,-0.06103,-0.00244,0.14250,1.00064,0,0,38045
189.050000,317.401418,-0.85442,1.64781,0.24412,-0.00244,0.14323,1.00504,0,0,38046
189.055000,317.401418,-0.91545,1.70884,0.42721,-0.00366,0.14176,1.01236,0,0,38047
189.060000,317.416799,-0.85442,1.40369,0.48824,-0.00488,0.14201,1.01626,0,0,38048
189.065000,317.416799,-0.42721,0.79339,0.73236,-0.00561,0.14176,1.01797,0,0,38049
189.070000,317.416799,-0.06103,0.36618,0.91545,-0.00708,0.13981,1.01992,0,0,38050
189.075000,317.431765,0.00000,0.00000,1.09854,-0.00732,0.13640,1.01943,0,0,38051
189.080000,317.431765,0.00000,-0.48824,1.03751,-0.00659,0.13542,1.01553,0,0,38052
189.085000,317.431765,-0.06103,-0.85442,1.03751,-0.00781,0.13688,1.01138,0,0,38053
189.090000,317.446758,-0.06103,-1.03751,1.28163,-0.00756,0.13859,1.00382,0,0,38054
189.095000,317.446758,-0.18309,-0.85442,1.46472,-0.00708,0.14103,0.99381,0,0,38055
189.100000,317.446758,-0.36618,-0.30515,1.40369,-0.00732,0.14128,0.98820,0,0,38056
189.105000,317.461487,-0.30515,0.36618,1.34266,-0.00659,0.14103,0.98820,0,0,38057
189.110000,317.461487,-0.06103,1.15957,1.28163,-0.00732,0.13908,0.99088,0,0,38058
189.115000,317.461487,0.36618,1.64781,1.15957,-0.01049,0.13518,0.99747,0,0,38059
189.120000,317.476846,0.67133,1.70884,1.15957,-0.01269,0.13200,1.00357,0,0,38060
189.125000,317.476846,1.15957,1.34266,1.15957,-0.01391,0.12737,1.00870,0,0,38061
189.130000,317.476846,1.83090,0.67133,0.91545,-0.01757,0.12590,1.00894,0,0,38062
189.135000,317.491763,2.07502,0.18309,0.61030,-0.01732,0.12468,1.00650,0,0,38063
189.140000,317.491763,1.76987,0.00000,0.36618,-0.01440,0.12078,0.99942,0,0,38064
189.145000,317.491763,1.09854,0.48824,-0.61030,-0.01415,0.12102,0.99674,0,0,38065
189.150000,317.506468,-0.79339,0.85442,-1.58678,-0.01391,0.12054,1.00016,0,0,38066
189.155000,317.506468,-3.53974,1.09854,-2.68532,-0.01684,0.12298,0.99137,0,0,38067
189.160000,317.506468,-7.07948,1.76987,-3.78386,-0.01610,0.12493,0.98796,0,0,38068
189.165000,317.521452,-10.80231,2.92944,-4.82137,-0.01220,0.12542,0.99723,0,0,38069
189.170000,317.521452,-13.54866,4.57725,-5.79785,-0.00952,0.13078,1.00528,0,0,38070
189.175000,317.521452,-14.34205,5.00446,-5.98094,-0.00683,0.13884,1.01260,0,0,38071
189.180000,317.536743,-15.07441,4.57725,-5.43167,-0.00512,0.14006,1.02285,0,0,38072
189.185000,317.536743,-15.62368,3.96695,-4.82137,-0.00512,0.14445,1.02309,0,0,38073
189.190000,317.536743,-16.47810,4.02798,-4.76034,-0.00927,0.15250,1.02065,0,0,38074
189.195000,317.551506,-17.14943,4.08901,-4.82137,-0.00976,0.15445,1.01943,0,0,38075
189.200000,317.551506,-16.23398,3.66180,-4.39416,-0.01000,0.15616,1.01870,0,0,38076
189.205000,317.551506,-14.58617,2.99047,-3.60077,-0.01171,0.16006,1.01528,0,0,38077
189.210000,317.566448,-12.75527,2.19708,-2.80738,-0.01318,0.16250,1.01431,0,0,38078
189.215000,317.566448,-9.70377,1.28163,-2.25811,-0.00756,0.16348,1.00967,0,0,38079
189.220000,317.566448,-6.95742,0.54927,-1.64781,0.00171,0.16299,1.00626,0,0,38080
189.225000,317.581770,-3.66180,-0.06103,-0.67133,0.00293,0.16372,1.00430,0,0,38081
189.230000,317.581770,0.18309,-0.79339,0.61030,-0.00317,0.16226,1.00284,0,0,38082
189.235000,317.581770,4.39416,-1.83090,1.83090,-0.00512,0.15884,0.99845,0,0,38083
189.240000,317.596455,8.30008,-2.99047,2.80738,-0.00561,0.15640,0.99259,0,0,38084
189.245000,317.596455,12.32806,-3.84489,3.53974,-0.00659,0.15470,0.99040,0,0,38085
189.250000,317.596455,15.13544,-4.27210,4.08901,-0.00683,0.15323,0.99040,0,0,38086
189.255000,317.611501,17.21046,-4.88240,4.63828,-0.00390,0.15006,0.98722,0,0,38087
189.260000,317.611501,17.57664,-5.30961,5.12652,-0.00268,0.14494,0.98039,0,0,38088
189.265000,317.611501,15.98986,-5.18755,5.49270,-0.00439,0.13884,0.97429,0,0,38089
189.270000,317.626625,12.45012,-3.96695,5.30961,-0.00537,0.13371,0.96575,0,0,38090
189.275000,317.626625,8.17802,-2.07502,4.21107,-0.00268,0.12664,0.95941,0,0,38091
189.280000,317.626625,2.80738,-0.42721,2.56326,-0.00293,0.12151,0.95941,0,0,38092
189.285000,317.641535,-2.25811,1.46472,1.15957,-0.00366,0.12078,0.96282,0,0,38093
189.290000,317.641535,-6.40815,2.68532,0.00000,-0.00171,0.12054,0.96917,0,0,38094
189.295000,317.641535,-7.87287,2.99047,-0.73236,0.00098,0.12224,0.97649,0,0,38095
189.300000,317.656766,-7.62875,2.80738,-0.97648,0.00024,0.12395,0.98015,0,0,38096
189.305000,317.656766,-6.22506,2.01399,-0.79339,-0.00317,0.12761,0.98112,0,0,38097
189.310000,317.656766,-3.90592,1.46472,-0.61030,-0.00464,0.13200,0.98112,0,0,38098
189.315000,317.671646,-1.52575,1.09854,-0.42721,-0.00537,0.13884,0.98088,0,0,38099
189.320000,317.671646,0.54927,1.22060,0.00000,-0.00756,0.14884,0.98356,0,0,38100
189.325000,317.671646,1.03751,1.46472,0.61030,-0.00976,0.15372,0.98966,0,0,38101
189.330000,317.686366,0.85442,1.70884,1.46472,-0.00927,0.15592,0.99479,0,0,38102
189.335000,317.686366,0.36618,1.70884,2.38017,-0.01196,0.15445,1.00162,0,0,38103
189.340000,317.686366,-0.67133,1.89193,3.05150,-0.01269,0.15079,1.00674,0,0,38104
189.345000,317.701442,-1.52575,2.19708,2.92944,-0.00659,0.14616,1.01089,0,0,38105
189.350000,317.701442,-2.01399,2.38017,2.74635,-0.00439,0.14006,1.01382,0,0,38106
189.355000,317.701442,-1.95296,2.31914,2.56326,-0.01025,0.13762,1.01528,0,0,38107
189.360000,317.716433,-1.22060,1.83090,2.44120,-0.01122,0.13396,1.01455,0,0,38108
189.365000,317.716433,0.48824,0.91545,2.07502,-0.00976,0.13152,1.01211,0,0,38109
189.370000,317.716433,1.89193,0.24412,1.52575,-0.01025,0.13078,1.00504,0,0,38110
189.375000,317.731772,2.74635,-0.06103,1.03751,-0.01171,0.13078,0.99772,0,0,38111
189.380000,317.731772,3.72283,-0.48824,0.79339,-0.01025,0.13152,0.99186,0,0,38112
189.385000,317.731772,4.51622,-0.67133,0.73236,-0.00781,0.13200,0.98869,0,0,38113
189.390000,317.746773,4.82137,-0.30515,0.67133,-0.00610,0.13005,0.98771,0,0,38114
189.395000,317.746773,4.08901,0.12206,0.91545,-0.00927,0.12566,0.99162,0,0,38115
189.400000,317.746773,2.92944,0.61030,1.15957,-0.01440,0.12102,0.99747,0,0,38116
189.405000,317.762808,1.83090,0.85442,1.15957,-0.01464,0.11688,1.00308,0,0,38117
189.410000,317.762808,0.73236,0.79339,0.85442,-0.01342,0.11639,1.00821,0,0,38118
189.415000,317.762808,-0.91545,0.67133,0.48824,-0.01440,0.11639,1.01211,0,0,38119
189.420000,317.776498,-1.95296,0.61030,0.24412,-0.01757,0.11810,1.01065,0,0,38120
189.425000,317.776498,-2.44120,0.85442,0.06103,-0.01586,0.12102,1.00870,0,0,38121
189.430000,317.776498,-2.62429,1.34266,0.00000,-0.01171,0.12176,1.01114,0,0,38122
189.435000,317.791781,-2.68532,1.64781,0.12206,-0.01318,0.12395,1.00943,0,0,38123
189.440000,317.791781,-2.44120,1.34266,0.24412,-0.01537,0.12664,1.00674,0,0,38124
189.445000,317.791781,-1.95296,0.97648,0.30515,-0.01854,0.12712,1.00357,0,0,38125
189.450000,317.806744,-0.73236,0.79339,0.48824,-0.02172,0.13054,1.00138,0,0,38126
189.455000,317.806744,0.61030,0.73236,0.67133,-0.01928,0.13493,1.00455,0,0,38127
189.460000,317.806744,1.52575,0.67133,0.97648,-0.01562,0.13908,1.01016,0,0,38128
189.465000,317.821407,2.13605,0.30515,1.22060,-0.01562,0.14176,1.01114,0,0,38129
189.470000,317.821407,2.50223,-0.12206,1.22060,-0.01586,0.14250,1.00918,0,0,38130
189.475000,317.821407,2.50223,-0.36618,0.91545,-0.01196,0.14250,1.00748,0,0,38131
189.480000,317.836805,1.34266,0.00000,0.48824,-0.01074,0.14225,1.00748,0,0,38132
189.485000,317.836805,0.42721,0.18309,0.48824,-0.01074,0.14518,1.00723,0,0,38133
189.490000,317.836805,-0.12206,-0.48824,0.48824,-0.01537,0.14420,1.00357,0,0,38134
189.495000,317.851817,-0.61030,-0.54927,-0.06103,-0.01440,0.14908,0.99820,0,0,38135
189.500000,317.851817,0.30515,-0.97648,-0.67133,-0.01244,0.14323,0.98771,0,0,38136
189.505000,317.851817,0.18309,-0.54927,-0.97648,-0.01196,0.14006,0.98503,0,0,38137
189.510000,317.866340,-0.48824,0.24412,-1.03751,-0.00927,0.14006,0.98820,0,0,38138
189.515000,317.866340,-0.48824,0.61030,-0.97648,-0.00561,0.13762,0.99088,0,0,38139
189.520000,317.866340,-0.61030,0.61030,-1.34266,-0.00244,0.13835,0.99772,0,0,38140
189.525000,317.881701,-1.46472,0.73236,-1.58678,-0.00293,0.14396,1.00186,0,0,38141
189.530000,317.881701,-2.68532,1.09854,-1.64781,-0.00708,0.15299,1.00186,0,0,38142
189.535000,317.881701,-3.78386,1.40369,-1.28163,-0.00488,0.16055,1.00357,0,0,38143
189.540000,317.896756,-4.45519,1.52575,-0.54927,0.00098,0.16592,1.00674,0,0,38144
189.545000,317.896756,-5.18755,1.40369,0.54927,0.00049,0.16787,1.01260,0,0,38145
189.550000,317.896756,-5.91991,1.34266,1.15957,-0.00488,0.16885,1.01382,0,0,38146
189.555000,317.911449,-6.22506,1.34266,1.83090,-0.00878,0.16787,1.01284,0,0,38147
189.560000,317.911449,-5.55373,1.22060,2.44120,-0.00512,0.16250,1.01187,0,0,38148
189.565000,317.911449,-4.39416,0.73236,3.35665,-0.00220,0.15543,1.01406,0,0,38149
189.570000,317.926414,-3.47871,0.12206,4.15004,-0.00952,0.15030,1.01211,0,0,38150
189.575000,317.926414,-2.99047,-0.18309,4.63828,-0.01928,0.14494,1.00870,0,0,38151
189.580000,317.926414,-1.34266,-0.36618,4.39416,-0.01562,0.13762,0.99918,0,0,38152
189.585000,317.941485,0.48824,-0.42721,4.21107,-0.01391,0.13005,0.99503,0,0,38153
189.590000,317.941485,1.83090,-0.54927,4.08901,-0.01903,0.12224,0.99284,0,0,38154
189.595000,317.941485,3.05150,-0.67133,3.90592,-0.02074,0.11492,0.99088,0,0,38155
189.600000,317.956459,4.15004,-0.73236,3.47871,-0.01732,0.10638,0.98918,0,0,38156
189.605000,317.956459,5.18755,-0.79339,2.80738,-0.01196,0.10004,0.98991,0,0,38157
189.610000,317.956459,6.10300,-0.97648,2.25811,-0.01122,0.09687,0.99040,0,0,38158
189.615000,317.971783,6.34712,-0.91545,2.07502,-0.01269,0.09833,0.98918,0,0,38159
189.620000,317.971783,5.67579,-0.54927,1.95296,-0.01610,0.10102,0.98820,0,0,38160
189.625000,317.971783,4.39416,-0.12206,1.46472,-0.01586,0.10321,0.98991,0,0,38161
189.630000,317.986666,2.86841,0.18309,0.85442,-0.01440,0.10638,0.99113,0,0,38162
189.635000,317.986666,1.28163,0.42721,0.54927,-0.01635,0.11078,0.99430,0,0,38163
189.640000,317.986666,-0.42721,1.09854,0.42721,-0.01757,0.11370,0.99942,0,0,38164
189.645000,318.001746,-1.34266,1.40369,0.12206,-0.01952,0.11419,1.00504,0,0,38165
189.650000,318.001746,-1.28163,1.15957,-0.48824,-0.01854,0.11541,1.00894,0,0,38166
189.655000,318.001746,-0.79339,0.42721,-0.73236,-0.01635,0.11785,1.00918,0,0,38167
189.660000,318.016772,0.06103,-0.42721,-0.67133,-0.01391,0.12127,1.00601,0,0,38168
189.665000,318.016772,0.97648,-1.03751,-0.54927,-0.01415,0.12566,1.00235,0,0,38169
189.670000,318.016772,1.22060,-0.97648,-0.42721,-0.01513,0.12761,1.00113,0,0,38170
189.675000,318.031481,1.34266,-1.03751,-0.24412,-0.01513,0.12956,1.00138,0,0,38171
189.680000,318.031481,1.15957,-1.22060,0.06103,-0.01391,0.13127,1.00138,0,0,38172
189.685000,318.031481,0.91545,-1.28163,0.42721,-0.01318,0.13176,1.00284,0,0,38173
189.690000,318.046391,0.48824,-1.22060,0.54927,-0.01391,0.13152,1.00260,0,0,38174
189.695000,318.046391,0.48824,-1.34266,0.24412,-0.01488,0.12932,0.99967,0,0,38175
189.700000,318.046391,0.85442,-1.58678,-0.06103,-0.01464,0.12664,0.99576,0,0,38176
189.705000,318.061793,1.40369,-1.64781,-0.18309,-0.01366,0.12517,0.99381,0,0,38177
189.710000,318.061793,2.07502,-1.64781,-0.12206,-0.01196,0.12420,0.99210,0,0,38178
189.715000,318.061793,2.68532,-1.89193,0.00000,-0.00976,0.12566,0.98869,0,0,38179
189.720000,318.076763,2.38017,-1.70884,-0.06103,-0.00610,0.12493,0.98649,0,0,38180
189.725000,318.076763,1.83090,-1.09854,-0.18309,-0.00488,0.12468,0.98405,0,0,38181
189.730000,318.076763,1.09854,-0.12206,-0.30515,-0.00708,0.12639,0.97771,0,0,38182
189.735000,318.091502,-0.12206,0.97648,-0.48824,-0.00708,0.12688,0.97673,0,0,38183
189.740000,318.091502,-1.64781,2.19708,-0.91545,-0.00561,0.12932,0.98503,0,0,38184
189.745000,318.091502,-2.13605,2.56326,-1.22060,-0.00512,0.13127,0.99601,0,0,38185
189.750000,318.106782,-2.13605,2.31914,-1.34266,-0.00488,0.13396,1.00382,0,0,38186
189.755000,318.106782,-1.52575,1.76987,-0.91545,-0.00464,0.13664,1.00894,0,0,38187
189.760000,318.106782,-0.85442,1.15957,-0.24412,-0.00610,0.13713,1.01333,0,0,38188
189.765000,318.121450,-0.18309,0.42721,0.42721,-0.00732,0.13615,1.01260,0,0,38189
189.770000,318.121450,1.03751,-0.61030,0.61030,-0.00781,0.13420,1.00650,0,0,38190
189.775000,318.121450,1.76987,-1.40369,0.54927,-0.00976,0.13078,0.99869,0,0,38191
189.780000,318.136482,2.13605,-1.46472,0.36618,-0.01147,0.13030,0.99406,0,0,38192
189.785000,318.136482,2.31914,-1.15957,0.12206,-0.01196,0.12981,0.99259,0,0,38193
189.790000,318.136482,2.13605,-0.85442,-0.18309,-0.00903,0.12786,0.99406,0,0,38194
189.795000,318.151506,1.89193,-0.91545,-0.42721,-0.00610,0.12566,0.99674,0,0,38195
189.800000,318.151506,1.70884,-1.22060,-0.67133,-0.00781,0.12517,0.99503,0,0,38196
189.805000,318.151506,1.58678,-1.46472,-0.85442,-0.01049,0.12420,0.99357,0,0,38197
189.810000,318.166577,1.52575,-1.46472,-1.03751,-0.01074,0.12298,0.99284,0,0,38198
189.815000,318.166577,1.58678,-1.28163,-1.52575,-0.00878,0.12322,0.98966,0,0,38199
189.820000,318.166577,1.52575,-1.40369,-1.34266,-0.01025,0.12566,0.98722,0,0,38200
189.825000,318.181820,1.28163,-1.28163,-0.97648,-0.01318,0.13127,0.98576,0,0,38201
189.830000,318.181820,1.09854,-0.85442,-0.73236,-0.01635,0.13347,0.98625,0,0,38202
189.835000,318.181820,0.91545,-0.42721,-0.61030,-0.01415,0.13444,0.99284,0,0,38203
189.840000,318.196485,0.67133,0.12206,-0.79339,-0.01244,0.13347,1.00260,0,0,38204
189.845000,318.196485,0.61030,0.24412,-1.15957,-0.01440,0.13591,1.00674,0,0,38205
189.850000,318.196485,0.36618,0.30515,-1.58678,-0.01806,0.13957,1.00918,0,0,38206
189.855000,318.211569,0.36618,0.36618,-1.89193,-0.01732,0.14103,1.01284,0,0,38207
189.860000,318.211569,0.54927,0.12206,-2.07502,-0.01220,0.14103,1.01504,0,0,38208
189.865000,318.211569,0.61030,-0.61030,-2.07502,-0.00586,0.13932,1.01406,0,0,38209
189.870000,318.226395,-0.06103,-0.85442,-2.07502,-0.00464,0.14054,1.00748,0,0,38210
189.875000,318.226395,-0.79339,-0.67133,-2.01399,-0.00708,0.14713,0.99845,0,0,38211
189.880000,318.226395,-1.58678,-0.18309,-1.83090,-0.00683,0.15274,0.99308,0,0,38212
189.885000,318.241513,-2.44120,0.61030,-1.40369,-0.00610,0.15884,0.99015,0,0,38213
189.890000,318.241513,-3.17356,1.46472,-0.61030,-0.00683,0.16055,0.99137,0,0,38214
189.895000,318.241513,-3.66180,2.01399,0.24412,-0.00659,0.15860,0.99088,0,0,38215
189.900000,318.256452,-3.66180,2.25811,0.97648,-0.00854,0.15226,0.99210,0,0,38216
189.905000,318.256452,-3.17356,2.19708,1.52575,-0.00805,0.14518,0.99479,0,0,38217
189.910000,318.256452,-2.44120,1.89193,1.76987,-0.00708,0.13835,0.99723,0,0,38218
189.915000,318.271666,-1.40369,1.58678,1.83090,-0.00952,0.13078,0.99869,0,0,38219
189.920000,318.271666,-0.12206,1.15957,1.52575,-0.01391,0.12493,1.00040,0,0,38220
189.925000,318.271666,1.22060,0.61030,0.97648,-0.01513,0.12102,1.00138,0,0,38221
189.930000,318.286394,2.31914,0.00000,0.24412,-0.01415,0.12102,1.00016,0,0,38222
189.935000,318.286394,3.29562,-0.61030,-0.30515,-0.01244,0.12273,0.99674,0,0,38223
189.940000,318.286394,4.33313,-0.85442,-0.67133,-0.01171,0.12298,0.99430,0,0,38224
189.945000,318.301817,4.69931,-0.42721,-0.61030,-0.01220,0.12249,0.99625,0,0,38225
189.950000,318.301817,4.51622,-0.24412,-0.61030,-0.01244,0.12298,1.00016,0,0,38226
189.955000,318.301817,3.96695,0.00000,-0.54927,-0.01098,0.12468,1.00430,0,0,38227
189.960000,318.316804,3.29562,0.12206,-0.42721,-0.01074,0.12688,1.01138,0,0,38228
189.965000,318.316804,2.38017,0.36618,-0.36618,-0.01196,0.13078,1.01821,0,0,38229
189.970000,318.316804,1.34266,0.24412,-0.36618,-0.01293,0.13347,1.02285,0,0,38230
189.975000,318.331565,0.18309,0.42721,-0.36618,-0.01537,0.13566,1.02553,0,0,38231
189.980000,318.331565,-0.67133,0.54927,-0.24412,-0.01879,0.13762,1.02480,0,0,38232
189.985000,318.331565,-1.34266,0.54927,-0.30515,-0.01903,0.13810,1.02382,0,0,38233
189.990000,318.346733,-2.07502,0.48824,-0.61030,-0.01708,0.13884,1.02358,0,0,38234
189.995000,318.346733,-2.07502,0.30515,-0.67133,-0.01318,0.13957,1.02212,0,0,38235
190.000000,318.346733,-1.70884,0.12206,-0.54927,-0.01196,0.14079,1.02065,0,0,38236
190.005000,318.361466,-1.09854,-0.12206,-0.24412,-0.01391,0.14201,1.02090,0,0,38237
190.010000,318.361466,-0.24412,-0.30515,-0.06103,-0.01659,0.14079,1.01894,0,0,38238
190.015000,318.361466,0.24412,-0.54927,-0.24412,-0.01830,0.13884,1.01724,0,0,38239
190.020000,318.376393,0.61030,-0.79339,-0.54927,-0.01928,0.13786,1.01309,0,0,38240
190.025000,318.376393,1.09854,-1.03751,-0.67133,-0.02172,0.13859,1.01040,0,0,38241
190.030000,318.376393,1.52575,-1.15957,-0.73236,-0.02172,0.13835,1.00748,0,0,38242
190.035000,318.391538,1.58678,-1.22060,-1.03751,-0.02123,0.13786,1.00455,0,0,38243
190.040000,318.391538,1.28163,-1.15957,-1.52575,-0.01928,0.13786,1.00113,0,0,38244
190.045000,318.391538,1.03751,-1.03751,-1.76987,-0.01537,0.13737,0.99918,0,0,38245
190.050000,318.406424,0.97648,-0.91545,-1.58678,-0.01318,0.13688,0.99869,0,0,38246
190.055000,318.406424,1.15957,-0.91545,-1.22060,-0.01269,0.13591,1.00138,0,0,38247
190.060000,318.406424,1.46472,-1.03751,-0.97648,-0.01318,0.13493,1.00284,0,0,38248
190.065000,318.421644,1.89193,-1.34266,-0.97648,-0.01171,0.13298,1.00430,0,0,38249
190.070000,318.421644,2.56326,-1.95296,-1.22060,-0.01293,0.13566,1.00528,0,0,38250
190.075000,318.421644,2.86841,-2.19708,-1.34266,-0.01659,0.13835,1.00626,0,0,38251
190.080000,318.436770,2.50223,-2.31914,-1.28163,-0.01269,0.14079,1.00504,0,0,38252
190.085000,318.436770,0.61030,-2.01399,-1.58678,-0.00805,0.14152,1.00260,0,0,38253
190.090000,318.436770,-1.28163,-1.58678,-1.64781,-0.00659,0.14250,0.99894,0,0,38254
190.095000,318.451507,-3.17356,-1.03751,-1.58678,-0.00683,0.14176,0.99650,0,0,38255
190.100000,318.451507,-4.33313,-0.61030,-1.40369,-0.00805,0.13932,0.99454,0,0,38256
190.105000,318.451507,-4.33313,-0.48824,-1.40369,-0.00976,0.13518,0.99332,0,0,38257
190.110000,318.466682,-3.72283,-0.42721,-1.52575,-0.00878,0.13615,0.98820,0,0,38258
190.115000,318.466682,-2.44120,-0.54927,-1.40369,-0.00854,0.14006,0.98478,0,0,38259
190.120000,318.466682,-0.97648,-0.79339,-1.03751,-0.00732,0.14469,0.98381,0,0,38260
190.125000,318.481770,0.67133,-1.22060,-0.79339,-0.00610,0.14957,0.98064,0,0,38261
190.130000,318.481770,2.13605,-1.64781,-0.48824,-0.00586,0.15274,0.97673,0,0,38262
190.135000,318.481770,3.17356,-1.70884,0.00000,-0.00683,0.15348,0.97283,0,0,38263
190.140000,318.496752,3.84489,-1.58678,0.36618,-0.00610,0.15250,0.96892,0,0,38264
190.145000,318.496752,3.78386,-1.15957,0.48824,-0.00512,0.15030,0.96746,0,0,38265
190.150000,318.496752,3.11253,-0.48824,0.48824,-0.00464,0.14616,0.97234,0,0,38266
190.155000,318.511761,2.31914,0.00000,0.54927,-0.00488,0.14347,0.98381,0,0,38267
190.160000,318.511761,1.64781,0.36618,0.42721,-0.00512,0.14396,0.99796,0,0,38268
190.165000,318.511761,1.15957,0.12206,0.06103,-0.00366,0.14128,1.00577,0,0,38269
190.170000,318.526445,1.09854,-0.61030,-0.12206,-0.00415,0.14079,1.00943,0,0,38270
190.175000,318.526445,1.46472,-1.46472,0.06103,-0.00512,0.14176,1.01016,0,0,38271
190.180000,318.526445,2.07502,-2.25811,0.36618,-0.00439,0.13957,1.00382,0,0,38272
190.185000,318.541470,2.44120,-3.05150,-0.06103,-0.00342,0.13908,0.99235,0,0,38273
190.190000,318.541470,1.64781,-3.11253,-0.36618,-0.00586,0.14616,0.97746,0,0,38274
190.195000,318.541470,0.30515,-2.19708,-0.54927,-0.00781,0.15543,0.96331,0,0,38275
190.200000,318.556787,-1.40369,-0.48824,-0.06103,-0.00512,0.16177,0.95794,0,0,38276
190.205000,318.556787,-3.35665,1.64781,0.91545,-0.00195,0.16275,0.96331,0,0,38277
190.210000,318.556787,-4.21107,2.68532,1.76987,-0.00342,0.15884,0.97185,0,0,38278
190.215000,318.571389,-4.15004,2.99047,2.50223,-0.00415,0.15226,0.98259,0,0,38279
190.220000,318.571389,-3.17356,2.92944,3.05150,-0.00366,0.14469,0.99625,0,0,38280
190.225000,318.571389,-1.64781,2.50223,3.41768,-0.00390,0.13786,1.00992,0,0,38281
190.230000,318.586427,0.30515,1.70884,3.47871,-0.00512,0.13542,1.01504,0,0,38282
190.235000,318.586427,2.68532,0.36618,3.29562,-0.01025,0.13542,1.01650,0,0,38283
190.240000,318.586427,4.02798,-0.61030,3.23459,-0.01293,0.13469,1.01577,0,0,38284
190.245000,318.601540,4.63828,-1.09854,3.11253,-0.01366,0.13200,1.01162,0,0,38285
190.250000,318.601540,4.21107,-1.09854,2.44120,-0.00976,0.12883,1.00504,0,0,38286
190.255000,318.601540,2.62429,-0.48824,1.64781,-0.00976,0.12786,0.99991,0,0,38287
190.260000,318.616511,0.36618,0.48824,0.79339,-0.01269,0.12834,0.99820,0,0,38288
190.265000,318.616511,-2.50223,1.70884,-0.54927,-0.01147,0.12956,1.00162,0,0,38289
190.270000,318.616511,-4.15004,2.19708,-1.58678,-0.00854,0.13127,1.00772,0,0,38290
190.275000,318.631785,-4.82137,2.44120,-2.25811,-0.00634,0.13640,1.01211,0,0,38291
190.280000,318.631785,-4.57725,1.89193,-2.44120,-0.00586,0.14250,1.01650,0,0,38292
190.285000,318.631785,-3.60077,1.09854,-2.31914,-0.00537,0.14982,1.01797,0,0,38293
190.290000,318.646760,-1.15957,-0.06103,-1.89193,-0.00512,0.15738,1.01162,0,0,38294
190.295000,318.646760,0.67133,-0.79339,-1.28163,-0.00537,0.16324,1.00504,0,0,38295
190.300000,318.646760,2.25811,-1.22060,-0.42721,-0.00854,0.16787,0.99576,0,0,38296
190.305000,318.661765,3.41768,-1.22060,0.36618,-0.01196,0.17056,0.98674,0,0,38297
190.310000,318.661765,3.72283,-0.79339,1.03751,-0.01244,0.17056,0.98088,0,0,38298
190.315000,318.661765,3.23459,-0.36618,1.40369,-0.01098,0.16616,0.98088,0,0,38299
190.320000,318.676495,2.44120,0.06103,1.52575,-0.00903,0.16128,0.98259,0,0,38300
190.325000,318.676495,1.46472,0.61030,1.64781,-0.00561,0.15274,0.98600,0,0,38301
190.330000,318.676495,-0.24412,0.91545,1.64781,-0.00220,0.14201,0.98918,0,0,38302
190.335000,318.691779,-1.22060,0.73236,1.28163,-0.00244,0.13200,0.99088,0,0,38303
190.340000,318.691779,-1.52575,0.30515,0.61030,-0.00293,0.12346,0.98893,0,0,38304
190.345000,318.691779,-1.28163,0.12206,-0.06103,-0.00171,0.12005,0.98600,0,0,38305
190.350000,318.706835,-0.36618,0.12206,-0.67133,-0.00122,0.12273,0.98454,0,0,38306
190.355000,318.706835,0.91545,0.18309,-1.15957,-0.00122,0.12908,0.98430,0,0,38307
190.360000,318.706835,2.86841,0.24412,-1.64781,-0.00195,0.13713,0.98820,0,0,38308
190.365000,318.721742,4.02798,0.24412,-1.83090,-0.00171,0.14372,0.99601,0,0,38309
190.370000,318.721742,4.76034,0.18309,-1.95296,-0.00049,0.15470,1.00235,0,0,38310
190.375000,318.721742,4.39416,0.30515,-1.52575,-0.00122,0.16616,1.00748,0,0,38311
190.380000,318.736537,3.05150,0.73236,-1.34266,-0.00268,0.17373,1.01284,0,0,38312
190.385000,318.736537,0.48824,1.28163,-1.09854,-0.00488,0.17714,1.02016,0,0,38313
190.390000,318.736537,-1.58678,1.76987,-0.91545,-0.00537,0.17470,1.02553,0,0,38314
190.395000,318.751605,-3.29562,1.76987,-0.79339,-0.00488,0.16909,1.02675,0,0,38315
190.400000,318.751605,-4.27210,1.46472,-0.85442,-0.00464,0.16324,1.02187,0,0,38316
190.405000,318.751605,-4.51622,1.22060,-0.48824,-0.00439,0.15909,1.01504,0,0,38317
190.410000,318.766730,-4.21107,1.15957,0.36618,-0.00366,0.15567,1.01260,0,0,38318
190.415000,318.766730,-3.05150,0.61030,1.40369,-0.00244,0.15152,1.01236,0,0,38319
190.420000,318.766730,-1.52575,-0.06103,2.01399,-0.00512,0.15104,1.00894,0,0,38320
190.425000,318.781463,0.18309,-0.48824,2.38017,-0.01025,0.14957,1.00601,0,0,38321
190.430000,318.781463,1.76987,-0.73236,2.68532,-0.01220,0.14494,1.00552,0,0,38322
190.435000,318.781463,3.11253,-0.91545,2.99047,-0.00976,0.13810,1.00650,0,0,38323
190.440000,318.796432,3.60077,-1.09854,3.05150,-0.00903,0.13347,1.00894,0,0,38324
190.445000,318.796432,3.60077,-1.15957,2.99047,-0.01293,0.13054,1.01260,0,0,38325
190.450000,318.796432,3.23459,-1.28163,2.86841,-0.01708,0.12786,1.01309,0,0,38326
190.455000,318.811739,2.62429,-1.22060,2.56326,-0.01928,0.12517,1.01309,0,0,38327
190.460000,318.811739,1.52575,-1.09854,2.19708,-0.01830,0.11956,1.01358,0,0,38328
190.465000,318.811739,-0.42721,-0.97648,1.28163,-0.01830,0.11736,1.01162,0,0,38329
190.470000,318.826588,-2.13605,-0.54927,0.42721,-0.02172,0.11663,1.00870,0,0,38330
190.475000,318.826588,-4.02798,0.61030,-0.42721,-0.02001,0.11736,1.00430,0,0,38331
190.480000,318.826588,-4.82137,1.15957,-0.61030,-0.01659,0.11907,1.00650,0,0,38332
190.485000,318.841598,-4.82137,0.91545,-0.79339,-0.01391,0.12102,1.01065,0,0,38333
190.490000,318.841598,-3.47871,-0.12206,-0.97648,-0.01464,0.12590,1.01187,0,0,38334
190.495000,318.841598,-1.46472,-1.03751,-0.91545,-0.01806,0.13127,1.01065,0,0,38335
190.500000,318.856785,0.79339,-1.95296,-0.73236,-0.01830,0.13737,1.00406,0,0,38336
190.505000,318.856785,2.68532,-2.62429,-0.54927,-0.01684,0.14103,0.99723,0,0,38337
190.510000,318.856785,3.96695,-2.80738,-0.36618,-0.01537,0.14006,0.99088,0,0,38338
190.515000,318.871692,4.27210,-2.74635,-0.24412,-0.01269,0.13859,0.98356,0,0,38339
190.520000,318.871692,3.96695,-2.62429,-0.06103,-0.01147,0.13932,0.98015,0,0,38340
190.525000,318.871692,3.11253,-2.44120,0.06103,-0.01000,0.13932,0.98088,0,0,38341
190.530000,318.886353,2.13605,-2.07502,-0.06103,-0.00756,0.13835,0.98064,0,0,38342
190.535000,318.886353,0.73236,-1.34266,-0.42721,-0.00537,0.13591,0.98039,0,0,38343
190.540000,318.886353,-0.12206,-1.03751,-0.67133,-0.00268,0.13200,0.98283,0,0,38344
190.545000,318.901308,-0.79339,-1.03751,-0.91545,-0.00073,0.13127,0.98625,0,0,38345
190.550000,318.901308,-1.40369,-1.28163,-1.03751,-0.00073,0.13347,0.98869,0,0,38346
190.555000,318.901308,-1.83090,-1.46472,-1.09854,0.00000,0.13981,0.98869,0,0,38347
190.560000,318.916712,-2.07502,-1.46472,-1.03751,0.00073,0.14542,0.98991,0,0,38348
190.565000,318.916712,-2.19708,-1.52575,-0.97648,-0.00073,0.14884,0.98844,0,0,38349
190.570000,318.916712,-2.31914,-1.76987,-1.15957,0.00073,0.15250,0.98356,0,0,38350
190.575000,318.931365,-2.07502,-1.83090,-1.34266,0.00146,0.15762,0.97868,0,0,38351
190.580000,318.931365,-1.40369,-1.40369,-1.15957,0.00268,0.16299,0.97454,0,0,38352
190.585000,318.931365,-0.79339,-1.09854,-0.67133,0.00464,0.16812,0.97454,0,0,38353
190.590000,318.946753,-0.42721,-0.61030,-0.06103,0.00586,0.17275,0.97673,0,0,38354
190.595000,318.946753,-0.42721,-0.06103,0.42721,0.00756,0.17641,0.98112,0,0,38355
190.600000,318.946753,-1.03751,0.61030,1.22060,0.00732,0.17958,0.98674,0,0,38356
190.605000,318.961444,-1.46472,1.15957,1.83090,0.00659,0.18105,0.99479,0,0,38357
190.610000,318.961444,-2.19708,1.70884,2.99047,0.00512,0.17568,1.00504,0,0,38358
190.615000,318.961444,-2.25811,1.64781,3.90592,0.00268,0.16494,1.00967,0,0,38359
190.620000,318.976210,-1.58678,1.40369,4.57725,-0.00146,0.15518,1.01236,0,0,38360
190.625000,318.976210,-0.48824,0.85442,4.94343,-0.00439,0.14616,1.01431,0,0,38361
190.630000,318.976210,1.22060,0.00000,5.00446,-0.00415,0.13859,1.00967,0,0,38362
190.635000,318.991402,2.25811,-0.24412,4.76034,-0.00366,0.13200,1.00357,0,0,38363
190.640000,318.991402,2.38017,-0.18309,4.21107,-0.00366,0.12834,0.99674,0,0,38364
190.645000,318.991402,1.89193,0.48824,3.41768,-0.00342,0.12542,0.99284,0,0,38365
190.650000,319.006419,0.97648,1.09854,2.56326,-0.00464,0.12664,0.99308,0,0,38366
190.655000,319.006419,-0.30515,1.52575,1.58678,-0.00512,0.13078,0.99625,0,0,38367
190.660000,319.006419,-1.64781,2.07502,0.67133,-0.00317,0.13518,1.00089,0,0,38368
190.665000,319.021780,-2.56326,2.31914,0.24412,-0.00122,0.14006,1.00333,0,0,38369
190.670000,319.021780,-3.41768,2.62429,0.48824,-0.00415,0.14347,1.00601,0,0,38370
190.675000,319.021780,-3.90592,2.80738,1.03751,-0.00854,0.14420,1.01284,0,0,38371
190.680000,319.036350,-3.17356,2.38017,1.52575,-0.01025,0.14176,1.01650,0,0,38372
190.685000,319.036350,-1.95296,1.58678,2.01399,-0.01244,0.14054,1.01894,0,0,38373
190.690000,319.036350,-0.42721,0.61030,2.25811,-0.01562,0.13737,1.01919,0,0,38374
190.695000,319.051375,1.34266,-0.67133,2.25811,-0.01635,0.13298,1.01480,0,0,38375
190.700000,319.051375,2.62429,-1.76987,1.89193,-0.01684,0.13005,1.00796,0,0,38376
190.705000,319.051375,3.35665,-2.38017,1.46472,-0.01659,0.12737,0.99845,0,0,38377
190.710000,319.066340,3.29562,-2.62429,0.91545,-0.01391,0.12395,0.98649,0,0,38378
190.715000,319.066340,2.31914,-2.31914,0.67133,-0.01098,0.11980,0.97722,0,0,38379
190.720000,319.066340,0.79339,-1.58678,0.24412,-0.01074,0.11688,0.97527,0,0,38380
190.725000,319.081431,-0.54927,-0.85442,-0.42721,-0.01196,0.11736,0.97307,0,0,38381
190.730000,319.081431,-1.83090,0.00000,-1.15957,-0.01293,0.11932,0.97502,0,0,38382
190.735000,319.081431,-2.19708,0.48824,-1.58678,-0.01293,0.12102,0.98454,0,0,38383
190.740000,319.096352,-2.01399,0.67133,-1.83090,-0.01171,0.12322,0.99381,0,0,38384
190.745000,319.096352,-1.58678,0.42721,-2.01399,-0.00805,0.12932,1.00162,0,0,38385
190.750000,319.096352,-1.22060,-0.12206,-2.07502,-0.00683,0.13274,1.00626,0,0,38386
190.755000,319.111348,-1.09854,-0.73236,-2.01399,-0.00756,0.13518,1.00308,0,0,38387
190.760000,319.111348,-1.09854,-0.85442,-2.13605,-0.00903,0.13981,0.99503,0,0,38388
190.765000,319.111348,-1.28163,-0.85442,-2.13605,-0.00732,0.14420,0.98966,0,0,38389
190.770000,319.126265,-1.58678,-0.48824,-2.01399,-0.00171,0.14616,0.98259,0,0,38390
190.775000,319.126265,-2.68532,0.42721,-1.09854,0.00146,0.14713,0.97527,0,0,38391
190.780000,319.126265,-3.35665,0.97648,-0.36618,0.00024,0.14811,0.97454,0,0,38392
190.785000,319.141197,-3.72283,1.76987,0.36618,0.00415,0.14542,0.97844,0,0,38393
190.790000,319.141197,-3.29562,1.83090,0.18309,0.00073,0.13518,0.98747,0,0,38394
190.795000,319.141197,-2.50223,1.34266,-0.24412,-0.01415,0.13591,0.99284,0,0,38395
190.800000,319.156195,-0.61030,0.54927,-0.24412,-0.00952,0.13688,0.98820,0,0,38396
190.805000,319.156195,1.58678,0.36618,0.48824,-0.00171,0.13054,0.98796,0,0,38397
190.810000,319.156195,2.44120,0.48824,0.61030,-0.00073,0.12298,0.99210,0,0,38398
190.815000,319.171202,2.86841,0.06103,0.18309,-0.00244,0.12078,0.99308,0,0,38399
190.820000,319.171202,3.41768,-0.67133,-0.18309,-0.00415,0.12371,0.98942,0,0,38400
190.825000,319.171202,4.15004,-0.97648,-0.18309,-0.00342,0.12371,0.98625,0,0,38401
190.830000,319.186195,4.45519,-0.67133,-0.12206,-0.00293,0.12298,0.98869,0,0,38402
190.835000,319.186195,4.33313,-0.30515,-0.30515,-0.00439,0.12542,0.99210,0,0,38403
190.840000,319.186195,3.90592,-0.30515,-0.85442,-0.00439,0.12664,0.99430,0,0,38404
190.845000,319.201207,2.99047,-0.06103,-1.34266,-0.00464,0.12664,0.99820,0,0,38405
190.850000,319.201207,2.13605,0.24412,-1.58678,-0.00415,0.12932,1.00772,0,0,38406
190.855000,319.201207,1.83090,0.42721,-1.34266,-0.00415,0.13176,1.01748,0,0,38407
190.860000,319.216198,1.34266,0.00000,-1.09854,-0.00683,0.13591,1.02748,0,0,38408
190.865000,319.216198,0.67133,-0.24412,-1.46472,-0.00659,0.13737,1.03261,0,0,38409
190.870000,319.216198,0.48824,-0.79339,-2.07502,-0.00634,0.14274,1.02846,0,0,38410
190.875000,319.231236,0.91545,-1.83090,-2.07502,-0.00805,0.15030,1.01919,0,0,38411
190.880000,319.231236,1.09854,-2.25811,-1.64781,-0.01000,0.15494,1.00504,0,0,38412
190.885000,319.231236,0.85442,-2.07502,-1.09854,-0.00927,0.15445,0.99332,0,0,38413
190.890000,319.246155,0.12206,-1.22060,-0.67133,-0.00708,0.15470,0.98552,0,0,38414
190.895000,319.246155,-0.97648,-0.30515,-0.24412,-0.00586,0.15396,0.98210,0,0,38415
190.900000,319.246155,-2.01399,0.73236,0.48824,-0.00659,0.15104,0.98478,0,0,38416
190.905000,319.261166,-2.31914,1.22060,0.85442,-0.00952,0.14640,0.99186,0,0,38417
190.910000,319.261166,-2.13605,1.89193,1.15957,-0.01000,0.14079,1.00138,0,0,38418
190.915000,319.261166,-1.76987,2.01399,0.97648,-0.00927,0.13688,1.01162,0,0,38419
190.920000,319.276242,-1.15957,1.46472,0.73236,-0.01049,0.13640,1.02041,0,0,38420
190.925000,319.276242,-0.42721,0.36618,0.42721,-0.01391,0.13688,1.02407,0,0,38421
190.930000,319.276242,0.12206,-0.79339,-0.24412,-0.01415,0.13664,1.01919,0,0,38422
190.935000,319.291207,-0.12206,-1.03751,-0.85442,-0.01391,0.13566,1.01065,0,0,38423
190.940000,319.291207,-1.09854,-0.97648,-1.52575,-0.01171,0.13420,1.00064,0,0,38424
190.945000,319.291207,-2.44120,-0.85442,-1.76987,-0.00952,0.13322,0.99040,0,0,38425
190.950000,319.306308,-3.41768,-0.73236,-1.83090,-0.00878,0.13030,0.98186,0,0,38426
190.955000,319.306308,-3.78386,-0.42721,-2.31914,-0.00659,0.13078,0.97454,0,0,38427
190.960000,319.306308,-3.29562,-0.12206,-2.86841,-0.00756,0.13078,0.96868,0,0,38428
190.965000,319.321223,-2.92944,0.24412,-3.17356,-0.00781,0.12664,0.96624,0,0,38429
190.970000,319.321223,-2.44120,0.79339,-2.68532,-0.00171,0.12346,0.97210,0,0,38430
190.975000,319.321223,-1.09854,1.03751,-2.25811,0.00146,0.12493,0.97771,0,0,38431
190.980000,319.336188,0.00000,0.79339,-2.19708,-0.00098,0.13005,0.98625,0,0,38432
190.985000,319.336188,1.15957,0.42721,-1.70884,-0.00293,0.13615,0.99698,0,0,38433
190.990000,319.336188,2.07502,0.12206,-1.40369,-0.00415,0.14225,0.99820,0,0,38434
190.995000,319.351193,2.56326,-0.12206,-0.97648,-0.00586,0.14518,0.99674,0,0,38435
191.000000,319.351193,2.50223,0.00000,-0.36618,-0.00878,0.14420,0.99479,0,0,38436
191.005000,319.351193,2.07502,0.42721,0.48824,-0.00976,0.14518,0.99332,0,0,38437
191.005000,319.366174,1.28163,0.85442,1.28163,-0.00903,0.14542,0.99430,0,0,38438
191.010000,319.366174,0.24412,1.40369,1.76987,-0.00732,0.14616,0.99552,0,0,38439
191.015000,319.366174,-0.85442,1.70884,1.76987,-0.00732,0.14591,0.99698,0,0,38440
191.020000,319.381175,-1.76987,1.76987,1.70884,-0.00781,0.14347,0.99869,0,0,38441
191.025000,319.381175,-1.95296,1.76987,1.76987,-0.00732,0.14054,1.00284,0,0,38442
191.030000,319.381175,-1.58678,1.58678,1.83090,-0.00537,0.13737,1.00870,0,0,38443
191.035000,319.396103,-1.09854,1.34266,1.70884,-0.00561,0.13493,1.01455,0,0,38444
191.040000,319.396103,-0.36618,0.85442,1.34266,-0.00634,0.13396,1.01870,0,0,38445
191.045000,319.396103,0.12206,0.12206,1.15957,-0.00708,0.13322,1.01772,0,0,38446
191.050000,319.411098,0.36618,-0.30515,1.22060,-0.00952,0.13371,1.01284,0,0,38447
191.055000,319.411098,0.30515,-0.30515,1.28163,-0.01513,0.13176,1.01065,0,0,38448
191.060000,319.411098,-0.30515,0.00000,1.03751,-0.01464,0.13176,1.00772,0,0,38449
191.065000,319.426193,-1.15957,0.06103,0.54927,-0.01293,0.13225,1.00455,0,0,38450
191.070000,319.426193,-1.89193,0.24412,0.12206,-0.01244,0.12956,1.00260,0,0,38451
191.075000,319.426193,-1.95296,0.42721,-0.30515,-0.01000,0.12590,1.00333,0,0,38452
191.080000,319.441181,-1.64781,0.42721,-0.73236,-0.00683,0.12590,1.00479,0,0,38453
191.085000,319.441181,-1.15957,0.36618,-1.03751,-0.00610,0.12761,1.00894,0,0,38454
191.090000,319.441181,-0.36618,-0.06103,-1.22060,-0.00830,0.13371,1.01309,0,0,38455
191.095000,319.456197,0.36618,-0.48824,-1.34266,-0.01147,0.13884,1.01504,0,0,38456
191.100000,319.456197,0.67133,-0.97648,-1.52575,-0.01196,0.14201,1.01309,0,0,38457
191.105000,319.456197,0.54927,-1.22060,-1.89193,-0.01342,0.14640,1.00918,0,0,38458
191.110000,319.471213,0.30515,-1.34266,-1.76987,-0.01366,0.15152,1.00430,0,0,38459
191.115000,319.471213,-0.06103,-1.34266,-1.28163,-0.01440,0.15640,0.99820,0,0,38460
191.120000,319.471213,-0.54927,-1.09854,-0.85442,-0.01220,0.15787,0.99015,0,0,38461
191.125000,319.486205,-1.28163,-0.61030,-0.61030,-0.01000,0.15348,0.98381,0,0,38462
191.130000,319.486205,-2.19708,0.12206,-0.18309,-0.01196,0.14713,0.98137,0,0,38463
191.135000,319.486205,-2.44120,0.73236,-0.06103,-0.01440,0.14079,0.97917,0,0,38464
191.140000,319.501204,-2.19708,0.91545,0.24412,-0.01074,0.13322,0.97698,0,0,38465
191.145000,319.501204,-1.95296,1.15957,0.42721,-0.00659,0.12712,0.98039,0,0,38466
191.150000,319.501204,-1.70884,1.70884,0.18309,-0.00561,0.12444,0.98844,0,0,38467
191.155000,319.516224,-1.09854,1.76987,-0.24412,-0.00537,0.12322,0.99772,0,0,38468
191.160000,319.516224,-0.79339,1.52575,-0.61030,-0.00586,0.12371,1.00382,0,0,38469
191.165000,319.516224,-0.24412,0.91545,-1.03751,-0.00952,0.12639,1.00650,0,0,38470
191.170000,319.531292,0.85442,0.24412,-1.58678,-0.01196,0.13225,1.00699,0,0,38471
191.175000,319.531292,2.25811,-0.85442,-1.83090,-0.01049,0.13688,1.00626,0,0,38472
191.180000,319.531292,2.99047,-1.28163,-1.76987,-0.00903,0.14323,1.00357,0,0,38473
191.185000,319.546535,3.11253,-1.22060,-1.52575,-0.00830,0.14908,1.00284,0,0,38474
191.190000,319.546535,2.56326,-0.73236,-1.22060,-0.00805,0.15079,1.00016,0,0,38475
191.195000,319.546535,1.83090,-0.30515,-0.79339,-0.00537,0.15177,0.99918,0,0,38476
191.200000,319.561340,0.97648,-0.18309,-0.36618,-0.00366,0.14957,1.00138,0,0,38477
191.205000,319.561340,0.06103,0.00000,-0.06103,-0.00366,0.14738,1.00577,0,0,38478
191.210000,319.561340,-0.73236,0.30515,0.12206,-0.00537,0.14713,1.01065,0,0,38479
191.215000,319.576239,-1.46472,0.48824,0.06103,-0.00634,0.14689,1.01309,0,0,38480
191.220000,319.576239,-1.83090,0.48824,0.00000,-0.00708,0.14664,1.01040,0,0,38481
191.225000,319.576239,-2.07502,0.48824,0.06103,-0.00878,0.14713,1.00943,0,0,38482
191.230000,319.591379,-2.01399,0.36618,0.48824,-0.00952,0.14835,1.00821,0,0,38483
191.235000,319.591379,-1.34266,0.12206,1.15957,-0.00708,0.14908,1.00284,0,0,38484
191.240000,319.591379,-0.73236,-0.18309,1.76987,-0.00610,0.14835,0.99601,0,0,38485
191.245000,319.606692,-0.24412,-0.06103,2.13605,-0.00756,0.14542,0.99381,0,0,38486
191.250000,319.606692,0.48824,0.06103,2.13605,-0.00708,0.14225,0.99113,0,0,38487
191.255000,319.606692,1.15957,0.42721,2.07502,-0.00610,0.14006,0.99162,0,0,38488
191.260000,319.621744,1.58678,0.67133,1.70884,-0.00683,0.13640,0.99430,0,0,38489
191.265000,319.621744,2.31914,0.30515,1.34266,-0.00756,0.13274,1.00016,0,0,38490
191.270000,319.621744,2.80738,-0.12206,0.91545,-0.00756,0.12981,1.00479,0,0,38491
191.275000,319.636648,3.11253,-0.30515,0.30515,-0.00634,0.12859,1.00406,0,0,38492
191.280000,319.636648,2.86841,-0.42721,-0.18309,-0.00561,0.12932,1.00211,0,0,38493
191.285000,319.636648,2.56326,-0.61030,-0.48824,-0.00512,0.13176,1.00308,0,0,38494
191.290000,319.651728,2.19708,-0.48824,-0.73236,-0.00439,0.13518,1.00308,0,0,38495
191.295000,319.651728,1.64781,-0.36618,-1.03751,-0.00464,0.13786,1.00235,0,0,38496
191.300000,319.651728,0.30515,0.12206,-1.22060,-0.00464,0.13981,1.00064,0,0,38497
191.305000,319.666529,-0.91545,0.48824,-1.15957,-0.00512,0.14323,0.99967,0,0,38498
191.310000,319.666529,-1.89193,0.67133,-1.03751,-0.00708,0.14762,1.00211,0,0,38499
191.315000,319.666529,-2.50223,0.73236,-1.09854,-0.00586,0.15372,1.00601,0,0,38500
191.320000,319.681369,-2.74635,0.85442,-1.15957,-0.00659,0.15884,1.00992,0,0,38501
191.325000,319.681369,-2.80738,0.67133,-0.91545,-0.00756,0.16324,1.01187,0,0,38502
191.330000,319.681369,-2.19708,0.06103,0.00000,-0.00659,0.16836,1.01236,0,0,38503
191.335000,319.696428,-1.22060,-0.30515,0.97648,-0.00732,0.17031,1.01114,0,0,38504
191.340000,319.696428,-0.12206,-0.48824,1.95296,-0.00805,0.16909,1.01138,0,0,38505
191.345000,319.696428,0.67133,-0.67133,2.68532,-0.00952,0.16324,1.01089,0,0,38506
191.350000,319.711426,1.34266,-0.79339,3.23459,-0.00952,0.15518,1.00992,0,0,38507
191.355000,319.711426,2.19708,-1.09854,3.53974,-0.00805,0.14445,1.00699,0,0,38508
191.360000,319.711426,2.50223,-1.28163,3.41768,-0.00659,0.13444,1.00479,0,0,38509
191.365000,319.726489,2.80738,-1.34266,3.29562,-0.00683,0.12444,1.00211,0,0,38510
191.370000,319.726489,2.86841,-1.58678,2.74635,-0.00805,0.11761,0.99820,0,0,38511
191.375000,319.726489,2.92944,-1.83090,1.89193,-0.00952,0.11273,0.99332,0,0,38512
191.380000,319.741790,2.62429,-1.64781,0.48824,-0.01074,0.11224,0.98552,0,0,38513
191.385000,319.741790,1.83090,-1.09854,-0.48824,-0.01049,0.11370,0.98259,0,0,38514
191.390000,319.741790,0.79339,-0.48824,-1.15957,-0.00952,0.11688,0.97966,0,0,38515
191.395000,319.756520,0.12206,0.00000,-1.40369,-0.00708,0.12224,0.98039,0,0,38516
191.400000,319.756520,-0.30515,0.42721,-1.52575,-0.00537,0.12737,0.98625,0,0,38517
191.405000,319.756520,-0.36618,0.79339,-1.83090,-0.00293,0.13176,0.99357,0,0,38518
191.410000,319.771515,-0.18309,0.91545,-1.83090,0.00024,0.13932,1.00089,0,0,38519
191.415000,319.771515,-0.18309,0.73236,-1.28163,0.00146,0.14689,1.00992,0,0,38520
191.420000,319.771515,0.00000,0.30515,-0.61030,0.00073,0.15299,1.01309,0,0,38521
191.425000,319.786474,0.00000,-0.12206,-0.18309,-0.00098,0.15714,1.01455,0,0,38522
191.430000,319.786474,-0.42721,-0.42721,0.18309,-0.00488,0.16128,1.01284,0,0,38523
191.435000,319.786474,-0.61030,-0.54927,0.54927,-0.00756,0.16348,1.00870,0,0,38524
191.440000,319.801559,-0.85442,-0.54927,0.91545,-0.00659,0.16299,1.00601,0,0,38525
191.445000,319.801559,-1.15957,-0.42721,1.28163,-0.00537,0.16055,1.00504,0,0,38526
191.450000,319.801559,-1.28163,-0.18309,1.58678,-0.00732,0.15640,1.00528,0,0,38527
191.455000,319.816680,-1.09854,-0.06103,2.01399,-0.01269,0.15006,1.00382,0,0,38528
191.460000,319.816680,-0.61030,-0.36618,1.89193,-0.01293,0.14396,1.00089,0,0,38529
191.465000,319.816680,-0.18309,-0.61030,1.46472,-0.01049,0.13786,0.99796,0,0,38530
191.470000,319.831781,0.24412,-0.54927,0.97648,-0.00927,0.13298,0.99528,0,0,38531
191.475000,319.831781,0.61030,-0.61030,0.79339,-0.00781,0.12981,0.99284,0,0,38532
191.480000,319.831781,0.85442,-0.48824,0.85442,-0.00708,0.12639,0.99284,0,0,38533
191.485000,319.846758,0.97648,-0.54927,0.73236,-0.00659,0.12273,0.99381,0,0,38534
191.490000,319.846758,0.91545,-0.85442,0.36618,-0.00610,0.11980,0.99259,0,0,38535
191.495000,319.846758,0.54927,-1.09854,0.00000,-0.00561,0.11907,0.98991,0,0,38536
191.500000,319.861840,0.18309,-1.03751,-0.54927,-0.00659,0.11810,0.98893,0,0,38537
191.505000,319.861840,-0.24412,-1.03751,-1.09854,-0.00732,0.11980,0.98942,0,0,38538
191.510000,319.861840,-0.48824,-1.09854,-1.46472,-0.01025,0.12420,0.99064,0,0,38539
191.515000,319.876779,-0.73236,-1.03751,-1.76987,-0.01098,0.13030,0.99454,0,0,38540
191.520000,319.876779,-0.97648,-1.09854,-2.01399,-0.00805,0.13591,0.99723,0,0,38541
191.525000,319.876779,-1.28163,-1.09854,-1.89193,-0.00659,0.14225,0.99698,0,0,38542
191.530000,319.891522,-1.52575,-1.15957,-1.58678,-0.00781,0.14420,0.99796,0,0,38543
191.535000,319.891522,-1.52575,-1.09854,-1.22060,-0.00732,0.14518,0.99650,0,0,38544
191.540000,319.891522,-1.40369,-1.15957,-0.97648,-0.00586,0.14689,0.99284,0,0,38545
191.545000,319.906527,-1.64781,-1.34266,-0.73236,-0.00268,0.14908,0.98527,0,0,38546
191.550000,319.906527,-1.95296,-1.09854,-0.61030,-0.00244,0.14860,0.98039,0,0,38547
191.555000,319.906527,-2.50223,0.06103,-0.42721,-0.00439,0.14957,0.97942,0,0,38548
191.560000,319.921425,-3.17356,0.85442,-0.06103,-0.00464,0.15030,0.98039,0,0,38549
191.565000,319.921425,-3.90592,1.03751,0.06103,-0.00366,0.14640,0.98112,0,0,38550
191.570000,319.921425,-4.63828,1.09854,0.00000,-0.00390,0.14298,0.97990,0,0,38551
191.575000,319.937615,-4.94343,1.89193,0.18309,-0.00464,0.14225,0.98210,0,0,38552
191.580000,319.937615,-4.94343,2.68532,0.67133,-0.00512,0.14006,0.99137,0,0,38553
191.585000,319.937615,-4.15004,2.92944,0.73236,-0.00586,0.13786,0.99942,0,0,38554
191.590000,319.951722,-2.31914,2.31914,0.42721,-0.00732,0.13688,1.00552,0,0,38555
191.595000,319.951722,-0.12206,1.22060,0.24412,-0.00732,0.13835,1.00821,0,0,38556
191.600000,319.951722,2.44120,0.06103,0.12206,-0.00488,0.14128,1.00723,0,0,38557
191.605000,319.966486,3.96695,-0.48824,0.30515,-0.00366,0.14396,1.00601,0,0,38558
191.610000,319.966486,5.12652,-0.79339,0.73236,-0.00122,0.14542,1.00333,0,0,38559
191.615000,319.966486,6.04197,-1.22060,1.22060,-0.00171,0.14884,1.00089,0,0,38560
191.620000,319.981769,7.01845,-1.83090,1.64781,-0.00366,0.15079,0.99894,0,0,38561
191.625000,319.981769,7.62875,-2.25811,2.13605,-0.00512,0.15152,0.99430,0,0,38562
191.630000,319.981769,6.77433,-1.83090,2.38017,-0.00415,0.14957,0.99088,0,0,38563
191.635000,319.996563,4.76034,-0.91545,2.44120,-0.00390,0.14713,0.99210,0,0,38564
191.640000,319.996563,2.68532,-0.30515,2.19708,-0.00244,0.14347,0.99406,0,0,38565
191.645000,319.996563,1.03751,-0.12206,1.83090,-0.00122,0.14298,0.99503,0,0,38566
191.650000,320.011454,-0.18309,0.00000,1.22060,-0.00415,0.14396,0.99406,0,0,38567
191.655000,320.011454,-1.46472,0.42721,0.67133,-0.00610,0.14567,0.99528,0,0,38568
191.660000,320.011454,-2.44120,1.22060,0.30515,-0.00537,0.14884,0.99674,0,0,38569
191.665000,320.026386,-2.92944,1.46472,0.48824,-0.00488,0.15250,1.00016,0,0,38570
191.670000,320.026386,-2.80738,1.28163,0.97648,-0.00488,0.15592,1.00308,0,0,38571
191.675000,320.026386,-2.13605,0.61030,1.46472,-0.00488,0.15762,1.00138,0,0,38572
191.680000,320.041810,-0.73236,-0.06103,1.83090,-0.00512,0.15543,0.99674,0,0,38573
191.685000,320.041810,0.61030,-0.18309,2.25811,-0.00561,0.15250,0.99162,0,0,38574
191.690000,320.041810,2.01399,-0.06103,2.50223,-0.00586,0.14738,0.99015,0,0,38575
191.695000,320.056509,3.17356,0.06103,2.80738,-0.00415,0.14103,0.99186,0,0,38576
191.700000,320.056509,4.08901,0.00000,2.92944,-0.00293,0.13347,0.99528,0,0,38577
191.705000,320.056509,4.45519,0.00000,2.68532,-0.00439,0.12956,0.99845,0,0,38578
191.710000,320.071654,4.21107,0.24412,2.25811,-0.00781,0.12639,1.00650,0,0,38579
191.715000,320.071654,3.60077,0.48824,1.70884,-0.00830,0.12371,1.01626,0,0,38580
191.720000,320.071654,2.86841,0.36618,0.97648,-0.00561,0.12102,1.02016,0,0,38581
191.725000,320.086485,2.13605,0.18309,0.36618,-0.00415,0.11883,1.02187,0,0,38582
191.730000,320.086485,1.28163,-0.30515,-0.12206,-0.00659,0.12322,1.02334,0,0,38583
191.735000,320.086485,0.79339,-0.79339,-0.48824,-0.00878,0.12737,1.01894,0,0,38584
191.740000,320.101636,0.00000,-1.03751,-0.91545,-0.00708,0.13200,1.01016,0,0,38585
191.745000,320.101636,-0.85442,-1.09854,-1.28163,-0.00610,0.13713,1.00430,0,0,38586
191.750000,320.101636,-1.28163,-1.03751,-1.28163,-0.00586,0.14201,0.99845,0,0,38587
191.755000,320.117792,-1.22060,-1.09854,-1.22060,-0.00561,0.14445,0.99528,0,0,38588
191.760000,320.117792,-0.85442,-0.91545,-1.09854,-0.00488,0.14518,0.99088,0,0,38589
191.765000,320.117792,-0.36618,-0.73236,-0.79339,-0.00512,0.14567,0.99040,0,0,38590
191.770000,320.131758,0.18309,-0.42721,-0.73236,-0.00732,0.14542,0.99186,0,0,38591
191.775000,320.131758,0.61030,-0.54927,-0.48824,-0.00732,0.14591,0.99235,0,0,38592
191.780000,320.131758,0.97648,-0.67133,-0.18309,-0.00610,0.14420,0.99186,0,0,38593
191.785000,320.146762,1.28163,-0.67133,0.00000,-0.00415,0.13981,0.99259,0,0,38594
191.790000,320.146762,1.58678,-0.61030,0.42721,-0.00415,0.13664,0.99259,0,0,38595
191.795000,320.146762,1.89193,-0.73236,0.73236,-0.00634,0.13688,0.99259,0,0,38596
191.800000,320.161496,2.13605,-0.97648,0.79339,-0.00659,0.13591,0.99137,0,0,38597
191.805000,320.161496,2.31914,-0.85442,0.54927,-0.00415,0.13396,0.98966,0,0,38598
191.810000,320.161496,2.07502,-0.79339,0.36618,-0.00342,0.13225,0.99064,0,0,38599
191.815000,320.176489,1.70884,-0.73236,0.18309,-0.00293,0.13103,0.99113,0,0,38600
191.820000,320.176489,1.28163,-0.67133,0.12206,-0.00171,0.12932,0.99113,0,0,38601
191.825000,320.176489,0.36618,-0.54927,-0.18309,0.00000,0.12834,0.98942,0,0,38602
191.830000,320.191480,-0.48824,-0.30515,-0.36618,-0.00073,0.12956,0.99088,0,0,38603
191.835000,320.191480,-1.03751,0.18309,-0.30515,-0.00342,0.13127,0.99308,0,0,38604
191.840000,320.191480,-1.03751,0.54927,-0.61030,-0.00293,0.13274,0.99503,0,0,38605
191.845000,320.206386,-0.54927,0.79339,-0.97648,-0.00317,0.13396,0.99552,0,0,38606
191.850000,320.206386,-0.06103,1.09854,-1.15957,-0.00610,0.13713,0.99503,0,0,38607
191.855000,320.206386,0.12206,1.58678,-1.22060,-0.00732,0.13908,0.99698,0,0,38608
191.860000,320.221590,0.42721,1.40369,-1.46472,-0.00659,0.14274,0.99894,0,0,38609
191.865000,320.221590,0.67133,1.09854,-1.09854,-0.00732,0.14591,0.99942,0,0,38610
191.870000,320.221590,0.85442,0.61030,-0.48824,-0.00732,0.14908,0.99674,0,0,38611
191.875000,320.236741,0.79339,0.67133,0.12206,-0.00561,0.14982,0.99479,0,0,38612
191.880000,320.236741,0.24412,0.97648,0.24412,-0.00244,0.14664,0.99650,0,0,38613
191.885000,320.236741,-0.61030,1.22060,0.30515,-0.00244,0.14274,0.99698,0,0,38614
191.890000,320.251489,-1.15957,1.34266,0.24412,-0.00342,0.14079,0.99869,0,0,38615
191.895000,320.251489,-1.64781,1.34266,0.24412,-0.00293,0.13908,1.00357,0,0,38616
191.900000,320.251489,-1.70884,1.03751,0.06103,-0.00195,0.13713,1.00894,0,0,38617
191.905000,320.266410,-1.22060,0.67133,-0.18309,-0.00171,0.13469,1.01016,0,0,38618
191.910000,320.266410,-0.30515,0.30515,-0.42721,-0.00268,0.12981,1.00821,0,0,38619
191.915000,320.266410,0.85442,-0.18309,-0.48824,-0.00390,0.12664,1.00235,0,0,38620
191.920000,320.281588,2.01399,-0.67133,-0.30515,-0.00464,0.12712,0.99723,0,0,38621
191.925000,320.281588,2.50223,-0.91545,-0.06103,-0.00464,0.12664,0.98991,0,0,38622
191.930000,320.281588,2.25811,-0.79339,-0.30515,-0.00488,0.12688,0.98478,0,0,38623
191.935000,320.296420,1.46472,-0.30515,-0.97648,-0.00586,0.12859,0.98234,0,0,38624
191.940000,320.296420,0.54927,0.24412,-1.64781,-0.00659,0.13176,0.98259,0,0,38625
191.945000,320.296420,-0.42721,0.61030,-1.95296,-0.00512,0.13444,0.98747,0,0,38626
191.950000,320.311443,-0.79339,0.85442,-2.07502,-0.00171,0.13737,0.99430,0,0,38627
191.955000,320.311443,-0.85442,0.97648,-1.70884,0.00024,0.14201,1.00211,0,0,38628
191.960000,320.311443,-0.91545,0.91545,-1.46472,-0.00146,0.14518,1.00870,0,0,38629
191.965000,320.326597,-0.54927,0.36618,-1.22060,-0.00098,0.14811,1.01138,0,0,38630
191.970000,320.326597,0.36618,-0.12206,-0.97648,-0.00122,0.15055,1.01016,0,0,38631
191.975000,320.326597,1.09854,-0.48824,-0.73236,-0.00195,0.15274,1.00674,0,0,38632
191.980000,320.341421,1.40369,-0.67133,-0.30515,-0.00268,0.15421,1.00308,0,0,38633
191.985000,320.341421,1.22060,-0.48824,0.18309,-0.00146,0.15567,0.99625,0,0,38634
191.990000,320.341421,0.61030,-0.06103,0.79339,-0.00098,0.15445,0.99308,0,0,38635
191.995000,320.356481,-0.18309,0.42721,1.34266,-0.00342,0.15250,0.99284,0,0,38636
192.000000,320.356481,-0.85442,0.54927,1.40369,-0.00586,0.15030,0.99503,0,0,38637
192.005000,320.356481,-0.97648,0.54927,1.09854,-0.00561,0.14664,0.99918,0,0,38638
192.010000,320.371595,-0.91545,0.54927,0.73236,-0.00537,0.14445,1.00162,0,0,38639
192.015000,320.371595,-0.54927,0.30515,0.30515,-0.00488,0.14152,1.00333,0,0,38640
192.020000,320.371595,-0.06103,0.12206,0.12206,-0.00415,0.13981,1.00626,0,0,38641
192.025000,320.386686,0.48824,-0.18309,-0.12206,-0.00293,0.14079,1.00772,0,0,38642
192.030000,320.386686,0.97648,-0.48824,-0.48824,-0.00098,0.14298,1.00650,0,0,38643
192.035000,320.386686,0.97648,-0.42721,-0.85442,-0.00122,0.14567,1.00528,0,0,38644
192.040000,320.401790,0.73236,-0.42721,-1.15957,-0.00293,0.15104,1.00186,0,0,38645
192.045000,320.401790,0.36618,-0.36618,-1.34266,-0.00390,0.15543,0.99942,0,0,38646
192.050000,320.401790,-0.12206,-0.30515,-1.22060,-0.00537,0.15884,0.99650,0,0,38647
192.055000,320.416484,-0.42721,0.12206,-0.91545,-0.00683,0.15933,0.99796,0,0,38648
192.060000,320.416484,-0.36618,0.48824,-0.61030,-0.00854,0.15640,0.99967,0,0,38649
192.065000,320.416484,-0.42721,0.67133,-0.30515,-0.00903,0.15372,1.00186,0,0,38650
192.070000,320.431483,-0.24412,0.54927,-0.30515,-0.00927,0.15006,1.00186,0,0,38651
192.075000,320.431483,0.00000,0.42721,-0.06103,-0.00805,0.14664,1.00138,0,0,38652
192.080000,320.431483,0.12206,0.30515,0.24412,-0.00537,0.14298,0.99869,0,0,38653
192.085000,320.446670,0.12206,0.12206,0.67133,-0.00244,0.13884,0.99381,0,0,38654
192.090000,320.446670,0.00000,0.12206,1.15957,-0.00488,0.13786,0.99186,0,0,38655
192.095000,320.446670,-0.30515,0.61030,1.58678,-0.00781,0.13542,0.98918,0,0,38656
192.100000,320.461482,-0.54927,0.91545,1.64781,-0.00732,0.13225,0.98893,0,0,38657
192.105000,320.461482,-0.54927,0.91545,1.40369,-0.00683,0.12810,0.98893,0,0,38658
192.110000,320.461482,-0.30515,0.79339,1.09854,-0.00878,0.12249,0.98820,0,0,38659
192.115000,320.476810,0.30515,0.54927,0.73236,-0.00903,0.12102,0.98893,0,0,38660
192.120000,320.476810,1.28163,0.24412,0.36618,-0.01000,0.12102,0.98942,0,0,38661
192.125000,320.476810,2.38017,0.00000,-0.12206,-0.01220,0.12322,0.99186,0,0,38662
192.130000,320.491513,3.11253,-0.30515,-0.73236,-0.01318,0.12712,0.99503,0,0,38663
192.135000,320.491513,3.11253,-0.54927,-1.22060,-0.01122,0.12859,0.99796,0,0,38664
192.140000,320.491513,2.44120,-0.48824,-1.64781,-0.01000,0.12956,0.99991,0,0,38665
192.145000,320.506496,1.58678,-0.42721,-1.89193,-0.01025,0.13078,0.99820,0,0,38666
192.150000,320.506496,0.06103,-0.12206,-1.76987,-0.01269,0.13249,0.99747,0,0,38667
192.155000,320.506496,-1.15957,0.30515,-1.89193,-0.01342,0.13127,0.99820,0,0,38668
192.160000,320.521481,-2.38017,0.73236,-2.19708,-0.01074,0.12981,0.99967,0,0,38669
192.165000,320.521481,-3.17356,0.79339,-2.56326,-0.00830,0.13200,0.99918,0,0,38670
192.170000,320.521481,-3.17356,0.61030,-2.62429,-0.00854,0.13566,0.99942,0,0,38671
192.175000,320.536498,-2.56326,0.48824,-2.50223,-0.00756,0.13859,0.99918,0,0,38672
192.180000,320.536498,-1.64781,0.12206,-2.38017,-0.00634,0.14250,0.99674,0,0,38673
192.185000,320.536498,-0.61030,-0.24412,-2.01399,-0.00610,0.14738,0.99259,0,0,38674
192.190000,320.566480,0.30515,-0.18309,-1.52575,-0.00683,0.15250,0.99210,0,0,38675
192.195000,320.566480,1.22060,0.12206,-0.91545,-0.00610,0.15543,0.99332,0,0,38676
192.200000,320.566480,1.46472,0.48824,-0.42721,-0.00268,0.15445,0.99430,0,0,38677
192.205000,320.567891,1.28163,0.79339,0.12206,0.00317,0.15177,0.99918,0,0,38678
192.210000,320.567891,0.97648,1.09854,0.61030,0.00342,0.14762,1.00918,0,0,38679
192.215000,320.567891,0.97648,1.15957,0.91545,-0.00244,0.14713,1.01846,0,0,38680
192.220000,320.581800,1.09854,0.97648,0.79339,-0.00586,0.14469,1.02456,0,0,38681
192.225000,320.581800,1.09854,0.54927,0.30515,-0.00537,0.14274,1.02748,0,0,38682
192.230000,320.581800,1.03751,-0.12206,-0.24412,-0.00512,0.14420,1.02822,0,0,38683
192.235000,320.596797,0.91545,-0.97648,-0.91545,-0.00512,0.14664,1.02431,0,0,38684
192.240000,320.596797,0.48824,-1.34266,-1.58678,-0.00781,0.14957,1.01553,0,0,38685
192.245000,320.596797,0.00000,-1.22060,-2.07502,-0.00878,0.15445,1.00845,0,0,38686
192.250000,320.611799,-0.42721,-0.79339,-2.44120,-0.00659,0.15982,1.00626,0,0,38687
192.255000,320.611799,-0.36618,-0.30515,-2.56326,-0.00488,0.16275,1.00650,0,0,38688
192.260000,320.611799,-0.06103,-0.36618,-2.38017,-0.00464,0.16470,1.00577,0,0,38689
192.265000,320.626454,0.06103,-0.48824,-1.89193,-0.00317,0.16568,1.00577,0,0,38690
192.270000,320.626454,0.18309,-0.12206,-1.09854,-0.00342,0.16519,1.00943,0,0,38691
192.275000,320.626454,0.36618,0.18309,-0.24412,-0.00439,0.16250,1.01528,0,0,38692
192.280000,320.641376,0.42721,0.06103,0.67133,-0.00464,0.15958,1.01797,0,0,38693
192.285000,320.641376,0.54927,-0.36618,1.15957,-0.00610,0.15762,1.01748,0,0,38694
192.290000,320.641376,0.42721,-0.54927,1.46472,-0.00708,0.15445,1.01870,0,0,38695
192.295000,320.656403,-0.12206,-0.67133,1.46472,-0.00878,0.15030,1.01528,0,0,38696
192.300000,320.656403,-0.85442,-0.73236,1.28163,-0.01269,0.14908,1.01065,0,0,38697
192.305000,320.656403,-0.91545,-0.67133,0.97648,-0.01415,0.14908,1.00528,0,0,38698
192.310000,320.671391,-0.67133,-0.67133,0.73236,-0.01196,0.14860,1.00113,0,0,38699
192.315000,320.671391,-0.48824,-0.61030,0.67133,-0.00732,0.14640,0.99918,0,0,38700
192.320000,320.671391,0.18309,-0.61030,0.67133,-0.00512,0.14591,0.99869,0,0,38701
192.325000,320.686389,0.97648,-0.73236,0.73236,-0.00464,0.14884,0.99796,0,0,38702
192.330000,320.686389,1.70884,-0.67133,0.61030,-0.00439,0.15079,0.99747,0,0,38703
192.335000,320.686389,1.83090,-0.61030,0.48824,-0.00317,0.14762,0.99991,0,0,38704
192.340000,320.701337,1.34266,-0.36618,0.54927,-0.00268,0.14372,1.00016,0,0,38705
192.345000,320.701337,0.54927,-0.30515,0.91545,-0.00268,0.14250,1.00260,0,0,38706
192.350000,320.701337,-0.36618,-0.24412,1.22060,-0.00415,0.14372,1.00479,0,0,38707
192.355000,320.716378,-0.67133,-0.18309,0.48824,-0.00512,0.14518,1.00601,0,0,38708
192.360000,320.716378,-0.79339,-0.30515,-0.12206,-0.00708,0.14518,1.00723,0,0,38709
192.365000,320.716378,-0.79339,-0.42721,-0.73236,-0.00927,0.14567,1.00918,0,0,38710
192.370000,320.731376,-0.48824,-0.54927,-0.79339,-0.00903,0.14957,1.00992,0,0,38711
192.375000,320.731376,-0.30515,-0.79339,-0.61030,-0.00683,0.15372,1.00967,0,0,38712
192.380000,320.731376,-0.30515,-0.91545,-0.30515,-0.00586,0.15640,1.00772,0,0,38713
192.385000,320.746356,-0.36618,-1.15957,-0.12206,-0.00683,0.15543,1.00723,0,0,38714
192.390000,320.746356,-0.36618,-1.22060,0.12206,-0.00634,0.15323,1.00528,0,0,38715
192.395000,320.746356,0.06103,-1.28163,0.54927,-0.00586,0.15030,1.00162,0,0,38716
192.400000,320.761326,0.61030,-1.40369,0.85442,-0.00610,0.14762,0.99967,0,0,38717
192.405000,320.761326,1.46472,-1.64781,0.91545,-0.00756,0.14298,0.99576,0,0,38718
192.410000,320.761326,2.25811,-1.83090,1.03751,-0.00830,0.13859,0.99186,0,0,38719
192.415000,320.776332,2.80738,-2.01399,1.15957,-0.00659,0.13542,0.98796,0,0,38720
192.420000,320.776332,3.11253,-2.44120,1.15957,-0.00488,0.13103,0.98308,0,0,38721
192.425000,320.776332,2.86841,-2.31914,1.03751,-0.00488,0.12859,0.97698,0,0,38722
192.430000,320.791209,1.95296,-1.46472,0.79339,-0.00464,0.12761,0.97478,0,0,38723
192.435000,320.791209,0.48824,-0.36618,0.48824,-0.00268,0.12639,0.98015,0,0,38724
192.440000,320.791209,-1.03751,0.48824,0.00000,-0.00195,0.12786,0.98674,0,0,38725
192.445000,320.806249,-2.62429,0.85442,-0.48824,-0.00244,0.13078,0.99284,0,0,38726
192.450000,320.806249,-4.33313,0.97648,-1.09854,-0.00268,0.13420,0.99772,0,0,38727
192.455000,320.806249,-4.94343,1.03751,-1.52575,-0.00317,0.13810,1.00064,0,0,38728
192.460000,320.821206,-4.51622,0.97648,-1.70884,-0.00439,0.14250,1.00138,0,0,38729
192.465000,320.821206,-3.23459,0.61030,-1.34266,-0.00537,0.14372,1.00308,0,0,38730
192.470000,320.821206,-1.15957,0.18309,-0.97648,-0.00903,0.14347,1.00333,0,0,38731
192.475000,320.836201,1.58678,-1.09854,-0.91545,-0.00927,0.14445,0.99918,0,0,38732
192.480000,320.836201,3.23459,-2.13605,-0.73236,-0.00903,0.14689,0.99357,0,0,38733
192.485000,320.836201,4.21107,-2.74635,-0.30515,-0.01000,0.14811,0.98820,0,0,38734
192.490000,320.851169,4.33313,-2.92944,0.00000,-0.00756,0.14640,0.98405,0,0,38735
192.495000,320.851169,3.23459,-2.31914,0.06103,-0.00244,0.14054,0.98259,0,0,38736
192.500000,320.851169,1.70884,-1.64781,-0.12206,0.00049,0.13688,0.98478,0,0,38737
192.505000,320.866261,0.36618,-1.15957,-0.48824,0.00244,0.13542,0.98820,0,0,38738
192.510000,320.866261,-0.48824,-1.03751,-0.91545,0.00366,0.13347,0.99210,0,0,38739
192.515000,320.866261,-0.67133,-1.22060,-1.28163,0.00512,0.13298,0.99454,0,0,38740
192.520000,320.881247,-0.18309,-1.52575,-1.34266,0.00512,0.13493,0.99406,0,0,38741
192.525000,320.881247,0.97648,-1.95296,-1.15957,0.00317,0.13786,0.99235,0,0,38742
192.530000,320.881247,1.70884,-2.38017,-0.85442,0.00171,0.14006,0.98674,0,0,38743
192.535000,320.896246,2.13605,-2.62429,-0.73236,0.00024,0.14347,0.97698,0,0,38744
192.540000,320.896246,1.76987,-2.25811,-0.85442,-0.00195,0.14689,0.97063,0,0,38745
192.545000,320.896246,0.36618,-1.15957,-1.34266,-0.00317,0.14982,0.96917,0,0,38746
192.550000,320.911252,-1.46472,0.00000,-1.76987,-0.00390,0.15640,0.97234,0,0,38747
192.555000,320.911252,-3.72283,1.15957,-2.07502,-0.00439,0.16250,0.97990,0,0,38748
192.560000,320.911252,-4.88240,1.58678,-2.19708,-0.00317,0.16641,0.98844,0,0,38749
192.565000,320.926243,-5.24858,1.58678,-2.13605,-0.00171,0.16860,0.99576,0,0,38750
192.570000,320.926243,-4.45519,1.64781,-1.95296,-0.00146,0.16690,0.99991,0,0,38751
192.575000,320.926243,-2.99047,1.34266,-1.58678,-0.00024,0.16665,1.00235,0,0,38752
192.580000,320.941249,-1.22060,0.48824,-0.91545,0.00122,0.16738,1.00479,0,0,38753
192.585000,320.941249,0.42721,-0.48824,-0.18309,0.00390,0.16787,1.00382,0,0,38754
192.590000,320.941249,1.83090,-1.15957,0.48824,0.00366,0.16885,1.00113,0,0,38755
192.595000,320.956296,2.25811,-1.34266,1.15957,0.00146,0.16836,0.99601,0,0,38756
192.600000,320.956296,1.76987,-0.91545,1.95296,0.00146,0.16665,0.99381,0,0,38757
192.605000,320.956296,0.54927,-0.36618,2.31914,0.00342,0.16226,0.99332,0,0,38758
192.610000,320.971359,-0.73236,0.00000,2.31914,0.00610,0.15518,0.99186,0,0,38759
192.615000,320.971359,-1.76987,0.30515,2.13605,0.00415,0.14982,0.98966,0,0,38760
192.620000,320.971359,-2.07502,0.91545,2.38017,-0.00122,0.14664,0.99186,0,0,38761
192.625000,320.986284,-1.58678,1.28163,2.74635,-0.00098,0.14469,0.99674,0,0,38762
192.630000,320.986284,-0.61030,1.03751,2.56326,-0.00220,0.14616,1.00089,0,0,38763
192.635000,320.986284,0.54927,0.24412,2.13605,-0.00342,0.14738,0.99991,0,0,38764
192.640000,321.001270,1.34266,-0.42721,1.83090,-0.00464,0.15006,0.99552,0,0,38765
192.645000,321.001270,1.70884,-0.61030,1.83090,-0.00537,0.15250,0.99454,0,0,38766
192.650000,321.001270,1.64781,-0.54927,1.83090,-0.00512,0.15421,0.99210,0,0,38767
192.655000,321.016262,1.22060,-0.30515,1.52575,-0.00488,0.15372,0.98991,0,0,38768
192.660000,321.016262,0.73236,-0.12206,1.15957,-0.00464,0.14957,0.98625,0,0,38769
192.665000,321.016262,0.91545,0.00000,0.79339,-0.00439,0.14420,0.98722,0,0,38770
192.670000,321.031260,1.46472,0.30515,0.18309,-0.00439,0.13859,0.99015,0,0,38771
192.675000,321.031260,2.01399,0.24412,-0.18309,-0.00366,0.13664,0.99015,0,0,38772
192.680000,321.031260,2.19708,0.18309,-0.42721,-0.00024,0.13640,0.98966,0,0,38773
192.685000,321.046255,1.52575,0.18309,-0.24412,0.00000,0.13640,0.99064,0,0,38774
192.690000,321.046255,0.48824,0.48824,0.12206,-0.00195,0.13566,0.99332,0,0,38775
192.695000,321.046255,-0.97648,1.09854,0.30515,-0.00317,0.13396,0.99723,0,0,38776
192.700000,321.061263,-2.07502,1.34266,0.12206,-0.00488,0.13347,0.99820,0,0,38777
192.705000,321.061263,-2.68532,1.46472,-0.36618,-0.00512,0.13444,0.99796,0,0,38778
192.710000,321.061263,-2.68532,1.58678,-0.85442,-0.00488,0.13737,0.99942,0,0,38779
192.715000,321.076242,-2.38017,1.89193,-1.09854,-0.00268,0.13762,1.00333,0,0,38780
192.720000,321.076242,-1.95296,1.89193,-1.34266,-0.00024,0.14176,1.00455,0,0,38781
192.725000,321.076242,-1.58678,1.34266,-1.64781,-0.00073,0.14786,1.00455,0,0,38782
192.730000,321.091275,-1.09854,0.54927,-1.64781,-0.00195,0.15396,1.00113,0,0,38783
192.735000,321.091275,-0.73236,0.00000,-1.15957,-0.00268,0.16250,0.99576,0,0,38784
192.740000,321.091275,-0.36618,0.00000,-0.42721,-0.00171,0.16738,0.99186,0,0,38785
192.745000,321.106284,-0.06103,0.42721,0.24412,-0.00024,0.16885,0.99235,0,0,38786
192.750000,321.106284,0.00000,1.03751,1.03751,-0.00195,0.16543,0.99820,0,0,38787
192.755000,321.106284,-0.06103,1.09854,1.52575,-0.00366,0.15958,1.00406,0,0,38788
192.760000,321.121237,0.06103,0.85442,1.83090,-0.00439,0.15177,1.00772,0,0,38789
192.765000,321.121237,0.06103,0.61030,1.83090,-0.00293,0.14128,1.01236,0,0,38790
192.770000,321.121237,0.24412,0.24412,1.70884,-0.00366,0.13298,1.01626,0,0,38791
192.775000,321.136258,0.24412,-0.36618,1.52575,-0.00488,0.13005,1.01577,0,0,38792
192.780000,321.136258,0.36618,-1.03751,1.22060,-0.00683,0.12932,1.01040,0,0,38793
192.785000,321.136258,0.48824,-1.52575,0.67133,-0.00683,0.13103,1.00357,0,0,38794
192.790000,321.151214,0.48824,-1.58678,0.12206,-0.00610,0.13298,0.99845,0,0,38795
192.795000,321.151214,0.61030,-1.46472,-0.36618,-0.00561,0.13566,0.99430,0,0,38796
192.800000,321.151214,1.03751,-1.46472,-0.73236,-0.00439,0.13640,0.99235,0,0,38797
192.805000,321.166234,1.64781,-1.46472,-1.09854,-0.00439,0.13859,0.99308,0,0,38798
192.810000,321.166234,2.31914,-1.34266,-1.34266,-0.00390,0.14176,0.99430,0,0,38799
192.815000,321.166234,2.68532,-1.03751,-1.34266,-0.00244,0.14469,0.99918,0,0,38800
192.820000,321.181227,2.38017,-0.67133,-1.22060,-0.00073,0.14738,1.00333,0,0,38801
192.825000,321.181227,2.07502,-0.42721,-1.28163,-0.00098,0.14933,1.00772,0,0,38802
192.830000,321.181227,1.76987,-0.67133,-1.46472,0.00000,0.15177,1.01138,0,0,38803
192.835000,321.196239,1.03751,-0.91545,-1.46472,0.00195,0.15567,1.00870,0,0,38804
192.840000,321.196239,0.00000,-1.03751,-1.28163,0.00293,0.15958,1.00479,0,0,38805
192.845000,321.196239,-1.09854,-0.73236,-0.79339,0.00390,0.16372,1.00064,0,0,38806
192.850000,321.211207,-2.07502,-0.30515,-0.24412,0.00537,0.16641,0.99796,0,0,38807
192.855000,321.211207,-2.56326,-0.06103,0.18309,0.00512,0.16885,0.99796,0,0,38808
192.860000,321.211207,-2.50223,0.42721,0.73236,0.00342,0.16958,0.99967,0,0,38809
192.865000,321.226211,-1.70884,0.61030,1.03751,0.00171,0.16958,1.00284,0,0,38810
192.870000,321.226211,-0.73236,0.54927,1.15957,0.00073,0.16714,1.00528,0,0,38811
192.875000,321.226211,0.00000,0.48824,1.40369,-0.00122,0.16397,1.00723,0,0,38812
192.880000,321.242662,0.67133,0.30515,1.83090,-0.00317,0.16128,1.00992,0,0,38813
192.885000,321.242662,1.15957,-0.12206,2.01399,-0.00415,0.15909,1.01040,0,0,38814
192.890000,321.242662,1.34266,-0.67133,1.83090,-0.00390,0.15445,1.00699,0,0,38815
192.895000,321.256252,1.40369,-0.79339,1.70884,-0.00146,0.14811,1.00357,0,0,38816
192.900000,321.256252,1.15957,-0.30515,1.52575,0.00146,0.14420,1.00064,0,0,38817
192.905000,321.256252,0.61030,0.18309,1.34266,0.00146,0.14128,1.00211,0,0,38818
192.910000,321.271246,-0.12206,0.48824,1.03751,0.00024,0.13884,1.00699,0,0,38819
192.915000,321.271246,-0.73236,0.61030,0.61030,-0.00073,0.13786,1.01309,0,0,38820
192.920000,321.271246,-1.15957,0.30515,-0.06103,-0.00244,0.13591,1.01650,0,0,38821
192.925000,321.286308,-1.28163,-0.06103,-0.36618,-0.00342,0.13688,1.01602,0,0,38822
192.930000,321.286308,-0.97648,-0.61030,-0.48824,-0.00439,0.14152,1.01528,0,0,38823
192.935000,321.286308,-0.42721,-1.03751,-0.61030,-0.00537,0.14762,1.01114,0,0,38824
192.940000,321.301221,-0.06103,-1.22060,-0.54927,-0.00634,0.15201,1.00406,0,0,38825
192.945000,321.301221,-0.30515,-0.73236,-0.36618,-0.00781,0.15372,0.99772,0,0,38826
192.950000,321.301221,-0.42721,-0.42721,0.24412,-0.00732,0.15470,0.99747,0,0,38827
192.955000,321.316310,-0.36618,-0.24412,0.61030,-0.00659,0.15250,0.99650,0,0,38828
192.960000,321.316310,0.18309,-0.12206,1.03751,-0.00561,0.14811,0.99772,0,0,38829
192.965000,321.316310,0.73236,-0.18309,1.40369,-0.00464,0.14250,1.00235,0,0,38830
192.970000,321.331288,1.46472,-0.48824,1.52575,-0.00366,0.13493,1.00748,0,0,38831
192.975000,321.331288,1.76987,-0.79339,1.46472,-0.00244,0.12786,1.01016,0,0,38832
192.980000,321.331288,1.83090,-1.15957,1.40369,-0.00293,0.12566,1.01236,0,0,38833
192.985000,321.346267,1.64781,-1.34266,1.34266,-0.00098,0.12346,1.01602,0,0,38834
192.990000,321.346267,1.40369,-1.70884,0.97648,0.00268,0.12249,1.01138,0,0,38835
192.995000,321.346267,0.85442,-2.01399,0.67133,0.00073,0.12566,1.00528,0,0,38836
193.000000,321.361282,0.30515,-2.01399,0.48824,-0.00390,0.12956,1.00040,0,0,38837
193.005000,321.361282,0.06103,-1.89193,0.24412,-0.00610,0.13371,0.99406,0,0,38838
193.010000,321.361282,0.18309,-1.83090,-0.24412,-0.00512,0.13713,0.98893,0,0,38839
193.015000,321.376233,0.36618,-1.70884,-0.54927,-0.00439,0.13981,0.98381,0,0,38840
193.020000,321.376233,0.73236,-1.34266,-0.73236,-0.00415,0.14274,0.98137,0,0,38841
193.025000,321.376233,0.97648,-0.79339,-0.73236,-0.00220,0.14323,0.98210,0,0,38842
193.030000,321.391291,1.15957,-0.42721,-0.61030,0.00073,0.14176,0.98649,0,0,38843
193.035000,321.391291,1.34266,-0.30515,-0.61030,0.00415,0.13932,0.99381,0,0,38844
193.040000,321.391291,1.70884,-0.36618,-0.79339,0.00659,0.13908,0.99698,0,0,38845
193.045000,321.406273,1.76987,-0.36618,-1.03751,0.00830,0.14274,0.99845,0,0,38846
193.050000,321.406273,1.34266,-0.24412,-0.54927,0.00805,0.14713,1.00333,0,0,38847
193.055000,321.406273,1.58678,-0.67133,-0.06103,0.00781,0.15006,1.00479,0,0,38848
193.060000,321.421269,1.64781,-1.52575,-0.12206,0.00805,0.15299,0.99845,0,0,38849
193.065000,321.421269,1.22060,-2.07502,-0.06103,0.00439,0.15470,0.98966,0,0,38850
193.070000,321.421269,0.61030,-1.83090,-0.12206,0.00293,0.15592,0.97942,0,0,38851
193.075000,321.436257,0.12206,-1.15957,0.24412,0.00171,0.15518,0.97502,0,0,38852
193.080000,321.436257,-0.36618,-0.30515,0.48824,0.00244,0.15079,0.97600,0,0,38853
193.085000,321.436257,-0.36618,0.18309,0.54927,0.00220,0.14860,0.98039,0,0,38854
193.090000,321.451257,-0.12206,0.18309,0.42721,0.00268,0.14567,0.98576,0,0,38855
193.095000,321.451257,0.48824,-0.36618,0.24412,0.00098,0.14372,0.98893,0,0,38856
193.100000,321.451257,1.15957,-0.79339,0.12206,-0.00220,0.14323,0.99040,0,0,38857
193.105000,321.466219,1.46472,-0.91545,0.00000,-0.00122,0.14274,0.99088,0,0,38858
193.110000,321.466219,1.28163,-0.91545,-0.12206,-0.00049,0.14176,0.99259,0,0,38859
193.115000,321.466219,0.30515,-0.79339,-0.30515,-0.00195,0.14152,0.99308,0,0,38860
193.120000,321.481216,-0.79339,-0.48824,-0.12206,-0.00293,0.14030,0.99381,0,0,38861
193.125000,321.481216,-1.76987,-0.30515,0.06103,-0.00244,0.13908,0.99552,0,0,38862
193.130000,321.481216,-2.25811,0.00000,0.18309,-0.00024,0.13810,0.99723,0,0,38863
193.135000,321.496224,-2.13605,0.18309,-0.12206,-0.00024,0.13396,0.99406,0,0,38864
193.140000,321.496224,-1.64781,0.06103,-0.54927,0.00000,0.13005,0.99186,0,0,38865
193.145000,321.496224,-0.54927,-0.36618,-0.97648,0.00073,0.13030,0.99137,0,0,38866
193.150000,321.511352,0.54927,-0.67133,-1.34266,0.00171,0.13396,0.98991,0,0,38867
193.155000,321.511352,1.64781,-1.09854,-1.58678,0.00342,0.13591,0.98869,0,0,38868
193.160000,321.511352,2.13605,-1.22060,-1.58678,0.00390,0.13932,0.98674,0,0,38869
193.165000,321.526389,2.13605,-1.09854,-1.46472,0.00098,0.14445,0.98552,0,0,38870
193.170000,321.526389,1.76987,-0.79339,-1.40369,-0.00171,0.14738,0.98308,0,0,38871
193.175000,321.526389,0.85442,-0.30515,-1.22060,-0.00220,0.15030,0.98503,0,0,38872
193.180000,321.541357,-0.30515,0.30515,-1.09854,-0.00293,0.14933,0.98820,0,0,38873
193.185000,321.541357,-1.22060,0.73236,-1.15957,-0.00244,0.14762,0.98649,0,0,38874
193.190000,321.541357,-2.13605,0.97648,-1.15957,-0.00220,0.14664,0.98698,0,0,38875
193.195000,321.556368,-2.25811,0.73236,-0.85442,-0.00195,0.14542,0.99015,0,0,38876
193.200000,321.556368,-1.83090,0.42721,-0.79339,0.00024,0.14518,0.98942,0,0,38877
193.205000,321.556368,-1.52575,0.06103,-0.91545,0.00390,0.14518,0.98527,0,0,38878
193.210000,321.571415,-1.52575,0.00000,-0.91545,0.00488,0.14664,0.98405,0,0,38879
193.215000,321.571415,-1.46472,0.06103,-0.73236,0.00122,0.15006,0.98503,0,0,38880
193.220000,321.571415,-0.97648,0.06103,-0.48824,0.00122,0.15177,0.98430,0,0,38881
193.225000,321.586383,-0.61030,-0.06103,-0.42721,0.00317,0.15226,0.98405,0,0,38882
193.230000,321.586383,-0.42721,0.24412,-0.24412,0.00439,0.15274,0.98722,0,0,38883
193.235000,321.586383,-0.36618,0.30515,0.00000,0.00488,0.15348,0.98966,0,0,38884
193.240000,321.601335,-0.42721,0.36618,0.24412,0.00366,0.15226,0.99235,0,0,38885
193.245000,321.601335,-0.42721,0.54927,0.30515,0.00220,0.14884,0.99552,0,0,38886
193.250000,321.601335,-0.67133,0.67133,0.06103,0.00146,0.14664,0.99820,0,0,38887
193.255000,321.616299,-0.97648,0.36618,-0.24412,0.00146,0.14616,0.99894,0,0,38888
193.260000,321.616299,-1.28163,-0.06103,-0.73236,0.00146,0.14616,0.99552,0,0,38889
193.265000,321.616299,-0.85442,-0.42721,-1.03751,0.00098,0.14713,0.98844,0,0,38890
193.270000,321.631352,0.06103,-0.36618,-0.97648,0.00098,0.14982,0.98283,0,0,38891
193.275000,321.631352,1.22060,-0.24412,-0.85442,0.00171,0.15445,0.97722,0,0,38892
193.280000,321.631352,2.13605,-0.24412,-0.79339,0.00268,0.15884,0.97600,0,0,38893
193.285000,321.646333,2.56326,-0.18309,-0.79339,0.00390,0.16153,0.97527,0,0,38894
193.290000,321.646333,2.80738,0.36618,-0.61030,0.00537,0.16470,0.97576,0,0,38895
193.295000,321.646333,2.25811,0.79339,0.00000,0.00708,0.16714,0.97966,0,0,38896
193.300000,321.661379,0.85442,1.40369,0.97648,0.00708,0.16836,0.98820,0,0,38897
193.305000,321.661379,-0.36618,1.64781,1.70884,0.00830,0.16470,0.99479,0,0,38898
193.310000,321.661379,-1.22060,1.64781,1.89193,0.01000,0.15909,0.99674,0,0,38899
193.315000,321.676367,-1.76987,1.76987,1.76987,0.00732,0.15348,0.99991,0,0,38900
193.320000,321.676367,-1.70884,1.89193,1.34266,0.00317,0.14982,1.00333,0,0,38901
193.325000,321.676367,-1.22060,1.58678,1.03751,0.00220,0.15006,1.00382,0,0,38902
193.330000,321.691354,-0.42721,0.97648,0.54927,0.00220,0.15177,1.00089,0,0,38903
193.335000,321.691354,0.30515,0.30515,0.12206,0.00195,0.15348,0.99625,0,0,38904
193.340000,321.691354,0.48824,0.24412,0.12206,0.00195,0.15470,0.99186,0,0,38905
193.345000,321.706369,0.18309,0.91545,0.12206,0.00122,0.15445,0.99015,0,0,38906
193.350000,321.706369,-0.30515,1.64781,0.36618,-0.00122,0.15396,0.99259,0,0,38907
193.355000,321.706369,-0.42721,1.95296,0.30515,-0.00244,0.14957,0.99820,0,0,38908
193.360000,321.721349,-0.61030,2.13605,0.30515,-0.00268,0.14518,1.00504,0,0,38909
193.365000,321.721349,-0.48824,2.19708,0.54927,-0.00293,0.14274,1.01333,0,0,38910
193.370000,321.721349,-0.18309,1.83090,0.73236,-0.00146,0.14054,1.02212,0,0,38911
193.375000,321.736324,0.18309,1.52575,0.67133,-0.00024,0.13884,1.02578,0,0,38912
193.380000,321.736324,1.09854,0.67133,0.67133,-0.00146,0.13688,1.02700,0,0,38913
193.385000,321.736324,1.83090,-0.36618,0.42721,-0.00415,0.13664,1.02578,0,0,38914
193.390000,321.751400,2.31914,-1.09854,0.36618,-0.00464,0.13713,1.01870,0,0,38915
193.395000,321.751400,2.74635,-1.40369,0.18309,-0.00390,0.13835,1.01040,0,0,38916
193.400000,321.751400,2.86841,-1.15957,-0.06103,-0.00293,0.13957,1.00504,0,0,38917
193.400000,321.766387,2.74635,-0.73236,-0.18309,-0.00342,0.14176,1.00235,0,0,38918
193.405000,321.766387,1.70884,0.18309,-0.18309,-0.00317,0.14616,1.00479,0,0,38919
193.410000,321.766387,0.24412,0.79339,0.06103,-0.00390,0.14933,1.01040,0,0,38920
193.415000,321.781330,-1.22060,1.15957,0.12206,-0.00537,0.15201,1.01943,0,0,38921
193.420000,321.781330,-2.56326,1.22060,0.12206,-0.00512,0.15274,1.02578,0,0,38922
193.425000,321.781330,-2.92944,1.03751,0.18309,-0.00439,0.15079,1.02822,0,0,38923
193.430000,321.796396,-2.56326,0.79339,0.24412,-0.00586,0.15079,1.02846,0,0,38924
193.435000,321.796396,-1.34266,0.12206,0.18309,-0.00903,0.15006,1.02651,0,0,38925
193.440000,321.796396,-0.06103,-0.42721,0.06103,-0.00781,0.14957,1.02236,0,0,38926
193.445000,321.811446,1.58678,-1.03751,0.06103,-0.00439,0.14664,1.01431,0,0,38927
193.450000,321.811446,2.38017,-1.40369,0.48824,-0.00146,0.14372,1.00894,0,0,38928
193.455000,321.811446,2.62429,-1.52575,1.03751,-0.00244,0.14128,1.00699,0,0,38929
193.460000,321.826740,2.50223,-1.40369,1.15957,-0.00342,0.14054,1.00333,0,0,38930
193.465000,321.826740,1.64781,-0.97648,0.79339,-0.00415,0.13810,1.00064,0,0,38931
193.470000,321.826740,0.24412,-0.36618,0.12206,-0.00390,0.13566,1.00235,0,0,38932
193.475000,321.841436,-0.36618,-0.18309,-0.36618,-0.00024,0.13322,1.00528,0,0,38933
193.480000,321.841436,-0.67133,-0.42721,-0.73236,0.00146,0.13396,1.00894,0,0,38934
193.485000,321.841436,-0.67133,-0.48824,-1.28163,-0.00098,0.13835,1.01406,0,0,38935
193.490000,321.856639,-0.61030,-0.54927,-1.64781,-0.00220,0.14250,1.01650,0,0,38936
193.495000,321.856639,-0.48824,-0.85442,-2.07502,-0.00171,0.14860,1.01675,0,0,38937
193.500000,321.856639,-0.36618,-1.28163,-2.13605,0.00146,0.15543,1.01455,0,0,38938
193.505000,321.871792,0.06103,-1.83090,-1.89193,0.00293,0.16153,1.00796,0,0,38939
193.510000,321.871792,0.24412,-1.89193,-1.40369,0.00146,0.16616,1.00382,0,0,38940
193.515000,321.871792,-0.06103,-1.46472,-0.61030,0.00049,0.16885,1.00113,0,0,38941
193.515000,321.886829,-0.30515,-1.09854,-0.06103,0.00073,0.17080,0.99723,0,0,38942
193.520000,321.886829,-0.61030,-0.61030,0.54927,0.00220,0.17080,0.99259,0,0,38943
193.525000,321.886829,-0.91545,0.06103,1.28163,0.00268,0.16592,0.99259,0,0,38944
193.530000,321.901794,-1.28163,0.48824,1.89193,0.00342,0.15787,0.99162,0,0,38945
193.535000,321.901794,-1.52575,0.61030,2.56326,0.00488,0.14982,0.99162,0,0,38946
193.540000,321.901794,-1.52575,0.67133,2.62429,0.00146,0.14420,0.99308,0,0,38947
193.545000,321.916822,-1.28163,0.61030,2.50223,-0.00098,0.13908,0.99357,0,0,38948
193.550000,321.916822,-0.73236,0.67133,2.38017,-0.00098,0.13274,0.99772,0,0,38949
193.555000,321.916822,0.18309,0.48824,2.01399,0.00049,0.13054,1.00333,0,0,38950
193.560000,321.931754,1.03751,0.18309,1.28163,0.00146,0.13078,1.00967,0,0,38951
193.565000,321.931754,1.58678,-0.24412,0.73236,0.00366,0.13176,1.01626,0,0,38952
193.570000,321.931754,1.89193,-0.73236,0.30515,0.00464,0.13371,1.02114,0,0,38953
193.575000,321.946480,2.01399,-1.03751,0.06103,0.00439,0.13469,1.02260,0,0,38954
193.580000,321.946480,2.13605,-1.95296,-0.18309,0.00317,0.13615,1.02212,0,0,38955
193.585000,321.946480,2.25811,-2.38017,-0.18309,0.00220,0.13518,1.01699,0,0,38956
193.590000,321.961488,2.13605,-2.99047,-0.42721,0.00293,0.13274,1.00528,0,0,38957
193.595000,321.961488,1.46472,-3.05150,-0.79339,0.00317,0.13322,0.99137,0,0,38958
193.600000,321.961488,0.36618,-2.68532,-1.09854,-0.00073,0.13615,0.98430,0,0,38959
193.605000,321.976822,-0.54927,-2.25811,-1.28163,-0.00293,0.13932,0.98112,0,0,38960
193.610000,321.976822,-1.95296,-1.15957,-1.89193,-0.00366,0.14372,0.98064,0,0,38961
193.615000,321.976822,-2.74635,-0.42721,-2.31914,-0.00366,0.14835,0.98381,0,0,38962
193.620000,321.991386,-3.05150,-0.18309,-2.50223,-0.00464,0.15616,0.98796,0,0,38963
193.625000,321.991386,-2.38017,-0.48824,-2.25811,-0.00366,0.15958,0.98918,0,0,38964
193.630000,321.991386,-1.09854,-0.91545,-1.34266,-0.00146,0.16153,0.98771,0,0,38965
193.630000,322.006560,-0.12206,-0.91545,-0.54927,-0.00073,0.16202,0.98966,0,0,38966
193.635000,322.006560,1.15957,-0.97648,0.18309,-0.00122,0.15933,0.99064,0,0,38967
193.640000,322.006560,2.01399,-1.03751,0.61030,0.00049,0.15714,0.98649,0,0,38968
193.645000,322.021455,2.25811,-1.15957,0.85442,0.00195,0.15470,0.98259,0,0,38969
193.650000,322.021455,2.07502,-1.09854,0.97648,0.00342,0.15274,0.98112,0,0,38970
193.655000,322.021455,1.64781,-0.91545,1.15957,0.00512,0.14884,0.97795,0,0,38971
193.660000,322.036551,0.85442,-0.61030,1.28163,0.00610,0.14372,0.97600,0,0,38972
193.665000,322.036551,-0.42721,0.00000,1.28163,0.00439,0.13664,0.97527,0,0,38973
193.670000,322.036551,-1.58678,0.42721,1.34266,0.00415,0.12908,0.97698,0,0,38974
193.675000,322.051361,-1.70884,0.42721,1.09854,0.00683,0.12224,0.97893,0,0,38975
193.680000,322.051361,-1.40369,0.24412,0.61030,0.00781,0.11736,0.98186,0,0,38976
193.685000,322.051361,-0.79339,-0.18309,0.00000,0.00586,0.11614,0.98210,0,0,38977
193.690000,322.066430,-0.18309,-0.67133,-0.85442,0.00293,0.12102,0.98137,0,0,38978
193.695000,322.066430,0.12206,-0.79339,-1.58678,0.00171,0.12761,0.98186,0,0,38979
193.700000,322.066430,-0.06103,-0.54927,-2.01399,0.00098,0.13566,0.98015,0,0,38980
193.705000,322.081367,-0.61030,-0.36618,-2.19708,0.00049,0.14225,0.97820,0,0,38981
193.710000,322.081367,-1.34266,-0.24412,-2.01399,0.00171,0.14884,0.97698,0,0,38982
193.715000,322.081367,-1.64781,-0.06103,-1.40369,0.00220,0.15445,0.97551,0,0,38983
193.720000,322.096435,-1.83090,0.36618,-0.85442,0.00098,0.15640,0.97551,0,0,38984
193.725000,322.096435,-1.89193,0.97648,-0.36618,0.00146,0.15665,0.97576,0,0,38985
193.730000,322.096435,-1.58678,1.52575,-0.06103,0.00293,0.15445,0.97893,0,0,38986
193.735000,322.111354,-0.73236,1.40369,0.42721,0.00317,0.15274,0.98186,0,0,38987
193.740000,322.111354,0.42721,1.15957,0.85442,0.00073,0.15323,0.98478,0,0,38988
193.745000,322.111354,1.46472,0.91545,1.28163,-0.00244,0.15323,0.98600,0,0,38989
193.750000,322.126763,2.68532,0.67133,1.64781,-0.00390,0.15177,0.98649,0,0,38990
193.755000,322.126763,3.29562,0.48824,1.70884,-0.00293,0.14664,0.98503,0,0,38991
193.760000,322.126763,3.66180,0.36618,1.76987,0.00171,0.14103,0.98234,0,0,38992
193.765000,322.141736,3.66180,0.30515,1.64781,0.00390,0.13640,0.97942,0,0,38993
193.770000,322.141736,3.23459,0.48824,1.52575,0.00390,0.13176,0.97942,0,0,38994
193.775000,322.141736,2.25811,0.91545,0.91545,0.00634,0.12834,0.98112,0,0,38995
193.780000,322.156777,1.34266,1.09854,0.36618,0.00781,0.12761,0.98137,0,0,38996
193.785000,322.156777,-0.12206,1.46472,-0.42721,0.00634,0.12786,0.98161,0,0,38997
193.790000,322.156777,-1.83090,1.89193,-1.22060,0.00171,0.13225,0.98527,0,0,38998
193.795000,322.171814,-3.60077,2.38017,-1.83090,0.00024,0.13688,0.99015,0,0,38999
193.800000,322.171814,-4.15004,2.62429,-2.25811,0.00171,0.14128,0.99430,0,0,39000
193.805000,322.171814,-3.60077,2.44120,-2.50223,0.00268,0.14494,0.99869,0,0,39001
193.810000,322.186535,-2.92944,2.25811,-2.50223,0.00244,0.14957,1.00040,0,0,39002
193.815000,322.186535,-1.64781,1.95296,-2.25811,0.00195,0.15738,1.00430,0,0,39003
193.820000,322.186535,0.06103,1.46472,-1.64781,0.00146,0.16324,1.00796,0,0,39004
193.825000,322.201422,1.28163,0.73236,-1.03751,-0.00122,0.16812,1.00821,0,0,39005
193.830000,322.201422,2.19708,0.00000,-0.24412,-0.00293,0.17031,1.00699,0,0,39006
193.835000,322.201422,2.19708,0.12206,0.12206,-0.00366,0.16909,1.00504,0,0,39007
193.840000,322.216597,2.19708,0.30515,0.24412,-0.00439,0.16543,1.00235,0,0,39008
193.845000,322.216597,1.89193,0.30515,0.36618,-0.00366,0.15933,0.99894,0,0,39009
193.850000,322.216597,1.64781,0.36618,0.67133,-0.00220,0.15226,0.99552,0,0,39010
193.855000,322.231530,1.28163,0.42721,0.85442,-0.00098,0.14640,0.99284,0,0,39011
193.860000,322.231530,0.91545,0.73236,0.73236,0.00073,0.14250,0.99040,0,0,39012
193.865000,322.231530,0.61030,1.09854,0.42721,0.00024,0.14030,0.99186,0,0,39013
193.870000,322.246465,0.48824,1.28163,0.18309,-0.00122,0.13932,0.99601,0,0,39014
193.875000,322.246465,0.54927,1.40369,-0.42721,0.00122,0.13957,1.00138,0,0,39015
193.880000,322.246465,0.61030,1.22060,-0.79339,0.00488,0.14323,1.00235,0,0,39016
193.885000,322.261797,0.12206,1.22060,-0.97648,0.00512,0.14933,1.00455,0,0,39017
193.890000,322.261797,-0.42721,1.34266,-0.91545,0.00342,0.15348,1.00796,0,0,39018
193.895000,322.261797,-0.79339,1.28163,-0.85442,0.00342,0.15396,1.00821,0,0,39019
193.895000,322.276401,-0.97648,1.09854,-0.79339,0.00220,0.15445,1.00796,0,0,39020
193.900000,322.276401,-0.97648,0.73236,-0.61030,-0.00122,0.15640,1.00723,0,0,39021
193.905000,322.276401,-0.61030,0.30515,-0.67133,0.00146,0.15714,1.00504,0,0,39022
193.910000,322.291397,0.12206,-0.24412,-0.85442,0.00586,0.15762,0.99820,0,0,39023
193.915000,322.291397,0.79339,-0.54927,-0.85442,0.00756,0.16055,0.99381,0,0,39024
193.920000,322.291397,1.28163,-0.61030,-0.67133,0.00756,0.16836,0.99088,0,0,39025
193.925000,322.306507,1.28163,-0.30515,-0.42721,0.00512,0.17446,0.99162,0,0,39026
193.930000,322.306507,0.85442,0.18309,-0.24412,0.00244,0.17885,0.99381,0,0,39027
193.935000,322.306507,0.54927,0.67133,0.12206,0.00244,0.18056,0.99723,0,0,39028
193.940000,322.321708,0.67133,0.85442,0.73236,0.00268,0.17836,1.00089,0,0,39029
193.945000,322.321708,1.09854,0.91545,1.09854,0.00073,0.17422,1.00284,0,0,39030
193.950000,322.321708,1.83090,0.97648,1.64781,-0.00171,0.16934,1.00382,0,0,39031
193.955000,322.336799,2.25811,1.09854,1.89193,-0.00171,0.16592,1.00479,0,0,39032
193.960000,322.336799,2.86841,1.15957,1.76987,-0.00098,0.15811,1.00455,0,0,39033
193.965000,322.336799,3.05150,0.97648,1.46472,-0.00195,0.15030,1.00260,0,0,39034
193.970000,322.351587,2.74635,0.85442,1.15957,-0.00195,0.14445,0.99723,0,0,39035
193.975000,322.351587,2.25811,0.73236,0.91545,-0.00122,0.14006,0.99381,0,0,39036
193.980000,322.351587,1.58678,0.91545,0.73236,-0.00122,0.13444,0.99503,0,0,39037
193.985000,322.366549,1.09854,1.15957,0.48824,-0.00171,0.13176,0.99747,0,0,39038
193.990000,322.366549,0.61030,1.46472,0.00000,-0.00244,0.13127,1.00504,0,0,39039
193.995000,322.366549,0.42721,1.52575,-0.30515,-0.00342,0.13322,1.01284,0,0,39040
194.000000,322.381642,0.48824,1.15957,-0.79339,-0.00390,0.13835,1.01943,0,0,39041
194.005000,322.381642,0.36618,0.79339,-1.22060,-0.00610,0.14640,1.02138,0,0,39042
194.010000,322.381642,-0.18309,0.79339,-1.40369,-0.00732,0.15055,1.02358,0,0,39043
194.015000,322.396527,-0.61030,0.67133,-1.34266,-0.00708,0.15323,1.02407,0,0,39044
194.020000,322.396527,-1.15957,0.24412,-0.91545,-0.00659,0.15860,1.02212,0,0,39045
194.025000,322.396527,-1.15957,-0.36618,-0.67133,-0.00805,0.16080,1.01602,0,0,39046
194.030000,322.411365,-0.79339,-0.67133,-0.54927,-0.00683,0.16128,1.00821,0,0,39047
194.035000,322.411365,0.06103,-0.67133,-0.18309,-0.00244,0.15811,1.00089,0,0,39048
194.040000,322.411365,0.97648,-0.48824,0.54927,0.00146,0.15445,0.99918,0,0,39049
194.040000,322.426464,1.70884,-0.48824,0.97648,0.00366,0.15201,0.99869,0,0,39050
194.045000,322.426464,2.80738,-0.42721,1.22060,0.00366,0.15030,1.00016,0,0,39051
194.050000,322.426464,3.05150,-0.36618,1.03751,0.00146,0.15055,1.00357,0,0,39052
194.055000,322.441996,2.80738,-0.24412,0.73236,-0.00146,0.14835,1.00674,0,0,39053
194.060000,322.441996,2.01399,-0.36618,0.30515,-0.00317,0.14616,1.00918,0,0,39054
194.065000,322.441996,1.34266,-0.67133,0.06103,-0.00439,0.14469,1.00796,0,0,39055
194.070000,322.456822,0.73236,-0.79339,-0.06103,-0.00610,0.14494,1.00821,0,0,39056
194.075000,322.456822,0.18309,-1.03751,-0.18309,-0.00683,0.14518,1.00430,0,0,39057
194.080000,322.456822,-0.24412,-1.15957,-0.67133,-0.00634,0.14445,0.99674,0,0,39058
194.085000,322.471621,-0.73236,-1.03751,-1.09854,-0.00488,0.14152,0.99186,0,0,39059
194.090000,322.471621,-1.09854,-0.73236,-1.58678,-0.00171,0.13859,0.98576,0,0,39060
194.095000,322.471621,-1.34266,-0.61030,-1.95296,0.00073,0.14030,0.98234,0,0,39061
194.100000,322.486638,-1.40369,-0.61030,-2.13605,0.00049,0.14225,0.98186,0,0,39062
194.105000,322.486638,-1.22060,-0.61030,-2.19708,0.00220,0.14274,0.98137,0,0,39063
194.110000,322.486638,-0.54927,-0.54927,-2.07502,0.00488,0.14201,0.97990,0,0,39064
194.115000,322.501844,0.12206,-0.85442,-1.89193,0.00708,0.14420,0.98088,0,0,39065
194.120000,322.501844,0.91545,-1.09854,-1.58678,0.00561,0.14616,0.98112,0,0,39066
194.125000,322.501844,1.58678,-1.09854,-1.52575,0.00317,0.14982,0.98112,0,0,39067
194.130000,322.516585,2.19708,-0.91545,-1.22060,0.00268,0.15348,0.98210,0,0,39068
194.135000,322.516585,2.07502,-0.61030,-1.46472,0.00244,0.15860,0.98503,0,0,39069
194.140000,322.516585,1.34266,-0.30515,-1.40369,0.00122,0.16299,0.99015,0,0,39070
194.145000,322.531763,0.30515,-0.12206,-1.22060,-0.00049,0.16446,0.99625,0,0,39071
194.150000,322.531763,-0.48824,0.00000,-1.09854,0.00122,0.16641,1.00113,0,0,39072
194.155000,322.531763,-1.15957,0.00000,-0.91545,0.00488,0.16958,1.00479,0,0,39073
194.160000,322.546472,-1.52575,-0.06103,-0.73236,0.00390,0.17226,1.00455,0,0,39074
194.165000,322.546472,-1.52575,-0.36618,-0.61030,0.00171,0.17397,1.00260,0,0,39075
194.170000,322.546472,-1.28163,-0.67133,-0.67133,0.00366,0.17568,0.99625,0,0,39076
194.175000,322.561380,-0.97648,-0.97648,-0.85442,0.00756,0.17788,0.98844,0,0,39077
194.180000,322.561380,-0.79339,-1.03751,-0.97648,0.00805,0.18056,0.97795,0,0,39078
194.185000,322.561380,-0.79339,-0.54927,-0.61030,0.00464,0.18471,0.96917,0,0,39079
194.190000,322.576370,-1.03751,-0.06103,-0.24412,0.00268,0.18764,0.96380,0,0,39080
194.195000,322.576370,-1.34266,0.61030,0.24412,0.00366,0.18715,0.96063,0,0,39081
194.200000,322.576370,-1.46472,1.09854,0.73236,0.00634,0.18398,0.96258,0,0,39082
194.205000,322.591395,-0.97648,1.34266,1.28163,0.00561,0.17861,0.96331,0,0,39083
194.210000,322.591395,-0.06103,1.28163,1.58678,0.00756,0.17202,0.96209,0,0,39084
194.215000,322.591395,1.22060,1.34266,1.70884,0.01171,0.16446,0.96087,0,0,39085
194.220000,322.606338,2.13605,1.28163,2.07502,0.01122,0.16006,0.96234,0,0,39086
194.225000,322.606338,2.44120,1.46472,2.44120,0.00830,0.15567,0.96819,0,0,39087
194.230000,322.606338,2.62429,1.28163,2.68532,0.00659,0.15274,0.97039,0,0,39088
194.235000,322.621376,2.44120,1.28163,2.50223,0.00512,0.15177,0.97332,0,0,39089
194.240000,322.621376,2.13605,1.22060,2.25811,0.00220,0.15348,0.97820,0,0,39090
194.245000,322.621376,2.13605,1.15957,2.07502,0.00024,0.15592,0.97966,0,0,39091
194.250000,322.636326,2.13605,1.28163,2.01399,0.00049,0.15933,0.98137,0,0,39092
194.255000,322.636326,2.13605,1.52575,2.31914,-0.00244,0.16324,0.98381,0,0,39093
194.260000,322.636326,1.89193,1.83090,2.50223,-0.00464,0.16763,0.98674,0,0,39094
194.265000,322.651229,1.52575,2.13605,2.31914,-0.00634,0.16934,0.98991,0,0,39095
194.270000,322.651229,1.15957,2.38017,2.13605,-0.00683,0.16787,0.99284,0,0,39096
194.275000,322.651229,1.03751,2.38017,2.07502,-0.00537,0.16348,0.99674,0,0,39097
194.275000,322.666219,1.03751,2.25811,2.07502,-0.00464,0.16080,0.99820,0,0,39098
194.280000,322.666219,1.15957,2.01399,2.01399,-0.00415,0.15689,1.00211,0,0,39099
194.285000,322.666219,0.97648,2.01399,2.01399,-0.00561,0.15616,1.00748,0,0,39100
194.290000,322.681195,0.00000,2.38017,1.83090,-0.00610,0.15396,1.01431,0,0,39101
194.295000,322.681195,-0.97648,2.38017,1.70884,-0.00586,0.14884,1.01528,0,0,39102
194.300000,322.681195,-1.89193,2.25811,1.76987,-0.00610,0.14469,1.01602,0,0,39103
194.305000,322.696221,-2.31914,2.31914,1.95296,-0.00756,0.14176,1.01724,0,0,39104
194.310000,322.696221,-2.50223,2.56326,1.89193,-0.00952,0.13859,1.01626,0,0,39105
194.315000,322.696221,-2.25811,2.50223,1.46472,-0.00952,0.13786,1.01333,0,0,39106
194.320000,322.711306,-1.76987,2.13605,0.85442,-0.00756,0.13664,1.00918,0,0,39107
194.325000,322.711306,-1.03751,1.70884,0.97648,-0.00561,0.13615,1.00504,0,0,39108
194.330000,322.711306,0.36618,1.40369,1.22060,-0.00488,0.13664,1.00430,0,0,39109
194.335000,322.726251,1.46472,1.28163,1.22060,-0.00464,0.13664,1.00430,0,0,39110
194.340000,322.726251,2.86841,0.91545,0.85442,-0.00634,0.13932,1.00626,0,0,39111
194.345000,322.726251,3.23459,1.03751,0.36618,-0.00756,0.14347,1.00870,0,0,39112
194.350000,322.741292,2.86841,1.22060,0.18309,-0.00610,0.15177,1.01406,0,0,39113
194.355000,322.741292,1.22060,1.64781,0.54927,-0.00537,0.15860,1.02529,0,0,39114
194.360000,322.741292,-0.79339,2.01399,0.79339,-0.00659,0.16275,1.03212,0,0,39115
194.365000,322.756299,-2.86841,2.13605,0.85442,-0.01098,0.16348,1.03871,0,0,39116
194.370000,322.756299,-4.27210,2.07502,0.91545,-0.01562,0.16104,1.04383,0,0,39117
194.375000,322.756299,-4.57725,1.40369,0.91545,-0.01610,0.15714,1.04530,0,0,39118
194.380000,322.771291,-3.72283,0.73236,0.79339,-0.01318,0.15152,1.04359,0,0,39119
194.385000,322.771291,-1.70884,-0.36618,0.73236,-0.00976,0.14323,1.03724,0,0,39120
194.390000,322.771291,0.12206,-1.34266,0.85442,-0.00830,0.13762,1.02944,0,0,39121
194.395000,322.786286,1.95296,-2.13605,0.91545,-0.00854,0.13420,1.02163,0,0,39122
194.400000,322.786286,3.41768,-2.62429,0.73236,-0.01049,0.13298,1.01528,0,0,39123
194.405000,322.786286,4.02798,-2.74635,0.24412,-0.01074,0.13396,1.00992,0,0,39124
194.410000,322.801248,4.15004,-2.68532,-0.36618,-0.00878,0.13566,1.00552,0,0,39125
194.415000,322.801248,3.23459,-2.44120,-0.85442,-0.00830,0.13566,1.00113,0,0,39126
194.420000,322.801248,1.70884,-1.46472,-1.40369,-0.00903,0.13518,0.99820,0,0,39127
194.425000,322.816236,0.06103,-0.36618,-1.95296,-0.01025,0.13713,0.99967,0,0,39128
194.430000,322.816236,-2.31914,0.61030,-2.01399,-0.01000,0.13884,1.00504,0,0,39129
194.435000,322.816236,-3.53974,0.67133,-1.95296,-0.00903,0.14176,1.01138,0,0,39130
194.440000,322.831287,-3.66180,0.42721,-2.25811,-0.00854,0.14567,1.01553,0,0,39131
194.445000,322.831287,-2.99047,-0.06103,-2.68532,-0.00634,0.15274,1.01797,0,0,39132
194.450000,322.831287,-1.89193,-0.61030,-2.80738,-0.00512,0.15982,1.01968,0,0,39133
194.455000,322.846153,-0.97648,-0.91545,-2.50223,-0.00464,0.16446,1.01992,0,0,39134
194.460000,322.846153,0.79339,-2.01399,-1.52575,-0.00390,0.17080,1.01748,0,0,39135
194.465000,322.846153,2.13605,-2.80738,-0.48824,-0.00098,0.17470,1.01236,0,0,39136
194.470000,322.861237,3.11253,-3.35665,0.79339,-0.00098,0.17519,1.00528,0,0,39137
194.475000,322.861237,3.17356,-3.23459,1.40369,-0.00342,0.17373,0.99869,0,0,39138
194.480000,322.861237,2.38017,-2.56326,1.89193,-0.00268,0.16860,0.99698,0,0,39139
194.480000,322.876225,1.76987,-2.19708,2.19708,-0.00073,0.16348,0.99723,0,0,39140
194.485000,322.876225,1.03751,-2.01399,2.50223,0.00220,0.15714,0.99625,0,0,39141
194.490000,322.876225,0.61030,-2.01399,2.62429,0.00342,0.15030,0.99576,0,0,39142
194.495000,322.891206,0.42721,-1.70884,2.56326,0.00317,0.14689,0.99796,0,0,39143
194.500000,322.891206,0.36618,-1.34266,2.25811,0.00195,0.14835,0.99894,0,0,39144
194.505000,322.891206,0.85442,-1.28163,1.64781,0.00098,0.14811,0.99918,0,0,39145
194.510000,322.906203,1.15957,-1.28163,1.15957,0.00122,0.14908,0.99918,0,0,39146
194.515000,322.906203,1.40369,-0.91545,0.67133,0.00024,0.15030,1.00186,0,0,39147
194.520000,322.906203,0.97648,-0.48824,0.24412,-0.00220,0.15201,1.00552,0,0,39148
194.525000,322.921209,-0.67133,-0.24412,-0.18309,-0.00220,0.15299,1.00626,0,0,39149
194.530000,322.921209,-2.07502,-0.12206,-0.42721,-0.00098,0.15250,1.00479,0,0,39150
194.535000,322.921209,-3.17356,0.18309,-0.48824,-0.00342,0.15152,1.00406,0,0,39151
194.540000,322.936197,-3.78386,0.54927,-0.36618,-0.00512,0.15079,1.00308,0,0,39152
194.545000,322.936197,-3.78386,1.03751,-0.54927,-0.00464,0.14786,1.00260,0,0,39153
194.550000,322.936197,-3.29562,1.09854,-0.73236,-0.00146,0.14616,1.00601,0,0,39154
194.555000,322.951247,-2.31914,0.73236,-0.91545,-0.00146,0.14860,1.01065,0,0,39155
194.560000,322.951247,-1.46472,0.36618,-0.73236,-0.00220,0.15299,1.01382,0,0,39156
194.565000,322.951247,-0.97648,0.12206,-0.48824,-0.00146,0.15860,1.01846,0,0,39157
194.570000,322.966230,-0.91545,-0.06103,-0.24412,-0.00049,0.16250,1.02358,0,0,39158
194.575000,322.966230,-1.15957,-0.24412,0.18309,-0.00146,0.16494,1.02797,0,0,39159
194.580000,322.966230,-1.22060,-0.67133,0.61030,-0.00317,0.16177,1.02870,0,0,39160
194.585000,322.981591,-0.97648,-1.28163,1.09854,-0.00342,0.15543,1.02529,0,0,39161
194.590000,322.981591,-0.73236,-1.76987,1.34266,-0.00415,0.15323,1.01919,0,0,39162
194.595000,322.981591,-0.24412,-2.07502,1.64781,-0.00317,0.14908,1.01553,0,0,39163
194.595000,322.996400,0.30515,-2.25811,1.76987,-0.00317,0.14616,1.01309,0,0,39164
194.600000,322.996400,1.22060,-2.56326,1.70884,-0.00439,0.14128,1.00943,0,0,39165
194.605000,322.996400,1.83090,-2.74635,1.58678,-0.00268,0.13591,1.00211,0,0,39166
194.610000,323.011745,2.19708,-2.86841,1.09854,-0.00366,0.13493,0.99552,0,0,39167
194.615000,323.011745,2.31914,-2.74635,0.79339,-0.00464,0.13542,0.99015,0,0,39168
194.620000,323.011745,2.07502,-2.50223,0.18309,-0.00342,0.13322,0.98552,0,0,39169
194.625000,323.026423,1.40369,-2.07502,-0.54927,0.00049,0.13152,0.98308,0,0,39170
194.630000,323.026423,0.61030,-1.70884,-1.15957,0.00293,0.13176,0.98283,0,0,39171
194.635000,323.026423,-0.48824,-1.34266,-2.01399,0.00073,0.13615,0.98356,0,0,39172
194.640000,323.041669,-1.58678,-0.85442,-2.80738,-0.00098,0.14103,0.98332,0,0,39173
194.645000,323.041669,-2.44120,-0.48824,-3.41768,0.00098,0.14982,0.98186,0,0,39174
194.650000,323.041669,-2.68532,-0.30515,-3.60077,0.00146,0.15958,0.98234,0,0,39175
194.655000,323.056745,-2.68532,-0.24412,-3.66180,-0.00049,0.16641,0.98381,0,0,39176
194.660000,323.056745,-2.31914,-0.24412,-3.41768,-0.00268,0.17422,0.98527,0,0,39177
194.665000,323.056745,-1.64781,-0.18309,-2.74635,-0.00195,0.18129,0.98600,0,0,39178
194.670000,323.071748,-1.15957,-0.12206,-2.07502,0.00073,0.18837,0.98771,0,0,39179
194.675000,323.071748,-0.97648,0.12206,-1.09854,0.00244,0.19276,0.98893,0,0,39180
194.680000,323.071748,-1.09854,0.18309,0.00000,0.00415,0.19032,0.99064,0,0,39181
194.685000,323.086782,-1.34266,0.18309,1.40369,0.00317,0.18715,0.99454,0,0,39182
194.690000,323.086782,-1.46472,0.06103,2.31914,0.00195,0.17983,0.99723,0,0,39183
194.695000,323.086782,-1.40369,-0.61030,2.68532,0.00122,0.16958,0.99479,0,0,39184
194.700000,323.101729,-1.58678,-0.91545,2.56326,0.00220,0.16006,0.98991,0,0,39185
194.705000,323.101729,-1.22060,-1.03751,2.38017,0.00464,0.15055,0.98381,0,0,39186
194.710000,323.101729,-0.61030,-1.22060,2.44120,0.00561,0.14298,0.98039,0,0,39187
194.715000,323.116546,-0.18309,-1.34266,2.56326,0.00659,0.13981,0.97820,0,0,39188
194.720000,323.116546,0.24412,-1.46472,2.56326,0.00634,0.13469,0.97405,0,0,39189
194.725000,323.116546,0.85442,-1.15957,1.89193,0.00390,0.13176,0.97088,0,0,39190
194.730000,323.131798,0.85442,-0.54927,1.22060,0.00073,0.13274,0.97136,0,0,39191
194.735000,323.131798,0.73236,0.06103,0.67133,-0.00098,0.13444,0.97600,0,0,39192
194.740000,323.131798,0.48824,0.61030,0.18309,-0.00049,0.13835,0.98332,0,0,39193
194.745000,323.146443,0.24412,0.73236,0.06103,0.00024,0.14274,0.99015,0,0,39194
194.750000,323.146443,-0.18309,0.61030,-0.18309,-0.00122,0.14567,0.99698,0,0,39195
194.755000,323.146443,-0.48824,0.61030,-0.30515,-0.00366,0.14738,1.00040,0,0,39196
194.760000,323.161558,-0.73236,0.36618,-0.42721,-0.00317,0.14567,0.99845,0,0,39197
194.765000,323.161558,-0.97648,-0.12206,-0.67133,-0.00220,0.14396,0.99406,0,0,39198
194.770000,323.161558,-1.22060,-0.48824,-0.97648,-0.00220,0.14420,0.99162,0,0,39199
194.775000,323.176963,-1.28163,-0.73236,-1.28163,-0.00342,0.14616,0.98869,0,0,39200
194.780000,323.176963,-1.22060,-0.54927,-1.22060,-0.00342,0.15055,0.98600,0,0,39201
194.785000,323.176963,-1.34266,-0.18309,-0.91545,-0.00220,0.15445,0.98552,0,0,39202
194.790000,323.191540,-1.28163,0.06103,-0.42721,-0.00244,0.15836,0.98820,0,0,39203
194.795000,323.191540,-0.85442,0.12206,0.30515,-0.00366,0.15982,0.99186,0,0,39204
194.800000,323.191540,-0.24412,-0.06103,0.67133,-0.00415,0.15714,0.99284,0,0,39205
194.805000,323.206448,0.36618,-0.06103,0.91545,-0.00366,0.15323,0.99503,0,0,39206
194.810000,323.206448,1.15957,-0.36618,0.91545,-0.00317,0.14542,0.99747,0,0,39207
194.815000,323.206448,2.25811,-1.09854,1.03751,-0.00512,0.14274,0.99942,0,0,39208
194.820000,323.221429,2.99047,-1.83090,0.97648,-0.00634,0.14054,1.00064,0,0,39209
194.825000,323.221429,3.23459,-2.25811,0.61030,-0.00366,0.13688,0.99503,0,0,39210
194.830000,323.221429,2.92944,-2.07502,0.36618,-0.00122,0.13396,0.98966,0,0,39211
194.830000,323.236522,2.25811,-1.70884,0.30515,0.00049,0.13225,0.98918,0,0,39212
194.835000,323.236522,1.22060,-1.22060,-0.12206,0.00317,0.13030,0.98918,0,0,39213
194.840000,323.236522,0.54927,-1.03751,-0.73236,0.00439,0.13005,0.98966,0,0,39214
194.845000,323.251797,-0.30515,-0.79339,-1.76987,0.00390,0.13493,0.98991,0,0,39215
194.850000,323.251797,-1.03751,-0.48824,-2.62429,0.00268,0.14250,0.99137,0,0,39216
194.855000,323.251797,-1.70884,-0.12206,-3.11253,0.00122,0.15128,0.99284,0,0,39217
194.860000,323.266460,-2.25811,0.24412,-3.29562,-0.00024,0.15738,0.99430,0,0,39218
194.865000,323.266460,-2.99047,0.73236,-3.29562,0.00073,0.16592,0.99698,0,0,39219
194.870000,323.266460,-3.47871,0.91545,-2.99047,0.00220,0.17324,0.99772,0,0,39220
194.875000,323.281477,-4.27210,1.15957,-1.95296,0.00293,0.17617,0.99820,0,0,39221
194.880000,323.281477,-4.57725,1.28163,-1.03751,0.00317,0.17470,0.99772,0,0,39222
194.885000,323.281477,-4.33313,1.15957,-0.30515,0.00537,0.16909,0.99576,0,0,39223
194.890000,323.296828,-3.90592,0.97648,0.18309,0.00634,0.16446,0.99503,0,0,39224
194.895000,323.296828,-3.11253,0.73236,0.79339,0.00537,0.15860,0.99576,0,0,39225
194.900000,323.296828,-2.31914,0.79339,1.34266,0.00659,0.15372,0.99772,0,0,39226
194.905000,323.311475,-1.15957,0.85442,2.19708,0.00561,0.14786,1.00235,0,0,39227
194.910000,323.311475,0.18309,0.48824,2.38017,0.00171,0.14372,1.00674,0,0,39228
194.915000,323.311475,1.03751,-0.12206,2.01399,-0.00268,0.14079,1.00601,0,0,39229
194.920000,323.326436,1.34266,-0.61030,1.70884,-0.00390,0.14030,1.00357,0,0,39230
194.925000,323.326436,1.70884,-1.03751,1.34266,-0.00464,0.13981,0.99820,0,0,39231
194.930000,323.326436,1.95296,-1.28163,1.15957,-0.00268,0.13835,0.99088,0,0,39232
194.935000,323.341648,2.13605,-1.09854,1.03751,0.00268,0.13542,0.98112,0,0,39233
194.940000,323.341648,1.83090,-0.48824,0.85442,0.00317,0.13152,0.97551,0,0,39234
194.945000,323.341648,1.46472,0.18309,0.48824,0.00195,0.12883,0.97429,0,0,39235
194.950000,323.356530,0.85442,0.85442,0.00000,0.00537,0.12786,0.97844,0,0,39236
194.955000,323.356530,-0.12206,1.40369,-0.54927,0.00805,0.13103,0.99015,0,0,39237
194.960000,323.356530,-1.15957,1.70884,-1.28163,0.00830,0.13518,1.00284,0,0,39238
194.965000,323.371539,-2.01399,1.89193,-1.89193,0.00610,0.13640,1.01455,0,0,39239
194.970000,323.371539,-2.62429,1.46472,-2.31914,0.00342,0.13859,1.02456,0,0,39240
194.975000,323.371539,-2.38017,0.67133,-2.56326,0.00293,0.14250,1.02748,0,0,39241
194.980000,323.386955,-1.64781,-0.36618,-2.86841,0.00244,0.14664,1.02602,0,0,39242
194.985000,323.386955,-0.67133,-1.40369,-3.05150,0.00195,0.15348,1.02090,0,0,39243
194.990000,323.386955,0.00000,-1.95296,-2.99047,0.00122,0.16275,1.01284,0,0,39244
194.995000,323.401674,0.30515,-2.13605,-2.92944,0.00122,0.17104,1.00504,0,0,39245
195.000000,323.401674,0.12206,-1.58678,-2.68532,0.00293,0.17470,0.99967,0,0,39246
195.005000,323.401674,-0.48824,-0.97648,-2.07502,0.00586,0.17763,0.99772,0,0,39247
195.010000,323.416585,-1.15957,-0.79339,-1.40369,0.00732,0.18007,0.99625,0,0,39248
195.015000,323.416585,-1.58678,-1.03751,-0.85442,0.00683,0.17958,0.99454,0,0,39249
195.020000,323.416585,-1.46472,-1.09854,-0.36618,0.00708,0.17836,0.99430,0,0,39250
195.025000,323.431848,-1.15957,-0.97648,0.06103,0.00878,0.17836,0.99406,0,0,39251
195.030000,323.431848,-0.91545,-0.85442,0.54927,0.00952,0.17714,0.99284,0,0,39252
195.035000,323.431848,-0.54927,-0.67133,0.91545,0.01122,0.17470,0.99015,0,0,39253
195.040000,323.446834,-0.12206,-0.61030,1.46472,0.01220,0.16934,0.99186,0,0,39254
195.045000,323.446834,0.24412,-0.06103,2.01399,0.01122,0.16397,0.99162,0,0,39255
195.050000,323.446834,0.06103,0.24412,1.89193,0.01122,0.15738,0.98869,0,0,39256
195.055000,323.461506,-0.73236,0.42721,1.52575,0.01025,0.15250,0.98381,0,0,39257
195.060000,323.461506,-1.95296,0.79339,1.03751,0.00732,0.15177,0.98186,0,0,39258
195.065000,323.461506,-3.05150,1.70884,0.61030,0.00390,0.15128,0.98356,0,0,39259
195.070000,323.476508,-4.33313,2.92944,0.30515,0.00244,0.15079,0.98747,0,0,39260
195.075000,323.476508,-4.88240,3.17356,0.24412,0.00098,0.14957,0.99308,0,0,39261
195.080000,323.476508,-4.57725,2.74635,0.30515,0.00122,0.14664,0.99991,0,0,39262
195.085000,323.491562,-3.78386,2.19708,0.36618,0.00268,0.14420,1.00186,0,0,39263
195.090000,323.491562,-2.80738,1.76987,0.61030,0.00244,0.14274,1.00333,0,0,39264
195.095000,323.491562,-1.46472,1.40369,1.09854,0.00342,0.13737,1.00699,0,0,39265
195.100000,323.506619,-0.36618,0.85442,1.28163,0.00268,0.13249,1.00894,0,0,39266
195.105000,323.506619,0.79339,0.00000,1.15957,0.00293,0.12956,1.00650,0,0,39267
195.110000,323.506619,1.76987,-0.85442,1.09854,0.00366,0.12834,1.00308,0,0,39268
195.115000,323.521923,2.19708,-1.46472,1.22060,0.00268,0.13176,0.99894,0,0,39269
195.120000,323.521923,2.44120,-1.40369,1.22060,0.00317,0.13688,0.99259,0,0,39270
195.125000,323.521923,2.13605,-0.79339,1.22060,0.00561,0.13810,0.99308,0,0,39271
195.130000,323.536474,1.22060,-0.12206,1.28163,0.00415,0.13981,0.99381,0,0,39272
195.135000,323.536474,-0.18309,0.18309,1.34266,-0.00195,0.14176,0.99235,0,0,39273
195.140000,323.536474,-1.89193,0.36618,1.52575,-0.00488,0.14103,0.99088,0,0,39274
195.145000,323.551550,-2.38017,0.48824,1.58678,-0.00415,0.13566,0.98893,0,0,39275
195.150000,323.551550,-2.07502,0.61030,1.40369,-0.00366,0.13030,0.98771,0,0,39276
195.155000,323.551550,-0.85442,0.48824,1.15957,-0.00342,0.12786,0.98527,0,0,39277
195.160000,323.566380,0.79339,0.24412,0.97648,-0.00293,0.12932,0.98625,0,0,39278
195.165000,323.566380,2.62429,0.06103,0.73236,-0.00268,0.13225,0.99040,0,0,39279
195.170000,323.566380,3.53974,-0.12206,0.54927,-0.00293,0.13542,0.99430,0,0,39280
195.175000,323.581818,3.84489,-0.18309,0.30515,-0.00220,0.13786,0.99674,0,0,39281
195.180000,323.581818,3.66180,-0.06103,0.18309,0.00098,0.13835,1.00113,0,0,39282
195.185000,323.581818,2.80738,0.06103,0.06103,0.00195,0.13908,1.00260,0,0,39283
195.190000,323.596781,1.76987,0.18309,-0.30515,0.00244,0.14006,1.00016,0,0,39284
195.195000,323.596781,0.85442,0.42721,-0.54927,0.00220,0.14079,0.99723,0,0,39285
195.200000,323.596781,0.42721,0.36618,-0.48824,0.00220,0.13932,0.99918,0,0,39286
195.205000,323.611451,0.48824,0.12206,-0.36618,0.00317,0.13566,1.00016,0,0,39287
195.210000,323.611451,1.09854,-0.18309,-0.24412,0.00195,0.13347,1.00064,0,0,39288
195.215000,323.611451,1.46472,-0.54927,-0.24412,-0.00220,0.13298,1.00040,0,0,39289
195.220000,323.626480,1.58678,-0.67133,-0.54927,-0.00390,0.13298,0.99967,0,0,39290
195.225000,323.626480,1.58678,-0.48824,-1.03751,-0.00439,0.13518,0.99772,0,0,39291
195.230000,323.626480,1.03751,-0.30515,-1.34266,-0.00488,0.13957,0.99845,0,0,39292
195.235000,323.641635,0.12206,-0.12206,-1.52575,-0.00537,0.14567,0.99918,0,0,39293
195.240000,323.641635,-1.15957,0.12206,-1.83090,-0.00268,0.15226,0.99772,0,0,39294
195.245000,323.641635,-2.38017,0.30515,-1.76987,0.00073,0.15665,0.99723,0,0,39295
195.250000,323.656754,-3.23459,0.54927,-1.58678,0.00293,0.15836,0.99698,0,0,39296
195.255000,323.656754,-3.29562,0.67133,-1.22060,0.00268,0.15909,0.99869,0,0,39297
195.260000,323.656754,-2.56326,0.54927,-0.79339,0.00024,0.15836,1.00089,0,0,39298
195.265000,323.671531,-1.15957,0.18309,-0.42721,0.00049,0.15445,1.00089,0,0,39299
195.270000,323.671531,1.09854,-0.24412,-0.18309,0.00464,0.14908,0.99820,0,0,39300
195.275000,323.671531,2.50223,-0.67133,0.18309,0.00464,0.14298,0.99406,0,0,39301
195.280000,323.686808,3.11253,-0.91545,0.79339,0.00537,0.13884,0.99015,0,0,39302
195.285000,323.686808,3.29562,-0.91545,1.22060,0.00634,0.13762,0.98552,0,0,39303
195.290000,323.686808,2.56326,-0.61030,1.40369,0.00342,0.13640,0.98308,0,0,39304
195.295000,323.701409,1.95296,-0.48824,0.91545,0.00024,0.13322,0.98015,0,0,39305
195.300000,323.701409,1.28163,-0.12206,0.36618,-0.00049,0.13005,0.97917,0,0,39306
195.305000,323.701409,0.73236,0.18309,-0.12206,0.00268,0.13005,0.98015,0,0,39307
195.310000,323.716492,0.24412,0.67133,-0.54927,0.00439,0.13200,0.98381,0,0,39308
195.315000,323.716492,-0.48824,1.40369,-0.85442,0.00195,0.13444,0.99576,0,0,39309
195.320000,323.716492,-0.79339,1.64781,-1.09854,0.00171,0.13713,1.00674,0,0,39310
195.325000,323.731419,-0.79339,1.34266,-1.34266,0.00390,0.14030,1.01138,0,0,39311
195.330000,323.731419,-0.48824,0.61030,-1.40369,0.00512,0.14567,1.01480,0,0,39312
195.335000,323.731419,0.36618,-0.18309,-1.15957,0.00464,0.15323,1.01382,0,0,39313
195.340000,323.746512,1.28163,-0.67133,-0.48824,0.00293,0.15909,1.00870,0,0,39314
195.345000,323.746512,1.52575,-0.54927,0.18309,0.00024,0.16250,1.00455,0,0,39315
195.350000,323.746512,1.46472,-0.18309,0.54927,-0.00220,0.16275,1.00162,0,0,39316
195.355000,323.761742,1.28163,0.06103,0.61030,-0.00244,0.15958,0.99967,0,0,39317
195.360000,323.761742,0.97648,0.00000,0.54927,-0.00268,0.15470,0.99967,0,0,39318
195.365000,323.761742,0.36618,-0.12206,0.42721,-0.00220,0.14982,0.99967,0,0,39319
195.370000,323.776497,-0.24412,0.06103,0.30515,-0.00049,0.14616,0.99967,0,0,39320
195.375000,323.776497,-0.85442,0.48824,0.00000,0.00000,0.14274,0.99942,0,0,39321
195.380000,323.776497,-1.52575,0.85442,-0.36618,0.00073,0.13786,1.00211,0,0,39322
195.385000,323.791802,-1.76987,0.91545,-0.42721,0.00390,0.13322,1.00382,0,0,39323
195.390000,323.791802,-1.70884,0.48824,-0.42721,0.00366,0.13103,1.00211,0,0,39324
195.395000,323.791802,-1.22060,0.18309,-0.67133,0.00171,0.13127,0.99967,0,0,39325
195.400000,323.806623,-0.48824,0.48824,-0.79339,0.00146,0.13274,0.99698,0,0,39326
195.405000,323.806623,-0.12206,0.24412,-0.67133,0.00073,0.13298,0.99674,0,0,39327
195.410000,323.806623,0.48824,-0.06103,-0.67133,-0.00195,0.13469,0.99406,0,0,39328
195.415000,323.821434,0.97648,-0.42721,-0.67133,-0.00366,0.13859,0.99113,0,0,39329
195.420000,323.821434,1.28163,-0.67133,-0.73236,-0.00464,0.14347,0.99040,0,0,39330
195.425000,323.821434,1.40369,-0.48824,-0.85442,-0.00439,0.14689,0.99137,0,0,39331
195.430000,323.836799,1.28163,-0.18309,-0.97648,-0.00342,0.14738,0.99210,0,0,39332
195.435000,323.836799,1.40369,-0.18309,-1.09854,-0.00146,0.14689,0.99503,0,0,39333
195.440000,323.836799,1.70884,-0.30515,-0.97648,0.00049,0.14640,0.99820,0,0,39334
195.445000,323.851797,2.01399,-0.30515,-0.91545,-0.00122,0.14664,0.99918,0,0,39335
195.450000,323.851797,2.25811,-0.36618,-0.91545,-0.00244,0.14713,0.99894,0,0,39336
195.455000,323.851797,2.25811,-0.48824,-1.03751,-0.00171,0.14884,0.99625,0,0,39337
195.460000,323.866819,1.95296,-0.48824,-1.15957,-0.00122,0.15030,0.99357,0,0,39338
195.465000,323.866819,1.03751,-0.06103,-1.15957,0.00024,0.15226,0.99308,0,0,39339
195.470000,323.866819,-0.24412,0.30515,-1.03751,0.00268,0.15006,0.99113,0,0,39340
195.475000,323.881755,-1.58678,0.48824,-0.73236,0.00708,0.14396,0.98698,0,0,39341
195.480000,323.881755,-2.68532,0.91545,-0.42721,0.00805,0.14079,0.98820,0,0,39342
195.485000,323.881755,-3.05150,1.22060,-0.36618,0.00512,0.13884,0.99137,0,0,39343
195.490000,323.896459,-2.68532,1.34266,-0.73236,0.00268,0.13932,0.99381,0,0,39344
195.495000,323.896459,-1.40369,1.22060,-1.46472,0.00317,0.14176,0.99552,0,0,39345
195.500000,323.896459,0.06103,0.73236,-1.70884,0.00439,0.14542,0.99894,0,0,39346
195.505000,323.911630,1.70884,0.00000,-1.70884,0.00610,0.15226,1.00162,0,0,39347
195.510000,323.911630,3.23459,-0.79339,-1.52575,0.00732,0.15958,0.99991,0,0,39348
195.515000,323.911630,3.53974,-0.97648,-1.15957,0.00781,0.16446,0.99576,0,0,39349
195.520000,323.926684,2.92944,-0.54927,-0.79339,0.00732,0.16348,0.99625,0,0,39350
195.525000,323.926684,1.83090,-0.06103,-0.48824,0.00805,0.16153,0.99869,0,0,39351
195.530000,323.926684,0.91545,0.36618,-0.42721,0.00854,0.15860,1.00186,0,0,39352
195.535000,323.941444,-0.06103,0.61030,-0.54927,0.00708,0.15616,1.00748,0,0,39353
195.540000,323.941444,-0.54927,0.67133,-0.91545,0.00293,0.15518,1.01528,0,0,39354
195.545000,323.941444,-0.30515,0.42721,-1.15957,0.00073,0.15372,1.02065,0,0,39355
195.550000,323.956572,0.24412,-0.12206,-1.46472,0.00439,0.15128,1.01943,0,0,39356
195.555000,323.956572,1.09854,-0.91545,-1.83090,0.00708,0.15006,1.01236,0,0,39357
195.560000,323.956572,1.89193,-1.34266,-2.13605,0.00634,0.15299,1.00504,0,0,39358
195.565000,323.971823,2.25811,-1.34266,-2.31914,0.00464,0.16080,1.00113,0,0,39359
195.570000,323.971823,2.19708,-0.97648,-2.07502,0.00220,0.16958,1.00040,0,0,39360
195.575000,323.971823,1.70884,-0.73236,-1.89193,0.00317,0.17592,1.00016,0,0,39361
195.580000,323.986621,0.97648,-0.48824,-1.52575,0.00537,0.17812,0.99796,0,0,39362
195.585000,323.986621,0.18309,-0.18309,-0.97648,0.00390,0.18032,0.99918,0,0,39363
195.590000,323.986621,-0.61030,0.48824,0.06103,0.00098,0.18251,1.00186,0,0,39364
195.595000,324.001461,-0.85442,0.79339,0.61030,0.00049,0.18032,1.00308,0,0,39365
195.600000,324.001461,-0.54927,0.73236,1.22060,0.00293,0.17373,1.00479,0,0,39366
195.605000,324.001461,0.00000,0.54927,1.40369,0.00317,0.16690,1.00577,0,0,39367
195.610000,324.016809,0.79339,0.12206,1.58678,0.00220,0.15958,1.00430,0,0,39368
195.615000,324.016809,1.22060,-0.06103,1.58678,-0.00049,0.15104,0.99796,0,0,39369
195.620000,324.016809,1.22060,-0.06103,1.40369,-0.00195,0.14445,0.99308,0,0,39370
195.625000,324.031384,0.54927,0.30515,0.97648,-0.00146,0.14054,0.99113,0,0,39371
195.630000,324.031384,-0.18309,0.61030,0.42721,-0.00049,0.13981,0.98869,0,0,39372
195.635000,324.031384,-1.15957,0.79339,0.00000,0.00098,0.14103,0.98893,0,0,39373
195.640000,324.046813,-1.64781,0.91545,-0.24412,-0.00073,0.14250,0.99137,0,0,39374
195.645000,324.046813,-1.64781,0.85442,-0.54927,-0.00195,0.14274,0.99552,0,0,39375
195.650000,324.046813,-1.03751,0.73236,-0.91545,-0.00293,0.14494,1.00211,0,0,39376
195.655000,324.061631,0.00000,0.36618,-1.15957,-0.00561,0.15079,1.00723,0,0,39377
195.660000,324.061631,1.28163,-0.18309,-1.28163,-0.00903,0.15494,1.00821,0,0,39378
195.665000,324.061631,2.74635,-0.79339,-1.28163,-0.00634,0.15689,1.00699,0,0,39379
195.670000,324.076688,3.35665,-1.03751,-1.03751,-0.00366,0.15616,1.00699,0,0,39380
195.675000,324.076688,3.53974,-1.03751,-0.61030,-0.00293,0.15714,1.00723,0,0,39381
195.680000,324.076688,3.05150,-1.09854,-0.36618,-0.00293,0.15884,1.00870,0,0,39382
195.685000,324.091451,2.01399,-0.91545,-0.24412,-0.00195,0.15714,1.00918,0,0,39383
195.690000,324.091451,0.42721,-0.54927,-0.24412,-0.00122,0.15445,1.01333,0,0,39384
195.695000,324.091451,-0.73236,-0.06103,-0.48824,-0.00171,0.15274,1.01748,0,0,39385
195.700000,324.106541,-1.52575,-0.18309,-0.85442,-0.00317,0.15323,1.01894,0,0,39386
195.705000,324.106541,-2.19708,-0.30515,-1.22060,-0.00464,0.15665,1.01772,0,0,39387
195.710000,324.106541,-2.25811,-0.36618,-1.28163,-0.00439,0.15762,1.01650,0,0,39388
195.715000,324.121787,-1.95296,-0.48824,-1.09854,-0.00146,0.15567,1.01236,0,0,39389
195.720000,324.121787,-1.52575,-0.91545,-0.73236,-0.00146,0.15372,1.00748,0,0,39390
195.725000,324.121787,-1.03751,-1.22060,-0.24412,-0.00268,0.15299,1.00308,0,0,39391
195.730000,324.136450,-0.42721,-1.46472,-0.12206,-0.00537,0.15201,0.99674,0,0,39392
195.735000,324.136450,0.06103,-1.52575,-0.18309,-0.00610,0.15201,0.98893,0,0,39393
195.740000,324.136450,0.61030,-1.46472,-0.24412,-0.00488,0.15152,0.98234,0,0,39394
195.745000,324.151564,0.91545,-1.15957,-0.24412,-0.00073,0.14908,0.98210,0,0,39395
195.750000,324.151564,0.91545,-0.67133,-0.30515,0.00317,0.14811,0.98747,0,0,39396
195.755000,324.151564,0.73236,-0.18309,-0.54927,0.00342,0.14835,0.99332,0,0,39397
195.760000,324.166644,0.18309,0.12206,-0.79339,0.00537,0.14640,1.00016,0,0,39398
195.765000,324.166644,-0.54927,-0.06103,-0.97648,0.00805,0.14811,1.00528,0,0,39399
195.770000,324.166644,-0.91545,-0.54927,-1.09854,0.00659,0.14786,1.00723,0,0,39400
195.775000,324.181444,-1.28163,-0.79339,-1.03751,0.00537,0.14811,1.00357,0,0,39401
195.780000,324.181444,-1.83090,-0.85442,-1.15957,0.00488,0.15030,1.00016,0,0,39402
195.785000,324.181444,-2.38017,-0.73236,-1.22060,0.00586,0.15226,0.99772,0,0,39403
195.790000,324.196491,-2.62429,-0.61030,-1.34266,0.00488,0.15640,0.99479,0,0,39404
195.795000,324.196491,-2.56326,-0.42721,-1.03751,0.00195,0.16128,0.99650,0,0,39405
195.800000,324.196491,-2.13605,-0.06103,-0.73236,-0.00098,0.16299,1.00211,0,0,39406
195.805000,324.211441,-2.01399,0.06103,-0.85442,-0.00098,0.16372,1.00674,0,0,39407
195.810000,324.211441,-1.89193,-0.61030,-1.09854,-0.00024,0.16787,1.00992,0,0,39408
195.815000,324.211441,-1.95296,-0.91545,-1.22060,0.00049,0.17056,1.00870,0,0,39409
195.820000,324.227892,-2.07502,-1.03751,-1.22060,0.00390,0.17202,1.00772,0,0,39410
195.825000,324.227892,-2.50223,-0.67133,-1.03751,0.00854,0.17129,1.01187,0,0,39411
195.830000,324.227892,-3.41768,-0.36618,-0.85442,0.00439,0.17226,1.01480,0,0,39412
195.835000,324.241441,-4.33313,-0.61030,-0.97648,-0.00146,0.17519,1.01602,0,0,39413
195.840000,324.241441,-4.15004,-1.34266,-1.03751,0.00293,0.17226,1.00821,0,0,39414
195.845000,324.241441,-2.92944,-1.95296,-0.73236,0.00610,0.16885,0.99820,0,0,39415
195.850000,324.256472,-1.22060,-2.38017,-0.06103,0.00244,0.16641,0.98893,0,0,39416
195.855000,324.256472,1.09854,-2.50223,0.79339,-0.00049,0.16250,0.98015,0,0,39417
195.860000,324.256472,3.29562,-2.50223,1.70884,0.00098,0.15714,0.97502,0,0,39418
195.865000,324.286622,5.18755,-2.50223,2.38017,0.00122,0.15226,0.96990,0,0,39419
195.870000,324.286622,5.79785,-2.13605,2.56326,0.00049,0.14908,0.96380,0,0,39420
195.875000,324.286622,5.49270,-1.40369,2.38017,-0.00268,0.14518,0.95941,0,0,39421
195.880000,324.287883,4.45519,-0.24412,2.07502,-0.00683,0.14030,0.96282,0,0,39422
195.885000,324.287883,3.17356,0.61030,1.76987,-0.00586,0.13566,0.97039,0,0,39423
195.890000,324.287883,1.46472,1.09854,1.09854,-0.00244,0.13225,0.97868,0,0,39424
195.895000,324.301542,0.18309,1.03751,0.48824,-0.00195,0.13322,0.98259,0,0,39425
195.900000,324.301542,-0.67133,1.09854,-0.18309,-0.00220,0.13347,0.98478,0,0,39426
195.905000,324.301542,-1.58678,1.15957,-0.73236,0.00024,0.13762,0.98674,0,0,39427
195.910000,324.316358,-2.62429,1.15957,-0.73236,0.00244,0.14201,0.98893,0,0,39428
195.915000,324.316358,-2.86841,0.73236,-0.73236,0.00342,0.14542,0.98820,0,0,39429
195.920000,324.316358,-2.50223,0.24412,-0.73236,0.00415,0.14689,0.98259,0,0,39430
195.925000,324.331506,-1.76987,-0.18309,-0.54927,0.00317,0.14860,0.97600,0,0,39431
195.930000,324.331506,-0.73236,-0.18309,-0.30515,0.00195,0.15274,0.97429,0,0,39432
195.935000,324.331506,0.42721,0.06103,0.18309,0.00146,0.15421,0.97502,0,0,39433
195.940000,324.346790,1.15957,0.18309,0.48824,0.00268,0.15396,0.97722,0,0,39434
195.945000,324.346790,1.58678,0.12206,0.61030,0.00512,0.15079,0.97917,0,0,39435
195.950000,324.346790,2.07502,0.06103,0.67133,0.00537,0.14933,0.98161,0,0,39436
195.955000,324.361427,2.31914,0.06103,0.91545,0.00366,0.15006,0.98796,0,0,39437
195.960000,324.361427,2.38017,0.12206,1.40369,0.00415,0.14908,0.99650,0,0,39438
195.965000,324.361427,2.50223,0.06103,1.58678,0.00756,0.14494,1.00308,0,0,39439
195.970000,324.376503,2.50223,0.18309,1.46472,0.00781,0.14128,1.00967,0,0,39440
195.975000,324.376503,2.25811,0.06103,0.91545,0.00293,0.13981,1.01528,0,0,39441
195.980000,324.376503,1.95296,-0.12206,0.24412,0.00049,0.13859,1.01675,0,0,39442
195.985000,324.391833,1.46472,-0.06103,-0.61030,0.00098,0.13810,1.01284,0,0,39443
195.990000,324.391833,0.24412,0.24412,-1.28163,0.00195,0.14225,1.00748,0,0,39444
195.995000,324.391833,-0.79339,0.36618,-1.46472,0.00000,0.14884,1.00430,0,0,39445
196.000000,324.406424,-1.46472,0.36618,-1.22060,-0.00195,0.15543,0.99845,0,0,39446
196.005000,324.406424,-1.83090,0.30515,-1.15957,-0.00098,0.16153,0.99040,0,0,39447
196.010000,324.406424,-2.19708,0.30515,-0.79339,0.00146,0.16446,0.98356,0,0,39448
196.015000,324.421478,-2.07502,0.85442,-0.24412,0.00415,0.16372,0.97844,0,0,39449
196.020000,324.421478,-1.52575,1.28163,0.36618,0.00390,0.16226,0.97966,0,0,39450
196.025000,324.421478,-0.79339,1.70884,0.79339,0.00171,0.16055,0.98527,0,0,39451
196.030000,324.436500,-0.18309,1.76987,0.91545,0.00537,0.15665,0.99088,0,0,39452
196.035000,324.436500,0.48824,1.40369,0.85442,0.01171,0.15226,0.99723,0,0,39453
196.040000,324.436500,0.79339,1.09854,0.85442,0.01196,0.14835,1.00455,0,0,39454
196.045000,324.451844,0.79339,0.85442,0.85442,0.00512,0.14567,1.01138,0,0,39455
196.050000,324.451844,0.54927,0.67133,0.48824,-0.00073,0.14323,1.01626,0,0,39456
196.055000,324.451844,0.18309,0.24412,-0.24412,-0.00024,0.14201,1.01724,0,0,39457
196.060000,324.466490,0.06103,-0.36618,-0.85442,0.00122,0.14494,1.01626,0,0,39458
196.065000,324.466490,0.67133,-1.40369,-0.91545,0.00220,0.14908,1.01114,0,0,39459
196.070000,324.466490,1.58678,-1.83090,-0.42721,0.00317,0.15152,1.00430,0,0,39460
196.075000,324.481530,2.25811,-1.83090,0.00000,0.00610,0.15372,0.99967,0,0,39461
196.080000,324.481530,2.50223,-1.40369,0.18309,0.00586,0.15421,0.99674,0,0,39462
196.085000,324.481530,2.31914,-0.85442,0.12206,0.00342,0.15518,0.99406,0,0,39463
196.090000,324.496456,2.01399,-0.54927,0.00000,0.00561,0.15689,0.98942,0,0,39464
196.095000,324.496456,1.03751,-0.12206,-0.06103,0.00610,0.15811,0.98722,0,0,39465
196.100000,324.496456,-0.12206,0.61030,0.00000,0.00488,0.15470,0.98747,0,0,39466
196.105000,324.511541,-0.97648,1.52575,-0.06103,0.00342,0.15226,0.98747,0,0,39467
196.110000,324.511541,-1.89193,2.38017,-0.24412,0.00171,0.15030,0.99503,0,0,39468
196.115000,324.511541,-2.07502,2.56326,-0.48824,0.00220,0.14738,1.00211,0,0,39469
196.120000,324.526491,-1.64781,2.13605,-0.42721,0.00488,0.14445,1.00601,0,0,39470
196.125000,324.526491,-1.15957,1.58678,0.06103,0.00439,0.14298,1.01187,0,0,39471
196.130000,324.526491,-0.42721,1.09854,0.18309,0.00146,0.14494,1.01333,0,0,39472
196.135000,324.541632,0.06103,0.79339,-0.06103,-0.00049,0.14567,1.01162,0,0,39473
196.140000,324.541632,0.00000,0.61030,-0.06103,0.00049,0.14908,1.01016,0,0,39474
196.145000,324.541632,0.06103,0.24412,0.00000,0.00122,0.15348,1.00796,0,0,39475
196.150000,324.556527,0.30515,-0.30515,0.00000,0.00244,0.15665,1.00552,0,0,39476
196.155000,324.556527,0.48824,-0.67133,-0.06103,0.00317,0.15738,1.00260,0,0,39477
196.160000,324.556527,0.42721,-0.79339,-0.24412,0.00220,0.16104,0.99991,0,0,39478
196.165000,324.571504,0.24412,-0.85442,-0.48824,0.00415,0.16202,0.99747,0,0,39479
196.170000,324.571504,0.12206,-0.85442,-0.61030,0.00342,0.16299,0.99235,0,0,39480
196.175000,324.571504,-0.24412,-0.79339,-0.42721,0.00244,0.16177,0.99162,0,0,39481
196.180000,324.586746,-0.30515,-0.67133,0.00000,0.00415,0.15762,0.99406,0,0,39482
196.185000,324.586746,0.12206,-0.48824,0.36618,0.00342,0.15860,0.99650,0,0,39483
196.190000,324.586746,0.48824,-0.48824,0.54927,0.00049,0.15836,1.00016,0,0,39484
196.195000,324.601491,0.67133,-0.42721,0.42721,-0.00024,0.15445,1.00504,0,0,39485
196.200000,324.601491,0.91545,-0.48824,0.18309,0.00073,0.15055,1.00992,0,0,39486
196.205000,324.601491,1.15957,-0.61030,-0.06103,-0.00024,0.14762,1.01236,0,0,39487
196.210000,324.616444,0.67133,-0.67133,-0.36618,-0.00049,0.14640,1.01187,0,0,39488
196.215000,324.616444,0.00000,-0.67133,-0.54927,0.00073,0.14250,1.00650,0,0,39489
196.220000,324.616444,-0.67133,-0.54927,-0.79339,0.00415,0.13810,1.00113,0,0,39490
196.225000,324.631796,-1.58678,-0.18309,-0.61030,0.00439,0.14006,1.00040,0,0,39491
196.230000,324.631796,-2.25811,0.48824,-0.24412,0.00171,0.14323,1.00016,0,0,39492
196.235000,324.631796,-2.68532,1.15957,-0.30515,0.00146,0.14347,1.00089,0,0,39493
196.240000,324.646824,-2.44120,1.03751,-0.61030,0.00146,0.14372,1.00552,0,0,39494
196.245000,324.646824,-1.70884,0.42721,-0.85442,0.00195,0.14884,1.00796,0,0,39495
196.250000,324.646824,-0.67133,-0.06103,-0.85442,0.00293,0.15518,1.00845,0,0,39496
196.255000,324.661736,0.36618,-0.42721,-0.67133,0.00512,0.15738,1.01016,0,0,39497
196.260000,324.661736,1.64781,-0.73236,-0.30515,0.00659,0.15909,1.01236,0,0,39498
196.265000,324.661736,2.56326,-1.40369,-0.24412,0.00537,0.16128,1.01309,0,0,39499
196.270000,324.676434,3.23459,-2.01399,-0.24412,0.00317,0.16348,1.01236,0,0,39500
196.275000,324.676434,3.23459,-2.25811,-0.36618,0.00244,0.16543,1.01187,0,0,39501
196.280000,324.676434,2.68532,-2.38017,-0.48824,0.00268,0.16446,1.01162,0,0,39502
196.285000,324.691867,1.89193,-2.31914,-0.67133,0.00195,0.16226,1.00821,0,0,39503
196.290000,324.691867,0.85442,-2.13605,-0.61030,0.00171,0.15933,1.00528,0,0,39504
196.295000,324.691867,0.24412,-2.13605,-0.24412,0.00195,0.15543,1.00333,0,0,39505
196.300000,324.706818,0.18309,-2.19708,-0.12206,0.00244,0.15177,0.99723,0,0,39506
196.305000,324.706818,0.00000,-2.50223,-0.61030,0.00366,0.14738,0.99137,0,0,39507
196.310000,324.706818,-0.12206,-2.25811,-0.91545,0.00659,0.14518,0.98308,0,0,39508
196.315000,324.721825,-0.42721,-1.58678,-1.22060,0.01122,0.14640,0.98234,0,0,39509
196.320000,324.721825,-0.97648,-0.85442,-1.28163,0.01732,0.15006,0.98747,0,0,39510
196.325000,324.721825,-1.40369,-0.42721,-1.40369,0.02147,0.15592,0.99406,0,0,39511
196.330000,324.736658,-1.95296,-0.24412,-1.52575,0.02269,0.15958,1.00186,0,0,39512
196.335000,324.736658,-2.50223,0.18309,-1.64781,0.02025,0.16275,1.00577,0,0,39513
196.340000,324.736658,-2.92944,0.30515,-1.52575,0.01635,0.16763,1.00552,0,0,39514
196.345000,324.751842,-2.92944,0.18309,-1.09854,0.01074,0.17226,1.00211,0,0,39515
196.350000,324.751842,-2.44120,-0.18309,-0.67133,0.00488,0.17690,0.99479,0,0,39516
196.355000,324.751842,-1.52575,-0.67133,-0.30515,0.00146,0.17958,0.98722,0,0,39517
196.360000,324.766902,-0.36618,-1.09854,0.06103,0.00049,0.18032,0.98039,0,0,39518
196.365000,324.766902,0.91545,-1.22060,0.79339,-0.00122,0.18032,0.97405,0,0,39519
196.370000,324.766902,1.52575,-1.03751,1.40369,-0.00317,0.17836,0.97161,0,0,39520
196.375000,324.781522,1.89193,-0.91545,2.19708,-0.00220,0.17104,0.96990,0,0,39521
196.380000,324.781522,1.89193,-0.79339,2.80738,-0.00244,0.16153,0.97112,0,0,39522
196.385000,324.781522,1.76987,-0.73236,3.23459,-0.00244,0.15250,0.97185,0,0,39523
196.390000,324.796532,1.64781,-0.79339,3.29562,-0.00146,0.14372,0.97356,0,0,39524
196.395000,324.796532,1.83090,-0.61030,2.92944,-0.00146,0.13566,0.97429,0,0,39525
196.400000,324.796532,1.95296,-0.54927,2.56326,-0.00073,0.13054,0.97551,0,0,39526
196.405000,324.811793,2.01399,-0.79339,1.95296,0.00220,0.12786,0.97527,0,0,39527
196.410000,324.811793,2.01399,-0.67133,1.22060,0.00390,0.12493,0.97600,0,0,39528
196.415000,324.811793,1.76987,-0.30515,0.30515,0.00366,0.12395,0.97868,0,0,39529
196.420000,324.827921,1.46472,0.12206,-0.48824,0.00586,0.12346,0.98112,0,0,39530
196.425000,324.827921,0.97648,0.48824,-1.03751,0.00854,0.12493,0.98576,0,0,39531
196.430000,324.827921,0.30515,0.79339,-1.28163,0.01074,0.12883,0.99406,0,0,39532
196.435000,324.841450,-0.48824,0.91545,-1.46472,0.01098,0.13518,1.00162,0,0,39533
196.440000,324.841450,-1.28163,1.03751,-1.28163,0.00756,0.14298,1.01138,0,0,39534
196.445000,324.841450,-1.83090,0.85442,-0.91545,0.00293,0.14811,1.01968,0,0,39535
196.445000,324.856449,-2.07502,0.54927,-0.79339,0.00244,0.15079,1.02138,0,0,39536
196.450000,324.856449,-1.89193,-0.18309,-0.91545,0.00390,0.15396,1.01675,0,0,39537
196.455000,324.856449,-1.46472,-0.42721,-0.91545,0.00488,0.15543,1.01040,0,0,39538
196.460000,324.871467,-0.67133,-0.67133,-0.67133,0.00342,0.15738,1.00357,0,0,39539
196.465000,324.871467,0.18309,-0.97648,-0.24412,0.00366,0.15762,0.99454,0,0,39540
196.470000,324.871467,0.79339,-1.22060,-0.06103,0.00683,0.15738,0.98600,0,0,39541
196.475000,324.886410,0.91545,-1.22060,0.00000,0.00708,0.15787,0.98210,0,0,39542
196.480000,324.886410,0.73236,-0.97648,0.12206,0.00683,0.15567,0.97820,0,0,39543
196.485000,324.886410,0.54927,-0.36618,0.36618,0.00732,0.15250,0.97868,0,0,39544
196.490000,324.901744,0.36618,0.24412,0.85442,0.00903,0.15152,0.98405,0,0,39545
196.495000,324.901744,0.42721,0.54927,0.85442,0.00561,0.15201,0.99284,0,0,39546
196.500000,324.901744,0.48824,0.67133,0.48824,0.00317,0.15177,0.99918,0,0,39547
196.505000,324.916883,0.79339,0.42721,0.06103,0.00342,0.15128,1.00260,0,0,39548
196.510000,324.916883,1.52575,-0.06103,-0.54927,0.00122,0.15274,1.00723,0,0,39549
196.515000,324.916883,2.31914,-0.91545,-0.85442,0.00024,0.15494,1.00723,0,0,39550
196.520000,324.931852,2.56326,-1.46472,-0.85442,0.00146,0.15616,1.00162,0,0,39551
196.525000,324.931852,2.50223,-1.70884,-1.03751,0.00268,0.15592,0.99406,0,0,39552
196.530000,324.931852,2.13605,-1.58678,-0.97648,0.00561,0.15396,0.98552,0,0,39553
196.535000,324.946514,1.52575,-1.22060,-0.61030,0.00805,0.15274,0.97917,0,0,39554
196.540000,324.946514,1.15957,-0.61030,-0.18309,0.01000,0.15226,0.97600,0,0,39555
196.545000,324.946514,1.15957,0.00000,0.06103,0.00952,0.15226,0.97942,0,0,39556
196.550000,324.961854,1.28163,0.42721,0.12206,0.01196,0.15226,0.98381,0,0,39557
196.555000,324.961854,1.64781,0.67133,0.18309,0.01708,0.15274,0.99064,0,0,39558
196.560000,324.961854,1.89193,0.61030,0.30515,0.01684,0.15299,0.99820,0,0,39559
196.565000,324.976840,2.44120,0.48824,0.42721,0.01586,0.15421,1.00308,0,0,39560
196.570000,324.976840,2.68532,0.12206,0.67133,0.01708,0.15665,1.00406,0,0,39561
196.575000,324.976840,2.44120,-0.42721,0.61030,0.01610,0.15762,1.00455,0,0,39562
196.580000,324.991789,2.25811,-0.61030,0.24412,0.01342,0.15811,1.00260,0,0,39563
196.585000,324.991789,2.92944,-0.97648,0.06103,0.01220,0.15958,1.00260,0,0,39564
196.590000,324.991789,5.00446,-1.64781,0.18309,0.01391,0.15811,0.99747,0,0,39565
196.595000,325.006505,6.77433,-1.95296,0.79339,0.01269,0.15714,0.99698,0,0,39566
196.600000,325.006505,9.27656,-2.50223,1.58678,0.00805,0.15640,0.99820,0,0,39567
196.605000,325.006505,13.36557,-3.60077,2.19708,0.00683,0.15445,0.99210,0,0,39568
196.610000,325.021830,14.70823,-3.78386,2.01399,0.00756,0.15152,0.98478,0,0,39569
196.615000,325.021830,14.58617,-3.41768,1.83090,0.00854,0.14835,0.98308,0,0,39570
196.620000,325.021830,13.30454,-2.56326,1.64781,0.00854,0.14713,0.98674,0,0,39571
196.620000,325.036794,11.77879,-1.89193,1.40369,0.00830,0.14664,0.99113,0,0,39572
196.625000,325.036794,8.66626,-1.15957,0.61030,0.01000,0.14567,0.99820,0,0,39573
196.630000,325.036794,6.53021,-0.91545,-0.18309,0.01171,0.14640,1.00382,0,0,39574
196.635000,325.051509,4.69931,-0.97648,-1.22060,0.00903,0.15274,1.00577,0,0,39575
196.640000,325.051509,3.90592,-1.28163,-2.07502,0.00976,0.16202,1.00284,0,0,39576
196.645000,325.051509,2.92944,-1.52575,-2.74635,0.01171,0.17324,0.99625,0,0,39577
196.650000,325.066487,2.07502,-1.28163,-2.92944,0.01074,0.18471,0.99064,0,0,39578
196.655000,325.066487,0.42721,-0.61030,-2.99047,0.01000,0.20203,0.98503,0,0,39579
196.660000,325.066487,-1.34266,0.06103,-2.56326,0.00952,0.20984,0.98088,0,0,39580
196.665000,325.081846,-2.92944,0.67133,-1.15957,0.00903,0.21008,0.97283,0,0,39581
196.670000,325.081846,-3.66180,0.79339,0.18309,0.00683,0.20252,0.96673,0,0,39582
196.675000,325.081846,-4.33313,1.64781,1.64781,0.00342,0.19056,0.96429,0,0,39583
196.680000,325.096434,-4.08901,2.25811,2.01399,0.00317,0.17958,0.96282,0,0,39584
196.685000,325.096434,-3.35665,2.86841,2.44120,0.00586,0.16177,0.96453,0,0,39585
196.690000,325.096434,-2.01399,2.92944,2.68532,0.00439,0.14469,0.97307,0,0,39586
196.695000,325.111370,1.03751,2.38017,2.56326,0.00073,0.13030,0.98381,0,0,39587
196.700000,325.111370,3.53974,1.58678,2.13605,0.00049,0.12371,0.99357,0,0,39588
196.705000,325.111370,5.67579,0.30515,1.58678,0.00171,0.12420,1.00064,0,0,39589
196.710000,325.126774,6.83536,-0.91545,1.03751,0.00122,0.12664,1.00186,0,0,39590
196.715000,325.126774,7.44566,-2.01399,-0.12206,-0.00024,0.13347,0.99820,0,0,39591
196.720000,325.126774,6.89639,-2.38017,-0.79339,-0.00024,0.14298,0.99113,0,0,39592
196.725000,325.141490,5.24858,-2.07502,-1.40369,0.00171,0.15348,0.98747,0,0,39593
196.730000,325.141490,3.66180,-1.40369,-1.70884,0.00561,0.15787,0.98722,0,0,39594
196.735000,325.141490,2.13605,-0.67133,-1.70884,0.00878,0.16299,0.98747,0,0,39595
196.740000,325.156566,0.67133,0.06103,-1.52575,0.00781,0.16738,0.98918,0,0,39596
196.745000,325.156566,-0.73236,0.85442,-1.15957,0.00537,0.16738,0.99162,0,0,39597
196.750000,325.156566,-2.38017,1.40369,-0.91545,0.00610,0.16421,0.99284,0,0,39598
196.755000,325.171496,-3.47871,1.76987,-1.22060,0.00805,0.16080,0.99601,0,0,39599
196.760000,325.171496,-4.33313,2.13605,-1.52575,0.00903,0.16153,0.99723,0,0,39600
196.765000,325.171496,-5.06549,2.68532,-1.46472,0.00756,0.16128,1.00162,0,0,39601
196.765000,325.186410,-5.12652,2.68532,-1.40369,0.00854,0.16006,1.00406,0,0,39602
196.770000,325.186410,-4.21107,2.13605,-1.40369,0.01025,0.15909,1.00650,0,0,39603
196.775000,325.186410,-2.86841,1.34266,-1.52575,0.00927,0.16128,1.00748,0,0,39604
196.780000,325.201821,-0.91545,0.42721,-1.70884,0.00805,0.16592,1.00699,0,0,39605
196.785000,325.201821,0.54927,0.24412,-2.01399,0.01074,0.17080,1.00601,0,0,39606
196.790000,325.201821,1.64781,0.12206,-2.07502,0.01342,0.17666,1.00821,0,0,39607
196.795000,325.216512,2.31914,0.00000,-1.89193,0.01269,0.18129,1.01138,0,0,39608
196.800000,325.216512,2.99047,-0.24412,-1.46472,0.01098,0.18593,1.01455,0,0,39609
196.805000,325.216512,3.23459,-0.67133,-0.91545,0.01244,0.18568,1.01626,0,0,39610
196.810000,325.231756,3.60077,-0.91545,-0.67133,0.01440,0.18251,1.01821,0,0,39611
196.815000,325.231756,4.08901,-0.85442,-0.42721,0.01464,0.17910,1.01894,0,0,39612
196.820000,325.231756,4.27210,-0.91545,-0.42721,0.01464,0.17641,1.02090,0,0,39613
196.825000,325.246574,4.15004,-0.97648,-0.48824,0.01537,0.17446,1.02138,0,0,39614
196.830000,325.246574,3.47871,-0.91545,-0.73236,0.01684,0.17544,1.01919,0,0,39615
196.835000,325.246574,2.38017,-1.15957,-0.67133,0.01562,0.18154,1.01626,0,0,39616
196.840000,325.261479,1.09854,-1.28163,-0.36618,0.01171,0.18666,1.01089,0,0,39617
196.845000,325.261479,-0.48824,-0.73236,-0.12206,0.00903,0.18764,1.00650,0,0,39618
196.850000,325.261479,-1.40369,-0.18309,0.00000,0.00756,0.18886,1.00235,0,0,39619
196.855000,325.276503,-1.70884,0.06103,0.18309,0.00634,0.18861,0.99967,0,0,39620
196.860000,325.276503,-1.58678,0.24412,0.73236,0.00659,0.18642,0.99747,0,0,39621
196.865000,325.276503,-0.91545,0.36618,1.09854,0.00903,0.18324,1.00016,0,0,39622
196.870000,325.291514,0.00000,0.48824,1.09854,0.01074,0.17885,1.00430,0,0,39623
196.875000,325.291514,0.36618,0.85442,1.03751,0.01171,0.17592,1.00992,0,0,39624
196.880000,325.291514,0.00000,0.67133,0.97648,0.01220,0.17251,1.01650,0,0,39625
196.885000,325.306830,-0.36618,0.24412,0.97648,0.01244,0.17104,1.01870,0,0,39626
196.890000,325.306830,-1.15957,-0.12206,0.79339,0.01074,0.16738,1.01846,0,0,39627
196.895000,325.306830,-2.25811,-0.06103,0.48824,0.00561,0.16421,1.01577,0,0,39628
196.900000,325.321469,-3.60077,0.06103,0.00000,0.00122,0.16202,1.01065,0,0,39629
196.905000,325.321469,-4.51622,0.24412,-0.24412,0.00073,0.15958,1.00308,0,0,39630
196.910000,325.321469,-4.94343,0.48824,-0.24412,0.00073,0.15909,1.00089,0,0,39631
196.910000,325.336831,-5.00446,0.61030,-0.18309,-0.00049,0.15811,1.00211,0,0,39632
196.915000,325.336831,-4.33313,0.30515,-0.61030,0.00024,0.15738,1.00308,0,0,39633
196.920000,325.336831,-3.60077,-0.18309,-0.97648,0.00220,0.15714,1.00308,0,0,39634
196.925000,325.366504,-2.86841,-0.61030,-1.03751,0.00293,0.15884,1.00284,0,0,39635
196.930000,325.366504,-2.38017,-0.91545,-0.91545,0.00537,0.16153,1.00455,0,0,39636
196.935000,325.366504,-2.19708,-0.91545,-0.54927,0.00708,0.16470,1.00479,0,0,39637
196.940000,325.367896,-2.13605,-1.09854,-0.48824,0.00634,0.16543,1.00406,0,0,39638
196.945000,325.367896,-1.95296,-1.34266,-0.48824,0.00659,0.16446,1.00089,0,0,39639
196.950000,325.367896,-1.70884,-1.70884,-0.61030,0.00781,0.16592,0.99479,0,0,39640
196.955000,325.381454,-1.15957,-1.95296,-0.73236,0.00781,0.16860,0.98844,0,0,39641
196.960000,325.381454,-0.36618,-1.89193,-0.91545,0.01049,0.17031,0.98112,0,0,39642
196.965000,325.381454,0.91545,-1.46472,-0.85442,0.01391,0.17007,0.97868,0,0,39643
196.970000,325.396651,1.58678,-1.22060,-0.73236,0.01513,0.17080,0.98015,0,0,39644
196.975000,325.396651,2.01399,-0.67133,-0.67133,0.01318,0.17251,0.98381,0,0,39645
196.980000,325.396651,1.40369,-0.06103,-0.61030,0.01415,0.17495,0.99064,0,0,39646
196.985000,325.411867,-0.79339,0.30515,-0.61030,0.01781,0.17397,0.99552,0,0,39647
196.990000,325.411867,-2.86841,0.42721,-0.54927,0.01684,0.17275,1.00040,0,0,39648
196.995000,325.411867,-4.82137,0.61030,-0.61030,0.01440,0.17153,1.00308,0,0,39649
197.000000,325.426829,-6.10300,0.73236,-0.73236,0.01000,0.16934,1.00479,0,0,39650
197.005000,325.426829,-6.34712,0.61030,-0.91545,0.00586,0.16665,1.00333,0,0,39651
197.010000,325.426829,-5.24858,-0.06103,-1.09854,0.00512,0.16421,1.00064,0,0,39652
197.015000,325.441483,-3.41768,-0.73236,-1.15957,0.00488,0.16177,0.99454,0,0,39653
197.020000,325.441483,-1.15957,-1.46472,-0.91545,0.00610,0.16031,0.98625,0,0,39654
197.025000,325.441483,0.85442,-1.89193,-0.42721,0.00708,0.15860,0.98039,0,0,39655
197.030000,325.456866,2.50223,-2.07502,0.24412,0.00683,0.15811,0.97649,0,0,39656
197.035000,325.456866,4.08901,-2.25811,0.54927,0.00390,0.15884,0.97063,0,0,39657
197.040000,325.456866,4.57725,-2.01399,0.61030,0.00390,0.15933,0.96844,0,0,39658
197.045000,325.471617,4.21107,-1.52575,0.85442,0.00439,0.15909,0.97210,0,0,39659
197.050000,325.471617,3.11253,-0.85442,0.79339,0.00439,0.15860,0.97917,0,0,39660
197.055000,325.471617,1.70884,-0.30515,0.48824,0.00317,0.16031,0.98674,0,0,39661
197.060000,325.486538,0.00000,0.24412,-0.06103,0.00415,0.15958,0.99332,0,0,39662
197.065000,325.486538,-1.95296,0.67133,-0.54927,0.00634,0.15909,0.99747,0,0,39663
197.070000,325.486538,-2.92944,0.67133,-0.67133,0.00830,0.16177,1.00064,0,0,39664
197.075000,325.501499,-3.23459,0.24412,-0.67133,0.00830,0.16397,0.99869,0,0,39665
197.080000,325.501499,-3.17356,-0.06103,-0.54927,0.00756,0.16421,0.99528,0,0,39666
197.085000,325.501499,-2.80738,-0.42721,-0.48824,0.00756,0.16372,0.98869,0,0,39667
197.090000,325.516922,-2.56326,-0.36618,-0.73236,0.00927,0.16275,0.97893,0,0,39668
197.095000,325.516922,-2.38017,0.00000,-0.67133,0.01122,0.16177,0.97063,0,0,39669
197.100000,325.516922,-2.07502,0.36618,-0.48824,0.01122,0.16202,0.96892,0,0,39670
197.105000,325.531868,-1.58678,0.67133,-0.30515,0.00952,0.16226,0.97014,0,0,39671
197.110000,325.531868,-0.54927,0.67133,-0.30515,0.00732,0.16250,0.97478,0,0,39672
197.115000,325.531868,0.30515,0.61030,-0.61030,0.00781,0.16348,0.97990,0,0,39673
197.120000,325.546489,1.03751,0.48824,-0.91545,0.00927,0.16641,0.98674,0,0,39674
197.125000,325.546489,1.40369,0.30515,-0.97648,0.01171,0.16738,0.99284,0,0,39675
197.130000,325.546489,1.52575,0.12206,-0.91545,0.01318,0.16909,0.99625,0,0,39676
197.135000,325.576541,1.22060,-0.12206,-0.97648,0.01074,0.17275,0.99772,0,0,39677
197.140000,325.576541,0.48824,-0.06103,-0.97648,0.00927,0.17568,0.99796,0,0,39678
197.145000,325.576541,-0.36618,0.30515,-0.54927,0.01074,0.17690,0.99894,0,0,39679
197.150000,325.577902,-1.34266,0.61030,0.00000,0.01098,0.17544,1.00016,0,0,39680
197.155000,325.577902,-1.89193,0.42721,0.36618,0.00952,0.17275,0.99772,0,0,39681
197.160000,325.577902,-1.89193,0.06103,0.36618,0.00659,0.17104,0.99528,0,0,39682
197.165000,325.591805,-1.28163,-0.18309,0.42721,0.00464,0.16982,0.99137,0,0,39683
197.170000,325.591805,0.18309,-0.61030,0.36618,0.00732,0.16836,0.98552,0,0,39684
197.175000,325.591805,1.22060,-0.61030,0.18309,0.01269,0.16690,0.98234,0,0,39685
197.180000,325.606524,1.52575,-0.54927,0.06103,0.01440,0.16787,0.98308,0,0,39686
197.185000,325.606524,1.64781,-0.42721,0.06103,0.01269,0.17104,0.98356,0,0,39687
197.190000,325.606524,1.03751,-0.12206,-0.12206,0.01488,0.17348,0.98259,0,0,39688
197.195000,325.621752,0.18309,0.24412,-0.12206,0.01806,0.17544,0.98649,0,0,39689
197.200000,325.621752,-0.91545,0.85442,-0.18309,0.01830,0.17934,0.99430,0,0,39690
197.205000,325.621752,-2.56326,1.58678,-0.36618,0.01903,0.18300,1.00333,0,0,39691
197.210000,325.636670,-3.17356,2.01399,-0.42721,0.02123,0.18398,1.00967,0,0,39692
197.215000,325.636670,-5.30961,2.50223,-0.24412,0.02172,0.18593,1.02090,0,0,39693
197.220000,325.636670,-7.14051,2.74635,-0.24412,0.01806,0.18642,1.02968,0,0,39694
197.225000,325.651418,-8.84935,2.38017,-0.18309,0.01488,0.18398,1.03261,0,0,39695
197.230000,325.651418,-9.58171,2.19708,-0.36618,0.01244,0.18129,1.03188,0,0,39696
197.235000,325.651418,-9.45965,1.70884,-0.61030,0.01025,0.18300,1.02919,0,0,39697
197.240000,325.666751,-8.78832,1.15957,-0.79339,0.00805,0.18349,1.02407,0,0,39698
197.245000,325.666751,-7.81184,0.73236,-0.61030,0.00756,0.18422,1.01650,0,0,39699
197.250000,325.666751,-6.46918,0.42721,-0.12206,0.00781,0.18471,1.01016,0,0,39700
197.255000,325.681842,-5.00446,0.36618,0.42721,0.00781,0.18202,1.00528,0,0,39701
197.260000,325.681842,-3.35665,0.24412,1.28163,0.00878,0.17568,1.00040,0,0,39702
197.265000,325.681842,-2.07502,0.00000,2.56326,0.00976,0.16958,0.99772,0,0,39703
197.270000,325.696521,-0.48824,-0.12206,3.78386,0.00952,0.16104,0.99845,0,0,39704
197.275000,325.696521,1.22060,-0.24412,4.39416,0.01074,0.14762,1.00162,0,0,39705
197.280000,325.696521,2.86841,-0.48824,4.51622,0.01171,0.13713,1.00674,0,0,39706
197.285000,325.711468,4.02798,-0.85442,4.02798,0.00903,0.13274,1.01333,0,0,39707
197.290000,325.711468,4.15004,-1.09854,2.99047,0.00561,0.13078,1.02236,0,0,39708
197.295000,325.711468,3.29562,-1.09854,1.46472,0.00952,0.13249,1.02822,0,0,39709
197.300000,325.726880,1.76987,-0.97648,0.18309,0.01025,0.13835,1.03554,0,0,39710
197.305000,325.726880,0.06103,-0.97648,-0.97648,0.00732,0.14640,1.03920,0,0,39711
197.310000,325.726880,-2.19708,-1.09854,-2.01399,0.00561,0.15494,1.03773,0,0,39712
197.315000,325.741770,-3.72283,-1.46472,-2.56326,0.00512,0.16324,1.03310,0,0,39713
197.320000,325.741770,-4.63828,-1.76987,-2.99047,0.00537,0.17373,1.02480,0,0,39714
197.325000,325.741770,-4.69931,-1.89193,-3.05150,0.00586,0.18276,1.01650,0,0,39715
197.325000,325.756504,-4.33313,-1.95296,-2.74635,0.00708,0.18715,1.01065,0,0,39716
197.330000,325.756504,-3.47871,-2.07502,-1.76987,0.00952,0.19008,1.00235,0,0,39717
197.335000,325.756504,-2.56326,-2.31914,-0.79339,0.01293,0.18764,0.99430,0,0,39718
197.340000,325.771655,-1.22060,-2.56326,0.54927,0.01635,0.18471,0.98576,0,0,39719
197.345000,325.771655,-0.30515,-2.50223,1.52575,0.01708,0.18105,0.97917,0,0,39720
197.350000,325.771655,-0.24412,-1.95296,2.56326,0.01684,0.17470,0.97820,0,0,39721
197.355000,325.786791,-0.48824,-1.40369,3.11253,0.01635,0.16909,0.97917,0,0,39722
197.360000,325.786791,-1.28163,-0.79339,3.35665,0.01659,0.15811,0.98064,0,0,39723
197.365000,325.786791,-1.95296,-0.85442,3.29562,0.01903,0.14884,0.98210,0,0,39724
197.370000,325.801855,-2.50223,-1.03751,2.99047,0.01854,0.14225,0.98308,0,0,39725
197.375000,325.801855,-2.25811,-1.09854,2.86841,0.01586,0.13859,0.98039,0,0,39726
197.380000,325.801855,-1.52575,-1.46472,2.68532,0.01610,0.13371,0.97673,0,0,39727
197.385000,325.816515,-0.36618,-1.76987,2.44120,0.01781,0.13054,0.97283,0,0,39728
197.390000,325.816515,0.97648,-2.13605,2.07502,0.01903,0.12834,0.96648,0,0,39729
197.395000,325.816515,2.19708,-2.38017,1.76987,0.01952,0.12908,0.96160,0,0,39730
197.400000,325.831813,2.74635,-2.19708,1.83090,0.01854,0.13420,0.95941,0,0,39731
197.405000,325.831813,2.07502,-1.22060,2.07502,0.01415,0.13762,0.96014,0,0,39732
197.410000,325.831813,0.73236,-0.12206,2.38017,0.01025,0.13664,0.96526,0,0,39733
197.415000,325.846536,-1.03751,0.97648,2.44120,0.01000,0.13347,0.97454,0,0,39734
197.420000,325.846536,-2.38017,1.52575,2.19708,0.00976,0.12908,0.98283,0,0,39735
197.425000,325.846536,-2.99047,1.58678,1.95296,0.01000,0.12322,0.98893,0,0,39736
197.430000,325.861559,-2.86841,1.52575,1.83090,0.01098,0.11468,0.99552,0,0,39737
197.435000,325.861559,-1.22060,1.15957,1.70884,0.01147,0.10931,1.00186,0,0,39738
197.440000,325.861559,0.91545,0.18309,1.46472,0.01147,0.10834,1.00455,0,0,39739
197.445000,325.876439,2.56326,-0.67133,1.15957,0.00927,0.11004,1.00357,0,0,39740
197.450000,325.876439,4.69931,-1.64781,0.79339,0.00488,0.11419,0.99991,0,0,39741
197.455000,325.876439,5.49270,-1.95296,0.54927,0.00146,0.11956,0.99772,0,0,39742
197.460000,325.891540,5.37064,-1.95296,0.24412,-0.00024,0.12395,0.99552,0,0,39743
197.465000,325.891540,4.21107,-1.76987,-0.06103,-0.00098,0.12908,0.99137,0,0,39744
197.470000,325.891540,2.13605,-1.15957,-0.42721,-0.00317,0.13103,0.98966,0,0,39745
197.475000,325.906497,-1.03751,-0.06103,-0.79339,-0.00439,0.13249,0.99235,0,0,39746
197.480000,325.906497,-2.92944,0.54927,-0.91545,-0.00415,0.13225,0.99894,0,0,39747
197.485000,325.906497,-4.02798,0.79339,-1.28163,-0.00146,0.13249,1.00552,0,0,39748
197.490000,325.921562,-4.27210,0.61030,-1.64781,0.00171,0.13322,1.01040,0,0,39749
197.495000,325.921562,-3.60077,0.06103,-1.83090,0.00366,0.13591,1.01358,0,0,39750
197.500000,325.921562,-2.01399,-1.03751,-1.46472,0.00342,0.14079,1.01284,0,0,39751
197.505000,325.936539,-0.85442,-2.01399,-1.03751,0.00488,0.14616,1.00845,0,0,39752
197.510000,325.936539,-0.06103,-2.56326,-0.54927,0.00732,0.15055,1.00016,0,0,39753
197.515000,325.936539,0.24412,-2.56326,-0.18309,0.00854,0.15299,0.99235,0,0,39754
197.520000,325.951914,-0.30515,-1.95296,0.00000,0.00756,0.15177,0.98918,0,0,39755
197.525000,325.951914,-2.13605,-1.15957,0.00000,0.01049,0.14835,0.99040,0,0,39756
197.530000,325.951914,-5.43167,0.12206,-0.42721,0.01122,0.14738,0.99162,0,0,39757
197.535000,325.966884,-7.93390,1.40369,-1.09854,0.01025,0.14664,0.99308,0,0,39758
197.540000,325.966884,-9.64274,2.31914,-1.46472,0.01318,0.13981,0.99576,0,0,39759
197.545000,325.966884,-10.19201,2.38017,-1.64781,0.01440,0.13396,0.99942,0,0,39760
197.550000,325.981532,-9.21553,2.01399,-1.70884,0.01293,0.13054,0.99918,0,0,39761
197.555000,325.981532,-6.28609,1.09854,-2.13605,0.01318,0.13225,0.99406,0,0,39762
197.560000,325.981532,-3.47871,0.48824,-2.38017,0.01635,0.13688,0.99186,0,0,39763
197.565000,325.996659,-2.31914,0.18309,-2.44120,0.01830,0.14103,0.99064,0,0,39764
197.570000,325.996659,-1.83090,-0.06103,-2.44120,0.01659,0.15104,0.99015,0,0,39765
197.575000,325.996659,-2.31914,0.06103,-2.68532,0.01684,0.15909,0.98966,0,0,39766
197.580000,326.011485,-3.78386,0.48824,-2.38017,0.01635,0.16250,0.99088,0,0,39767
197.585000,326.011485,-5.00446,0.73236,-2.07502,0.01366,0.16421,0.99210,0,0,39768
197.590000,326.011485,-5.55373,0.79339,-2.13605,0.01415,0.16299,0.99381,0,0,39769
197.590000,326.026604,-5.18755,0.73236,-2.25811,0.01635,0.16299,0.99357,0,0,39770
197.595000,326.026604,-3.66180,-0.06103,-1.89193,0.02001,0.16372,0.98942,0,0,39771
197.600000,326.026604,-2.44120,-0.48824,-1.22060,0.02050,0.16909,0.98332,0,0,39772
197.605000,326.041827,-1.52575,-0.30515,-0.67133,0.02342,0.17300,0.98137,0,0,39773
197.610000,326.041827,-0.97648,-0.36618,-0.54927,0.02562,0.17666,0.98137,0,0,39774
197.615000,326.041827,-1.15957,-0.67133,-0.18309,0.02318,0.17934,0.97795,0,0,39775
197.620000,326.056544,-1.58678,-0.85442,0.18309,0.01781,0.17812,0.97478,0,0,39776
197.625000,326.056544,-1.89193,-0.67133,0.24412,0.01464,0.18129,0.96624,0,0,39777
197.630000,326.056544,-1.40369,-0.24412,0.30515,0.01513,0.17641,0.96282,0,0,39778
197.635000,326.071870,0.00000,0.30515,0.85442,0.01659,0.16909,0.96087,0,0,39779
197.640000,326.071870,1.34266,0.73236,1.22060,0.02025,0.16421,0.96063,0,0,39780
197.645000,326.071870,2.07502,1.28163,1.03751,0.02001,0.16055,0.96526,0,0,39781
197.650000,326.086618,2.68532,1.40369,0.73236,0.02001,0.15836,0.96844,0,0,39782
197.655000,326.086618,3.96695,1.15957,0.67133,0.01928,0.15738,0.97039,0,0,39783
197.660000,326.086618,4.57725,0.79339,1.28163,0.01854,0.15884,0.96966,0,0,39784
197.665000,326.101672,5.12652,0.61030,1.83090,0.02098,0.15836,0.96966,0,0,39785
197.670000,326.101672,4.27210,1.76987,1.89193,0.01903,0.15933,0.97478,0,0,39786
197.675000,326.101672,2.99047,2.44120,1.70884,0.01854,0.16104,0.98430,0,0,39787
197.680000,326.116676,1.95296,2.74635,1.52575,0.01952,0.16031,0.99162,0,0,39788
197.685000,326.116676,0.54927,3.17356,1.09854,0.01854,0.15836,1.00382,0,0,39789
197.690000,326.116676,-0.61030,2.99047,0.54927,0.01342,0.15860,1.01626,0,0,39790
197.695000,326.132184,-1.03751,2.44120,-0.06103,0.01000,0.16006,1.02382,0,0,39791
197.700000,326.132184,-0.85442,1.58678,-0.54927,0.01171,0.16055,1.02382,0,0,39792
197.705000,326.132184,-0.06103,0.91545,-0.61030,0.01244,0.16153,1.02114,0,0,39793
197.705000,326.146588,0.73236,0.54927,-0.54927,0.01293,0.16177,1.01797,0,0,39794
197.710000,326.146588,2.07502,0.18309,0.12206,0.01196,0.16348,1.01016,0,0,39795
197.715000,326.146588,2.74635,0.06103,0.97648,0.01464,0.16226,1.00260,0,0,39796
197.720000,326.161800,2.92944,0.06103,1.83090,0.01830,0.15958,0.99357,0,0,39797
197.725000,326.161800,2.56326,0.42721,2.62429,0.01610,0.15787,0.98991,0,0,39798
197.730000,326.161800,2.19708,1.03751,2.99047,0.01196,0.15543,0.99259,0,0,39799
197.735000,326.176493,1.89193,1.46472,3.11253,0.00952,0.15177,0.99625,0,0,39800
197.740000,326.176493,1.52575,1.95296,3.05150,0.00732,0.14372,1.00357,0,0,39801
197.745000,326.176493,1.34266,1.95296,2.56326,0.00805,0.13640,1.01065,0,0,39802
197.750000,326.191856,0.73236,1.64781,1.95296,0.00756,0.13030,1.01943,0,0,39803
197.755000,326.191856,-0.18309,1.34266,1.58678,0.00732,0.12688,1.02578,0,0,39804
197.760000,326.191856,-0.61030,0.73236,1.09854,0.00854,0.12542,1.02334,0,0,39805
197.765000,326.206459,-0.67133,0.24412,0.54927,0.01025,0.12566,1.01797,0,0,39806
197.770000,326.206459,-0.30515,-0.36618,0.36618,0.01049,0.12590,1.01211,0,0,39807
197.775000,326.206459,1.09854,-0.85442,0.48824,0.00976,0.12834,1.00772,0,0,39808
197.780000,326.221633,2.19708,-1.09854,0.18309,0.00976,0.13176,1.00333,0,0,39809
197.785000,326.221633,2.86841,-1.15957,-0.30515,0.00854,0.13884,1.00089,0,0,39810
197.790000,326.221633,2.86841,-1.03751,-0.42721,0.00610,0.14323,1.00162,0,0,39811
197.795000,326.236622,2.62429,-0.79339,-0.30515,0.00659,0.14494,1.00284,0,0,39812
197.800000,326.236622,2.07502,-0.24412,0.06103,0.00659,0.14323,1.00845,0,0,39813
197.805000,326.236622,1.34266,-0.12206,0.48824,0.00342,0.14054,1.01455,0,0,39814
197.810000,326.251644,0.30515,-0.12206,0.61030,-0.00024,0.13713,1.01797,0,0,39815
197.815000,326.251644,-0.30515,-0.24412,0.54927,-0.00268,0.13298,1.01870,0,0,39816
197.820000,326.251644,-0.54927,-0.61030,0.06103,-0.00342,0.12810,1.01602,0,0,39817
197.820000,326.266622,-0.36618,-0.91545,-0.54927,-0.00366,0.12566,1.01187,0,0,39818
197.825000,326.266622,0.12206,-1.22060,-1.40369,-0.00268,0.12371,1.00577,0,0,39819
197.830000,326.266622,0.79339,-1.46472,-2.19708,-0.00024,0.12615,0.99528,0,0,39820
197.835000,326.281416,1.70884,-1.64781,-2.38017,0.00220,0.13103,0.98600,0,0,39821
197.840000,326.281416,2.62429,-1.46472,-1.89193,0.00488,0.13566,0.98039,0,0,39822
197.845000,326.281416,3.66180,-1.58678,-1.64781,0.00683,0.14298,0.97527,0,0,39823
197.850000,326.296865,4.15004,-1.40369,-1.40369,0.00683,0.14982,0.97380,0,0,39824
197.855000,326.296865,4.57725,-1.09854,-0.91545,0.00537,0.15958,0.97649,0,0,39825
197.860000,326.296865,4.76034,-0.24412,0.00000,0.00732,0.16446,0.98308,0,0,39826
197.865000,326.311847,4.08901,0.42721,0.97648,0.01171,0.16128,0.99430,0,0,39827
197.870000,326.311847,2.99047,0.85442,1.64781,0.01244,0.15396,1.00845,0,0,39828
197.875000,326.311847,1.52575,1.03751,1.95296,0.00830,0.14469,1.02138,0,0,39829
197.880000,326.326491,0.36618,1.15957,1.89193,0.00659,0.13859,1.02846,0,0,39830
197.885000,326.326491,-0.97648,0.85442,1.22060,0.00634,0.13078,1.03529,0,0,39831
197.890000,326.326491,-1.83090,0.48824,0.61030,0.00634,0.12468,1.03676,0,0,39832
197.895000,326.341485,-2.56326,-0.06103,0.24412,0.00586,0.12224,1.03456,0,0,39833
197.900000,326.341485,-2.80738,-0.42721,0.18309,0.00903,0.12029,1.02773,0,0,39834
197.905000,326.341485,-2.99047,-0.67133,0.12206,0.00854,0.12054,1.02065,0,0,39835
197.910000,326.356383,-3.11253,-0.79339,0.12206,0.00537,0.12054,1.01602,0,0,39836
197.915000,326.356383,-2.62429,-0.73236,-0.18309,0.00512,0.12176,1.00821,0,0,39837
197.920000,326.356383,-2.38017,-0.30515,-0.67133,0.00512,0.12127,1.00430,0,0,39838
197.925000,326.371834,-2.13605,0.18309,-1.09854,0.00464,0.12200,1.00674,0,0,39839
197.930000,326.371834,-1.58678,0.18309,-1.52575,0.00561,0.12420,1.00943,0,0,39840
197.935000,326.371834,-0.79339,-0.18309,-2.13605,0.00634,0.12786,1.01406,0,0,39841
197.940000,326.386719,0.18309,-0.67133,-2.62429,0.00610,0.13274,1.01870,0,0,39842
197.945000,326.386719,1.09854,-0.91545,-2.99047,0.00537,0.13737,1.02236,0,0,39843
197.950000,326.386719,1.64781,-1.64781,-3.11253,0.00927,0.14103,1.02138,0,0,39844
197.955000,326.401415,1.95296,-1.95296,-3.05150,0.01147,0.14640,1.02163,0,0,39845
197.960000,326.401415,1.83090,-2.38017,-2.74635,0.00878,0.15323,1.01894,0,0,39846
197.965000,326.401415,1.46472,-2.62429,-2.68532,0.00903,0.15543,1.01602,0,0,39847
197.970000,326.416552,1.22060,-2.86841,-2.68532,0.00903,0.15616,1.01553,0,0,39848
197.975000,326.416552,1.52575,-3.05150,-2.74635,0.00878,0.15762,1.01284,0,0,39849
197.980000,326.416552,2.38017,-3.66180,-2.74635,0.01806,0.15226,1.00577,0,0,39850
197.985000,326.431581,3.35665,-4.33313,-3.11253,0.01196,0.15470,0.99332,0,0,39851
197.990000,326.431581,4.08901,-4.76034,-3.23459,0.00952,0.15494,0.98308,0,0,39852
197.995000,326.431581,3.90592,-4.51622,-3.11253,0.01757,0.15372,0.97405,0,0,39853
198.000000,326.446909,3.47871,-3.96695,-3.23459,0.02294,0.15494,0.96917,0,0,39854
198.005000,326.446909,1.89193,-2.99047,-3.96695,0.02342,0.15982,0.96624,0,0,39855
198.010000,326.446909,0.42721,-2.25811,-4.45519,0.02196,0.16446,0.96478,0,0,39856
198.015000,326.461598,-0.85442,-1.64781,-4.51622,0.02147,0.17007,0.96575,0,0,39857
198.020000,326.461598,-2.07502,-1.15957,-4.33313,0.02220,0.17300,0.96575,0,0,39858
198.025000,326.461598,-2.44120,-0.79339,-4.39416,0.02269,0.17763,0.96770,0,0,39859
198.025000,326.476871,-2.56326,-0.54927,-4.33313,0.02050,0.18129,0.96868,0,0,39860
198.030000,326.476871,-2.50223,-0.30515,-3.96695,0.02074,0.18373,0.96819,0,0,39861
198.035000,326.476871,-2.13605,-0.18309,-3.41768,0.02391,0.18446,0.96819,0,0,39862
198.040000,326.491795,-1.58678,-0.18309,-2.68532,0.02684,0.18398,0.96746,0,0,39863
198.045000,326.491795,-0.73236,-0.61030,-1.95296,0.02830,0.18178,0.96307,0,0,39864
198.050000,326.491795,0.24412,-0.79339,-1.28163,0.02928,0.17885,0.95965,0,0,39865
198.055000,326.506865,0.73236,-0.79339,-0.91545,0.02928,0.17617,0.95672,0,0,39866
198.060000,326.506865,1.28163,-0.48824,-0.73236,0.02952,0.17251,0.95404,0,0,39867
198.065000,326.506865,1.09854,0.12206,-0.73236,0.03123,0.17031,0.95477,0,0,39868
198.070000,326.521555,0.79339,0.54927,-0.67133,0.03611,0.16812,0.95672,0,0,39869
198.075000,326.521555,0.67133,1.09854,-0.54927,0.03928,0.16885,0.96331,0,0,39870
198.080000,326.521555,0.48824,1.58678,-0.36618,0.03806,0.17275,0.97136,0,0,39871
198.085000,326.536578,0.42721,1.76987,-0.18309,0.03562,0.17617,0.97527,0,0,39872
198.090000,326.536578,0.36618,1.76987,0.18309,0.03294,0.17983,0.98088,0,0,39873
198.095000,326.536578,0.24412,1.76987,0.61030,0.03099,0.18154,0.98722,0,0,39874
198.100000,326.551649,0.42721,1.58678,1.15957,0.02757,0.18105,0.99137,0,0,39875
198.105000,326.551649,0.73236,1.46472,1.52575,0.02342,0.17910,0.99406,0,0,39876
198.110000,326.551649,0.67133,1.52575,1.70884,0.01952,0.17714,0.99820,0,0,39877
198.115000,326.566560,0.79339,1.58678,2.01399,0.01830,0.17251,1.00113,0,0,39878
198.120000,326.566560,0.91545,1.89193,2.31914,0.01635,0.16250,1.00260,0,0,39879
198.125000,326.566560,0.73236,1.83090,2.44120,0.01464,0.15250,1.00333,0,0,39880
198.130000,326.581466,0.73236,1.70884,2.38017,0.01342,0.14591,1.00308,0,0,39881
198.135000,326.581466,0.67133,1.58678,2.31914,0.01220,0.13957,1.00333,0,0,39882
198.140000,326.581466,0.79339,1.46472,1.76987,0.01293,0.13396,1.00186,0,0,39883
198.145000,326.596585,1.03751,1.28163,1.22060,0.01488,0.13298,0.99796,0,0,39884
198.150000,326.596585,1.52575,0.91545,0.97648,0.01391,0.13396,0.99601,0,0,39885
198.155000,326.596585,2.25811,0.67133,0.97648,0.01196,0.13664,0.99650,0,0,39886
198.160000,326.611863,2.74635,0.91545,0.54927,0.01244,0.13810,0.99918,0,0,39887
198.165000,326.611863,2.74635,0.97648,0.12206,0.01391,0.13932,1.00382,0,0,39888
198.170000,326.611863,2.86841,0.79339,-0.24412,0.01293,0.14323,1.00821,0,0,39889
198.175000,326.626560,2.86841,0.48824,-0.61030,0.01122,0.14689,1.01162,0,0,39890
198.180000,326.626560,2.80738,0.24412,-0.79339,0.01122,0.15152,1.01724,0,0,39891
198.185000,326.626560,2.50223,0.18309,-1.03751,0.01196,0.15421,1.01748,0,0,39892
198.190000,326.641535,2.19708,0.18309,-1.34266,0.01147,0.15592,1.00479,0,0,39893
198.195000,326.641535,2.19708,0.61030,-1.40369,0.01000,0.16128,1.00430,0,0,39894
198.200000,326.641535,1.95296,1.22060,-1.09854,0.01440,0.15933,1.01455,0,0,39895
198.200000,326.656578,1.46472,1.22060,-0.79339,0.01659,0.16128,1.01114,0,0,39896
198.205000,326.656578,1.09854,0.61030,-0.73236,0.01781,0.16909,1.00455,0,0,39897
198.210000,326.656578,0.42721,0.30515,-0.30515,0.01781,0.16812,1.00894,0,0,39898
198.215000,326.671442,0.36618,0.00000,0.79339,0.01659,0.16885,1.00674,0,0,39899
198.220000,326.671442,0.97648,-0.24412,1.46472,0.01708,0.16934,1.00308,0,0,39900
198.225000,326.671442,1.64781,-0.48824,1.76987,0.01732,0.16641,0.99967,0,0,39901
198.230000,326.686566,2.31914,-0.61030,1.76987,0.01513,0.16543,0.99772,0,0,39902
198.235000,326.686566,3.17356,-0.61030,1.70884,0.01000,0.16616,0.99406,0,0,39903
198.240000,326.686566,3.96695,-0.61030,1.83090,0.00878,0.16665,0.99210,0,0,39904
198.245000,326.701549,5.37064,-0.91545,2.01399,0.00903,0.16616,0.99015,0,0,39905
198.250000,326.701549,6.40815,-0.61030,2.07502,0.00854,0.16397,0.99210,0,0,39906
198.255000,326.701549,6.53021,-0.06103,2.38017,0.00830,0.15982,0.99991,0,0,39907
198.260000,326.716884,5.67579,0.61030,2.62429,0.00732,0.15201,1.01016,0,0,39908
198.265000,326.716884,4.08901,1.15957,2.44120,0.00659,0.14030,1.02529,0,0,39909
198.270000,326.716884,2.19708,1.46472,2.07502,0.00586,0.13103,1.03505,0,0,39910
198.275000,326.731807,-0.06103,1.46472,1.40369,0.00610,0.12468,1.04115,0,0,39911
198.280000,326.731807,-3.17356,1.52575,0.48824,0.00244,0.12322,1.04603,0,0,39912
198.285000,326.731807,-5.30961,1.70884,-0.24412,-0.00244,0.12371,1.05018,0,0,39913
198.290000,326.746495,-6.40815,1.64781,-0.91545,-0.00390,0.12420,1.05140,0,0,39914
198.295000,326.746495,-7.26257,1.15957,-1.95296,-0.00561,0.12737,1.05237,0,0,39915
198.300000,326.746495,-6.89639,0.36618,-2.44120,-0.00952,0.12981,1.05310,0,0,39916
198.305000,326.761330,-5.24858,-0.97648,-2.92944,-0.00952,0.13176,1.04871,0,0,39917
198.310000,326.761330,-3.72283,-2.13605,-2.92944,-0.00830,0.13420,1.04286,0,0,39918
198.315000,326.761330,-1.76987,-3.29562,-2.92944,-0.00610,0.13786,1.03554,0,0,39919
198.320000,326.776439,-0.30515,-4.21107,-2.86841,-0.00488,0.13957,1.02773,0,0,39920
198.325000,326.776439,2.13605,-5.49270,-2.68532,-0.00293,0.14103,1.01431,0,0,39921
198.330000,326.776439,3.41768,-5.85888,-2.44120,0.00024,0.14201,1.00333,0,0,39922
198.335000,326.791844,3.41768,-5.49270,-2.13605,0.00268,0.14250,0.99406,0,0,39923
198.340000,326.791844,2.44120,-4.57725,-2.19708,0.00561,0.14152,0.98966,0,0,39924
198.345000,326.791844,0.91545,-3.47871,-2.38017,0.00976,0.14152,0.99088,0,0,39925
198.345000,326.806561,-0.42721,-2.86841,-2.56326,0.01147,0.14030,0.99308,0,0,39926
198.350000,326.806561,-2.13605,-2.56326,-2.80738,0.01488,0.13884,0.99698,0,0,39927
198.355000,326.806561,-2.50223,-2.80738,-3.05150,0.01635,0.13713,0.99625,0,0,39928
198.360000,326.821571,-2.01399,-2.99047,-3.35665,0.01854,0.13420,0.99064,0,0,39929
198.365000,326.821571,-1.28163,-3.17356,-3.84489,0.02416,0.13347,0.98381,0,0,39930
198.370000,326.821571,-0.61030,-3.41768,-4.33313,0.02952,0.13664,0.97673,0,0,39931
198.375000,326.836726,-0.67133,-3.23459,-4.57725,0.03196,0.14225,0.97014,0,0,39932
198.380000,326.836726,-1.22060,-2.50223,-4.63828,0.03465,0.15226,0.96258,0,0,39933
198.385000,326.836726,-2.50223,-1.34266,-4.21107,0.03562,0.15982,0.96209,0,0,39934
198.390000,326.851865,-3.96695,-0.18309,-3.78386,0.03684,0.16372,0.96526,0,0,39935
198.395000,326.851865,-4.82137,0.54927,-3.53974,0.03416,0.16616,0.97161,0,0,39936
198.400000,326.851865,-4.57725,0.79339,-3.47871,0.03245,0.16787,0.97917,0,0,39937
198.405000,326.866528,-3.96695,0.85442,-3.35665,0.03294,0.16787,0.98332,0,0,39938
198.410000,326.866528,-2.62429,0.61030,-2.86841,0.03465,0.16568,0.98771,0,0,39939
198.415000,326.866528,0.06103,-0.12206,-1.95296,0.03294,0.16202,0.99186,0,0,39940
198.420000,326.881513,2.07502,-0.97648,-1.28163,0.02611,0.16153,0.99357,0,0,39941
198.425000,326.881513,3.60077,-1.89193,-0.91545,0.02538,0.16372,0.98991,0,0,39942
198.430000,326.881513,3.60077,-1.76987,-1.28163,0.03074,0.16690,0.98430,0,0,39943
198.435000,326.896751,2.74635,-1.15957,-1.28163,0.03148,0.16738,0.98112,0,0,39944
198.440000,326.896751,1.40369,-0.36618,-0.85442,0.03099,0.16372,0.98210,0,0,39945
198.445000,326.896751,0.67133,0.12206,-0.61030,0.02977,0.16153,0.98600,0,0,39946
198.450000,326.911864,0.48824,0.12206,-0.91545,0.02830,0.16202,0.98966,0,0,39947
198.455000,326.911864,0.85442,-0.24412,-1.34266,0.02708,0.16519,0.99064,0,0,39948
198.460000,326.911864,1.34266,-0.36618,-1.52575,0.02684,0.16836,0.99088,0,0,39949
198.465000,326.926579,1.64781,-0.36618,-1.22060,0.02635,0.17007,0.99162,0,0,39950
198.470000,326.926579,1.58678,-0.24412,-0.61030,0.02391,0.17007,0.99357,0,0,39951
198.475000,326.926579,1.28163,-0.61030,-0.36618,0.02245,0.16836,0.99332,0,0,39952
198.480000,326.941846,0.67133,-0.85442,-0.36618,0.02220,0.16690,0.99064,0,0,39953
198.485000,326.941846,0.00000,-0.79339,-0.36618,0.02147,0.16446,0.98942,0,0,39954
198.490000,326.941846,-0.67133,-0.48824,-0.67133,0.02172,0.16226,0.98942,0,0,39955
198.495000,326.956595,-1.22060,-0.24412,-1.09854,0.02269,0.15958,0.98722,0,0,39956
198.500000,326.956595,-1.28163,-0.24412,-1.40369,0.02074,0.15933,0.97942,0,0,39957
198.505000,326.956595,-0.61030,-0.06103,-1.40369,0.01928,0.16153,0.97600,0,0,39958
198.510000,326.971877,0.18309,0.12206,-1.15957,0.02074,0.16031,0.97893,0,0,39959
198.515000,326.971877,1.22060,0.18309,-0.85442,0.01976,0.16202,0.98039,0,0,39960
198.520000,326.971877,1.95296,0.06103,-0.67133,0.01708,0.16470,0.98259,0,0,39961
198.525000,326.986492,2.68532,-0.30515,-0.61030,0.01781,0.16568,0.98332,0,0,39962
198.530000,326.986492,3.53974,-0.73236,-0.73236,0.02123,0.16714,0.98430,0,0,39963
198.535000,326.986492,3.41768,-0.54927,-0.48824,0.02123,0.16714,0.98503,0,0,39964
198.540000,327.001562,2.68532,0.18309,0.06103,0.02050,0.16592,0.98576,0,0,39965
198.545000,327.001562,1.95296,0.48824,0.18309,0.01830,0.16348,0.98966,0,0,39966
198.550000,327.001562,1.34266,0.42721,0.12206,0.01562,0.16031,0.99186,0,0,39967
198.555000,327.016836,1.28163,0.18309,0.00000,0.01293,0.15933,0.98991,0,0,39968
198.560000,327.016836,1.76987,-0.36618,-0.12206,0.01293,0.16104,0.98674,0,0,39969
198.565000,327.016836,2.56326,-0.73236,-0.18309,0.01757,0.16324,0.97868,0,0,39970
198.570000,327.031860,3.05150,-0.61030,0.36618,0.02220,0.16153,0.98064,0,0,39971
198.575000,327.031860,3.35665,-0.79339,1.40369,0.02806,0.16568,0.97868,0,0,39972
198.580000,327.031860,2.38017,-0.18309,1.83090,0.02025,0.16641,0.98161,0,0,39973
198.585000,327.046806,0.97648,1.09854,1.22060,0.01440,0.16250,0.98234,0,0,39974
198.590000,327.046806,0.48824,1.76987,0.54927,0.01147,0.16055,0.98942,0,0,39975
198.595000,327.046806,0.18309,1.89193,0.48824,0.00952,0.16153,0.99991,0,0,39976
198.600000,327.061550,0.18309,1.46472,0.30515,0.00830,0.15958,1.00308,0,0,39977
198.605000,327.061550,0.24412,1.09854,-0.36618,0.00488,0.15811,1.00430,0,0,39978
198.610000,327.061550,0.30515,1.28163,-1.15957,0.00220,0.15909,1.00772,0,0,39979
198.615000,327.076848,0.42721,1.40369,-1.40369,0.00220,0.15884,1.01065,0,0,39980
198.620000,327.076848,0.79339,0.97648,-1.52575,0.00122,0.15860,1.01333,0,0,39981
198.625000,327.076848,1.15957,0.30515,-1.83090,-0.00098,0.15762,1.01284,0,0,39982
198.630000,327.091554,1.34266,-0.48824,-2.19708,-0.00171,0.15689,1.01065,0,0,39983
198.635000,327.091554,1.03751,-0.73236,-2.44120,-0.00049,0.15738,1.00845,0,0,39984
198.640000,327.091554,0.61030,-0.67133,-2.56326,0.00439,0.15616,1.00601,0,0,39985
198.645000,327.106543,0.06103,-0.42721,-2.25811,0.00927,0.15494,1.00382,0,0,39986
198.650000,327.106543,-0.36618,-0.24412,-1.70884,0.01220,0.15470,1.00601,0,0,39987
198.655000,327.106543,-0.54927,-0.06103,-1.03751,0.01537,0.15421,1.01040,0,0,39988
198.660000,327.121557,0.00000,-0.06103,-0.73236,0.01074,0.15494,1.01626,0,0,39989
198.665000,327.121557,1.70884,-0.79339,-0.54927,0.00683,0.15518,1.01772,0,0,39990
198.670000,327.121557,2.74635,-1.46472,-0.54927,0.00561,0.15762,1.01382,0,0,39991
198.675000,327.136541,2.86841,-1.64781,-0.79339,0.00927,0.15933,1.01187,0,0,39992
198.680000,327.136541,2.44120,-1.58678,-1.09854,0.01342,0.16006,1.00894,0,0,39993
198.685000,327.136541,1.76987,-1.52575,-1.34266,0.01293,0.16372,1.00455,0,0,39994
198.690000,327.151462,1.15957,-1.58678,-1.58678,0.01122,0.16714,1.00089,0,0,39995
198.695000,327.151462,0.54927,-1.28163,-1.76987,0.01171,0.16909,0.99747,0,0,39996
198.700000,327.151462,0.06103,-0.85442,-1.83090,0.01464,0.16885,0.99454,0,0,39997
198.705000,327.166809,-0.73236,-0.36618,-1.95296,0.01464,0.16763,0.99357,0,0,39998
198.710000,327.166809,-1.34266,-0.24412,-2.13605,0.01244,0.16543,0.99406,0,0,39999
198.715000,327.166809,-1.70884,-0.12206,-2.13605,0.01318,0.16348,0.99552,0,0,40000
198.720000,327.181526,-1.70884,-0.18309,-2.19708,0.01342,0.16250,0.99820,0,0,40001
198.725000,327.181526,-1.22060,-0.48824,-2.13605,0.01220,0.16226,0.99845,0,0,40002
198.730000,327.181526,-0.61030,-0.61030,-2.01399,0.01293,0.16226,0.99796,0,0,40003
198.735000,327.196443,-0.30515,-0.61030,-1.83090,0.01464,0.16372,0.99796,0,0,40004
198.740000,327.196443,0.24412,-1.03751,-1.64781,0.01440,0.16690,0.99454,0,0,40005
198.745000,327.196443,0.42721,-1.15957,-1.52575,0.01610,0.17007,0.99235,0,0,40006
198.750000,327.211734,0.79339,-1.22060,-1.52575,0.01708,0.17202,0.98869,0,0,40007
198.755000,327.211734,1.15957,-1.34266,-1.83090,0.01586,0.17495,0.98722,0,0,40008
198.760000,327.211734,1.34266,-1.34266,-2.01399,0.01488,0.17763,0.98649,0,0,40009
198.765000,327.226719,1.22060,-1.15957,-1.76987,0.01928,0.17812,0.98381,0,0,40010
198.770000,327.226719,0.91545,-0.85442,-1.34266,0.02123,0.17666,0.98381,0,0,40011
198.775000,327.226719,0.73236,-0.67133,-1.22060,0.02050,0.17617,0.98454,0,0,40012
198.780000,327.241856,0.48824,-0.42721,-1.15957,0.02147,0.17641,0.98503,0,0,40013
198.785000,327.241856,0.06103,-0.06103,-0.91545,0.02342,0.17666,0.98649,0,0,40014
198.790000,327.241856,-0.42721,0.06103,-0.61030,0.02342,0.17544,0.98893,0,0,40015
198.790000,327.256525,-0.61030,0.06103,-0.48824,0.02269,0.17495,0.98966,0,0,40016
198.795000,327.256525,-0.30515,0.00000,-0.61030,0.01952,0.17568,0.98869,0,0,40017
198.800000,327.256525,0.18309,-0.12206,-0.73236,0.01732,0.17763,0.98625,0,0,40018
198.805000,327.271549,0.48824,-0.06103,-0.79339,0.01732,0.17836,0.98576,0,0,40019
198.810000,327.271549,0.42721,0.18309,-0.73236,0.01854,0.17885,0.98722,0,0,40020
198.815000,327.271549,-0.30515,0.67133,-0.61030,0.01830,0.18154,0.98771,0,0,40021
198.820000,327.286593,-0.91545,0.61030,-0.36618,0.01732,0.18300,0.98747,0,0,40022
198.825000,327.286593,-1.34266,1.03751,0.36618,0.01757,0.18324,0.99113,0,0,40023
198.830000,327.286593,-1.15957,1.15957,0.91545,0.01708,0.17885,0.99576,0,0,40024
198.835000,327.301783,-0.48824,1.28163,1.09854,0.01586,0.17446,0.99894,0,0,40025
198.840000,327.301783,0.24412,0.97648,0.91545,0.01586,0.17007,1.00186,0,0,40026
198.845000,327.301783,0.97648,0.61030,0.97648,0.01684,0.16738,1.00406,0,0,40027
198.850000,327.316592,1.52575,0.12206,1.09854,0.01854,0.16372,1.00577,0,0,40028
198.855000,327.316592,1.83090,-0.24412,1.22060,0.02098,0.15836,1.00504,0,0,40029
198.860000,327.316592,1.64781,-0.48824,1.15957,0.02050,0.15494,1.00504,0,0,40030
198.865000,327.331503,0.91545,-0.42721,0.91545,0.01976,0.15445,1.00577,0,0,40031
198.870000,327.331503,0.06103,-0.36618,0.42721,0.01854,0.15518,1.00430,0,0,40032
198.875000,327.331503,-0.54927,-0.30515,-0.24412,0.01464,0.15543,1.00260,0,0,40033
198.880000,327.346849,-0.79339,-0.12206,-0.67133,0.01684,0.15665,1.00382,0,0,40034
198.885000,327.346849,-0.79339,-0.06103,-1.03751,0.02123,0.15884,1.00455,0,0,40035
198.890000,327.346849,-0.61030,-0.36618,-1.40369,0.02220,0.16299,1.00552,0,0,40036
198.895000,327.361846,-0.48824,-0.73236,-1.40369,0.02001,0.16787,1.00504,0,0,40037
198.900000,327.361846,-0.24412,-0.91545,-1.40369,0.01928,0.17397,1.00211,0,0,40038
198.905000,327.361846,-0.24412,-1.09854,-1.28163,0.02001,0.17592,0.99747,0,0,40039
198.910000,327.376668,-0.54927,-0.91545,-1.22060,0.01928,0.17739,0.99430,0,0,40040
198.915000,327.376668,-1.22060,-0.54927,-1.09854,0.01952,0.17836,0.99235,0,0,40041
198.920000,327.376668,-1.70884,-0.30515,-1.03751,0.02294,0.17690,0.99015,0,0,40042
198.925000,327.391760,-2.01399,-0.42721,-0.97648,0.02391,0.17495,0.98674,0,0,40043
198.930000,327.391760,-2.01399,-0.42721,-0.91545,0.02513,0.17300,0.98381,0,0,40044
198.935000,327.391760,-1.58678,-0.54927,-0.48824,0.02660,0.17275,0.98283,0,0,40045
198.940000,327.406517,-0.67133,-0.73236,0.00000,0.02538,0.17348,0.98283,0,0,40046
198.945000,327.406517,0.24412,-0.85442,0.18309,0.02245,0.17568,0.97942,0,0,40047
198.950000,327.406517,1.15957,-0.91545,0.24412,0.02172,0.17836,0.97527,0,0,40048
198.955000,327.421490,1.46472,-0.48824,0.48824,0.02416,0.17885,0.97405,0,0,40049
198.960000,327.421490,0.85442,0.12206,0.67133,0.02611,0.17739,0.97600,0,0,40050
198.965000,327.421490,0.00000,0.73236,0.42721,0.02318,0.17739,0.98137,0,0,40051
198.970000,327.436596,-0.61030,1.09854,0.12206,0.02172,0.17714,0.98576,0,0,40052
198.975000,327.436596,-1.28163,1.46472,-0.12206,0.02342,0.17861,0.98991,0,0,40053
198.980000,327.436596,-1.83090,1.76987,0.00000,0.02586,0.17934,0.99503,0,0,40054
198.985000,327.451848,-1.76987,1.76987,0.30515,0.02708,0.17690,1.00016,0,0,40055
198.990000,327.451848,-1.15957,1.64781,0.61030,0.02830,0.17470,0.99869,0,0,40056
198.995000,327.451848,-0.30515,1.34266,0.97648,0.02879,0.17226,0.99650,0,0,40057
199.000000,327.466535,0.73236,0.91545,1.46472,0.02733,0.17104,0.99698,0,0,40058
199.005000,327.466535,1.89193,0.67133,1.83090,0.02269,0.16934,0.99650,0,0,40059
199.010000,327.466535,3.05150,0.67133,1.89193,0.01976,0.16836,0.99772,0,0,40060
199.015000,327.481491,3.23459,0.73236,1.76987,0.01952,0.16812,1.00064,0,0,40061
199.020000,327.481491,3.05150,0.73236,1.64781,0.01757,0.17056,1.00186,0,0,40062
199.025000,327.481491,2.56326,0.67133,1.46472,0.01610,0.17178,1.00382,0,0,40063
199.030000,327.496883,1.70884,0.67133,1.52575,0.01464,0.17104,1.00699,0,0,40064
199.035000,327.496883,0.67133,0.61030,1.28163,0.01293,0.16690,1.01040,0,0,40065
199.040000,327.496883,0.18309,0.54927,1.22060,0.01366,0.16421,1.01211,0,0,40066
199.045000,327.511652,0.00000,0.48824,1.15957,0.01366,0.16372,1.01138,0,0,40067
199.050000,327.511652,0.00000,0.18309,1.15957,0.01366,0.16299,1.01016,0,0,40068
199.055000,327.511652,0.36618,0.00000,1.03751,0.01440,0.16153,1.00772,0,0,40069
199.060000,327.526886,0.73236,-0.12206,0.85442,0.01440,0.16080,1.00552,0,0,40070
199.065000,327.526886,1.52575,-0.48824,0.79339,0.01342,0.16055,1.00064,0,0,40071
199.070000,327.526886,1.89193,-0.79339,0.91545,0.01366,0.16128,0.99528,0,0,40072
199.075000,327.541485,1.70884,-0.85442,1.15957,0.01415,0.16348,0.98869,0,0,40073
199.080000,327.541485,1.28163,-0.73236,1.34266,0.01488,0.16421,0.98381,0,0,40074
199.085000,327.541485,0.61030,-0.42721,1.46472,0.01537,0.16275,0.98064,0,0,40075
199.090000,327.556875,0.12206,0.00000,1.46472,0.01513,0.16153,0.97966,0,0,40076
199.095000,327.556875,-0.30515,0.54927,1.46472,0.01415,0.15933,0.98039,0,0,40077
199.100000,327.556875,-0.48824,0.85442,1.40369,0.01391,0.15787,0.98405,0,0,40078
199.105000,327.571532,-0.42721,0.85442,1.28163,0.01684,0.15811,0.98869,0,0,40079
199.110000,327.571532,-0.12206,0.73236,1.22060,0.01781,0.15689,0.99088,0,0,40080
199.115000,327.571532,0.24412,0.61030,1.15957,0.01635,0.15640,0.99332,0,0,40081
199.115000,327.586592,0.54927,0.54927,1.22060,0.01732,0.15616,0.99528,0,0,40082
199.120000,327.586592,0.91545,0.48824,1.15957,0.02050,0.15518,0.99967,0,0,40083
199.125000,327.586592,0.97648,0.30515,1.09854,0.02074,0.15470,1.00040,0,0,40084
199.130000,327.601535,0.91545,-0.12206,0.91545,0.01757,0.15567,1.00040,0,0,40085
199.135000,327.601535,0.85442,-0.30515,0.73236,0.01635,0.15567,0.99991,0,0,40086
199.140000,327.601535,0.85442,-0.79339,0.48824,0.01781,0.15494,0.99601,0,0,40087
199.145000,327.616873,0.85442,-0.85442,0.18309,0.01610,0.15494,0.99210,0,0,40088
199.150000,327.616873,0.97648,-0.91545,0.00000,0.01220,0.15640,0.98503,0,0,40089
199.155000,327.616873,1.09854,-0.73236,-0.24412,0.01147,0.15909,0.97893,0,0,40090
199.160000,327.631727,1.03751,-0.24412,-0.36618,0.01659,0.16104,0.97551,0,0,40091
199.165000,327.631727,0.85442,-0.06103,-0.36618,0.02050,0.16153,0.97161,0,0,40092
199.170000,327.631727,0.67133,0.18309,-0.18309,0.02147,0.16348,0.96941,0,0,40093
199.175000,327.646723,0.67133,0.48824,0.12206,0.02147,0.16519,0.97063,0,0,40094
199.180000,327.646723,0.67133,0.79339,0.61030,0.02464,0.16446,0.97234,0,0,40095
199.185000,327.646723,0.73236,0.67133,0.85442,0.02684,0.16372,0.97185,0,0,40096
199.190000,327.661540,0.79339,0.54927,0.97648,0.02513,0.16519,0.97014,0,0,40097
199.195000,327.661540,0.85442,0.85442,1.15957,0.02489,0.16616,0.96746,0,0,40098
199.200000,327.661540,0.91545,1.34266,1.34266,0.02342,0.16397,0.96966,0,0,40099
199.205000,327.676583,0.91545,1.83090,1.34266,0.02245,0.16128,0.97356,0,0,40100
199.210000,327.676583,1.15957,2.01399,1.09854,0.02220,0.15958,0.97746,0,0,40101
199.215000,327.676583,1.09854,2.13605,0.91545,0.02245,0.16177,0.98283,0,0,40102
199.220000,327.691555,0.73236,2.25811,1.03751,0.02025,0.16397,0.99040,0,0,40103
199.225000,327.691555,0.18309,2.68532,0.97648,0.02025,0.16519,0.99845,0,0,40104
199.230000,327.691555,-0.42721,2.68532,1.03751,0.02001,0.16446,1.00772,0,0,40105
199.235000,327.706492,-0.61030,2.44120,0.91545,0.01830,0.16202,1.01260,0,0,40106
199.240000,327.706492,-0.18309,1.70884,0.67133,0.01781,0.15860,1.00943,0,0,40107
199.245000,327.706492,1.46472,1.15957,0.42721,0.01415,0.16641,1.00064,0,0,40108
199.250000,327.721699,1.09854,0.61030,0.79339,0.01342,0.16372,0.99869,0,0,40109
199.255000,327.721699,0.97648,0.36618,1.22060,0.01562,0.15665,0.99796,0,0,40110
199.260000,327.721699,1.52575,0.54927,1.40369,0.01562,0.15348,0.99406,0,0,40111
199.265000,327.736788,1.64781,0.61030,1.58678,0.01513,0.15104,0.99259,0,0,40112
199.270000,327.736788,1.70884,0.48824,1.58678,0.01440,0.14762,0.99430,0,0,40113
199.275000,327.736788,1.58678,0.54927,1.22060,0.01488,0.14469,0.99674,0,0,40114
199.280000,327.751815,1.03751,0.73236,0.79339,0.01366,0.14176,0.99723,0,0,40115
199.285000,327.751815,0.67133,0.97648,0.24412,0.01220,0.14103,0.99747,0,0,40116
199.290000,327.751815,0.67133,1.09854,0.18309,0.01196,0.13957,1.00113,0,0,40117
199.295000,327.766834,0.73236,1.09854,0.06103,0.01122,0.14079,1.00284,0,0,40118
199.300000,327.766834,0.61030,0.79339,-0.18309,0.00805,0.14420,1.00260,0,0,40119
199.305000,327.766834,0.61030,0.48824,-0.79339,0.00586,0.14884,1.00333,0,0,40120
199.310000,327.781555,0.61030,0.30515,-1.09854,0.00659,0.15518,1.00455,0,0,40121
199.315000,327.781555,0.67133,0.24412,-1.28163,0.00830,0.15933,1.00333,0,0,40122
199.320000,327.781555,0.61030,0.24412,-1.09854,0.00927,0.16177,0.99967,0,0,40123
199.325000,327.797760,0.48824,0.42721,-0.79339,0.01025,0.16080,0.99845,0,0,40124
199.330000,327.797760,0.30515,0.48824,-0.67133,0.00952,0.16006,0.99918,0,0,40125
199.335000,327.797760,-0.06103,0.30515,-0.73236,0.00927,0.15836,0.99820,0,0,40126
199.340000,327.811473,-0.54927,0.24412,-0.97648,0.01196,0.15592,0.99430,0,0,40127
199.345000,327.811473,-0.91545,0.36618,-1.15957,0.01415,0.15494,0.99259,0,0,40128
199.350000,327.811473,-1.15957,0.67133,-1.22060,0.01196,0.15640,0.99406,0,0,40129
199.355000,327.826871,-0.97648,0.97648,-1.15957,0.01122,0.15982,0.99723,0,0,40130
199.360000,327.826871,-0.42721,0.73236,-1.34266,0.01098,0.16324,0.99967,0,0,40131
199.365000,327.826871,0.06103,0.48824,-1.52575,0.01244,0.16690,1.00186,0,0,40132
199.370000,327.841720,0.42721,0.30515,-1.58678,0.01440,0.17178,1.00382,0,0,40133
199.375000,327.841720,0.73236,0.18309,-1.58678,0.01562,0.17446,1.00430,0,0,40134
199.380000,327.841720,0.73236,0.12206,-1.46472,0.01659,0.17568,1.00455,0,0,40135
199.385000,327.856837,0.36618,0.06103,-1.40369,0.01757,0.17470,1.00308,0,0,40136
199.390000,327.856837,0.06103,-0.18309,-1.52575,0.01806,0.17397,0.99820,0,0,40137
199.395000,327.856837,-0.12206,-0.30515,-1.58678,0.01976,0.17446,0.99235,0,0,40138
199.400000,327.871489,-0.24412,-0.24412,-1.52575,0.01952,0.17568,0.98893,0,0,40139
199.405000,327.871489,-0.36618,-0.12206,-1.40369,0.02025,0.17714,0.98722,0,0,40140
199.410000,327.871489,-0.54927,0.06103,-1.40369,0.02220,0.17836,0.98698,0,0,40141
199.415000,327.886555,-0.79339,0.54927,-1.34266,0.02342,0.18007,0.98796,0,0,40142
199.420000,327.886555,-1.03751,0.61030,-0.97648,0.02513,0.18056,0.98942,0,0,40143
199.425000,327.886555,-0.73236,0.67133,-0.79339,0.02342,0.18178,0.99284,0,0,40144
199.430000,327.901697,-0.67133,0.85442,-0.24412,0.02123,0.18276,0.99772,0,0,40145
199.435000,327.901697,-0.67133,1.15957,0.06103,0.02196,0.18251,1.00113,0,0,40146
199.440000,327.901697,-1.03751,1.46472,0.30515,0.02220,0.18227,1.00406,0,0,40147
199.445000,327.916499,-1.40369,1.64781,0.48824,0.02098,0.18178,1.00748,0,0,40148
199.450000,327.916499,-1.70884,1.58678,0.67133,0.02098,0.17983,1.01211,0,0,40149
199.455000,327.916499,-1.89193,1.52575,0.91545,0.02196,0.17788,1.01602,0,0,40150
199.460000,327.931745,-1.89193,1.52575,0.91545,0.02269,0.17641,1.01797,0,0,40151
199.465000,327.931745,-1.46472,1.52575,0.91545,0.02220,0.17446,1.01968,0,0,40152
199.470000,327.931745,-0.85442,1.28163,0.91545,0.02123,0.17275,1.02114,0,0,40153
199.475000,327.946826,-0.42721,0.91545,0.97648,0.01708,0.17056,1.02431,0,0,40154
199.480000,327.946826,-0.12206,0.91545,0.79339,0.01635,0.16982,1.02626,0,0,40155
199.485000,327.946826,-0.18309,0.97648,0.48824,0.01635,0.17007,1.02773,0,0,40156
199.490000,327.961603,-0.48824,0.67133,0.36618,0.01562,0.17080,1.02846,0,0,40157
199.495000,327.961603,-0.79339,0.42721,0.42721,0.01293,0.17104,1.02651,0,0,40158
199.500000,327.961603,-1.09854,0.06103,0.61030,0.01049,0.17007,1.02358,0,0,40159
199.505000,327.976503,-1.09854,-0.24412,0.79339,0.00878,0.16812,1.02090,0,0,40160
199.510000,327.976503,-0.42721,-0.91545,0.79339,0.00781,0.16592,1.01504,0,0,40161
199.515000,327.976503,0.73236,-1.58678,0.85442,0.00878,0.16592,1.00748,0,0,40162
199.520000,327.991838,2.07502,-2.01399,1.09854,0.00854,0.16641,0.99918,0,0,40163
199.525000,327.991838,3.23459,-2.13605,1.34266,0.00927,0.16738,0.99308,0,0,40164
199.530000,327.991838,3.53974,-1.64781,1.52575,0.00903,0.16787,0.99064,0,0,40165
199.535000,328.006863,2.86841,-0.79339,1.46472,0.00805,0.16787,0.99284,0,0,40166
199.540000,328.006863,1.95296,-0.24412,1.22060,0.00805,0.16592,0.99674,0,0,40167
199.545000,328.006863,0.97648,0.00000,1.09854,0.00830,0.16299,1.00089,0,0,40168
199.550000,328.021747,-0.06103,-0.06103,0.73236,0.00708,0.16006,1.00504,0,0,40169
199.555000,328.021747,-0.85442,-0.18309,0.00000,0.00244,0.15836,1.00723,0,0,40170
199.560000,328.021747,-0.91545,-0.36618,-0.61030,0.00342,0.15689,1.00748,0,0,40171
199.565000,328.036463,-0.73236,-0.61030,-1.03751,0.00708,0.15787,1.00674,0,0,40172
199.570000,328.036463,-0.36618,-1.03751,-1.34266,0.01025,0.15982,1.00479,0,0,40173
199.575000,328.036463,0.06103,-1.46472,-1.28163,0.01196,0.16250,0.99991,0,0,40174
199.580000,328.051905,0.48824,-1.58678,-1.03751,0.01196,0.16665,0.99454,0,0,40175
199.585000,328.051905,0.97648,-1.34266,-0.61030,0.01293,0.16714,0.99162,0,0,40176
199.590000,328.051905,1.34266,-1.40369,-0.30515,0.01537,0.16812,0.98820,0,0,40177
199.595000,328.066496,1.76987,-1.58678,-0.12206,0.01976,0.16934,0.98332,0,0,40178
199.600000,328.066496,1.95296,-1.58678,0.12206,0.01903,0.17007,0.97917,0,0,40179
199.605000,328.066496,1.76987,-1.34266,0.36618,0.01635,0.17080,0.97868,0,0,40180
199.610000,328.081795,1.34266,-0.73236,0.61030,0.01659,0.17202,0.98039,0,0,40181
199.615000,328.081795,0.91545,-0.36618,0.67133,0.01537,0.17202,0.98625,0,0,40182
199.620000,328.081795,0.18309,-0.06103,0.61030,0.01122,0.17373,0.99210,0,0,40183
199.625000,328.096488,-0.30515,-0.18309,0.73236,0.00927,0.17666,0.99479,0,0,40184
199.630000,328.096488,-0.85442,-0.18309,0.97648,0.01000,0.17763,0.99845,0,0,40185
199.635000,328.096488,-1.34266,-0.06103,1.28163,0.00903,0.17617,1.00040,0,0,40186
199.640000,328.111526,-1.70884,-0.12206,1.58678,0.00830,0.17178,0.99723,0,0,40187
199.645000,328.111526,-1.70884,-0.36618,1.83090,0.00781,0.16348,0.99210,0,0,40188
199.650000,328.111526,-1.40369,-0.61030,1.64781,0.01122,0.15640,0.98600,0,0,40189
199.655000,328.126847,-1.52575,-0.42721,1.34266,0.01171,0.14982,0.98088,0,0,40190
199.660000,328.126847,-2.07502,0.06103,1.22060,0.01244,0.14616,0.97966,0,0,40191
199.665000,328.126847,-2.56326,0.42721,1.09854,0.01196,0.14469,0.98112,0,0,40192
199.670000,328.141534,-2.80738,0.61030,0.79339,0.00903,0.14298,0.98356,0,0,40193
199.675000,328.141534,-2.68532,0.54927,0.18309,0.01074,0.13957,0.98674,0,0,40194
199.680000,328.141534,-2.07502,0.24412,-0.42721,0.01342,0.13762,0.98747,0,0,40195
199.685000,328.156668,-0.48824,-0.24412,-0.97648,0.01464,0.13957,0.98820,0,0,40196
199.690000,328.156668,0.91545,-0.61030,-1.22060,0.01244,0.14420,0.99064,0,0,40197
199.695000,328.156668,2.44120,-1.09854,-1.28163,0.01098,0.15006,0.99284,0,0,40198
199.700000,328.171558,3.35665,-1.58678,-1.58678,0.01318,0.15592,0.99186,0,0,40199
199.705000,328.171558,3.72283,-1.83090,-1.95296,0.01586,0.16397,0.99064,0,0,40200
199.710000,328.171558,3.72283,-1.64781,-1.95296,0.01684,0.17202,0.98869,0,0,40201
199.715000,328.186547,3.23459,-1.28163,-1.22060,0.02025,0.17544,0.98869,0,0,40202
199.720000,328.186547,2.07502,-0.97648,-0.42721,0.02220,0.17617,0.99064,0,0,40203
199.725000,328.186547,0.85442,-0.36618,-0.12206,0.02025,0.17519,0.99088,0,0,40204
199.730000,328.201616,-0.06103,-0.24412,0.06103,0.01952,0.17348,0.98942,0,0,40205
199.735000,328.201616,-0.61030,-0.30515,0.12206,0.02001,0.16934,0.98966,0,0,40206
199.740000,328.201616,-0.91545,-0.42721,0.24412,0.01952,0.16592,0.98844,0,0,40207
199.745000,328.216483,-0.61030,-0.79339,0.06103,0.01903,0.16348,0.98405,0,0,40208
199.750000,328.216483,-0.18309,-1.03751,-0.36618,0.01830,0.16226,0.97746,0,0,40209
199.755000,328.216483,0.42721,-0.91545,-0.67133,0.01586,0.16250,0.97112,0,0,40210
199.760000,328.231467,0.61030,-0.48824,-0.67133,0.01659,0.16763,0.96722,0,0,40211
199.765000,328.231467,0.42721,-0.06103,-0.54927,0.01952,0.17178,0.96868,0,0,40212
199.770000,328.231467,0.36618,0.18309,-0.36618,0.02220,0.17007,0.97502,0,0,40213
199.775000,328.246732,0.48824,0.36618,-0.36618,0.02196,0.17153,0.97283,0,0,40214
199.780000,328.246732,0.18309,0.54927,-0.48824,0.02147,0.17007,0.97502,0,0,40215
199.785000,328.246732,0.18309,0.42721,-0.67133,0.02050,0.16787,0.97698,0,0,40216
199.790000,328.261746,0.48824,0.24412,-0.85442,0.02050,0.16787,0.97502,0,0,40217
199.795000,328.261746,0.91545,0.48824,-0.85442,0.02196,0.16812,0.97380,0,0,40218
199.800000,328.261746,1.09854,0.85442,-0.73236,0.02269,0.16787,0.97454,0,0,40219
199.805000,328.276676,0.79339,1.03751,-0.42721,0.02074,0.16836,0.97942,0,0,40220
199.810000,328.276676,0.42721,0.91545,-0.06103,0.01708,0.17153,0.98503,0,0,40221
199.815000,328.276676,0.24412,0.97648,-0.36618,0.01464,0.17251,0.98747,0,0,40222
199.820000,328.291539,0.00000,0.97648,-0.97648,0.01440,0.17373,0.98893,0,0,40223
199.825000,328.291539,-0.73236,1.09854,-0.97648,0.01342,0.17470,0.99308,0,0,40224
199.830000,328.291539,-1.40369,1.46472,-0.97648,0.01366,0.17714,0.99674,0,0,40225
199.835000,328.306583,-1.89193,1.40369,-0.91545,0.01610,0.17885,0.99796,0,0,40226
199.840000,328.306583,-2.07502,1.22060,-0.85442,0.01854,0.17885,0.99796,0,0,40227
199.845000,328.306583,-1.83090,0.91545,-0.79339,0.01854,0.18032,0.99454,0,0,40228
199.850000,328.321867,-1.28163,0.73236,-0.36618,0.01952,0.18032,0.99064,0,0,40229
199.855000,328.321867,-0.24412,0.54927,0.12206,0.02074,0.17934,0.98722,0,0,40230
199.860000,328.321867,0.97648,0.54927,0.42721,0.01976,0.17983,0.98674,0,0,40231
199.860000,328.336529,1.83090,0.67133,0.61030,0.01757,0.18080,0.98722,0,0,40232
199.865000,328.336529,2.25811,0.97648,0.85442,0.01537,0.18105,0.98942,0,0,40233
199.870000,328.336529,1.58678,1.46472,1.03751,0.01537,0.17788,0.99454,0,0,40234
199.875000,328.351564,0.61030,1.76987,1.15957,0.01513,0.17153,0.99942,0,0,40235
199.880000,328.351564,-0.73236,2.07502,1.28163,0.01196,0.16543,1.00382,0,0,40236
199.885000,328.351564,-1.52575,2.07502,1.22060,0.01025,0.15909,1.00626,0,0,40237
199.890000,328.366658,-1.83090,2.07502,1.28163,0.00781,0.15299,1.01065,0,0,40238
199.895000,328.366658,-1.22060,1.58678,1.15957,0.00659,0.14860,1.01138,0,0,40239
199.900000,328.366658,-0.06103,0.79339,1.03751,0.00756,0.14542,1.00845,0,0,40240
199.905000,328.381543,1.15957,0.06103,0.67133,0.00854,0.14494,1.00430,0,0,40241
199.910000,328.381543,2.25811,-0.30515,0.12206,0.00830,0.14640,1.00016,0,0,40242
199.915000,328.381543,2.62429,-0.36618,-0.54927,0.00732,0.14884,0.99552,0,0,40243
199.920000,328.396514,2.50223,-0.24412,-0.91545,0.00854,0.15299,0.99528,0,0,40244
199.925000,328.396514,1.64781,0.00000,-1.34266,0.01000,0.15884,0.99552,0,0,40245
199.930000,328.396514,0.79339,0.48824,-1.28163,0.01269,0.16275,0.99674,0,0,40246
199.935000,328.411869,0.12206,1.03751,-0.97648,0.01391,0.16665,1.00186,0,0,40247
199.940000,328.411869,-0.30515,1.15957,-0.85442,0.01220,0.17129,1.00577,0,0,40248
199.945000,328.411869,-0.48824,1.03751,-0.91545,0.00903,0.17470,1.01040,0,0,40249
199.950000,328.426897,-0.24412,0.97648,-0.91545,0.00927,0.17690,1.01504,0,0,40250
199.955000,328.426897,0.42721,0.73236,-0.85442,0.01196,0.17495,1.01699,0,0,40251
199.960000,328.426897,0.91545,0.42721,-0.73236,0.01391,0.17397,1.01602,0,0,40252
199.965000,328.441582,1.15957,0.30515,-0.30515,0.01586,0.17348,1.01406,0,0,40253
199.970000,328.441582,1.09854,0.12206,0.24412,0.01537,0.17104,1.01236,0,0,40254
199.975000,328.441582,0.85442,-0.18309,0.54927,0.01415,0.16616,1.01040,0,0,40255
199.980000,328.456560,0.24412,-0.42721,0.36618,0.01318,0.16446,1.00699,0,0,40256
199.985000,328.456560,-0.24412,-0.18309,0.12206,0.01000,0.16421,1.00626,0,0,40257
199.990000,328.456560,-0.85442,0.18309,-0.24412,0.00805,0.16348,1.00674,0,0,40258
199.995000,328.471471,-1.28163,0.48824,-0.61030,0.00854,0.16421,1.00626,0,0,40259
200.000000,328.471471,-1.52575,0.67133,-0.73236,0.01098,0.16250,1.00528,0,0,40260
200.005000,328.471471,-1.64781,1.03751,-0.54927,0.01122,0.16153,1.00894,0,0,40261
200.010000,328.486507,-1.58678,1.40369,-0.30515,0.01074,0.16128,1.01382,0,0,40262
200.015000,328.486507,-1.15957,1.03751,-0.18309,0.01025,0.16128,1.01797,0,0,40263
200.020000,328.486507,-0.48824,0.18309,-0.24412,0.00903,0.16128,1.01846,0,0,40264
200.025000,328.501507,0.30515,-0.42721,-0.48824,0.00854,0.15982,1.01699,0,0,40265
200.030000,328.501507,0.85442,-0.61030,-0.67133,0.01000,0.15836,1.01260,0,0,40266
200.035000,328.501507,0.91545,-0.61030,-0.85442,0.01366,0.15762,1.00796,0,0,40267
200.040000,328.516770,0.36618,-0.42721,-0.97648,0.01635,0.15665,1.00626,0,0,40268
200.045000,328.516770,-0.54927,0.00000,-1.22060,0.01366,0.15958,1.00504,0,0,40269
200.050000,328.516770,-1.34266,0.42721,-1.52575,0.01122,0.16446,1.00699,0,0,40270
200.055000,328.531904,-1.83090,0.42721,-1.58678,0.01147,0.16738,1.01211,0,0,40271
200.060000,328.531904,-1.76987,0.06103,-1.46472,0.01244,0.16860,1.01724,0,0,40272
200.065000,328.531904,-1.28163,-0.36618,-1.46472,0.01269,0.16958,1.02090,0,0,40273
200.070000,328.546430,-0.36618,-0.79339,-1.40369,0.01196,0.17153,1.02212,0,0,40274
200.075000,328.546430,0.73236,-1.46472,-1.09854,0.01220,0.17324,1.01968,0,0,40275
200.080000,328.546430,1.40369,-2.13605,-0.73236,0.01391,0.17300,1.01504,0,0,40276
200.085000,328.561851,1.89193,-2.92944,-0.42721,0.01488,0.17202,1.00870,0,0,40277
200.090000,328.561851,2.07502,-3.35665,-0.30515,0.01586,0.17080,1.00260,0,0,40278
200.095000,328.561851,1.76987,-3.35665,-0.24412,0.01684,0.16885,0.99625,0,0,40279
200.100000,328.576851,0.97648,-2.92944,-0.18309,0.01684,0.16641,0.99137,0,0,40280
200.105000,328.576851,-0.06103,-2.31914,-0.24412,0.01586,0.16568,0.98698,0,0,40281
200.110000,328.576851,-0.61030,-1.64781,-0.24412,0.01732,0.16494,0.98332,0,0,40282
200.115000,328.591561,-0.67133,-1.22060,-0.06103,0.01806,0.16177,0.98332,0,0,40283
200.120000,328.591561,-0.18309,-0.85442,-0.18309,0.01757,0.15982,0.98625,0,0,40284
200.125000,328.591561,0.36618,-0.85442,-0.79339,0.01708,0.15909,0.98649,0,0,40285
200.130000,328.606560,0.48824,-0.97648,-1.34266,0.01635,0.15982,0.98698,0,0,40286
200.135000,328.606560,0.24412,-1.03751,-1.76987,0.01659,0.16446,0.98649,0,0,40287
200.140000,328.606560,-0.42721,-0.67133,-2.07502,0.01440,0.16836,0.98771,0,0,40288
200.145000,328.621854,-1.52575,-0.12206,-2.19708,0.01488,0.17129,0.98966,0,0,40289
200.150000,328.621854,-2.44120,0.06103,-2.44120,0.01464,0.17446,0.99064,0,0,40290
200.155000,328.621854,-3.05150,0.06103,-2.44120,0.01366,0.17836,0.99040,0,0,40291
200.160000,328.636906,-3.17356,0.12206,-2.25811,0.01293,0.17983,0.99088,0,0,40292
200.165000,328.636906,-2.74635,0.00000,-1.83090,0.01366,0.18080,0.99064,0,0,40293
200.170000,328.636906,-1.64781,-0.24412,-1.09854,0.01513,0.18080,0.99015,0,0,40294
200.175000,328.651837,-0.67133,-0.48824,-0.54927,0.01513,0.17836,0.98844,0,0,40295
200.180000,328.651837,0.30515,-0.73236,-0.18309,0.01488,0.17422,0.98356,0,0,40296
200.185000,328.651837,0.97648,-0.97648,-0.06103,0.01635,0.17007,0.97771,0,0,40297
200.190000,328.666568,1.09854,-1.15957,0.00000,0.01708,0.16665,0.97332,0,0,40298
200.195000,328.666568,0.73236,-0.91545,0.12206,0.01732,0.16397,0.97234,0,0,40299
200.200000,328.666568,0.30515,-0.12206,-0.06103,0.01952,0.16055,0.97380,0,0,40300
200.205000,328.681846,-0.12206,0.36618,-0.54927,0.02318,0.15738,0.97624,0,0,40301
200.210000,328.681846,-0.36618,0.42721,-0.91545,0.02391,0.15592,0.98161,0,0,40302
200.215000,328.681846,-0.36618,0.42721,-1.22060,0.02318,0.15836,0.98674,0,0,40303
200.220000,328.696499,-0.30515,0.54927,-1.64781,0.02367,0.16421,0.99430,0,0,40304
200.225000,328.696499,-0.42721,0.42721,-2.19708,0.02342,0.17056,1.00064,0,0,40305
200.230000,328.696499,-0.48824,0.36618,-2.31914,0.02245,0.17763,1.00260,0,0,40306
200.235000,328.713568,-0.73236,0.12206,-1.95296,0.02123,0.18398,1.00430,0,0,40307
200.240000,328.713568,-0.85442,0.06103,-1.52575,0.01879,0.18959,1.00674,0,0,40308
200.245000,328.713568,-0.97648,-0.06103,-1.40369,0.01830,0.19130,1.00601,0,0,40309
200.250000,328.726425,-1.22060,-0.36618,-1.28163,0.01854,0.19276,1.00089,0,0,40310
200.255000,328.726425,-0.97648,-0.54927,-0.79339,0.01732,0.19496,0.99454,0,0,40311
200.260000,328.726425,-0.42721,-0.67133,-0.24412,0.01513,0.19374,0.99210,0,0,40312
200.265000,328.741484,0.00000,-0.73236,0.18309,0.01464,0.19081,0.98966,0,0,40313
200.270000,328.741484,0.42721,-0.79339,0.42721,0.01488,0.18788,0.98600,0,0,40314
200.275000,328.741484,0.73236,-0.73236,0.73236,0.01635,0.18324,0.98381,0,0,40315
200.280000,328.756881,0.79339,-0.85442,1.09854,0.01732,0.17714,0.98234,0,0,40316
200.285000,328.756881,0.73236,-0.85442,1.52575,0.01732,0.17251,0.98308,0,0,40317
200.290000,328.756881,0.79339,-0.61030,1.52575,0.01684,0.16982,0.98454,0,0,40318
200.295000,328.771530,0.73236,-0.30515,1.22060,0.01586,0.16812,0.98405,0,0,40319
200.300000,328.771530,0.67133,-0.06103,1.03751,0.01586,0.16494,0.98259,0,0,40320
200.305000,328.771530,0.97648,-0.24412,0.85442,0.01562,0.16177,0.98308,0,0,40321
200.310000,328.786720,1.09854,-0.48824,0.42721,0.01635,0.16080,0.98064,0,0,40322
200.315000,328.786720,1.34266,-0.85442,0.24412,0.01513,0.16055,0.97917,0,0,40323
200.320000,328.786720,1.15957,-0.61030,0.18309,0.01318,0.16202,0.97771,0,0,40324
200.325000,328.801517,1.09854,-0.42721,-0.12206,0.01318,0.16348,0.97600,0,0,40325
200.330000,328.801517,1.03751,-0.06103,-0.48824,0.01366,0.16421,0.97454,0,0,40326
200.335000,328.801517,0.79339,0.12206,-0.73236,0.01732,0.16641,0.97502,0,0,40327
200.340000,328.816846,0.30515,0.30515,-0.91545,0.02342,0.16763,0.97820,0,0,40328
200.345000,328.816846,-0.18309,0.48824,-0.91545,0.02806,0.16860,0.98308,0,0,40329
200.350000,328.816846,-0.61030,0.73236,-0.79339,0.02513,0.16934,0.99137,0,0,40330
200.355000,328.831855,-0.61030,0.61030,-0.85442,0.02269,0.16812,0.99552,0,0,40331
200.360000,328.831855,-0.24412,0.06103,-0.91545,0.02172,0.16690,0.99503,0,0,40332
200.365000,328.831855,0.18309,-0.42721,-1.09854,0.02001,0.17007,0.99308,0,0,40333
200.370000,328.847149,0.73236,-0.79339,-1.15957,0.01513,0.17495,0.98649,0,0,40334
200.375000,328.847149,1.22060,-1.03751,-0.67133,0.00854,0.17934,0.97942,0,0,40335
200.380000,328.847149,0.91545,-0.73236,-0.24412,0.01122,0.18080,0.97185,0,0,40336
200.385000,328.861603,-0.18309,-0.18309,-0.24412,0.01830,0.17983,0.96600,0,0,40337
200.390000,328.861603,-1.52575,0.42721,-0.30515,0.02245,0.17666,0.96429,0,0,40338
200.395000,328.861603,-2.44120,0.79339,0.00000,0.01952,0.17495,0.96429,0,0,40339
200.400000,328.876394,-2.74635,1.15957,0.24412,0.01464,0.17495,0.96624,0,0,40340
200.405000,328.876394,-2.38017,1.70884,0.18309,0.01098,0.17617,0.97307,0,0,40341
200.410000,328.876394,-1.76987,2.13605,-0.06103,0.01122,0.17861,0.97966,0,0,40342
200.415000,328.891711,-1.03751,2.44120,0.18309,0.01269,0.18007,0.99015,0,0,40343
200.420000,328.891711,-0.36618,2.31914,0.97648,0.01391,0.18154,0.99967,0,0,40344
200.425000,328.891711,0.48824,1.58678,1.89193,0.01269,0.18007,1.00601,0,0,40345
200.430000,328.906857,0.97648,1.03751,2.44120,0.01074,0.17592,1.00699,0,0,40346
200.435000,328.906857,1.09854,0.73236,2.74635,0.01147,0.16860,1.00430,0,0,40347
200.440000,328.906857,0.97648,0.79339,2.68532,0.01220,0.16104,1.00333,0,0,40348
200.445000,328.924020,0.73236,0.97648,2.50223,0.01269,0.15494,1.00504,0,0,40349
200.450000,328.924020,0.54927,1.09854,1.95296,0.01244,0.15079,1.00674,0,0,40350
200.455000,328.924020,0.42721,0.91545,1.15957,0.01122,0.14933,1.01065,0,0,40351
200.460000,328.936574,0.30515,0.67133,0.42721,0.01025,0.14860,1.01114,0,0,40352
200.465000,328.936574,0.00000,0.36618,-0.12206,0.01122,0.15079,1.00943,0,0,40353
200.470000,328.936574,-0.18309,0.12206,-0.30515,0.01098,0.15323,1.00796,0,0,40354
200.475000,328.951989,0.06103,-0.06103,-0.48824,0.00756,0.15592,1.00504,0,0,40355
200.480000,328.951989,0.67133,-0.24412,-0.54927,0.00634,0.15909,1.00186,0,0,40356
200.485000,328.951989,0.97648,-0.06103,-0.67133,0.00952,0.16275,0.99650,0,0,40357
200.490000,328.966531,1.03751,0.06103,-0.73236,0.01366,0.16446,0.99162,0,0,40358
200.495000,328.966531,0.91545,0.12206,-0.61030,0.01074,0.16568,0.99015,0,0,40359
200.500000,328.966531,0.97648,0.24412,-0.48824,0.00952,0.16616,0.98918,0,0,40360
200.505000,328.981727,0.73236,0.18309,-0.73236,0.01220,0.16592,0.98722,0,0,40361
200.510000,328.981727,0.06103,0.42721,-1.09854,0.01586,0.16836,0.98796,0,0,40362
200.515000,328.981727,-0.85442,0.85442,-1.28163,0.01610,0.17104,0.98747,0,0,40363
200.520000,328.996847,-1.40369,1.40369,-1.28163,0.01513,0.17300,0.98796,0,0,40364
200.525000,328.996847,-1.70884,1.64781,-0.97648,0.01537,0.17739,0.99308,0,0,40365
200.530000,328.996847,-1.76987,1.70884,-0.67133,0.01464,0.18105,0.99845,0,0,40366
200.535000,329.011804,-1.58678,1.52575,-0.48824,0.01415,0.18373,1.00211,0,0,40367
200.540000,329.011804,-1.34266,1.15957,-0.30515,0.01269,0.18446,1.00211,0,0,40368
200.545000,329.011804,-1.09854,1.03751,-0.24412,0.01366,0.18471,1.00016,0,0,40369
200.550000,329.026570,-1.03751,0.85442,0.00000,0.01562,0.18495,0.99747,0,0,40370
200.555000,329.026570,-1.03751,0.67133,0.30515,0.01537,0.18471,0.99503,0,0,40371
200.560000,329.026570,-0.79339,0.54927,0.61030,0.01586,0.18398,0.99137,0,0,40372
200.565000,329.041507,-0.48824,0.54927,0.91545,0.01464,0.18080,0.98796,0,0,40373
200.570000,329.041507,-0.18309,0.61030,1.22060,0.01366,0.17690,0.98625,0,0,40374
200.575000,329.041507,0.24412,0.73236,1.52575,0.01415,0.17275,0.98430,0,0,40375
200.580000,329.056439,0.54927,0.91545,1.46472,0.01464,0.16958,0.98356,0,0,40376
200.585000,329.056439,0.73236,1.22060,1.34266,0.01293,0.16616,0.98625,0,0,40377
200.590000,329.056439,0.91545,1.28163,1.09854,0.01415,0.16348,0.99284,0,0,40378
200.595000,329.071429,0.91545,1.15957,0.73236,0.01562,0.16299,0.99772,0,0,40379
200.600000,329.071429,0.79339,0.97648,0.42721,0.01659,0.16421,0.99942,0,0,40380
200.605000,329.071429,0.79339,1.03751,0.00000,0.01708,0.16568,1.00064,0,0,40381
200.610000,329.086411,0.36618,1.15957,0.00000,0.01708,0.16860,1.00504,0,0,40382
200.615000,329.086411,0.00000,1.76987,0.00000,0.01464,0.16982,1.01333,0,0,40383
200.620000,329.086411,-0.61030,1.89193,0.24412,0.01293,0.16934,1.01992,0,0,40384
200.625000,329.101447,-0.97648,1.22060,0.24412,0.01098,0.17178,1.02236,0,0,40385
200.630000,329.101447,-1.03751,0.67133,0.18309,0.00976,0.17348,1.02163,0,0,40386
200.635000,329.101447,-1.03751,0.24412,0.12206,0.00927,0.17275,1.01870,0,0,40387
200.640000,329.116427,-0.97648,0.06103,0.30515,0.01049,0.17080,1.01480,0,0,40388
200.645000,329.116427,-0.85442,0.00000,0.54927,0.01000,0.16812,1.01089,0,0,40389
200.650000,329.116427,-0.73236,-0.06103,0.73236,0.01074,0.16446,1.00577,0,0,40390
200.655000,329.131233,-0.18309,-0.42721,0.73236,0.01098,0.16104,1.00040,0,0,40391
200.660000,329.131233,0.73236,-0.67133,0.79339,0.00927,0.15958,0.99503,0,0,40392
200.665000,329.131233,1.70884,-0.73236,0.79339,0.00830,0.15909,0.99284,0,0,40393
200.670000,329.146270,2.44120,-0.67133,0.73236,0.00854,0.15982,0.99235,0,0,40394
200.675000,329.146270,3.05150,-0.54927,0.42721,0.00927,0.16055,0.99503,0,0,40395
200.680000,329.146270,3.23459,-0.48824,0.06103,0.01074,0.16299,0.99747,0,0,40396
200.685000,329.161284,3.05150,-0.61030,-0.24412,0.01074,0.16470,0.99991,0,0,40397
200.690000,329.161284,2.68532,-0.48824,-0.36618,0.01122,0.16543,1.00406,0,0,40398
200.695000,329.161284,2.38017,-0.36618,-0.30515,0.01049,0.16543,1.00699,0,0,40399
200.700000,329.176254,2.44120,-0.67133,-0.24412,0.01122,0.16397,1.01040,0,0,40400
200.705000,329.176254,2.56326,-1.22060,-0.24412,0.01293,0.16275,1.01114,0,0,40401
200.710000,329.176254,2.44120,-1.70884,-0.30515,0.01293,0.16104,1.00723,0,0,40402
200.715000,329.191257,1.95296,-2.01399,-0.61030,0.01318,0.15909,1.00162,0,0,40403
200.720000,329.191257,1.09854,-2.01399,-0.61030,0.01391,0.15909,0.99845,0,0,40404
200.725000,329.191257,0.30515,-1.89193,-0.36618,0.00830,0.16250,0.99625,0,0,40405
200.730000,329.206279,-0.06103,-2.07502,-0.30515,0.00903,0.16275,0.99040,0,0,40406
200.735000,329.206279,-0.24412,-2.07502,-0.48824,0.02050,0.15787,0.98112,0,0,40407
200.740000,329.206279,-0.73236,-1.64781,-0.67133,0.02342,0.15665,0.97868,0,0,40408
200.745000,329.221244,-1.15957,-1.15957,-0.73236,0.01610,0.16299,0.97795,0,0,40409
200.750000,329.221244,-1.46472,-0.42721,-0.85442,0.01293,0.17422,0.97136,0,0,40410
200.755000,329.221244,-2.19708,0.67133,-0.79339,0.01684,0.17934,0.96844,0,0,40411
200.760000,329.236390,-3.23459,2.01399,-0.48824,0.01976,0.17934,0.97454,0,0,40412
200.765000,329.236390,-3.78386,2.56326,-0.06103,0.02074,0.17885,0.98088,0,0,40413
200.770000,329.236390,-3.41768,2.13605,0.24412,0.02001,0.17958,0.98259,0,0,40414
200.775000,329.251399,-2.38017,1.76987,0.54927,0.01659,0.17812,0.98625,0,0,40415
200.780000,329.251399,-1.46472,1.89193,0.61030,0.01732,0.17544,0.98966,0,0,40416
200.785000,329.251399,-0.79339,1.83090,0.48824,0.02098,0.17202,0.99308,0,0,40417
200.790000,329.266300,-0.48824,1.52575,0.42721,0.02513,0.17031,0.99479,0,0,40418
200.795000,329.266300,-0.36618,1.22060,0.67133,0.02562,0.17202,0.99406,0,0,40419
200.800000,329.266300,-0.36618,1.28163,1.28163,0.02416,0.17104,0.99601,0,0,40420
200.805000,329.281662,-0.12206,1.52575,1.58678,0.02001,0.16934,1.00016,0,0,40421
200.810000,329.281662,-0.06103,1.52575,1.40369,0.01440,0.16836,1.00601,0,0,40422
200.815000,329.281662,0.00000,1.34266,1.22060,0.01440,0.16738,1.00723,0,0,40423
200.820000,329.297791,0.18309,0.67133,0.73236,0.01415,0.16690,1.00772,0,0,40424
200.825000,329.297791,0.48824,0.18309,0.54927,0.01366,0.16714,1.00626,0,0,40425
200.830000,329.297791,0.85442,0.00000,0.42721,0.01366,0.16787,1.00479,0,0,40426
200.835000,329.311814,1.15957,0.06103,0.12206,0.01269,0.16934,1.00504,0,0,40427
200.840000,329.311814,1.52575,0.00000,-0.18309,0.01147,0.17251,1.00235,0,0,40428
200.845000,329.311814,1.89193,-0.18309,-0.18309,0.01098,0.17495,0.99991,0,0,40429
200.850000,329.326555,2.56326,-0.67133,0.06103,0.01269,0.17544,0.99723,0,0,40430
200.855000,329.326555,2.68532,-0.48824,0.12206,0.01415,0.17690,0.99357,0,0,40431
200.860000,329.326555,2.19708,-0.12206,0.30515,0.01318,0.17836,0.99284,0,0,40432
200.865000,329.341517,1.52575,0.06103,0.79339,0.01318,0.17690,0.99552,0,0,40433
200.870000,329.341517,0.73236,0.24412,1.28163,0.01513,0.17641,0.99698,0,0,40434
200.875000,329.341517,0.24412,0.18309,1.52575,0.01537,0.17641,0.99894,0,0,40435
200.880000,329.356561,-0.18309,0.24412,1.58678,0.01318,0.17544,1.00089,0,0,40436
200.885000,329.356561,-0.79339,0.36618,1.46472,0.01074,0.17446,1.00308,0,0,40437
200.890000,329.356561,-1.22060,0.48824,1.28163,0.00903,0.17373,1.00333,0,0,40438
200.895000,329.371549,-1.70884,0.18309,0.91545,0.00927,0.17446,1.00308,0,0,40439
200.900000,329.371549,-2.25811,-0.06103,0.42721,0.01098,0.17690,0.99967,0,0,40440
200.905000,329.371549,-2.44120,0.18309,0.36618,0.01000,0.18032,0.99406,0,0,40441
200.910000,329.386640,-2.68532,0.67133,0.73236,0.01000,0.18105,0.99259,0,0,40442
200.915000,329.386640,-2.68532,1.03751,1.03751,0.01147,0.17812,0.99552,0,0,40443
200.920000,329.386640,-2.38017,1.09854,1.40369,0.01440,0.17592,0.99747,0,0,40444
200.925000,329.401817,-1.34266,0.42721,1.52575,0.01586,0.17300,0.99869,0,0,40445
200.930000,329.401817,-0.30515,0.00000,1.58678,0.01781,0.16934,0.99918,0,0,40446
200.935000,329.401817,0.73236,-0.06103,1.70884,0.01708,0.16470,1.00016,0,0,40447
200.940000,329.416580,1.58678,-0.12206,1.89193,0.01562,0.16250,0.99869,0,0,40448
200.945000,329.416580,2.31914,-0.24412,2.01399,0.01464,0.16055,0.99601,0,0,40449
200.950000,329.416580,2.38017,-0.30515,2.01399,0.01122,0.16006,0.99430,0,0,40450
200.955000,329.431870,2.01399,-0.24412,1.83090,0.00586,0.16006,0.99357,0,0,40451
200.960000,329.431870,1.52575,0.00000,1.52575,0.00146,0.16055,0.99406,0,0,40452
200.965000,329.431870,0.73236,0.12206,1.15957,0.00268,0.16226,0.99357,0,0,40453
200.970000,329.446523,-0.18309,0.12206,1.03751,0.00366,0.16494,0.99235,0,0,40454
200.975000,329.446523,-1.34266,0.24412,1.22060,0.00122,0.16738,0.99284,0,0,40455
200.980000,329.446523,-1.89193,0.30515,1.34266,0.00342,0.16543,0.98991,0,0,40456
200.985000,329.461699,-2.13605,0.24412,1.28163,0.00488,0.16226,0.98722,0,0,40457
200.990000,329.461699,-1.95296,0.48824,1.34266,0.00464,0.15933,0.98552,0,0,40458
200.995000,329.461699,-1.28163,0.79339,1.52575,0.00439,0.15762,0.98942,0,0,40459
201.000000,329.476888,-0.36618,0.73236,1.52575,0.00683,0.15567,0.99552,0,0,40460
201.005000,329.476888,0.61030,0.18309,1.09854,0.00805,0.15445,1.00040,0,0,40461
201.010000,329.476888,1.15957,-0.36618,0.67133,0.00830,0.15494,1.00284,0,0,40462
201.015000,329.491533,1.09854,-0.48824,0.06103,0.00732,0.15762,1.00333,0,0,40463
201.020000,329.491533,0.91545,-0.48824,-0.24412,0.00854,0.16153,1.00504,0,0,40464
201.025000,329.491533,0.54927,-0.48824,-0.42721,0.00878,0.16592,1.00699,0,0,40465
201.030000,329.506505,-0.12206,-0.67133,-0.36618,0.00659,0.16885,1.00821,0,0,40466
201.035000,329.506505,-0.67133,-0.85442,-0.36618,0.00537,0.16958,1.00577,0,0,40467
201.040000,329.506505,-0.91545,-0.91545,-0.18309,0.00854,0.16860,1.00138,0,0,40468
201.045000,329.521892,-1.22060,-0.85442,0.24412,0.01220,0.16543,0.99747,0,0,40469
201.050000,329.521892,-1.34266,-0.61030,1.09854,0.01220,0.16324,0.99650,0,0,40470
201.055000,329.521892,-1.46472,-0.42721,1.70884,0.01147,0.15836,0.99479,0,0,40471
201.060000,329.536555,-1.34266,-0.36618,1.95296,0.00878,0.15250,0.99308,0,0,40472
201.065000,329.536555,-1.03751,-0.42721,2.07502,0.00659,0.14762,0.99210,0,0,40473
201.070000,329.536555,-0.12206,-0.48824,1.89193,0.00586,0.14542,0.99137,0,0,40474
201.075000,329.551668,0.91545,-0.61030,1.76987,0.01269,0.14542,0.99137,0,0,40475
201.080000,329.551668,1.76987,-0.54927,1.89193,0.01171,0.14420,0.99064,0,0,40476
201.085000,329.551668,2.25811,-0.54927,1.83090,0.00659,0.14372,0.99210,0,0,40477
201.090000,329.566801,2.50223,-0.67133,1.58678,0.00683,0.14347,0.99162,0,0,40478
201.095000,329.566801,2.56326,-0.67133,0.91545,0.01025,0.14274,0.98796,0,0,40479
201.100000,329.566801,1.95296,-0.24412,0.24412,0.01025,0.14567,0.98771,0,0,40480
201.105000,329.581796,0.73236,0.67133,-0.06103,0.00878,0.14982,0.99186,0,0,40481
201.110000,329.581796,-0.67133,1.22060,-0.24412,0.00805,0.15372,0.99796,0,0,40482
201.115000,329.581796,-1.34266,0.97648,-0.67133,0.00903,0.15665,0.99967,0,0,40483
201.120000,329.596838,-1.58678,0.48824,-1.28163,0.01074,0.16055,0.99967,0,0,40484
201.125000,329.596838,-1.09854,-0.06103,-1.52575,0.01196,0.16421,0.99698,0,0,40485
201.130000,329.596838,-0.18309,-0.48824,-1.40369,0.01415,0.16763,0.99650,0,0,40486
201.135000,329.611607,0.73236,-0.85442,-1.40369,0.01513,0.17080,0.99015,0,0,40487
201.140000,329.611607,1.58678,-1.28163,-1.22060,0.01464,0.17422,0.98186,0,0,40488
201.145000,329.611607,2.62429,-1.28163,-0.79339,0.01635,0.17763,0.97576,0,0,40489
201.150000,329.626426,3.11253,-0.85442,-0.36618,0.01708,0.17836,0.97210,0,0,40490
201.155000,329.626426,2.99047,-0.30515,0.00000,0.01488,0.17666,0.97454,0,0,40491
201.160000,329.626426,2.50223,0.00000,0.18309,0.01171,0.17495,0.98088,0,0,40492
201.165000,329.641614,2.13605,0.18309,0.18309,0.01293,0.17446,0.98503,0,0,40493
201.170000,329.641614,1.70884,0.12206,0.30515,0.01830,0.17202,0.98698,0,0,40494
201.175000,329.641614,0.67133,0.00000,0.79339,0.02123,0.16909,0.98942,0,0,40495
201.180000,329.656705,0.00000,0.18309,1.15957,0.01854,0.16641,0.98966,0,0,40496
201.185000,329.656705,-0.24412,0.30515,0.97648,0.01806,0.16397,0.98918,0,0,40497
201.190000,329.656705,-0.42721,0.24412,0.48824,0.01903,0.16226,0.99064,0,0,40498
201.195000,329.671527,-0.36618,0.36618,0.06103,0.01757,0.16421,0.99162,0,0,40499
201.200000,329.671527,0.00000,0.18309,-0.24412,0.01464,0.16836,0.99308,0,0,40500
201.205000,329.671527,0.30515,-0.06103,-0.42721,0.01537,0.17324,0.99162,0,0,40501
201.210000,329.686583,0.18309,0.06103,-0.36618,0.01659,0.17836,0.98747,0,0,40502
201.215000,329.686583,-0.48824,0.54927,0.00000,0.01391,0.18007,0.98722,0,0,40503
201.220000,329.686583,-0.61030,1.15957,0.54927,0.01415,0.17617,0.99064,0,0,40504
201.225000,329.701479,-0.42721,1.46472,1.03751,0.01708,0.16982,0.99601,0,0,40505
201.230000,329.701479,-0.24412,1.34266,1.34266,0.01732,0.16324,1.00284,0,0,40506
201.235000,329.701479,0.18309,0.97648,1.40369,0.01488,0.15616,1.00723,0,0,40507
201.240000,329.716562,0.73236,0.54927,1.03751,0.01488,0.15226,1.00967,0,0,40508
201.245000,329.716562,0.97648,0.30515,0.67133,0.01562,0.15055,1.01114,0,0,40509
201.250000,329.716562,0.79339,0.24412,0.30515,0.01488,0.14982,1.01162,0,0,40510
201.255000,329.731482,0.48824,0.06103,-0.24412,0.01220,0.15152,1.01187,0,0,40511
201.260000,329.731482,-0.12206,0.06103,-0.85442,0.01196,0.15689,1.01162,0,0,40512
201.265000,329.731482,-0.91545,0.12206,-1.28163,0.01098,0.16324,1.01114,0,0,40513
201.270000,329.746531,-1.64781,0.18309,-1.52575,0.01074,0.16665,1.01162,0,0,40514
201.275000,329.746531,-1.95296,0.18309,-1.64781,0.01122,0.16690,1.01138,0,0,40515
201.280000,329.746531,-1.70884,-0.12206,-1.76987,0.01049,0.16934,1.00943,0,0,40516
201.285000,329.761871,-0.97648,-0.48824,-1.76987,0.01171,0.17031,1.00626,0,0,40517
201.290000,329.761871,-0.06103,-0.67133,-1.70884,0.01147,0.16934,1.00479,0,0,40518
201.295000,329.761871,0.48824,-0.67133,-1.46472,0.01122,0.17031,1.00284,0,0,40519
201.300000,329.776511,0.85442,-0.54927,-1.40369,0.01122,0.17251,0.99918,0,0,40520
201.305000,329.776511,1.03751,-0.48824,-1.40369,0.01074,0.17446,0.99747,0,0,40521
201.310000,329.776511,1.15957,-0.42721,-1.28163,0.01293,0.17519,0.99723,0,0,40522
201.315000,329.791582,1.03751,-0.12206,-0.91545,0.01464,0.17592,0.99650,0,0,40523
201.320000,329.791582,0.73236,-0.12206,0.06103,0.01415,0.17446,0.99820,0,0,40524
201.325000,329.791582,0.79339,-0.18309,0.54927,0.01366,0.17153,0.99991,0,0,40525
201.330000,329.806576,1.09854,-0.24412,0.42721,0.01342,0.16616,0.99991,0,0,40526
201.335000,329.806576,1.40369,-0.48824,0.12206,0.01391,0.16202,0.99967,0,0,40527
201.340000,329.806576,1.64781,-0.85442,-0.18309,0.01440,0.16324,0.99894,0,0,40528
201.345000,329.821845,1.40369,-0.97648,-0.67133,0.01684,0.16836,0.99772,0,0,40529
201.350000,329.821845,0.85442,-0.85442,-1.09854,0.01659,0.17324,0.99528,0,0,40530
201.355000,329.821845,0.06103,-0.67133,-1.40369,0.01513,0.17470,0.99357,0,0,40531
201.360000,329.836595,-0.79339,-0.54927,-1.58678,0.01635,0.17495,0.99186,0,0,40532
201.365000,329.836595,-1.40369,-0.36618,-1.70884,0.01976,0.17422,0.99015,0,0,40533
201.370000,329.836595,-1.70884,0.00000,-1.58678,0.02001,0.17592,0.99235,0,0,40534
201.375000,329.851833,-1.46472,0.36618,-1.22060,0.01806,0.17739,0.99918,0,0,40535
201.380000,329.851833,-0.91545,0.48824,-0.79339,0.01854,0.17641,1.00674,0,0,40536
201.385000,329.851833,-0.18309,0.24412,-0.61030,0.01586,0.17495,1.01309,0,0,40537
201.390000,329.866755,0.73236,-0.48824,-0.48824,0.01440,0.17324,1.01455,0,0,40538
201.395000,329.866755,1.46472,-1.03751,-0.36618,0.01220,0.17275,1.01236,0,0,40539
201.400000,329.866755,2.38017,-1.70884,-0.06103,0.01122,0.17202,1.00772,0,0,40540
201.405000,329.881660,2.44120,-1.89193,0.18309,0.00903,0.16836,1.00211,0,0,40541
201.410000,329.881660,2.19708,-1.95296,0.30515,0.00830,0.16470,0.99650,0,0,40542
201.415000,329.881660,1.64781,-2.01399,0.00000,0.00976,0.16275,0.98918,0,0,40543
201.420000,329.896556,0.79339,-1.58678,-0.48824,0.00927,0.16616,0.97917,0,0,40544
201.425000,329.896556,0.00000,-0.61030,-0.73236,0.01074,0.16690,0.97161,0,0,40545
201.430000,329.896556,-0.79339,0.48824,-0.73236,0.01440,0.16690,0.97210,0,0,40546
201.435000,329.911558,-1.22060,1.46472,-0.91545,0.01659,0.16592,0.97942,0,0,40547
201.440000,329.911558,-1.22060,1.89193,-1.34266,0.01830,0.16616,0.98942,0,0,40548
201.445000,329.911558,-1.03751,1.64781,-1.58678,0.01903,0.17031,1.00064,0,0,40549
201.450000,329.926883,-0.61030,1.03751,-1.46472,0.01879,0.17544,1.00967,0,0,40550
201.455000,329.926883,0.00000,0.30515,-1.40369,0.01781,0.18202,1.01040,0,0,40551
201.460000,329.926883,0.61030,-0.42721,-1.28163,0.01635,0.18642,1.00821,0,0,40552
201.465000,329.941790,1.03751,-1.09854,-0.97648,0.01659,0.18934,1.00260,0,0,40553
201.470000,329.941790,1.34266,-1.52575,-0.48824,0.01635,0.19105,0.99625,0,0,40554
201.475000,329.941790,1.28163,-1.52575,-0.18309,0.01635,0.19032,0.99015,0,0,40555
201.480000,329.956669,0.67133,-0.91545,0.12206,0.01757,0.18886,0.98600,0,0,40556
201.485000,329.956669,-0.30515,0.06103,0.42721,0.02001,0.18495,0.98844,0,0,40557
201.490000,329.956669,-1.34266,0.73236,0.61030,0.02196,0.18227,0.99357,0,0,40558
201.495000,329.971841,-2.31914,1.15957,0.73236,0.02123,0.17958,1.00064,0,0,40559
201.500000,329.971841,-2.74635,0.91545,0.73236,0.02098,0.17422,1.00504,0,0,40560
201.505000,329.971841,-2.25811,0.30515,0.91545,0.02245,0.17080,1.00479,0,0,40561
201.510000,329.986864,-1.15957,-0.24412,1.03751,0.02074,0.16812,1.00382,0,0,40562
201.515000,329.986864,0.30515,-0.85442,1.09854,0.01537,0.17007,0.99991,0,0,40563
201.520000,329.986864,1.76987,-1.46472,0.91545,0.01147,0.17300,0.99259,0,0,40564
201.525000,330.001590,2.31914,-1.83090,0.67133,0.01025,0.17324,0.98405,0,0,40565
201.530000,330.001590,2.25811,-1.83090,0.30515,0.01049,0.17470,0.97600,0,0,40566
201.535000,330.001590,1.52575,-1.40369,-0.06103,0.01122,0.17495,0.96990,0,0,40567
201.540000,330.016668,0.42721,-0.73236,-0.12206,0.01147,0.17470,0.96697,0,0,40568
201.545000,330.016668,-1.03751,0.42721,-0.30515,0.01220,0.17495,0.96966,0,0,40569
201.550000,330.016668,-1.83090,0.97648,-0.54927,0.01098,0.17739,0.97576,0,0,40570
201.555000,330.031545,-2.07502,1.09854,-0.67133,0.01098,0.17885,0.98015,0,0,40571
201.560000,330.031545,-1.76987,0.79339,-0.36618,0.01098,0.17983,0.98454,0,0,40572
201.565000,330.031545,-1.09854,0.42721,0.30515,0.01293,0.17714,0.98698,0,0,40573
201.570000,330.046891,-0.06103,0.12206,0.85442,0.01342,0.17226,0.98796,0,0,40574
201.575000,330.046891,1.22060,-0.36618,1.34266,0.01244,0.16616,0.98893,0,0,40575
201.580000,330.046891,1.95296,-0.79339,1.15957,0.01171,0.16275,0.98796,0,0,40576
201.585000,330.061793,2.13605,-1.15957,0.67133,0.01366,0.16372,0.98186,0,0,40577
201.590000,330.061793,1.64781,-0.97648,0.30515,0.01415,0.16763,0.97624,0,0,40578
201.595000,330.061793,0.18309,0.24412,0.12206,0.01440,0.17080,0.97576,0,0,40579
201.600000,330.076883,-1.28163,1.28163,0.18309,0.01342,0.17178,0.97746,0,0,40580
201.605000,330.076883,-2.68532,1.89193,0.48824,0.01586,0.16812,0.98088,0,0,40581
201.610000,330.076883,-3.53974,1.95296,0.61030,0.01513,0.16446,0.98405,0,0,40582
201.615000,330.091653,-3.35665,1.83090,0.73236,0.01098,0.16372,0.98698,0,0,40583
201.620000,330.091653,-1.76987,1.34266,0.54927,0.00805,0.16104,0.98966,0,0,40584
201.625000,330.091653,-0.18309,0.79339,0.36618,0.00708,0.15958,0.98844,0,0,40585
201.630000,330.106702,1.58678,0.18309,0.00000,0.00610,0.15933,0.98405,0,0,40586
201.635000,330.106702,3.11253,-0.54927,-0.48824,0.00537,0.16055,0.97698,0,0,40587
201.640000,330.106702,4.02798,-0.91545,-0.54927,0.00610,0.16275,0.97112,0,0,40588
201.645000,330.121843,4.45519,-0.79339,-0.48824,0.00878,0.16519,0.96551,0,0,40589
201.650000,330.121843,4.02798,-0.30515,-0.36618,0.01171,0.16519,0.96087,0,0,40590
201.655000,330.121843,3.05150,0.36618,-0.18309,0.01171,0.16446,0.96575,0,0,40591
201.660000,330.136854,1.89193,0.97648,0.00000,0.01220,0.16470,0.97429,0,0,40592
201.665000,330.136854,1.09854,1.09854,0.00000,0.01488,0.16324,0.98283,0,0,40593
201.670000,330.136854,0.42721,0.79339,-0.12206,0.01562,0.16446,0.98918,0,0,40594
201.675000,330.152845,0.24412,0.54927,-0.18309,0.01415,0.16543,0.99259,0,0,40595
201.680000,330.152845,0.54927,0.24412,-0.24412,0.01415,0.16665,0.99479,0,0,40596
201.685000,330.152845,1.22060,-0.12206,-0.24412,0.01415,0.16836,0.99528,0,0,40597
201.690000,330.166686,1.95296,-0.48824,-0.48824,0.01269,0.17104,0.99357,0,0,40598
201.695000,330.166686,2.86841,-0.91545,-0.48824,0.01269,0.17714,0.99137,0,0,40599
201.700000,330.166686,2.99047,-0.97648,-0.30515,0.01391,0.18324,0.98869,0,0,40600
201.705000,330.181565,2.31914,-0.36618,-0.18309,0.01586,0.18642,0.98625,0,0,40601
201.710000,330.181565,1.15957,0.24412,-0.24412,0.01903,0.18617,0.98283,0,0,40602
201.715000,330.181565,0.00000,0.61030,0.00000,0.02001,0.18617,0.98088,0,0,40603
201.720000,330.196984,-0.97648,1.34266,0.30515,0.01976,0.18446,0.98088,0,0,40604
201.725000,330.196984,-1.15957,1.64781,0.54927,0.02001,0.18129,0.98137,0,0,40605
201.730000,330.196984,-0.91545,1.70884,0.42721,0.02025,0.17788,0.98210,0,0,40606
201.735000,330.211538,-0.42721,1.76987,0.12206,0.02123,0.17763,0.98137,0,0,40607
201.740000,330.211538,0.30515,1.64781,-0.12206,0.02147,0.18007,0.98015,0,0,40608
201.745000,330.211538,1.22060,1.40369,0.06103,0.02147,0.18324,0.97990,0,0,40609
201.750000,330.226578,1.83090,1.46472,0.54927,0.02001,0.18666,0.97917,0,0,40610
201.755000,330.226578,2.07502,1.70884,1.09854,0.01976,0.18739,0.98234,0,0,40611
201.760000,330.226578,1.76987,2.01399,1.46472,0.01903,0.18617,0.98942,0,0,40612
201.765000,330.241895,0.97648,2.13605,1.46472,0.01781,0.18568,0.99406,0,0,40613
201.770000,330.241895,-0.12206,2.13605,1.28163,0.01659,0.18544,0.99918,0,0,40614
201.775000,330.241895,-0.91545,2.25811,1.15957,0.01562,0.18520,1.00382,0,0,40615
201.780000,330.256625,-1.40369,2.38017,1.22060,0.01513,0.18300,1.00699,0,0,40616
201.785000,330.256625,-1.34266,2.13605,1.28163,0.01342,0.17788,1.00943,0,0,40617
201.790000,330.256625,-0.79339,1.76987,1.15957,0.01049,0.17324,1.00967,0,0,40618
201.795000,330.271615,0.18309,1.15957,0.85442,0.01000,0.17129,1.00821,0,0,40619
201.800000,330.271615,1.52575,0.54927,0.36618,0.01074,0.17007,1.00699,0,0,40620
201.805000,330.271615,1.83090,0.30515,-0.06103,0.01366,0.17056,1.00601,0,0,40621
201.810000,330.286877,1.28163,0.18309,-0.24412,0.01586,0.17324,1.00528,0,0,40622
201.815000,330.286877,-0.06103,0.36618,-0.24412,0.01684,0.17592,1.00455,0,0,40623
201.820000,330.286877,-1.52575,0.67133,-0.24412,0.01488,0.17714,1.00260,0,0,40624
201.825000,330.301536,-2.74635,1.22060,-0.06103,0.01342,0.17739,1.00308,0,0,40625
201.830000,330.301536,-3.29562,1.64781,0.12206,0.01391,0.17690,1.00479,0,0,40626
201.835000,330.301536,-3.17356,1.83090,0.36618,0.01440,0.17470,1.00455,0,0,40627
201.840000,330.317098,-2.13605,1.52575,0.48824,0.01244,0.17324,1.00552,0,0,40628
201.845000,330.317098,-0.18309,1.22060,0.73236,0.00976,0.17373,1.00674,0,0,40629
201.850000,330.317098,1.52575,0.85442,1.09854,0.00976,0.17470,1.00870,0,0,40630
201.855000,330.331565,2.56326,0.54927,1.40369,0.01098,0.17470,1.00943,0,0,40631
201.860000,330.331565,2.86841,0.36618,1.76987,0.01049,0.17666,1.01114,0,0,40632
201.865000,330.331565,2.80738,0.36618,1.95296,0.00781,0.17763,1.01065,0,0,40633
201.870000,330.346574,2.31914,0.42721,1.89193,0.00586,0.17714,1.00845,0,0,40634
201.875000,330.346574,1.34266,0.61030,1.64781,0.00464,0.17641,1.00504,0,0,40635
201.880000,330.346574,0.54927,0.97648,1.46472,0.00610,0.17446,1.00186,0,0,40636
201.885000,330.361526,-0.24412,1.34266,1.09854,0.00805,0.17202,1.00016,0,0,40637
201.890000,330.361526,-0.73236,1.64781,0.61030,0.00708,0.17031,1.00333,0,0,40638
201.895000,330.361526,-1.15957,1.95296,0.12206,0.00952,0.17007,1.00772,0,0,40639
201.900000,330.391534,-1.22060,1.83090,-0.24412,0.01220,0.17007,1.01309,0,0,40640
201.905000,330.391534,-1.40369,1.46472,-0.36618,0.01342,0.17275,1.01772,0,0,40641
201.910000,330.391534,-1.15957,0.91545,-0.24412,0.01122,0.17641,1.01943,0,0,40642
201.915000,330.392752,-0.79339,0.67133,-0.06103,0.00927,0.17714,1.01846,0,0,40643
201.920000,330.392752,-0.48824,0.36618,0.06103,0.00708,0.17690,1.01650,0,0,40644
201.925000,330.392752,-0.24412,0.06103,0.24412,0.00561,0.17617,1.01382,0,0,40645
201.930000,330.406564,0.00000,-0.06103,0.61030,0.00561,0.17470,1.01089,0,0,40646
201.935000,330.406564,0.06103,0.00000,1.09854,0.00830,0.17544,1.01187,0,0,40647
201.940000,330.406564,-0.18309,-0.12206,1.15957,0.00952,0.17641,1.01309,0,0,40648
201.945000,330.421892,-0.79339,-0.30515,1.09854,0.00830,0.17422,1.01089,0,0,40649
201.950000,330.421892,-1.15957,-0.18309,1.22060,0.00708,0.17056,1.00772,0,0,40650
201.955000,330.421892,-1.03751,0.00000,1.34266,0.00659,0.16812,1.00528,0,0,40651
201.960000,330.436541,-0.73236,0.00000,1.52575,0.00659,0.16348,1.00479,0,0,40652
201.965000,330.436541,-0.06103,-0.24412,1.46472,0.00708,0.15982,1.00186,0,0,40653
201.970000,330.436541,0.73236,-0.42721,1.34266,0.00805,0.15787,0.99796,0,0,40654
201.975000,330.451603,1.40369,-0.54927,1.28163,0.00952,0.15518,0.99820,0,0,40655
201.980000,330.451603,1.95296,-0.54927,1.15957,0.01074,0.15177,0.99991,0,0,40656
201.985000,330.451603,1.89193,-0.48824,0.67133,0.01098,0.15201,0.99918,0,0,40657
201.990000,330.466860,1.52575,-0.54927,0.06103,0.01122,0.15396,0.99967,0,0,40658
201.995000,330.466860,0.67133,-0.67133,-0.42721,0.01000,0.16080,1.00138,0,0,40659
202.000000,330.466860,0.06103,-0.24412,-0.54927,0.00854,0.16543,1.00626,0,0,40660
202.005000,330.481542,-0.79339,0.00000,-0.73236,0.00854,0.16860,1.01236,0,0,40661
202.010000,330.481542,-1.52575,-0.12206,-1.09854,0.00756,0.16958,1.01577,0,0,40662
202.015000,330.481542,-1.89193,-0.48824,-1.46472,0.00805,0.17226,1.01358,0,0,40663
202.020000,330.496560,-2.19708,-0.79339,-1.58678,0.00830,0.17544,1.01162,0,0,40664
202.025000,330.496560,-2.19708,-0.85442,-1.46472,0.00708,0.17690,1.00967,0,0,40665
202.030000,330.496560,-1.95296,-1.03751,-1.34266,0.00659,0.17739,1.00504,0,0,40666
202.035000,330.511908,-1.70884,-1.52575,-1.28163,0.00708,0.17885,0.99650,0,0,40667
202.040000,330.511908,-1.40369,-1.89193,-0.85442,0.00659,0.18129,0.98747,0,0,40668
202.045000,330.511908,-1.03751,-1.89193,-0.36618,0.00781,0.18349,0.98112,0,0,40669
202.050000,330.526863,-0.79339,-1.28163,-0.06103,0.00903,0.18422,0.97673,0,0,40670
202.055000,330.526863,-0.61030,-0.54927,0.30515,0.00927,0.18324,0.97893,0,0,40671
202.060000,330.526863,-0.48824,-0.06103,0.61030,0.00878,0.17983,0.98527,0,0,40672
202.065000,330.541509,-0.12206,0.00000,0.79339,0.01000,0.17617,0.98942,0,0,40673
202.070000,330.541509,0.36618,-0.54927,0.91545,0.01049,0.17104,0.99210,0,0,40674
202.075000,330.541509,1.03751,-0.97648,0.97648,0.00976,0.16738,0.99064,0,0,40675
202.080000,330.556872,1.70884,-1.15957,0.91545,0.00756,0.16250,0.98722,0,0,40676
202.085000,330.556872,2.50223,-1.28163,0.79339,0.00683,0.15836,0.98430,0,0,40677
202.090000,330.556872,3.05150,-1.22060,0.48824,0.00805,0.15836,0.98234,0,0,40678
202.095000,330.571527,3.17356,-1.15957,-0.06103,0.00781,0.15909,0.98064,0,0,40679
202.100000,330.571527,2.86841,-0.91545,-0.67133,0.00659,0.16080,0.98039,0,0,40680
202.105000,330.571527,2.31914,-0.48824,-0.85442,0.00537,0.16421,0.98088,0,0,40681
202.110000,330.586487,1.34266,0.12206,-0.79339,0.00561,0.16787,0.98527,0,0,40682
202.115000,330.586487,0.30515,0.30515,-0.79339,0.00464,0.17226,0.99186,0,0,40683
202.120000,330.586487,-0.18309,0.12206,-0.73236,0.00488,0.17470,0.99796,0,0,40684
202.125000,330.601528,-0.24412,-0.18309,-0.61030,0.00805,0.17617,1.00260,0,0,40685
202.130000,330.601528,0.06103,-0.42721,-0.36618,0.01171,0.17470,1.00650,0,0,40686
202.135000,330.601528,0.42721,-0.61030,-0.06103,0.01171,0.17275,1.00870,0,0,40687
202.140000,330.616801,0.67133,-0.97648,0.06103,0.01098,0.17007,1.01089,0,0,40688
202.145000,330.616801,0.61030,-1.40369,-0.12206,0.01025,0.16787,1.01114,0,0,40689
202.150000,330.616801,0.36618,-1.83090,-0.42721,0.01147,0.16519,1.00821,0,0,40690
202.155000,330.631858,0.06103,-2.25811,-0.73236,0.01488,0.16421,1.00260,0,0,40691
202.160000,330.631858,-0.18309,-2.44120,-1.03751,0.01488,0.16348,0.99308,0,0,40692
202.165000,330.631858,-0.18309,-2.01399,-1.22060,0.01318,0.16031,0.98454,0,0,40693
202.170000,330.646889,-0.12206,-1.46472,-1.34266,0.01440,0.15933,0.97917,0,0,40694
202.175000,330.646889,0.00000,-1.28163,-1.64781,0.01537,0.16177,0.97673,0,0,40695
202.180000,330.646889,0.48824,-1.22060,-2.01399,0.01684,0.16568,0.97380,0,0,40696
202.185000,330.661835,1.09854,-1.28163,-2.01399,0.01757,0.17056,0.97283,0,0,40697
202.190000,330.661835,1.70884,-1.03751,-1.70884,0.01757,0.17568,0.97673,0,0,40698
202.195000,330.661835,1.89193,-0.61030,-1.28163,0.01781,0.17983,0.98308,0,0,40699
202.200000,330.676411,2.13605,-1.03751,-1.03751,0.01830,0.18105,0.98698,0,0,40700
202.205000,330.676411,2.19708,-1.22060,-0.91545,0.01732,0.18227,0.98991,0,0,40701
202.210000,330.676411,2.31914,-1.40369,-0.91545,0.01293,0.18300,0.99235,0,0,40702
202.215000,330.691874,2.19708,-1.46472,-0.85442,0.01171,0.18422,0.99332,0,0,40703
202.220000,330.691874,1.76987,-1.46472,-0.91545,0.01757,0.18276,0.99137,0,0,40704
202.225000,330.691874,1.22060,-1.40369,-1.03751,0.02050,0.18105,0.98942,0,0,40705
202.230000,330.706558,0.30515,-1.22060,-0.85442,0.01806,0.18080,0.98478,0,0,40706
202.235000,330.706558,-0.79339,-0.79339,-0.85442,0.01488,0.17836,0.98161,0,0,40707
202.240000,330.706558,-2.25811,-0.18309,-1.34266,0.01464,0.17641,0.97917,0,0,40708
202.245000,330.721814,-3.29562,0.18309,-1.52575,0.01391,0.17861,0.97844,0,0,40709
202.250000,330.721814,-3.78386,0.48824,-1.40369,0.01196,0.18032,0.98015,0,0,40710
202.255000,330.721814,-3.60077,0.67133,-1.28163,0.00927,0.18105,0.98283,0,0,40711
202.260000,330.736608,-2.92944,0.42721,-1.34266,0.00781,0.18276,0.98552,0,0,40712
202.265000,330.736608,-1.76987,-0.18309,-1.40369,0.00927,0.18715,0.98478,0,0,40713
202.270000,330.736608,0.00000,-1.03751,-1.15957,0.01147,0.18837,0.97917,0,0,40714
202.275000,330.751849,1.15957,-1.28163,-0.54927,0.01122,0.18812,0.97454,0,0,40715
202.280000,330.751849,1.76987,-1.15957,0.00000,0.01147,0.18593,0.97161,0,0,40716
202.285000,330.751849,1.95296,-0.97648,0.18309,0.01391,0.18154,0.96868,0,0,40717
202.290000,330.781606,1.70884,-0.79339,0.24412,0.01342,0.17690,0.96697,0,0,40718
202.295000,330.781606,0.67133,-0.18309,0.00000,0.01244,0.17275,0.96673,0,0,40719
202.300000,330.781606,-0.30515,0.42721,-0.30515,0.01049,0.17104,0.96868,0,0,40720
202.305000,330.782885,-1.40369,0.67133,-0.85442,0.01074,0.17007,0.97088,0,0,40721
202.310000,330.782885,-2.07502,0.97648,-1.22060,0.01269,0.16836,0.97258,0,0,40722
202.315000,330.782885,-2.38017,1.03751,-1.46472,0.01488,0.16982,0.97380,0,0,40723
202.320000,330.796523,-2.50223,1.09854,-1.76987,0.01537,0.17446,0.97698,0,0,40724
202.325000,330.796523,-2.56326,1.03751,-1.89193,0.01684,0.18007,0.98112,0,0,40725
202.330000,330.796523,-2.13605,0.91545,-1.89193,0.01708,0.18666,0.98381,0,0,40726
202.335000,330.811881,-1.70884,0.73236,-1.70884,0.01806,0.19227,0.98503,0,0,40727
202.340000,330.811881,-0.97648,0.54927,-1.22060,0.01903,0.19593,0.98478,0,0,40728
202.345000,330.811881,-0.61030,0.42721,-0.67133,0.02025,0.19788,0.98674,0,0,40729
202.350000,330.826522,-0.18309,0.54927,-0.24412,0.02025,0.19886,0.98747,0,0,40730
202.355000,330.826522,0.24412,0.67133,-0.18309,0.01903,0.19813,0.98893,0,0,40731
202.360000,330.826522,0.54927,0.73236,-0.18309,0.01806,0.19788,0.99162,0,0,40732
202.365000,330.841486,0.79339,0.73236,0.00000,0.01830,0.19813,0.99186,0,0,40733
202.370000,330.841486,1.03751,0.73236,0.42721,0.01952,0.19740,0.99162,0,0,40734
202.375000,330.841486,1.03751,0.91545,0.85442,0.01928,0.19618,0.99308,0,0,40735
202.380000,330.856869,0.79339,1.03751,1.09854,0.02050,0.19374,0.99308,0,0,40736
202.385000,330.856869,0.24412,0.91545,1.03751,0.02220,0.19008,0.99040,0,0,40737
202.390000,330.856869,-0.06103,1.09854,1.28163,0.01586,0.18568,0.99308,0,0,40738
202.395000,330.871636,0.12206,1.28163,1.40369,0.01342,0.18739,0.99406,0,0,40739
202.400000,330.871636,0.06103,1.28163,1.46472,0.01806,0.18764,0.99137,0,0,40740
202.405000,330.871636,-0.36618,1.46472,1.52575,0.01976,0.18910,0.98796,0,0,40741
202.410000,330.886722,-0.67133,1.89193,1.76987,0.01562,0.19056,0.98674,0,0,40742
202.415000,330.886722,-0.36618,2.44120,2.56326,0.01537,0.18568,0.99308,0,0,40743
202.420000,330.886722,-0.24412,2.25811,2.86841,0.01806,0.17983,0.99625,0,0,40744
202.425000,330.901560,0.30515,1.89193,2.86841,0.01513,0.17983,0.99479,0,0,40745
202.430000,330.901560,0.85442,1.64781,2.92944,0.01342,0.17788,0.99674,0,0,40746
202.435000,330.901560,1.15957,1.46472,3.05150,0.01440,0.17129,0.99698,0,0,40747
202.440000,330.916654,1.46472,1.40369,3.23459,0.01293,0.16763,0.99674,0,0,40748
202.445000,330.916654,1.70884,1.52575,3.29562,0.00903,0.16397,1.00186,0,0,40749
202.450000,330.916654,1.70884,1.46472,2.86841,0.00586,0.15958,1.00479,0,0,40750
202.455000,330.931555,1.40369,1.28163,2.25811,0.00439,0.15592,1.00748,0,0,40751
202.460000,330.931555,0.97648,1.15957,1.46472,0.00244,0.15323,1.00821,0,0,40752
202.465000,330.931555,0.91545,0.79339,0.61030,0.00342,0.15128,1.00650,0,0,40753
202.470000,330.946560,0.91545,0.61030,0.00000,0.00781,0.14933,1.00504,0,0,40754
202.475000,330.946560,0.48824,0.42721,-0.48824,0.01147,0.14835,1.00406,0,0,40755
202.480000,330.946560,0.00000,0.36618,-0.91545,0.01293,0.15152,0.99869,0,0,40756
202.485000,330.961605,-0.61030,0.67133,-1.09854,0.01244,0.15714,0.99625,0,0,40757
202.490000,330.961605,-1.03751,1.15957,-1.09854,0.01318,0.16177,1.00064,0,0,40758
202.495000,330.961605,-0.91545,1.40369,-0.97648,0.01391,0.16568,1.00748,0,0,40759
202.500000,330.976483,-0.42721,1.15957,-0.91545,0.01488,0.17031,1.01553,0,0,40760
202.505000,330.976483,0.24412,0.67133,-0.67133,0.01513,0.17690,1.02016,0,0,40761
202.510000,330.976483,0.67133,0.18309,-0.48824,0.01415,0.18105,1.02334,0,0,40762
202.515000,330.991474,0.73236,0.00000,-0.36618,0.01318,0.18471,1.02407,0,0,40763
202.520000,330.991474,0.79339,-0.30515,-0.18309,0.01171,0.18690,1.02090,0,0,40764
202.525000,330.991474,0.73236,-0.67133,0.18309,0.00683,0.18837,1.01968,0,0,40765
202.530000,331.006832,0.61030,-1.22060,0.48824,-0.00073,0.19008,1.01772,0,0,40766
202.535000,331.006832,0.48824,-1.52575,0.30515,0.00586,0.18373,1.01016,0,0,40767
202.540000,331.006832,0.06103,-1.70884,-0.18309,0.02342,0.17275,0.99942,0,0,40768
202.545000,331.021881,-0.12206,-1.52575,-0.18309,0.02684,0.17153,0.99235,0,0,40769
202.550000,331.021881,0.06103,-1.40369,0.12206,0.01757,0.17519,0.98820,0,0,40770
202.555000,331.021881,0.79339,-1.52575,0.12206,0.02025,0.17446,0.98332,0,0,40771
202.560000,331.036868,1.52575,-1.34266,-0.42721,0.03099,0.17129,0.98356,0,0,40772
202.565000,331.036868,1.58678,-0.91545,-1.15957,0.03123,0.17666,0.98820,0,0,40773
202.570000,331.036868,1.34266,-0.67133,-1.22060,0.02440,0.18471,0.99284,0,0,40774
202.575000,331.051663,0.97648,-0.36618,-0.97648,0.02367,0.19032,0.99747,0,0,40775
202.580000,331.051663,0.30515,-0.30515,-0.91545,0.02416,0.19520,0.99991,0,0,40776
202.585000,331.051663,-0.30515,-0.48824,-0.85442,0.02172,0.19837,1.00016,0,0,40777
202.590000,331.066927,-0.54927,-0.73236,-0.42721,0.01903,0.20154,0.99576,0,0,40778
202.595000,331.066927,-0.48824,-0.67133,0.30515,0.02001,0.20203,0.99088,0,0,40779
202.600000,331.066927,-0.24412,-0.54927,0.73236,0.01781,0.20106,0.98966,0,0,40780
202.605000,331.081623,0.24412,-0.42721,0.79339,0.01440,0.19862,0.98722,0,0,40781
202.610000,331.081623,0.48824,-0.24412,0.97648,0.01391,0.19618,0.98332,0,0,40782
202.615000,331.081623,0.67133,-0.12206,1.52575,0.01562,0.18910,0.97942,0,0,40783
202.620000,331.096561,0.79339,0.00000,2.31914,0.01781,0.18032,0.97722,0,0,40784
202.625000,331.096561,0.91545,-0.06103,2.74635,0.01903,0.17129,0.97356,0,0,40785
202.630000,331.096561,0.91545,-0.06103,3.11253,0.01586,0.16519,0.96892,0,0,40786
202.635000,331.111540,0.85442,0.18309,3.17356,0.01244,0.15884,0.96575,0,0,40787
202.640000,331.111540,0.79339,0.67133,2.74635,0.00952,0.15226,0.96331,0,0,40788
202.645000,331.111540,0.91545,0.73236,2.38017,0.00976,0.14811,0.96526,0,0,40789
202.650000,331.126815,1.03751,0.61030,2.19708,0.00878,0.14713,0.96795,0,0,40790
202.655000,331.126815,1.09854,0.48824,1.76987,0.00854,0.14786,0.96819,0,0,40791
202.660000,331.126815,1.22060,0.48824,1.28163,0.00683,0.15079,0.96868,0,0,40792
202.665000,331.141530,1.34266,0.67133,0.85442,0.00342,0.15616,0.97063,0,0,40793
202.670000,331.141530,1.28163,1.09854,0.67133,0.00415,0.15787,0.97405,0,0,40794
202.675000,331.141530,1.15957,1.22060,0.54927,0.00683,0.15811,0.97551,0,0,40795
202.680000,331.156571,0.85442,1.09854,0.42721,0.00586,0.16031,0.97698,0,0,40796
202.685000,331.156571,0.61030,0.91545,0.06103,0.00342,0.16275,0.98039,0,0,40797
202.690000,331.156571,0.30515,1.15957,-0.48824,0.00415,0.16543,0.98283,0,0,40798
202.695000,331.171558,-0.42721,1.64781,-0.85442,0.00464,0.16787,0.98918,0,0,40799
202.700000,331.171558,-1.03751,1.70884,-1.03751,0.00561,0.17104,0.99308,0,0,40800
202.705000,331.171558,-1.52575,1.70884,-1.03751,0.00659,0.17495,0.99650,0,0,40801
202.710000,331.186626,-1.83090,1.76987,-0.85442,0.00732,0.17861,1.00113,0,0,40802
202.715000,331.186626,-1.89193,1.64781,-0.30515,0.00903,0.17983,1.00382,0,0,40803
202.720000,331.186626,-1.40369,1.15957,0.06103,0.01049,0.17885,1.00479,0,0,40804
202.725000,331.201885,-0.67133,0.54927,0.24412,0.01098,0.17812,1.00479,0,0,40805
202.730000,331.201885,0.30515,0.24412,0.54927,0.01171,0.17690,1.00333,0,0,40806
202.735000,331.201885,0.85442,0.30515,0.73236,0.01220,0.17348,1.00260,0,0,40807
202.740000,331.216884,1.03751,0.30515,0.67133,0.01464,0.17104,1.00333,0,0,40808
202.745000,331.216884,0.54927,0.36618,0.61030,0.01415,0.17080,1.00406,0,0,40809
202.750000,331.216884,-0.18309,0.48824,0.48824,0.01171,0.17031,1.00650,0,0,40810
202.755000,331.231856,-1.03751,0.61030,0.18309,0.01196,0.16934,1.00504,0,0,40811
202.760000,331.231856,-1.89193,0.79339,-0.18309,0.01366,0.16787,1.00113,0,0,40812
202.765000,331.231856,-2.56326,0.97648,-0.42721,0.01415,0.17031,0.99918,0,0,40813
202.770000,331.246503,-2.68532,1.22060,-0.36618,0.01415,0.17348,0.99918,0,0,40814
202.775000,331.246503,-2.56326,1.28163,-0.42721,0.01269,0.17690,0.99967,0,0,40815
202.780000,331.246503,-2.25811,1.46472,-0.54927,0.01269,0.17812,0.99967,0,0,40816
202.785000,331.261482,-1.58678,1.58678,-0.54927,0.01220,0.17885,1.00162,0,0,40817
202.790000,331.261482,-0.61030,1.40369,-0.42721,0.01366,0.17812,1.00333,0,0,40818
202.795000,331.261482,0.12206,1.34266,0.00000,0.01513,0.17910,1.00626,0,0,40819
202.800000,331.277803,0.42721,1.64781,0.54927,0.01488,0.17812,1.01162,0,0,40820
202.805000,331.277803,0.54927,1.34266,1.03751,0.01269,0.17690,1.01699,0,0,40821
202.810000,331.277803,0.61030,0.91545,0.85442,0.00854,0.17763,1.02090,0,0,40822
202.815000,331.291587,0.48824,0.73236,0.61030,0.00098,0.17910,1.02309,0,0,40823
202.820000,331.291587,0.61030,0.61030,0.54927,0.00122,0.17788,1.02138,0,0,40824
202.825000,331.291587,1.34266,0.30515,0.73236,0.01000,0.17153,1.02090,0,0,40825
202.830000,331.306562,1.95296,-0.06103,1.15957,0.01049,0.16885,1.02016,0,0,40826
202.835000,331.306562,2.44120,-0.48824,1.28163,0.00415,0.16763,1.01797,0,0,40827
202.840000,331.306562,2.44120,-0.61030,1.03751,0.00512,0.16592,1.01504,0,0,40828
202.845000,331.321712,2.13605,-0.61030,0.85442,0.00659,0.16568,1.01187,0,0,40829
202.850000,331.321712,1.52575,-0.61030,0.73236,0.00415,0.16470,1.00894,0,0,40830
202.855000,331.321712,0.79339,-0.54927,0.61030,0.00293,0.16275,1.00601,0,0,40831
202.860000,331.336650,-0.06103,-0.42721,0.61030,0.00122,0.16128,1.00333,0,0,40832
202.865000,331.336650,-0.79339,-0.18309,0.48824,0.00122,0.15836,1.00186,0,0,40833
202.870000,331.336650,-1.28163,0.18309,0.00000,0.00098,0.15616,1.00406,0,0,40834
202.875000,331.351384,-1.95296,0.36618,-0.54927,-0.00098,0.15396,1.00796,0,0,40835
202.880000,331.351384,-2.25811,0.12206,-0.97648,-0.00024,0.15543,1.00992,0,0,40836
202.885000,331.351384,-2.07502,-0.36618,-1.22060,0.00220,0.15787,1.01065,0,0,40837
202.890000,331.366556,-1.64781,-0.97648,-1.28163,0.00293,0.16055,1.00967,0,0,40838
202.895000,331.366556,-0.79339,-1.46472,-1.28163,0.00317,0.16250,1.00552,0,0,40839
202.900000,331.366556,0.30515,-1.95296,-1.52575,0.00415,0.16446,0.99869,0,0,40840
202.905000,331.381912,0.67133,-1.89193,-2.07502,0.00366,0.16909,0.99235,0,0,40841
202.910000,331.381912,0.67133,-1.70884,-2.38017,0.00610,0.17202,0.98625,0,0,40842
202.915000,331.381912,0.36618,-1.52575,-2.19708,0.00976,0.17495,0.98600,0,0,40843
202.920000,331.396685,-0.36618,-1.15957,-2.01399,0.01171,0.17690,0.98820,0,0,40844
202.925000,331.396685,-0.79339,-0.73236,-1.76987,0.01391,0.17910,0.98991,0,0,40845
202.930000,331.396685,-1.03751,-0.42721,-1.40369,0.01659,0.18032,0.99332,0,0,40846
202.935000,331.411555,-1.03751,-0.36618,-0.91545,0.01830,0.17983,0.99625,0,0,40847
202.940000,331.411555,-0.79339,-0.73236,-0.36618,0.01635,0.17714,0.99698,0,0,40848
202.945000,331.411555,-0.61030,-0.97648,-0.24412,0.01171,0.17446,0.99454,0,0,40849
202.950000,331.426571,-0.36618,-0.97648,-0.42721,0.01196,0.17373,0.99137,0,0,40850
202.955000,331.426571,-0.18309,-0.85442,-0.61030,0.01586,0.17275,0.98966,0,0,40851
202.960000,331.426571,-0.48824,-0.54927,-0.61030,0.01830,0.17324,0.99064,0,0,40852
202.965000,331.441531,-1.09854,-0.18309,-0.61030,0.01732,0.17495,0.99210,0,0,40853
202.970000,331.441531,-2.07502,0.12206,-0.54927,0.01586,0.17446,0.99406,0,0,40854
202.975000,331.441531,-2.56326,0.12206,-0.61030,0.01610,0.17666,0.99552,0,0,40855
202.980000,331.456512,-2.86841,0.00000,-0.61030,0.01415,0.17714,0.99796,0,0,40856
202.985000,331.456512,-2.86841,0.06103,-0.61030,0.01171,0.17739,1.00064,0,0,40857
202.990000,331.456512,-2.44120,-0.18309,-0.73236,0.01049,0.17690,1.00186,0,0,40858
202.995000,331.471809,-1.64781,-0.67133,-0.85442,0.01147,0.17714,1.00089,0,0,40859
203.000000,331.471809,-1.03751,-1.09854,-0.67133,0.01171,0.17641,0.99967,0,0,40860
203.005000,331.471809,-0.48824,-1.52575,-0.73236,0.00756,0.17690,0.99698,0,0,40861
203.010000,331.486581,0.12206,-1.83090,-0.73236,0.00464,0.17592,0.99332,0,0,40862
203.015000,331.486581,0.67133,-2.01399,-0.61030,0.00927,0.17202,0.98576,0,0,40863
203.020000,331.486581,0.48824,-1.58678,-0.48824,0.01220,0.16982,0.98161,0,0,40864
203.025000,331.501884,0.00000,-1.22060,-0.36618,0.01049,0.16958,0.97990,0,0,40865
203.030000,331.501884,-0.42721,-0.91545,-0.30515,0.00830,0.16860,0.97990,0,0,40866
203.035000,331.501884,-0.48824,-0.48824,-0.18309,0.00976,0.16812,0.98112,0,0,40867
203.040000,331.516573,-0.12206,-0.42721,-0.06103,0.01098,0.16690,0.98356,0,0,40868
203.045000,331.516573,0.36618,-0.42721,0.12206,0.01147,0.16690,0.98625,0,0,40869
203.050000,331.516573,0.73236,-0.54927,0.24412,0.01318,0.16543,0.98869,0,0,40870
203.055000,331.531699,0.61030,-0.67133,0.18309,0.01244,0.16299,0.99064,0,0,40871
203.060000,331.531699,0.30515,-0.79339,-0.06103,0.01074,0.16299,0.99088,0,0,40872
203.065000,331.531699,-0.30515,-0.97648,-0.48824,0.01025,0.16275,0.99088,0,0,40873
203.070000,331.546617,-0.85442,-0.97648,-1.09854,0.01025,0.16250,0.98918,0,0,40874
203.075000,331.546617,-1.15957,-0.91545,-1.58678,0.00903,0.16348,0.98747,0,0,40875
203.080000,331.546617,-1.15957,-1.03751,-2.13605,0.00756,0.16665,0.98674,0,0,40876
203.085000,331.561577,-1.09854,-1.28163,-2.68532,0.00927,0.16982,0.98552,0,0,40877
203.090000,331.561577,-0.97648,-1.40369,-2.86841,0.01000,0.17470,0.98112,0,0,40878
203.095000,331.561577,-0.67133,-1.40369,-2.62429,0.01122,0.17617,0.97820,0,0,40879
203.100000,331.576818,0.12206,-1.70884,-2.07502,0.01318,0.17812,0.97356,0,0,40880
203.105000,331.576818,0.85442,-1.64781,-1.58678,0.01366,0.18129,0.96746,0,0,40881
203.110000,331.576818,1.64781,-1.40369,-1.28163,0.01318,0.18520,0.96258,0,0,40882
203.115000,331.591865,2.31914,-0.12206,-0.91545,0.01440,0.18837,0.96429,0,0,40883
203.120000,331.591865,2.13605,0.61030,-0.61030,0.01537,0.19008,0.97014,0,0,40884
203.125000,331.591865,1.83090,0.67133,-0.48824,0.01415,0.19227,0.97600,0,0,40885
203.130000,331.606743,1.40369,0.73236,-0.12206,0.01269,0.19227,0.98064,0,0,40886
203.135000,331.606743,1.03751,1.28163,-0.06103,0.01342,0.18886,0.98796,0,0,40887
203.140000,331.606743,0.85442,1.64781,-0.30515,0.01684,0.18544,1.00016,0,0,40888
203.145000,331.621577,0.79339,1.46472,-0.67133,0.01903,0.18544,1.00943,0,0,40889
203.150000,331.621577,0.54927,0.91545,-0.97648,0.01976,0.18910,1.01406,0,0,40890
203.155000,331.621577,0.00000,0.42721,-1.28163,0.01928,0.19593,1.01480,0,0,40891
203.160000,331.636654,-0.67133,0.12206,-1.52575,0.01854,0.20081,1.01406,0,0,40892
203.165000,331.636654,-1.28163,-0.06103,-1.22060,0.01220,0.20594,1.00918,0,0,40893
203.170000,331.636654,-1.15957,-0.24412,-0.85442,0.01074,0.20447,1.00235,0,0,40894
203.175000,331.651649,-0.24412,-0.61030,-0.42721,0.02220,0.19813,0.99235,0,0,40895
203.180000,331.651649,0.79339,-1.03751,0.12206,0.02123,0.19520,0.98600,0,0,40896
203.185000,331.651649,2.13605,-1.22060,0.73236,0.01342,0.19569,0.97966,0,0,40897
203.190000,331.666620,3.47871,-1.22060,0.73236,0.01830,0.19349,0.97527,0,0,40898
203.195000,331.666620,4.08901,-1.03751,0.61030,0.02513,0.19032,0.97502,0,0,40899
203.200000,331.666620,4.15004,-0.79339,0.61030,0.02611,0.18910,0.97600,0,0,40900
203.205000,331.681805,4.33313,-0.79339,0.85442,0.02855,0.18666,0.97551,0,0,40901
203.210000,331.681805,4.27210,-0.36618,1.52575,0.03001,0.18202,0.97746,0,0,40902
203.215000,331.681805,3.78386,0.00000,1.95296,0.02318,0.17788,0.98381,0,0,40903
203.220000,331.696547,3.11253,0.24412,1.64781,0.01732,0.17495,0.98625,0,0,40904
203.225000,331.696547,2.25811,0.48824,0.91545,0.01708,0.16982,0.98844,0,0,40905
203.230000,331.696547,1.52575,0.79339,0.12206,0.01537,0.17153,0.99235,0,0,40906
203.235000,331.711540,1.22060,0.85442,0.36618,0.00634,0.17568,0.99796,0,0,40907
203.240000,331.711540,0.73236,1.03751,0.73236,0.00268,0.17666,1.00308,0,0,40908
203.245000,331.711540,0.42721,1.15957,0.79339,0.01000,0.17519,1.00333,0,0,40909
203.250000,331.726816,-0.54927,1.40369,0.67133,0.00756,0.17666,1.00699,0,0,40910
203.255000,331.726816,-1.64781,1.76987,0.48824,0.00098,0.17641,1.01187,0,0,40911
203.260000,331.726816,-2.56326,1.95296,0.42721,0.00073,0.17397,1.01480,0,0,40912
203.265000,331.741878,-3.47871,1.76987,0.30515,0.00244,0.17251,1.01870,0,0,40913
203.270000,331.741878,-3.60077,1.40369,0.06103,-0.00049,0.17080,1.01870,0,0,40914
203.275000,331.741878,-3.11253,0.91545,-0.12206,0.00122,0.16982,1.01455,0,0,40915
203.280000,331.756600,-2.01399,0.30515,-0.12206,0.00537,0.17104,1.00772,0,0,40916
203.285000,331.756600,-0.73236,-0.18309,-0.06103,0.00903,0.17202,1.00211,0,0,40917
203.290000,331.756600,0.36618,-0.36618,0.30515,0.01171,0.17373,0.99894,0,0,40918
203.295000,331.771540,0.73236,-0.24412,0.73236,0.01269,0.17544,1.00016,0,0,40919
203.300000,331.771540,0.54927,-0.36618,1.28163,0.01488,0.17739,1.00016,0,0,40920
203.305000,331.771540,0.00000,-0.36618,1.22060,0.01562,0.17739,1.00186,0,0,40921
203.310000,331.786681,-0.54927,-0.18309,1.09854,0.01269,0.17592,1.00284,0,0,40922
203.315000,331.786681,-0.67133,-0.18309,1.15957,0.00903,0.17495,1.00357,0,0,40923
203.320000,331.786681,-0.42721,-0.48824,1.03751,0.00756,0.17324,1.00162,0,0,40924
203.325000,331.801645,0.12206,-0.85442,0.91545,0.00659,0.17080,0.99820,0,0,40925
203.330000,331.801645,0.42721,-0.85442,0.67133,0.00293,0.16982,0.99430,0,0,40926
203.335000,331.801645,0.42721,-0.54927,0.30515,0.00317,0.16982,0.99308,0,0,40927
203.340000,331.816782,0.30515,-0.42721,-0.12206,0.00464,0.16763,0.99284,0,0,40928
203.345000,331.816782,0.06103,-0.42721,-0.54927,0.00634,0.16690,0.99235,0,0,40929
203.350000,331.816782,-0.30515,-0.73236,-0.79339,0.00781,0.16812,0.99137,0,0,40930
203.355000,331.831559,-0.30515,-0.97648,-0.79339,0.00952,0.17007,0.99040,0,0,40931
203.360000,331.831559,0.06103,-1.03751,-0.79339,0.01171,0.17300,0.98527,0,0,40932
203.365000,331.831559,0.54927,-0.97648,-0.79339,0.01196,0.17641,0.98064,0,0,40933
203.370000,331.846843,0.79339,-1.09854,-0.79339,0.01074,0.18227,0.97820,0,0,40934
203.375000,331.846843,1.09854,-0.85442,-0.61030,0.00854,0.18861,0.97868,0,0,40935
203.380000,331.846843,1.22060,-0.54927,-0.30515,0.00903,0.19032,0.98039,0,0,40936
203.385000,331.861819,1.46472,-0.54927,0.18309,0.01074,0.18690,0.98356,0,0,40937
203.390000,331.861819,2.13605,-1.03751,0.61030,0.01074,0.18032,0.98478,0,0,40938
203.395000,331.861819,2.62429,-1.28163,0.73236,0.00854,0.17641,0.98527,0,0,40939
203.400000,331.876501,2.99047,-1.34266,0.61030,0.01269,0.17202,0.98771,0,0,40940
203.405000,331.876501,3.17356,-1.15957,0.24412,0.02025,0.16885,0.98893,0,0,40941
203.410000,331.876501,2.99047,-0.97648,0.06103,0.02391,0.17129,0.99186,0,0,40942
203.415000,331.891857,2.86841,-0.85442,0.18309,0.02513,0.17812,0.99503,0,0,40943
203.420000,331.891857,2.86841,-0.67133,0.24412,0.02294,0.18495,0.99430,0,0,40944
203.425000,331.891857,2.50223,-0.48824,0.24412,0.01757,0.19203,0.98991,0,0,40945
203.430000,331.906856,2.07502,-0.42721,0.00000,0.02001,0.19569,0.98527,0,0,40946
203.435000,331.906856,2.01399,-0.18309,0.12206,0.03221,0.19593,0.97990,0,0,40947
203.440000,331.906856,1.76987,0.12206,0.42721,0.03148,0.20130,0.98088,0,0,40948
203.445000,331.921551,1.22060,0.61030,0.79339,0.02025,0.20740,0.98503,0,0,40949
203.450000,331.921551,0.67133,0.97648,0.91545,0.01488,0.20911,0.99113,0,0,40950
203.455000,331.921551,0.36618,0.97648,0.67133,0.01415,0.20862,0.99723,0,0,40951
203.460000,331.936660,0.54927,0.67133,0.42721,0.01342,0.20716,0.99698,0,0,40952
203.465000,331.936660,1.09854,0.12206,0.61030,0.01196,0.20618,0.99528,0,0,40953
203.470000,331.936660,1.52575,0.06103,1.28163,0.01244,0.20203,0.99454,0,0,40954
203.475000,331.951685,1.83090,-0.30515,1.76987,0.01659,0.19520,0.99137,0,0,40955
203.480000,331.951685,2.07502,-0.73236,2.01399,0.02001,0.18861,0.98625,0,0,40956
203.485000,331.951685,1.95296,-0.79339,1.95296,0.02147,0.18202,0.98064,0,0,40957
203.490000,331.966534,1.28163,-0.30515,1.95296,0.02294,0.17788,0.97746,0,0,40958
203.495000,331.966534,0.30515,0.24412,1.95296,0.02294,0.17519,0.97624,0,0,40959
203.500000,331.966534,-0.67133,0.85442,1.95296,0.02196,0.17104,0.98064,0,0,40960
203.505000,331.981750,-1.40369,0.91545,1.58678,0.02098,0.17056,0.98478,0,0,40961
203.510000,331.981750,-1.83090,1.09854,1.34266,0.01952,0.17226,0.98918,0,0,40962
203.515000,331.981750,-1.64781,1.40369,1.28163,0.01635,0.17470,0.99625,0,0,40963
203.520000,331.996544,-1.09854,1.46472,1.28163,0.01464,0.17470,1.00382,0,0,40964
203.525000,331.996544,-0.30515,1.03751,1.15957,0.01269,0.17617,1.00723,0,0,40965
203.530000,331.996544,0.42721,0.12206,0.97648,0.01244,0.17861,1.00528,0,0,40966
203.535000,332.011523,1.03751,-0.36618,0.79339,0.01220,0.17958,1.00162,0,0,40967
203.540000,332.011523,1.40369,-0.73236,0.91545,0.01220,0.17812,0.99845,0,0,40968
203.545000,332.011523,1.52575,-0.91545,0.91545,0.01122,0.17714,0.99137,0,0,40969
203.550000,332.026825,1.40369,-0.85442,0.73236,0.00878,0.17641,0.98186,0,0,40970
203.555000,332.026825,0.61030,-0.36618,0.36618,0.00854,0.17617,0.97454,0,0,40971
203.560000,332.026825,-0.67133,0.30515,-0.30515,0.01025,0.17397,0.96819,0,0,40972
203.565000,332.041608,-1.40369,0.67133,-0.48824,0.01366,0.17373,0.96331,0,0,40973
203.570000,332.041608,-1.89193,1.03751,-0.30515,0.01610,0.17788,0.96014,0,0,40974
203.575000,332.041608,-1.89193,1.15957,-0.12206,0.01562,0.18154,0.96038,0,0,40975
203.580000,332.056798,-1.52575,1.64781,0.06103,0.01440,0.18349,0.96307,0,0,40976
203.585000,332.056798,-0.97648,2.07502,0.48824,0.01366,0.18568,0.96770,0,0,40977
203.590000,332.056798,0.42721,2.07502,1.22060,0.01318,0.18886,0.97283,0,0,40978
203.595000,332.071893,1.34266,1.95296,2.07502,0.01244,0.19105,0.98137,0,0,40979
203.600000,332.071893,1.28163,2.07502,2.50223,0.01220,0.18886,0.98649,0,0,40980
203.605000,332.071893,0.30515,2.19708,2.86841,0.01244,0.18349,0.98966,0,0,40981
203.610000,332.086812,-1.64781,2.74635,2.68532,0.01244,0.17763,0.99186,0,0,40982
203.615000,332.086812,-2.92944,3.23459,2.38017,0.01171,0.17178,0.99406,0,0,40983
203.620000,332.086812,-3.53974,3.35665,2.07502,0.01074,0.17104,0.99454,0,0,40984
203.625000,332.101561,-3.53974,3.35665,1.83090,0.01074,0.17056,0.99869,0,0,40985
203.630000,332.101561,-2.86841,3.29562,1.70884,0.00976,0.17080,1.00650,0,0,40986
203.635000,332.101561,-1.46472,2.86841,1.52575,0.00781,0.17031,1.01480,0,0,40987
203.640000,332.116743,-0.06103,2.01399,1.40369,0.00439,0.16958,1.01699,0,0,40988
203.645000,332.116743,1.40369,1.09854,1.40369,0.00293,0.17056,1.01992,0,0,40989
203.650000,332.116743,2.50223,0.48824,1.52575,0.00268,0.17202,1.02187,0,0,40990
203.655000,332.132113,3.05150,-0.06103,1.46472,0.00122,0.17178,1.02016,0,0,40991
203.660000,332.132113,2.92944,-0.67133,1.28163,-0.00098,0.16885,1.01602,0,0,40992
203.665000,332.132113,2.68532,-0.91545,1.09854,-0.00073,0.16738,1.01138,0,0,40993
203.670000,332.146886,2.38017,-1.09854,0.85442,0.00122,0.16787,1.00748,0,0,40994
203.675000,332.146886,2.01399,-1.22060,0.67133,0.00171,0.16982,1.00260,0,0,40995
203.680000,332.146886,2.01399,-1.15957,0.48824,0.00293,0.17104,0.99625,0,0,40996
203.685000,332.161601,1.95296,-0.85442,0.30515,0.00366,0.17226,0.99357,0,0,40997
203.690000,332.161601,2.19708,-0.48824,0.42721,0.00390,0.17226,0.99284,0,0,40998
203.695000,332.161601,2.68532,-0.42721,1.03751,0.00512,0.17129,0.99210,0,0,40999
203.700000,332.176613,2.99047,-0.54927,1.40369,0.00537,0.17104,0.99284,0,0,41000
203.705000,332.176613,3.17356,-0.18309,1.22060,0.00512,0.17202,0.99357,0,0,41001
203.710000,332.176613,2.74635,0.24412,0.85442,0.00610,0.17226,0.99723,0,0,41002
203.715000,332.191849,0.91545,0.48824,0.36618,0.00756,0.17251,0.99894,0,0,41003
203.720000,332.191849,-0.61030,0.54927,-0.18309,0.00708,0.17202,0.99845,0,0,41004
203.725000,332.191849,-1.95296,0.48824,-0.79339,0.00683,0.17251,0.99625,0,0,41005
203.730000,332.206816,-2.99047,0.61030,-1.22060,0.00439,0.17592,0.99406,0,0,41006
203.735000,332.206816,-4.02798,1.15957,-1.34266,0.00586,0.17885,0.99235,0,0,41007
203.740000,332.206816,-4.76034,1.52575,-1.40369,0.01464,0.17763,0.99040,0,0,41008
203.745000,332.221499,-5.12652,1.52575,-1.40369,0.02025,0.17397,0.98918,0,0,41009
203.750000,332.221499,-4.51622,1.09854,-1.22060,0.01684,0.17495,0.98405,0,0,41010
203.755000,332.221499,-3.11253,0.48824,-0.91545,0.01415,0.17836,0.97673,0,0,41011
203.760000,332.236649,-1.52575,0.12206,-0.79339,0.01781,0.18080,0.96770,0,0,41012
203.765000,332.236649,0.06103,0.36618,-0.73236,0.02050,0.18324,0.96404,0,0,41013
203.770000,332.236649,1.15957,0.67133,-0.36618,0.02123,0.18544,0.96429,0,0,41014
203.775000,332.251561,2.13605,0.73236,0.18309,0.02269,0.18593,0.96648,0,0,41015
203.780000,332.251561,2.56326,1.03751,0.61030,0.02294,0.18544,0.97478,0,0,41016
203.785000,332.251561,1.95296,1.70884,0.67133,0.02342,0.18324,0.98820,0,0,41017
203.790000,332.266525,1.22060,1.95296,0.24412,0.02440,0.18202,1.00040,0,0,41018
203.795000,332.266525,0.79339,1.95296,0.06103,0.02489,0.18007,1.00796,0,0,41019
203.800000,332.266525,0.79339,1.58678,0.30515,0.02367,0.17690,1.01504,0,0,41020
203.805000,332.281376,0.85442,1.03751,0.73236,0.02098,0.17470,1.01480,0,0,41021
203.810000,332.281376,0.79339,0.18309,0.67133,0.01903,0.17544,1.00772,0,0,41022
203.815000,332.281376,0.79339,-0.30515,0.61030,0.01732,0.17763,0.99796,0,0,41023
203.820000,332.296519,0.67133,-0.36618,0.61030,0.01293,0.18056,0.98649,0,0,41024
203.825000,332.296519,0.30515,0.12206,0.79339,0.00756,0.18129,0.97673,0,0,41025
203.830000,332.296519,-0.30515,0.91545,0.79339,0.00561,0.17983,0.97356,0,0,41026
203.835000,332.311514,-1.09854,1.76987,0.73236,0.00512,0.17666,0.97649,0,0,41027
203.840000,332.311514,-1.70884,2.44120,0.54927,0.00683,0.17275,0.98454,0,0,41028
203.845000,332.311514,-1.76987,2.44120,0.36618,0.00610,0.17007,0.99308,0,0,41029
203.850000,332.326515,-1.52575,2.25811,0.06103,0.00439,0.17056,1.00040,0,0,41030
203.855000,332.326515,-1.03751,1.95296,-0.18309,0.00317,0.17397,1.00601,0,0,41031
203.860000,332.326515,-0.12206,1.34266,-0.48824,0.00293,0.17568,1.00894,0,0,41032
203.865000,332.341503,0.54927,0.91545,-0.54927,0.00488,0.17714,1.00967,0,0,41033
203.870000,332.341503,0.79339,0.54927,-0.42721,0.00610,0.17983,1.01065,0,0,41034
203.875000,332.341503,0.36618,0.36618,-0.18309,0.00488,0.18178,1.01065,0,0,41035
203.880000,332.356495,-0.48824,0.24412,0.00000,0.00415,0.18202,1.00967,0,0,41036
203.885000,332.356495,-2.01399,0.91545,0.36618,0.00244,0.17983,1.00967,0,0,41037
203.890000,332.356495,-3.05150,1.09854,0.61030,0.00073,0.17470,1.01089,0,0,41038
203.895000,332.371418,-3.41768,1.09854,0.36618,0.00146,0.16714,1.01260,0,0,41039
203.900000,332.371418,-3.23459,0.97648,-0.06103,0.00024,0.15884,1.01187,0,0,41040
203.905000,332.371418,-2.74635,0.42721,-0.48824,0.00098,0.15445,1.00894,0,0,41041
203.910000,332.386369,-1.46472,-0.36618,-0.61030,0.00415,0.15152,1.00260,0,0,41042
203.915000,332.386369,-0.24412,-0.97648,-0.48824,0.00586,0.15104,0.99723,0,0,41043
203.920000,332.386369,1.28163,-1.46472,-0.61030,0.00659,0.15177,0.99040,0,0,41044
203.925000,332.401360,2.56326,-1.70884,-0.73236,0.00781,0.15226,0.98332,0,0,41045
203.930000,332.401360,3.41768,-1.64781,-0.85442,0.00952,0.15348,0.97746,0,0,41046
203.935000,332.401360,4.33313,-1.58678,-0.85442,0.01000,0.16006,0.97283,0,0,41047
203.940000,332.416321,4.51622,-1.15957,-0.97648,0.01049,0.16860,0.97332,0,0,41048
203.945000,332.416321,3.84489,-0.42721,-1.15957,0.01049,0.17446,0.97771,0,0,41049
203.950000,332.416321,2.56326,0.42721,-1.34266,0.00927,0.17958,0.98722,0,0,41050
203.955000,332.431266,1.22060,0.91545,-1.52575,0.00952,0.18398,0.99820,0,0,41051
203.960000,332.431266,0.00000,0.79339,-1.83090,0.00878,0.18690,1.00650,0,0,41052
203.965000,332.431266,-0.85442,0.67133,-2.13605,0.00903,0.19008,1.01333,0,0,41053
203.970000,332.446282,-1.83090,0.42721,-2.38017,0.00805,0.19374,1.01626,0,0,41054
203.975000,332.446282,-2.56326,-0.06103,-2.44120,0.00708,0.19715,1.01358,0,0,41055
203.980000,332.446282,-2.86841,-0.42721,-2.31914,0.00805,0.20106,1.00772,0,0,41056
203.985000,332.461309,-2.68532,-0.54927,-1.83090,0.00756,0.20496,1.00162,0,0,41057
203.990000,332.461309,-2.19708,-0.79339,-1.09854,0.00512,0.20667,0.99552,0,0,41058
203.995000,332.461309,-1.46472,-1.09854,-0.61030,0.00537,0.20618,0.98722,0,0,41059
204.000000,332.476284,-0.73236,-0.85442,-0.18309,0.00634,0.20374,0.97868,0,0,41060
204.005000,332.476284,0.06103,-0.61030,0.36618,0.00781,0.20057,0.97380,0,0,41061
204.010000,332.476284,0.48824,-0.36618,0.85442,0.00927,0.19569,0.96966,0,0,41062
204.015000,332.491294,0.61030,0.00000,1.46472,0.01074,0.18934,0.96868,0,0,41063
204.020000,332.491294,0.67133,0.48824,1.95296,0.00878,0.18129,0.97039,0,0,41064
204.025000,332.491294,0.73236,0.85442,2.01399,0.00830,0.17348,0.97380,0,0,41065
204.030000,332.506295,0.79339,1.03751,1.95296,0.00683,0.16836,0.97844,0,0,41066
204.035000,332.506295,0.91545,1.15957,1.52575,0.00781,0.16348,0.98527,0,0,41067
204.040000,332.506295,0.85442,1.09854,1.03751,0.00781,0.16153,0.98991,0,0,41068
204.045000,332.521287,0.67133,1.09854,0.67133,0.00683,0.16153,0.99186,0,0,41069
204.050000,332.521287,0.36618,1.22060,0.61030,0.00512,0.16348,0.99454,0,0,41070
204.055000,332.521287,0.00000,1.15957,0.73236,0.00415,0.16397,1.00016,0,0,41071
204.060000,332.536303,-0.24412,0.91545,0.73236,0.00415,0.16348,1.00186,0,0,41072
204.065000,332.536303,-0.24412,0.42721,0.24412,0.00317,0.16372,0.99967,0,0,41073
204.070000,332.536303,0.00000,0.06103,-0.30515,0.00464,0.16275,0.99772,0,0,41074
204.075000,332.551305,0.48824,-0.18309,-0.85442,0.00586,0.16128,0.99503,0,0,41075
204.080000,332.551305,0.97648,-0.18309,-1.09854,0.00854,0.16226,0.99210,0,0,41076
204.085000,332.551305,1.58678,-0.24412,-1.15957,0.00976,0.16519,0.99088,0,0,41077
204.090000,332.566347,2.07502,0.12206,-1.40369,0.00781,0.16812,0.99186,0,0,41078
204.095000,332.566347,2.31914,0.18309,-1.64781,0.00464,0.17275,0.99503,0,0,41079
204.100000,332.566347,2.07502,0.36618,-1.95296,0.00415,0.17666,1.00064,0,0,41080
204.105000,332.581335,1.09854,0.79339,-2.38017,0.00464,0.17934,1.00528,0,0,41081
204.110000,332.581335,0.12206,0.97648,-2.50223,0.00756,0.18276,1.00967,0,0,41082
204.115000,332.581335,-0.67133,0.85442,-2.01399,0.01000,0.18568,1.01284,0,0,41083
204.120000,332.596325,-1.28163,0.48824,-1.34266,0.00903,0.18910,1.01187,0,0,41084
204.125000,332.596325,-1.34266,0.24412,-0.91545,0.00610,0.19715,1.00870,0,0,41085
204.130000,332.596325,-1.22060,0.24412,-0.42721,0.00415,0.18886,1.01675,0,0,41086
204.135000,332.611322,-0.36618,-0.30515,-0.24412,0.00610,0.18837,1.00626,0,0,41087
204.140000,332.611322,-0.18309,-0.97648,-0.42721,0.00610,0.18422,0.99820,0,0,41088
204.145000,332.611322,-0.06103,-1.28163,-0.48824,0.00415,0.18032,0.99284,0,0,41089
204.150000,332.626369,0.30515,-1.15957,-0.48824,0.00488,0.17983,0.98625,0,0,41090
204.155000,332.626369,0.30515,-0.91545,-0.42721,0.00512,0.17666,0.98015,0,0,41091
204.160000,332.626369,0.12206,-0.30515,-0.54927,0.00293,0.17446,0.97527,0,0,41092
204.165000,332.641372,0.00000,0.00000,-0.85442,0.00268,0.17300,0.97405,0,0,41093
204.170000,332.641372,0.12206,0.18309,-0.97648,0.00512,0.17031,0.97649,0,0,41094
204.175000,332.641372,0.24412,0.42721,-1.09854,0.00756,0.17031,0.97966,0,0,41095
204.180000,332.656365,0.61030,0.54927,-1.28163,0.00683,0.16934,0.98039,0,0,41096
204.185000,332.656365,1.28163,0.24412,-1.34266,0.00659,0.16982,0.98064,0,0,41097
204.190000,332.656365,2.01399,0.06103,-1.03751,0.00586,0.17275,0.98234,0,0,41098
204.195000,332.671350,2.25811,-0.12206,-0.91545,0.00488,0.17641,0.98405,0,0,41099
204.200000,332.671350,2.38017,-0.30515,-0.91545,0.00830,0.17812,0.98332,0,0,41100
204.205000,332.671350,1.89193,-0.12206,-1.28163,0.01366,0.17910,0.98332,0,0,41101
204.210000,332.686292,1.03751,0.30515,-1.64781,0.01806,0.17885,0.98503,0,0,41102
204.215000,332.686292,0.54927,0.97648,-2.01399,0.00366,0.18983,0.98674,0,0,41103
204.220000,332.686292,-0.30515,1.40369,-2.13605,0.00464,0.19569,0.99625,0,0,41104
204.225000,332.701320,-1.34266,1.46472,-2.01399,0.01220,0.19740,0.99918,0,0,41105
204.230000,332.701320,-2.25811,1.40369,-2.07502,0.01244,0.19984,1.00260,0,0,41106
204.235000,332.701320,-3.05150,1.28163,-1.83090,0.01122,0.19935,1.00308,0,0,41107
204.240000,332.716330,-2.99047,1.22060,-1.52575,0.01025,0.19691,1.00138,0,0,41108
204.245000,332.716330,-2.56326,1.09854,-1.09854,0.00464,0.19569,1.00089,0,0,41109
204.250000,332.716330,-2.01399,0.85442,-0.79339,0.00610,0.19105,0.99650,0,0,41110
204.255000,332.731322,-1.58678,0.73236,-0.67133,0.01391,0.18544,0.99186,0,0,41111
204.260000,332.731322,-0.91545,0.73236,-0.42721,0.01440,0.18324,0.99040,0,0,41112
204.265000,332.731322,0.12206,0.30515,0.00000,0.00805,0.18202,0.98649,0,0,41113
204.270000,332.746310,1.28163,0.00000,0.48824,0.00366,0.18056,0.98161,0,0,41114
204.275000,332.746310,1.83090,0.00000,0.67133,0.00293,0.17934,0.97844,0,0,41115
204.280000,332.746310,1.89193,0.36618,0.48824,0.00586,0.17714,0.97600,0,0,41116
204.285000,332.761319,1.46472,0.42721,0.30515,0.00830,0.17397,0.97454,0,0,41117
204.290000,332.761319,0.54927,0.79339,0.12206,0.00781,0.17007,0.97454,0,0,41118
204.295000,332.761319,0.00000,1.09854,-0.24412,0.00976,0.16690,0.97527,0,0,41119
204.300000,332.776321,-0.54927,1.34266,-0.79339,0.01000,0.16568,0.97942,0,0,41120
204.305000,332.776321,-0.97648,1.58678,-1.64781,0.00927,0.16836,0.98625,0,0,41121
204.310000,332.776321,-0.73236,1.70884,-2.19708,0.00756,0.17251,0.99528,0,0,41122
204.315000,332.791300,-0.18309,1.52575,-2.44120,0.00878,0.17763,1.00235,0,0,41123
204.320000,332.791300,0.24412,0.97648,-2.62429,0.01025,0.18471,1.00577,0,0,41124
204.325000,332.791300,0.61030,0.48824,-2.62429,0.01147,0.18910,1.00577,0,0,41125
204.330000,332.806432,0.85442,0.12206,-2.31914,0.01269,0.19325,1.00504,0,0,41126
204.335000,332.806432,0.97648,0.06103,-1.76987,0.01220,0.20008,1.00455,0,0,41127
204.340000,332.806432,1.03751,0.06103,-1.28163,0.01220,0.20325,1.00089,0,0,41128
204.345000,332.821402,0.97648,0.18309,-0.91545,0.01244,0.20325,0.99820,0,0,41129
204.350000,332.821402,0.85442,0.30515,-0.67133,0.00952,0.20276,0.99528,0,0,41130
204.355000,332.821402,0.79339,0.48824,-0.48824,0.00756,0.20032,0.99332,0,0,41131
204.360000,332.836655,0.48824,0.73236,-0.30515,0.00976,0.19618,1.00089,0,0,41132
204.365000,332.836655,0.30515,0.61030,0.00000,0.01147,0.19300,1.00504,0,0,41133
204.370000,332.836655,0.73236,0.30515,0.30515,0.01293,0.19496,1.00601,0,0,41134
204.375000,332.851685,0.79339,-0.06103,0.79339,0.01269,0.19276,1.00748,0,0,41135
204.380000,332.851685,0.85442,-0.54927,1.03751,0.01074,0.18934,1.00479,0,0,41136
204.385000,332.851685,1.09854,-0.67133,1.03751,0.00683,0.18495,0.99967,0,0,41137
204.390000,332.866682,1.03751,-0.67133,1.03751,0.00537,0.17934,0.99284,0,0,41138
204.395000,332.866682,1.03751,-0.54927,1.03751,0.00342,0.17592,0.98503,0,0,41139
204.400000,332.866682,0.91545,-0.18309,0.97648,0.00000,0.17080,0.97893,0,0,41140
204.405000,332.881508,0.73236,0.24412,0.61030,0.00024,0.16568,0.97502,0,0,41141
204.410000,332.881508,0.79339,0.30515,0.30515,0.00073,0.16177,0.97380,0,0,41142
204.415000,332.881508,0.85442,0.61030,-0.12206,-0.00171,0.16006,0.97258,0,0,41143
204.420000,332.896572,0.91545,0.97648,-0.18309,-0.00366,0.16128,0.97576,0,0,41144
204.425000,332.896572,0.97648,1.15957,-0.30515,-0.00464,0.16543,0.98356,0,0,41145
204.430000,332.896572,1.15957,1.15957,-0.61030,-0.00293,0.16665,0.98796,0,0,41146
204.435000,332.911669,1.09854,1.03751,-1.28163,-0.00244,0.17104,0.99113,0,0,41147
204.440000,332.911669,0.67133,0.97648,-1.52575,-0.00366,0.17641,0.99479,0,0,41148
204.445000,332.911669,-0.06103,1.15957,-1.64781,-0.00171,0.17983,0.99698,0,0,41149
204.450000,332.926640,-0.97648,1.40369,-1.70884,0.00122,0.18227,0.99942,0,0,41150
204.455000,332.926640,-1.70884,1.52575,-1.95296,0.00342,0.18349,1.00308,0,0,41151
204.460000,332.926640,-1.83090,1.64781,-2.25811,0.00512,0.18666,1.00650,0,0,41152
204.465000,332.941617,-1.58678,1.40369,-2.13605,0.00756,0.19008,1.01065,0,0,41153
204.470000,332.941617,-1.03751,1.03751,-1.83090,0.00805,0.19398,1.01528,0,0,41154
204.475000,332.941617,-0.42721,0.48824,-1.34266,0.00854,0.19837,1.01821,0,0,41155
204.480000,332.956922,0.12206,-0.12206,-0.73236,0.00830,0.19935,1.01821,0,0,41156
204.485000,332.956922,1.15957,-0.79339,-0.12206,0.00634,0.19666,1.01358,0,0,41157
204.490000,332.956922,1.83090,-1.40369,0.12206,0.00464,0.19300,1.00821,0,0,41158
204.495000,332.971899,2.38017,-1.70884,0.36618,0.00342,0.19105,1.00333,0,0,41159
204.500000,332.971899,2.68532,-2.25811,0.54927,0.00244,0.19081,0.99772,0,0,41160
204.505000,332.971899,2.80738,-2.19708,0.54927,0.00049,0.19130,0.99332,0,0,41161
204.510000,332.986625,2.38017,-2.01399,0.30515,-0.00073,0.19154,0.99040,0,0,41162
204.515000,332.986625,1.89193,-1.83090,0.06103,-0.00220,0.19105,0.98649,0,0,41163
204.520000,332.986625,1.34266,-1.52575,-0.06103,-0.00049,0.19032,0.98405,0,0,41164
204.525000,333.001599,0.79339,-1.15957,-0.18309,0.00146,0.18764,0.98356,0,0,41165
204.530000,333.001599,0.30515,-0.61030,-0.42721,0.00098,0.18446,0.98356,0,0,41166
204.535000,333.001599,0.18309,-0.30515,-0.79339,0.00171,0.18202,0.98381,0,0,41167
204.540000,333.016616,0.30515,-0.12206,-1.03751,0.00293,0.17861,0.98503,0,0,41168
204.545000,333.016616,0.36618,-0.06103,-1.03751,0.00439,0.17714,0.98576,0,0,41169
204.550000,333.016616,0.30515,-0.12206,-0.91545,0.00586,0.17763,0.98698,0,0,41170
204.555000,333.031913,0.36618,-0.18309,-0.85442,0.00634,0.17958,0.98674,0,0,41171
204.560000,333.031913,0.61030,-0.18309,-0.97648,0.00342,0.18373,0.98649,0,0,41172
204.565000,333.031913,0.85442,-0.06103,-1.09854,0.00146,0.18788,0.98698,0,0,41173
204.570000,333.046845,0.91545,0.12206,-1.15957,0.00220,0.19130,0.98966,0,0,41174
204.575000,333.046845,0.73236,0.24412,-1.03751,0.00561,0.19300,0.98942,0,0,41175
204.580000,333.046845,0.18309,0.67133,-0.79339,0.00634,0.19325,0.99040,0,0,41176
204.585000,333.061625,-0.48824,1.03751,-0.48824,0.00342,0.19276,0.99430,0,0,41177
204.590000,333.061625,-0.85442,1.28163,-0.18309,0.00390,0.18886,0.99576,0,0,41178
204.595000,333.061625,-0.73236,0.73236,0.00000,0.00512,0.18324,0.99259,0,0,41179
204.600000,333.076922,-0.54927,0.54927,0.06103,0.00439,0.18007,0.98942,0,0,41180
204.605000,333.076922,-0.24412,0.54927,0.24412,0.00390,0.17666,0.98430,0,0,41181
204.610000,333.076922,0.24412,0.61030,0.24412,0.00488,0.17275,0.98161,0,0,41182
204.615000,333.091845,0.79339,0.67133,0.24412,0.00610,0.17202,0.98283,0,0,41183
204.620000,333.091845,1.46472,0.73236,0.18309,0.00634,0.17202,0.98503,0,0,41184
204.625000,333.091845,1.95296,0.67133,0.06103,0.00732,0.17324,0.98820,0,0,41185
204.630000,333.106797,2.13605,0.54927,-0.18309,0.00756,0.17568,0.99552,0,0,41186
204.635000,333.106797,2.19708,0.42721,-0.24412,0.00610,0.17934,1.00626,0,0,41187
204.640000,333.106797,1.83090,0.30515,-0.42721,0.00561,0.18520,1.01650,0,0,41188
204.645000,333.121556,1.15957,0.00000,-0.73236,0.00732,0.19130,1.02334,0,0,41189
204.650000,333.121556,0.36618,-0.30515,-0.97648,0.00830,0.19691,1.02602,0,0,41190
204.655000,333.121556,-0.42721,-0.54927,-0.85442,0.00683,0.19959,1.02968,0,0,41191
204.660000,333.136666,-1.03751,-0.67133,-0.48824,0.00488,0.19886,1.03261,0,0,41192
204.665000,333.136666,-1.40369,-0.85442,-0.42721,0.00610,0.19642,1.03285,0,0,41193
204.670000,333.136666,-1.58678,-1.22060,-0.54927,0.00805,0.19618,1.02822,0,0,41194
204.675000,333.151807,-1.52575,-1.58678,-0.48824,0.00805,0.19520,1.02358,0,0,41195
204.680000,333.151807,-1.28163,-1.76987,-0.54927,0.00732,0.19520,1.01943,0,0,41196
204.685000,333.151807,-0.48824,-1.64781,-0.54927,0.00854,0.19666,1.01553,0,0,41197
204.690000,333.166717,0.18309,-1.83090,-0.61030,0.00830,0.19837,1.01309,0,0,41198
204.695000,333.166717,0.30515,-2.01399,-0.54927,0.00927,0.20276,1.00918,0,0,41199
204.700000,333.166717,-0.12206,-1.89193,-0.36618,0.01074,0.20472,1.00699,0,0,41200
204.705000,333.181854,-1.15957,-1.28163,-0.06103,0.01049,0.20496,1.00870,0,0,41201
204.710000,333.181854,-1.76987,-0.91545,0.06103,0.00952,0.20496,1.00918,0,0,41202
204.715000,333.181854,-2.13605,-0.91545,0.06103,0.00610,0.20472,1.00674,0,0,41203
204.720000,333.196646,-2.25811,-0.79339,0.12206,0.00537,0.20545,1.00552,0,0,41204
204.725000,333.196646,-2.25811,-0.61030,0.48824,0.01098,0.20179,1.00601,0,0,41205
204.730000,333.196646,-2.01399,-0.67133,0.97648,0.01171,0.19788,1.00430,0,0,41206
204.735000,333.215754,-1.64781,-1.09854,1.52575,0.00244,0.19569,1.00138,0,0,41207
204.740000,333.215754,-1.15957,-1.46472,2.07502,-0.00342,0.19276,0.99479,0,0,41208
204.745000,333.215754,-0.91545,-1.46472,2.31914,-0.00146,0.18398,0.98771,0,0,41209
204.750000,333.226565,-1.15957,-1.34266,2.19708,0.00342,0.17422,0.98430,0,0,41210
204.755000,333.226565,-1.58678,-1.15957,1.83090,0.00512,0.16470,0.98112,0,0,41211
204.760000,333.226565,-1.76987,-0.67133,1.46472,0.00561,0.15762,0.98430,0,0,41212
204.765000,333.241594,-1.70884,-0.30515,1.22060,-0.00049,0.15689,0.99406,0,0,41213
204.770000,333.241594,-1.46472,-0.48824,0.54927,-0.00415,0.15982,1.00308,0,0,41214
204.775000,333.241594,-1.15957,-0.85442,-0.24412,-0.00220,0.16177,1.00772,0,0,41215
204.780000,333.256531,-0.91545,-1.09854,-0.79339,0.00000,0.16665,1.01138,0,0,41216
204.785000,333.256531,-0.73236,-1.46472,-1.15957,0.00268,0.17056,1.01431,0,0,41217
204.790000,333.256531,-0.36618,-1.95296,-1.15957,0.00586,0.17348,1.01382,0,0,41218
204.795000,333.271521,-0.06103,-2.13605,-1.22060,0.00024,0.18032,1.00943,0,0,41219
204.800000,333.271521,0.30515,-2.56326,-1.28163,-0.00390,0.18715,1.00455,0,0,41220
204.805000,333.271521,0.85442,-2.74635,-1.09854,0.00220,0.18934,0.99674,0,0,41221
204.810000,333.286416,0.97648,-2.62429,-0.61030,0.01098,0.19008,0.99430,0,0,41222
204.815000,333.286416,0.85442,-2.68532,0.12206,0.00878,0.18910,0.99162,0,0,41223
204.820000,333.286416,0.73236,-2.68532,0.67133,0.00098,0.18666,0.98747,0,0,41224
204.825000,333.301367,0.48824,-2.74635,0.73236,0.00146,0.18251,0.98308,0,0,41225
204.830000,333.301367,0.48824,-2.68532,0.24412,0.00537,0.17714,0.97942,0,0,41226
204.835000,333.301367,0.30515,-2.56326,-0.06103,0.00512,0.17544,0.97893,0,0,41227
204.840000,333.316353,0.12206,-2.50223,-0.36618,0.00317,0.17348,0.97771,0,0,41228
204.845000,333.316353,-0.18309,-2.01399,-0.73236,0.00464,0.16909,0.97868,0,0,41229
204.850000,333.316353,-0.67133,-1.46472,-1.28163,0.00854,0.16372,0.98332,0,0,41230
204.855000,333.331662,-0.79339,-1.34266,-1.52575,0.01171,0.16153,0.98942,0,0,41231
204.860000,333.331662,-0.73236,-1.58678,-1.89193,0.00976,0.16470,0.99650,0,0,41232
204.865000,333.331662,-0.54927,-2.01399,-2.19708,0.00317,0.17178,0.99820,0,0,41233
204.870000,333.346601,-0.36618,-2.50223,-2.62429,0.00342,0.17666,0.99650,0,0,41234
204.875000,333.346601,0.00000,-2.99047,-2.99047,0.01220,0.17885,0.99381,0,0,41235
204.880000,333.346601,0.48824,-3.23459,-2.74635,0.01171,0.18202,0.99308,0,0,41236
204.885000,333.361509,0.79339,-3.47871,-2.50223,0.00512,0.18837,0.99186,0,0,41237
204.890000,333.361509,1.28163,-3.72283,-2.56326,0.00805,0.19178,0.99015,0,0,41238
204.895000,333.361509,1.70884,-3.72283,-2.80738,0.01586,0.19349,0.99064,0,0,41239
204.900000,333.376744,1.28163,-3.66180,-2.68532,0.01244,0.19886,0.99259,0,0,41240
204.905000,333.376744,0.79339,-3.60077,-2.38017,0.00952,0.20301,0.99259,0,0,41241
204.910000,333.376744,0.24412,-3.23459,-2.13605,0.01415,0.20447,0.99259,0,0,41242
204.915000,333.391622,-0.54927,-2.86841,-1.95296,0.01513,0.20179,0.99162,0,0,41243
204.920000,333.391622,-1.34266,-2.74635,-1.64781,0.01415,0.19642,0.98893,0,0,41244
204.925000,333.391622,-1.83090,-2.62429,-0.73236,0.01488,0.19032,0.98747,0,0,41245
204.930000,333.406510,-1.58678,-2.50223,-0.30515,0.01586,0.18373,0.98405,0,0,41246
204.935000,333.406510,-0.85442,-2.68532,-0.24412,0.01513,0.17910,0.97966,0,0,41247
204.940000,333.406510,0.00000,-2.74635,-0.24412,0.01488,0.17763,0.97429,0,0,41248
204.945000,333.421457,0.61030,-2.62429,-0.24412,0.01464,0.17836,0.97161,0,0,41249
204.950000,333.421457,0.85442,-2.07502,-0.18309,0.01708,0.18129,0.97405,0,0,41250
204.955000,333.421457,0.73236,-1.46472,-0.06103,0.01928,0.18324,0.98478,0,0,41251
204.960000,333.436493,0.67133,-1.46472,-0.18309,0.02172,0.17910,0.99601,0,0,41252
204.965000,333.436493,1.34266,-1.46472,-0.73236,0.02050,0.18398,0.99186,0,0,41253
204.970000,333.436493,1.34266,-1.70884,-0.91545,0.01708,0.19252,0.99088,0,0,41254
204.975000,333.451527,0.06103,-2.01399,-0.67133,0.01732,0.19081,0.98796,0,0,41255
204.980000,333.451527,0.30515,-2.01399,-0.24412,0.01659,0.18886,0.98259,0,0,41256
204.985000,333.451527,1.15957,-1.83090,0.06103,0.01586,0.19130,0.97820,0,0,41257
204.990000,333.466605,2.01399,-2.07502,0.67133,0.01976,0.19081,0.97234,0,0,41258
204.995000,333.466605,2.92944,-2.13605,1.15957,0.02391,0.19032,0.96966,0,0,41259
205.000000,333.466605,2.99047,-1.52575,1.58678,0.02147,0.19203,0.97478,0,0,41260
205.005000,333.481842,2.13605,-0.54927,1.52575,0.01781,0.19178,0.98137,0,0,41261
205.010000,333.481842,1.15957,0.12206,1.22060,0.01732,0.19032,0.98722,0,0,41262
205.015000,333.481842,0.06103,0.30515,0.91545,0.02025,0.18934,0.99210,0,0,41263
205.020000,333.496775,-0.61030,0.00000,0.85442,0.01830,0.19056,0.99625,0,0,41264
205.025000,333.496775,-0.91545,-0.48824,0.91545,0.01244,0.19447,0.99698,0,0,41265
205.030000,333.496775,-1.09854,-0.61030,0.85442,0.00854,0.19691,0.99503,0,0,41266
205.035000,333.511761,-1.58678,-0.30515,0.61030,0.01025,0.19666,0.99381,0,0,41267
205.040000,333.511761,-2.19708,-0.06103,0.36618,0.01488,0.19374,0.99308,0,0,41268
205.045000,333.511761,-2.25811,-0.36618,0.61030,0.01928,0.18983,0.99040,0,0,41269
205.050000,333.526565,-1.76987,-0.73236,1.09854,0.02001,0.18495,0.98796,0,0,41270
205.055000,333.526565,-0.79339,-0.85442,1.46472,0.01928,0.17885,0.98332,0,0,41271
205.060000,333.526565,-0.12206,-0.91545,1.64781,0.01952,0.17251,0.97868,0,0,41272
205.065000,333.541520,0.61030,-1.09854,1.58678,0.01830,0.16787,0.97307,0,0,41273
205.070000,333.541520,0.91545,-1.22060,1.46472,0.01903,0.16348,0.96770,0,0,41274
205.075000,333.541520,0.85442,-0.85442,1.22060,0.01854,0.16177,0.96575,0,0,41275
205.080000,333.556767,0.00000,-0.61030,0.97648,0.01732,0.16299,0.96600,0,0,41276
205.085000,333.556767,-1.34266,-0.12206,0.61030,0.01635,0.16470,0.96673,0,0,41277
205.090000,333.556767,-2.01399,0.12206,0.24412,0.01659,0.16421,0.96722,0,0,41278
205.095000,333.571759,-2.13605,0.18309,0.00000,0.01610,0.16348,0.96941,0,0,41279
205.100000,333.571759,-1.03751,-0.24412,-0.67133,0.01440,0.16324,0.97161,0,0,41280
205.105000,333.571759,0.06103,-0.73236,-0.97648,0.01391,0.16568,0.97136,0,0,41281
205.110000,333.586536,1.15957,-0.85442,-1.22060,0.01659,0.17056,0.96795,0,0,41282
205.115000,333.586536,2.13605,-0.79339,-1.22060,0.01806,0.17397,0.96478,0,0,41283
205.120000,333.586536,2.62429,-0.67133,-1.15957,0.01684,0.17885,0.96282,0,0,41284
205.125000,333.601815,2.56326,-0.36618,-1.09854,0.01537,0.18349,0.96160,0,0,41285
205.130000,333.601815,1.58678,0.06103,-0.85442,0.02050,0.18812,0.95941,0,0,41286
205.135000,333.601815,0.67133,0.54927,-0.67133,0.02416,0.18959,0.95990,0,0,41287
205.140000,333.616623,-0.24412,1.09854,-0.61030,0.02367,0.19325,0.96331,0,0,41288
205.145000,333.616623,-1.09854,1.76987,-0.42721,0.02269,0.19569,0.96990,0,0,41289
205.150000,333.616623,-1.76987,2.31914,-0.12206,0.02196,0.19642,0.97820,0,0,41290
205.155000,333.631820,-1.70884,2.07502,0.30515,0.02050,0.19593,0.98771,0,0,41291
205.160000,333.631820,-1.03751,1.40369,0.79339,0.02074,0.19227,0.99137,0,0,41292
205.165000,333.631820,0.00000,0.73236,0.85442,0.02074,0.18837,0.99064,0,0,41293
205.170000,333.646557,0.85442,0.42721,1.09854,0.01976,0.18690,0.98942,0,0,41294
205.175000,333.646557,1.58678,0.12206,1.34266,0.02025,0.18422,0.98820,0,0,41295
205.180000,333.646557,2.01399,-0.24412,1.46472,0.02196,0.18056,0.98576,0,0,41296
205.185000,333.661579,1.89193,-0.42721,1.52575,0.02342,0.17714,0.98039,0,0,41297
205.190000,333.661579,0.79339,-0.24412,1.58678,0.02245,0.16982,0.97429,0,0,41298
205.195000,333.661579,-0.36618,0.24412,1.52575,0.01976,0.16543,0.97088,0,0,41299
205.200000,333.676816,-1.03751,1.09854,1.28163,0.01879,0.16348,0.96819,0,0,41300
205.205000,333.676816,-1.03751,1.52575,0.85442,0.01781,0.16397,0.96795,0,0,41301
205.210000,333.676816,-0.61030,1.83090,0.24412,0.01781,0.16592,0.97161,0,0,41302
205.215000,333.691589,0.30515,1.89193,-0.36618,0.01684,0.16860,0.97820,0,0,41303
205.220000,333.691589,1.22060,1.83090,-0.67133,0.01562,0.17397,0.98576,0,0,41304
205.225000,333.691589,1.76987,1.52575,-0.73236,0.01708,0.18080,0.99381,0,0,41305
205.230000,333.706829,1.70884,1.46472,-0.73236,0.02025,0.18568,0.99747,0,0,41306
205.235000,333.706829,1.15957,1.46472,-0.79339,0.02269,0.18837,1.00235,0,0,41307
205.240000,333.706829,0.18309,1.76987,-0.79339,0.02147,0.19056,1.00821,0,0,41308
205.245000,333.721729,-0.91545,2.07502,-0.61030,0.02001,0.19349,1.01309,0,0,41309
205.250000,333.721729,-2.07502,2.31914,-0.06103,0.02196,0.19447,1.01821,0,0,41310
205.255000,333.721729,-2.62429,2.31914,0.48824,0.02342,0.19544,1.02334,0,0,41311
205.260000,333.736638,-2.74635,2.13605,0.85442,0.02269,0.19178,1.02602,0,0,41312
205.265000,333.736638,-2.50223,1.52575,0.97648,0.02123,0.18520,1.02504,0,0,41313
205.270000,333.736638,-1.89193,0.85442,0.97648,0.01928,0.18227,1.02016,0,0,41314
205.275000,333.751816,-0.91545,0.12206,0.67133,0.01830,0.18080,1.01504,0,0,41315
205.280000,333.751816,0.24412,-0.30515,0.18309,0.01830,0.18007,1.00943,0,0,41316
205.285000,333.751816,0.85442,-0.54927,-0.12206,0.01806,0.18129,1.00430,0,0,41317
205.290000,333.766478,1.28163,-0.79339,-0.61030,0.01903,0.18373,0.99869,0,0,41318
205.295000,333.766478,1.28163,-0.91545,-1.03751,0.02123,0.18642,0.99015,0,0,41319
205.300000,333.766478,1.15957,-0.91545,-0.91545,0.02220,0.19008,0.98430,0,0,41320
205.305000,333.781575,0.97648,-0.18309,-0.67133,0.02342,0.19154,0.98112,0,0,41321
205.310000,333.781575,0.91545,0.12206,-0.06103,0.02538,0.19227,0.98112,0,0,41322
205.315000,333.781575,1.03751,0.48824,0.54927,0.02538,0.19422,0.98527,0,0,41323
205.320000,333.796665,1.22060,0.73236,0.91545,0.02416,0.19300,0.99162,0,0,41324
205.325000,333.796665,1.46472,0.61030,1.22060,0.02342,0.18959,0.99820,0,0,41325
205.330000,333.796665,1.76987,0.24412,1.15957,0.02391,0.18642,1.00186,0,0,41326
205.335000,333.811585,1.76987,-0.18309,0.91545,0.02098,0.18593,1.00138,0,0,41327
205.340000,333.811585,1.46472,-0.30515,0.54927,0.01708,0.18788,0.99942,0,0,41328
205.345000,333.811585,0.97648,-0.12206,0.12206,0.01440,0.18715,0.99845,0,0,41329
205.350000,333.826610,0.30515,-0.06103,-0.18309,0.01391,0.18617,0.99698,0,0,41330
205.355000,333.826610,-0.48824,-0.18309,-0.24412,0.01244,0.18690,0.99406,0,0,41331
205.360000,333.826610,-0.73236,-0.30515,-0.18309,0.00903,0.18666,0.98991,0,0,41332
205.365000,333.841751,-0.42721,-0.30515,-0.18309,0.00854,0.18593,0.98771,0,0,41333
205.370000,333.841751,0.12206,-0.06103,-0.12206,0.01196,0.18398,0.98478,0,0,41334
205.375000,333.841751,0.54927,0.24412,0.00000,0.01342,0.18227,0.98161,0,0,41335
205.380000,333.856624,0.48824,0.30515,0.48824,0.01586,0.18202,0.98186,0,0,41336
205.385000,333.856624,0.18309,0.24412,1.09854,0.01903,0.18129,0.98112,0,0,41337
205.390000,333.856624,-0.06103,0.48824,1.34266,0.01879,0.18178,0.97893,0,0,41338
205.395000,333.871605,-0.24412,0.91545,1.52575,0.01684,0.18007,0.98210,0,0,41339
205.400000,333.871605,0.06103,1.52575,1.58678,0.01366,0.17666,0.98918,0,0,41340
205.405000,333.871605,0.12206,1.52575,1.09854,0.01318,0.17446,0.99454,0,0,41341
205.410000,333.886835,0.06103,1.09854,0.67133,0.01464,0.17495,0.99747,0,0,41342
205.415000,333.886835,-0.06103,0.61030,0.24412,0.01488,0.17763,1.00040,0,0,41343
205.420000,333.886835,-0.36618,0.36618,-0.30515,0.01318,0.17934,0.99942,0,0,41344
205.425000,333.901474,-0.73236,0.36618,-0.48824,0.01196,0.18080,0.99723,0,0,41345
205.430000,333.901474,-1.34266,0.36618,-0.79339,0.01196,0.18227,0.99454,0,0,41346
205.435000,333.901474,-1.52575,0.18309,-0.85442,0.01562,0.18520,0.99137,0,0,41347
205.440000,333.916835,-1.40369,0.12206,-0.42721,0.01732,0.18861,0.98771,0,0,41348
205.445000,333.916835,-0.91545,0.18309,0.24412,0.01659,0.18959,0.98503,0,0,41349
205.450000,333.916835,-0.36618,0.61030,0.85442,0.01293,0.18642,0.98649,0,0,41350
205.455000,333.931723,0.30515,0.85442,1.03751,0.01269,0.18276,0.98966,0,0,41351
205.460000,333.931723,1.15957,0.85442,0.79339,0.01342,0.17885,0.99357,0,0,41352
205.465000,333.931723,1.40369,0.73236,0.61030,0.01488,0.17544,0.99674,0,0,41353
205.470000,333.946590,1.40369,0.42721,0.36618,0.01415,0.17324,0.99918,0,0,41354
205.475000,333.946590,0.97648,0.24412,0.12206,0.01440,0.17178,1.00089,0,0,41355
205.480000,333.946590,0.42721,-0.06103,-0.36618,0.01391,0.17348,1.00064,0,0,41356
205.485000,333.961879,0.12206,-0.18309,-0.48824,0.01122,0.17641,1.00186,0,0,41357
205.490000,333.961879,-0.24412,-0.18309,-0.67133,0.01025,0.18007,1.00089,0,0,41358
205.495000,333.961879,-0.06103,-0.30515,-0.73236,0.01366,0.18349,0.99894,0,0,41359
205.500000,333.976817,0.24412,-0.54927,-0.97648,0.01537,0.18593,0.99698,0,0,41360
205.505000,333.976817,0.42721,-0.48824,-0.97648,0.01440,0.18788,0.99479,0,0,41361
205.510000,333.976817,0.61030,-0.30515,-0.91545,0.01684,0.18910,0.99430,0,0,41362
205.515000,333.991807,0.48824,-0.06103,-0.97648,0.01854,0.18886,0.99259,0,0,41363
205.520000,333.991807,0.18309,0.24412,-0.79339,0.01879,0.18715,0.99137,0,0,41364
205.525000,333.991807,-0.36618,0.48824,-0.30515,0.01757,0.18544,0.99210,0,0,41365
205.530000,334.006512,-0.48824,0.42721,-0.12206,0.01488,0.18251,0.99210,0,0,41366
205.535000,334.006512,-0.24412,0.36618,-0.36618,0.01220,0.18032,0.99332,0,0,41367
205.540000,334.006512,0.06103,0.42721,-0.54927,0.01415,0.17885,0.99186,0,0,41368
205.545000,334.021583,0.48824,0.36618,-0.73236,0.02001,0.18007,0.98991,0,0,41369
205.550000,334.021583,0.97648,0.24412,-0.79339,0.02391,0.18251,0.99015,0,0,41370
205.555000,334.021583,1.15957,0.24412,-0.61030,0.02562,0.18544,0.99064,0,0,41371
205.560000,334.036842,0.73236,0.48824,-0.12206,0.02123,0.18788,0.99210,0,0,41372
205.565000,334.036842,0.00000,0.79339,0.18309,0.01635,0.18812,0.99381,0,0,41373
205.570000,334.036842,-0.61030,0.85442,0.42721,0.01440,0.18593,0.99747,0,0,41374
205.575000,334.051530,-0.79339,0.85442,0.73236,0.01318,0.18324,1.00162,0,0,41375
205.580000,334.051530,-0.42721,0.61030,0.85442,0.01147,0.18154,1.00308,0,0,41376
205.585000,334.051530,0.06103,0.36618,0.73236,0.00952,0.18154,1.00235,0,0,41377
205.590000,334.066826,0.30515,0.48824,0.67133,0.00756,0.18324,1.00382,0,0,41378
205.595000,334.066826,0.48824,0.54927,0.61030,0.00561,0.18495,1.00601,0,0,41379
205.600000,334.066826,0.24412,0.48824,0.54927,0.00464,0.18739,1.00601,0,0,41380
205.605000,334.081690,-0.12206,0.24412,0.48824,0.00464,0.18715,1.00626,0,0,41381
205.610000,334.081690,-0.48824,0.30515,0.61030,0.00464,0.18446,1.00943,0,0,41382
205.615000,334.081690,-0.85442,0.36618,0.48824,0.00708,0.18300,1.01236,0,0,41383
205.620000,334.096630,-1.28163,0.18309,0.24412,0.00927,0.18080,1.01162,0,0,41384
205.625000,334.096630,-1.76987,0.00000,0.06103,0.00878,0.18032,1.00821,0,0,41385
205.630000,334.096630,-2.01399,-0.30515,-0.12206,0.00903,0.18032,1.00430,0,0,41386
205.635000,334.111692,-1.89193,-0.42721,-0.12206,0.01074,0.17617,1.00138,0,0,41387
205.640000,334.111692,-1.28163,-0.67133,-0.18309,0.01196,0.17153,0.99991,0,0,41388
205.645000,334.111692,-0.30515,-1.22060,-0.42721,0.01293,0.17129,0.99479,0,0,41389
205.650000,334.126497,0.73236,-1.83090,-0.85442,0.01440,0.17397,0.98820,0,0,41390
205.655000,334.126497,1.40369,-1.83090,-1.09854,0.01732,0.18105,0.98039,0,0,41391
205.660000,334.126497,1.34266,-1.28163,-0.85442,0.01708,0.18715,0.97649,0,0,41392
205.665000,334.141746,1.22060,-0.67133,-0.54927,0.01586,0.18959,0.97771,0,0,41393
205.670000,334.141746,0.85442,-0.30515,-0.42721,0.01513,0.18861,0.97893,0,0,41394
205.675000,334.141746,0.61030,-0.30515,-0.36618,0.01684,0.18812,0.97990,0,0,41395
205.680000,334.156626,0.91545,-0.30515,-0.48824,0.01659,0.18788,0.97917,0,0,41396
205.685000,334.156626,1.34266,-0.36618,-0.54927,0.01781,0.18788,0.98088,0,0,41397
205.690000,334.156626,1.28163,-0.42721,-0.54927,0.01708,0.19178,0.98259,0,0,41398
205.695000,334.171611,1.28163,-0.42721,-0.54927,0.01562,0.19691,0.98259,0,0,41399
205.700000,334.171611,0.79339,-0.42721,-0.61030,0.01513,0.19959,0.98283,0,0,41400
205.705000,334.171611,0.24412,-0.12206,-0.42721,0.01732,0.19935,0.98259,0,0,41401
205.710000,334.186630,-0.24412,0.12206,-0.12206,0.01732,0.19910,0.98381,0,0,41402
205.715000,334.186630,-0.42721,0.12206,0.18309,0.01757,0.19642,0.98674,0,0,41403
205.720000,334.186630,-0.30515,0.06103,0.48824,0.01854,0.19300,0.98918,0,0,41404
205.725000,334.201542,-0.18309,-0.12206,0.48824,0.01635,0.19178,0.99064,0,0,41405
205.730000,334.201542,0.12206,-0.12206,0.42721,0.01440,0.18983,0.99015,0,0,41406
205.735000,334.201542,0.48824,-0.30515,0.18309,0.01391,0.18788,0.98771,0,0,41407
205.740000,334.216573,0.79339,-0.67133,0.00000,0.01366,0.18715,0.98381,0,0,41408
205.745000,334.216573,0.79339,-0.61030,0.06103,0.01244,0.18812,0.97771,0,0,41409
205.750000,334.216573,0.42721,-0.18309,0.42721,0.00903,0.19056,0.97600,0,0,41410
205.755000,334.231823,-0.24412,0.48824,1.03751,0.00805,0.19081,0.97820,0,0,41411
205.760000,334.231823,-0.91545,1.09854,1.15957,0.00903,0.18666,0.98112,0,0,41412
205.765000,334.231823,-1.22060,1.40369,1.03751,0.00952,0.17983,0.98698,0,0,41413
205.770000,334.246710,-1.22060,1.52575,0.85442,0.01147,0.17300,0.99015,0,0,41414
205.775000,334.246710,-0.85442,1.22060,0.73236,0.01269,0.16690,0.99235,0,0,41415
205.780000,334.246710,-0.18309,0.73236,0.61030,0.01537,0.16519,0.99674,0,0,41416
205.785000,334.261794,0.24412,0.36618,0.48824,0.01708,0.16641,0.99772,0,0,41417
205.790000,334.261794,0.67133,-0.12206,0.36618,0.01586,0.16812,0.99698,0,0,41418
205.795000,334.261794,0.79339,-0.48824,0.00000,0.01269,0.17153,0.99430,0,0,41419
205.800000,334.276893,0.61030,-0.30515,-0.48824,0.01000,0.17519,0.99259,0,0,41420
205.805000,334.276893,0.24412,-0.06103,-0.79339,0.00683,0.17934,0.99259,0,0,41421
205.810000,334.276893,-0.24412,0.30515,-1.03751,0.00586,0.18324,0.99430,0,0,41422
205.815000,334.291806,-0.97648,0.61030,-1.09854,0.00659,0.18666,0.99503,0,0,41423
205.820000,334.291806,-1.76987,0.97648,-1.22060,0.00805,0.18910,0.99747,0,0,41424
205.825000,334.291806,-2.19708,0.91545,-1.34266,0.00732,0.18959,1.00138,0,0,41425
205.830000,334.321511,-1.89193,0.61030,-1.46472,0.00634,0.18910,1.00284,0,0,41426
205.835000,334.321511,-1.34266,0.30515,-1.46472,0.00903,0.18861,1.00260,0,0,41427
205.840000,334.321511,-0.48824,0.00000,-1.34266,0.01488,0.18495,0.99967,0,0,41428
205.845000,334.323904,0.42721,-0.36618,-1.09854,0.01879,0.18129,0.99698,0,0,41429
205.850000,334.323904,1.22060,-0.73236,-0.79339,0.01952,0.17934,0.99357,0,0,41430
205.855000,334.323904,2.07502,-0.97648,-0.42721,0.01928,0.17983,0.98966,0,0,41431
205.860000,334.336470,2.01399,-1.03751,-0.18309,0.02001,0.17861,0.98991,0,0,41432
205.865000,334.336470,1.64781,-0.79339,-0.24412,0.02098,0.17739,0.99162,0,0,41433
205.870000,334.336470,1.46472,-0.61030,-0.18309,0.01976,0.17763,0.99576,0,0,41434
205.875000,334.351410,1.15957,-0.61030,-0.30515,0.01830,0.18227,1.00064,0,0,41435
205.880000,334.351410,0.67133,-0.61030,-0.42721,0.01976,0.18568,1.00382,0,0,41436
205.885000,334.351410,0.48824,-0.79339,-0.85442,0.01903,0.19081,1.00479,0,0,41437
205.890000,334.366433,0.18309,-0.97648,-0.91545,0.01732,0.19935,1.00382,0,0,41438
205.895000,334.366433,0.00000,-1.03751,-0.97648,0.01659,0.20716,1.00186,0,0,41439
205.900000,334.366433,-0.30515,-0.97648,-0.79339,0.01684,0.21277,0.99796,0,0,41440
205.905000,334.381509,-0.67133,-0.79339,-0.54927,0.01854,0.21399,0.99235,0,0,41441
205.910000,334.381509,-0.91545,-0.54927,-0.12206,0.02098,0.21277,0.98625,0,0,41442
205.915000,334.381509,-1.09854,0.00000,0.30515,0.02342,0.21033,0.98308,0,0,41443
205.920000,334.396512,-1.28163,0.18309,0.48824,0.02342,0.20374,0.98161,0,0,41444
205.925000,334.396512,-1.34266,0.73236,0.36618,0.02464,0.19618,0.98015,0,0,41445
205.930000,334.396512,-1.09854,0.97648,0.42721,0.02660,0.18983,0.98259,0,0,41446
205.935000,334.411463,-0.73236,1.09854,0.85442,0.02611,0.18886,0.98698,0,0,41447
205.940000,334.411463,-0.42721,1.09854,1.15957,0.02220,0.18910,0.99040,0,0,41448
205.945000,334.411463,-0.30515,0.91545,1.09854,0.01854,0.18959,0.99357,0,0,41449
205.950000,334.427032,-0.61030,0.85442,0.85442,0.01635,0.18959,0.99625,0,0,41450
205.955000,334.427032,-1.09854,0.79339,0.61030,0.01635,0.19105,0.99625,0,0,41451
205.960000,334.427032,-1.34266,0.67133,0.67133,0.01586,0.19325,0.99650,0,0,41452
205.965000,334.441728,-1.52575,0.73236,0.97648,0.01488,0.19569,0.99772,0,0,41453
205.970000,334.441728,-1.46472,0.79339,1.40369,0.01293,0.19544,0.99942,0,0,41454
205.975000,334.441728,-0.97648,0.54927,1.52575,0.01049,0.19593,0.99918,0,0,41455
205.980000,334.456317,-0.36618,0.12206,1.64781,0.00952,0.19422,0.99772,0,0,41456
205.985000,334.456317,0.48824,-0.30515,1.58678,0.01000,0.18934,0.99357,0,0,41457
205.990000,334.456317,1.46472,-0.61030,1.64781,0.01269,0.18251,0.98918,0,0,41458
205.995000,334.471314,2.19708,-0.61030,1.52575,0.01610,0.17690,0.98796,0,0,41459
206.000000,334.471314,2.62429,-0.97648,1.58678,0.01806,0.17178,0.98674,0,0,41460
206.005000,334.471314,2.74635,-1.22060,1.52575,0.01806,0.16982,0.98356,0,0,41461
206.010000,334.486307,2.50223,-1.09854,1.34266,0.01757,0.16958,0.98430,0,0,41462
206.015000,334.486307,1.76987,-0.54927,0.91545,0.01659,0.16934,0.98747,0,0,41463
206.020000,334.486307,0.61030,-0.18309,0.30515,0.01537,0.17178,0.99162,0,0,41464
206.025000,334.501316,-0.48824,0.00000,-0.18309,0.01440,0.17568,0.99650,0,0,41465
206.030000,334.501316,-1.46472,-0.06103,-0.67133,0.01293,0.18007,0.99991,0,0,41466
206.035000,334.501316,-1.58678,-0.24412,-0.73236,0.01391,0.18300,1.00211,0,0,41467
206.040000,334.516267,-1.22060,-0.42721,-0.61030,0.01488,0.18495,1.00235,0,0,41468
206.045000,334.516267,-0.36618,-0.79339,-0.42721,0.01464,0.18642,0.99869,0,0,41469
206.050000,334.516267,0.79339,-1.46472,-0.54927,0.01635,0.18788,0.99284,0,0,41470
206.055000,334.531290,1.52575,-1.58678,-0.54927,0.01854,0.18959,0.98674,0,0,41471
206.060000,334.531290,1.64781,-1.58678,-0.48824,0.02123,0.19081,0.98064,0,0,41472
206.065000,334.531290,0.91545,-1.28163,0.06103,0.02245,0.19130,0.97893,0,0,41473
206.070000,334.546313,-0.24412,-0.54927,0.30515,0.02098,0.19154,0.97990,0,0,41474
206.075000,334.546313,-1.34266,0.42721,0.36618,0.01928,0.18983,0.98283,0,0,41475
206.080000,334.546313,-2.19708,1.03751,0.42721,0.01879,0.18617,0.98771,0,0,41476
206.085000,334.561309,-1.95296,0.67133,0.54927,0.01708,0.18422,0.98942,0,0,41477
206.090000,334.561309,-0.85442,0.00000,0.54927,0.01537,0.18300,0.98747,0,0,41478
206.095000,334.561309,0.42721,-0.36618,0.61030,0.01513,0.18251,0.98552,0,0,41479
206.100000,334.576308,1.76987,-0.85442,0.79339,0.01781,0.18422,0.98259,0,0,41480
206.105000,334.576308,2.50223,-1.09854,0.79339,0.02025,0.18520,0.97746,0,0,41481
206.110000,334.576308,2.80738,-0.91545,0.91545,0.02123,0.18617,0.97356,0,0,41482
206.115000,334.591322,2.44120,-0.48824,1.03751,0.01854,0.18471,0.97161,0,0,41483
206.120000,334.591322,1.46472,0.06103,1.09854,0.01659,0.18227,0.97185,0,0,41484
206.125000,334.591322,-0.12206,0.67133,0.91545,0.01635,0.17934,0.97673,0,0,41485
206.130000,334.606314,-1.40369,1.22060,0.67133,0.01513,0.17495,0.98308,0,0,41486
206.135000,334.606314,-2.25811,1.40369,0.36618,0.01415,0.16860,0.98869,0,0,41487
206.140000,334.606314,-2.56326,1.34266,-0.12206,0.01269,0.16372,0.99259,0,0,41488
206.145000,334.621310,-2.31914,0.97648,-0.54927,0.01025,0.16397,0.99308,0,0,41489
206.150000,334.621310,-1.28163,0.48824,-0.97648,0.01098,0.16665,0.99235,0,0,41490
206.155000,334.621310,-0.36618,0.30515,-1.28163,0.01562,0.16909,0.99064,0,0,41491
206.160000,334.636306,0.24412,0.18309,-1.58678,0.01830,0.17373,0.98747,0,0,41492
206.165000,334.636306,0.36618,0.00000,-1.58678,0.02342,0.18129,0.98137,0,0,41493
206.170000,334.636306,0.42721,0.00000,-1.15957,0.02684,0.18739,0.97698,0,0,41494
206.175000,334.651233,0.42721,0.30515,-0.36618,0.02538,0.19227,0.97820,0,0,41495
206.180000,334.651233,0.54927,0.79339,0.36618,0.02562,0.19447,0.98112,0,0,41496
206.185000,334.651233,0.73236,1.15957,0.54927,0.02416,0.19471,0.98820,0,0,41497
206.190000,334.666301,0.67133,1.64781,0.42721,0.02220,0.19496,1.00040,0,0,41498
206.195000,334.666301,0.54927,1.70884,0.30515,0.02001,0.19691,1.01406,0,0,41499
206.200000,334.666301,0.54927,1.52575,0.24412,0.01708,0.19959,1.02675,0,0,41500
206.205000,334.681306,0.30515,0.79339,0.18309,0.01366,0.20032,1.03358,0,0,41501
206.210000,334.681306,0.00000,0.00000,0.30515,0.00927,0.19984,1.03358,0,0,41502
206.215000,334.681306,-0.30515,-0.73236,0.61030,0.00756,0.19788,1.02773,0,0,41503
206.220000,334.696341,-0.36618,-1.28163,0.61030,0.00756,0.19642,1.01846,0,0,41504
206.225000,334.696341,-0.54927,-1.52575,0.42721,0.00756,0.19374,1.00894,0,0,41505
206.230000,334.696341,-0.79339,-1.34266,0.36618,0.00927,0.19154,1.00040,0,0,41506
206.235000,334.711316,-1.03751,-1.28163,0.36618,0.01098,0.18837,0.99381,0,0,41507
206.240000,334.711316,-1.34266,-1.15957,0.54927,0.01220,0.18373,0.98796,0,0,41508
206.245000,334.711316,-1.52575,-0.97648,0.79339,0.01220,0.17958,0.98356,0,0,41509
206.250000,334.726465,-1.52575,-0.79339,0.91545,0.01244,0.17617,0.98112,0,0,41510
206.255000,334.726465,-0.85442,-0.42721,0.48824,0.01196,0.17226,0.97966,0,0,41511
206.260000,334.726465,-0.30515,-0.12206,-0.24412,0.01147,0.17178,0.98283,0,0,41512
206.265000,334.741564,0.24412,0.06103,-0.97648,0.01049,0.17592,0.98966,0,0,41513
206.270000,334.741564,0.91545,-0.12206,-1.58678,0.01122,0.18324,0.99552,0,0,41514
206.275000,334.741564,1.34266,-0.61030,-2.19708,0.01293,0.19227,0.99747,0,0,41515
206.280000,334.771734,1.03751,-0.67133,-2.07502,0.01366,0.19910,0.99772,0,0,41516
206.285000,334.771734,0.42721,-0.54927,-1.52575,0.01196,0.20667,0.99601,0,0,41517
206.290000,334.771734,0.06103,-0.36618,-0.85442,0.01513,0.20911,0.99308,0,0,41518
206.295000,334.772750,-0.12206,-0.36618,-0.36618,0.01830,0.20911,0.99113,0,0,41519
206.300000,334.772750,-0.36618,0.12206,0.06103,0.01732,0.21082,0.99113,0,0,41520
206.305000,334.772750,-0.42721,0.61030,0.54927,0.01659,0.20911,0.99503,0,0,41521
206.310000,334.786660,-0.48824,0.85442,1.15957,0.01732,0.20472,1.00040,0,0,41522
206.315000,334.786660,-0.36618,0.61030,1.52575,0.01708,0.19935,1.00479,0,0,41523
206.320000,334.786660,-0.12206,0.12206,1.64781,0.01659,0.19422,1.00626,0,0,41524
206.325000,334.801604,0.00000,-0.36618,1.70884,0.01732,0.18959,1.00455,0,0,41525
206.330000,334.801604,0.06103,-0.85442,1.89193,0.01732,0.18593,1.00040,0,0,41526
206.335000,334.801604,0.24412,-0.79339,2.07502,0.01562,0.18080,0.99601,0,0,41527
206.340000,334.816581,0.67133,-0.73236,2.07502,0.01513,0.17470,0.99406,0,0,41528
206.345000,334.816581,0.97648,-0.67133,1.83090,0.01318,0.16934,0.99284,0,0,41529
206.350000,334.816581,1.22060,-0.73236,1.40369,0.01220,0.16690,0.99162,0,0,41530
206.355000,334.831581,1.28163,-0.91545,1.15957,0.00952,0.16543,0.99308,0,0,41531
206.360000,334.831581,1.34266,-1.03751,0.79339,0.00830,0.16421,0.99406,0,0,41532
206.365000,334.831581,1.46472,-1.34266,0.24412,0.01074,0.16690,0.99259,0,0,41533
206.370000,334.846530,1.28163,-1.52575,-0.36618,0.01415,0.17031,0.98869,0,0,41534
206.375000,334.846530,0.91545,-1.40369,-0.97648,0.01635,0.17495,0.98454,0,0,41535
206.380000,334.846530,0.48824,-1.22060,-0.97648,0.01732,0.17983,0.98161,0,0,41536
206.385000,334.861573,-0.12206,-0.79339,-0.73236,0.01732,0.18520,0.98015,0,0,41537
206.390000,334.861573,-0.73236,-0.36618,-0.18309,0.01464,0.18788,0.97722,0,0,41538
206.395000,334.861573,-0.79339,-0.18309,0.12206,0.01464,0.18959,0.97527,0,0,41539
206.400000,334.876508,-0.73236,0.00000,0.18309,0.01464,0.19008,0.97356,0,0,41540
206.405000,334.876508,-0.48824,0.30515,0.24412,0.01366,0.19032,0.97283,0,0,41541
206.410000,334.876508,-0.48824,0.42721,0.24412,0.01537,0.19227,0.97454,0,0,41542
206.415000,334.891724,-0.54927,0.42721,0.18309,0.01732,0.19154,0.97551,0,0,41543
206.420000,334.891724,-0.61030,0.36618,0.24412,0.02050,0.18934,0.97356,0,0,41544
206.425000,334.891724,-0.91545,0.36618,0.73236,0.02025,0.18886,0.97112,0,0,41545
206.430000,334.906623,-1.34266,0.48824,1.15957,0.01928,0.18837,0.97039,0,0,41546
206.435000,334.906623,-1.70884,0.73236,1.34266,0.02050,0.18373,0.96941,0,0,41547
206.440000,334.906623,-2.01399,1.09854,1.34266,0.02294,0.18032,0.97234,0,0,41548
206.445000,334.921786,-2.07502,1.28163,1.46472,0.02245,0.17788,0.97527,0,0,41549
206.450000,334.921786,-1.58678,1.22060,1.76987,0.01976,0.17544,0.97844,0,0,41550
206.455000,334.921786,-0.91545,0.85442,1.83090,0.02050,0.17251,0.98015,0,0,41551
206.460000,334.936836,-0.30515,0.61030,1.52575,0.02050,0.17007,0.98137,0,0,41552
206.465000,334.936836,0.06103,0.42721,1.34266,0.01854,0.16836,0.98064,0,0,41553
206.470000,334.936836,0.30515,0.48824,1.15957,0.01781,0.16812,0.98161,0,0,41554
206.475000,334.951560,0.42721,0.73236,1.15957,0.01635,0.16787,0.98478,0,0,41555
206.480000,334.951560,0.61030,0.79339,1.09854,0.01488,0.16787,0.99064,0,0,41556
206.485000,334.951560,0.54927,0.67133,0.67133,0.01415,0.17031,0.99723,0,0,41557
206.490000,334.981745,0.36618,0.73236,0.06103,0.01562,0.17300,1.00138,0,0,41558
206.495000,334.981745,0.24412,0.42721,-0.36618,0.01732,0.17495,1.00723,0,0,41559
206.500000,334.981745,0.18309,0.24412,-0.48824,0.01781,0.17739,1.01162,0,0,41560
206.505000,334.983117,0.00000,0.12206,-0.61030,0.01708,0.18129,1.01358,0,0,41561
206.510000,334.983117,-0.36618,-0.18309,-0.73236,0.01708,0.18495,1.01040,0,0,41562
206.515000,334.983117,-0.91545,-0.48824,-0.79339,0.01659,0.18642,1.00528,0,0,41563
206.520000,334.996598,-1.28163,-0.48824,-0.73236,0.01440,0.18642,1.00113,0,0,41564
206.525000,334.996598,-1.70884,-0.24412,-0.61030,0.01342,0.18422,0.99674,0,0,41565
206.530000,334.996598,-2.01399,0.06103,-0.48824,0.01366,0.18202,0.99430,0,0,41566
206.535000,335.011625,-2.50223,0.30515,-0.54927,0.01391,0.18105,0.99235,0,0,41567
206.540000,335.011625,-2.80738,0.61030,-0.79339,0.01537,0.18300,0.99162,0,0,41568
206.545000,335.011625,-3.05150,1.09854,-0.91545,0.01342,0.18422,0.99503,0,0,41569
206.550000,335.026712,-3.23459,1.52575,-0.79339,0.01147,0.18642,1.00089,0,0,41570
206.555000,335.026712,-3.17356,1.64781,-0.48824,0.01171,0.18666,1.00870,0,0,41571
206.560000,335.026712,-2.68532,1.52575,-0.54927,0.01220,0.18398,1.01455,0,0,41572
206.565000,335.041597,-2.07502,1.15957,-0.67133,0.01318,0.18276,1.01894,0,0,41573
206.570000,335.041597,-1.83090,1.03751,-0.42721,0.01147,0.18544,1.02797,0,0,41574
206.575000,335.041597,-1.58678,0.67133,-0.18309,0.01000,0.18837,1.03358,0,0,41575
206.580000,335.056722,-1.22060,0.00000,-0.36618,0.00927,0.19130,1.03456,0,0,41576
206.585000,335.056722,-1.46472,-0.36618,-0.73236,0.00903,0.19374,1.03358,0,0,41577
206.590000,335.056722,-1.46472,-0.67133,-0.79339,0.01025,0.19422,1.03212,0,0,41578
206.595000,335.071816,-0.97648,-1.34266,-0.67133,0.01244,0.19422,1.02992,0,0,41579
206.600000,335.071816,-0.73236,-1.83090,-0.61030,0.01244,0.19422,1.02602,0,0,41580
206.605000,335.071816,-0.30515,-2.56326,-0.67133,0.01196,0.19569,1.01894,0,0,41581
206.610000,335.086823,0.30515,-3.11253,-0.73236,0.01244,0.19618,1.00796,0,0,41582
206.615000,335.086823,1.03751,-3.41768,-0.67133,0.01464,0.19520,0.99723,0,0,41583
206.620000,335.086823,1.95296,-3.72283,-0.54927,0.01635,0.19544,0.98698,0,0,41584
206.625000,335.101647,3.23459,-3.90592,-0.30515,0.01732,0.19764,0.97649,0,0,41585
206.630000,335.101647,3.84489,-3.78386,-0.12206,0.01806,0.19935,0.96722,0,0,41586
206.635000,335.101647,3.66180,-3.23459,0.00000,0.01976,0.20203,0.96160,0,0,41587
206.640000,335.116623,2.62429,-2.25811,-0.06103,0.02220,0.20472,0.95965,0,0,41588
206.645000,335.116623,0.97648,-1.28163,0.00000,0.02416,0.20496,0.96014,0,0,41589
206.650000,335.116623,-1.03751,-0.42721,0.00000,0.02416,0.20398,0.96185,0,0,41590
206.655000,335.131548,-2.07502,0.24412,0.06103,0.02684,0.19935,0.96502,0,0,41591
206.660000,335.131548,-2.25811,0.67133,0.18309,0.02806,0.19422,0.96892,0,0,41592
206.665000,335.131548,-1.64781,0.91545,0.48824,0.02733,0.19081,0.97478,0,0,41593
206.670000,335.146716,-0.54927,0.85442,0.67133,0.02635,0.19203,0.98088,0,0,41594
206.675000,335.146716,1.09854,0.61030,0.79339,0.02733,0.19618,0.98674,0,0,41595
206.680000,335.146716,1.64781,0.36618,1.28163,0.02635,0.20203,0.99088,0,0,41596
206.685000,335.161531,1.76987,0.30515,1.70884,0.02416,0.20691,0.99259,0,0,41597
206.690000,335.161531,1.15957,0.67133,2.07502,0.02489,0.20862,0.99235,0,0,41598
206.695000,335.161531,-0.36618,1.22060,2.50223,0.02538,0.20545,0.99430,0,0,41599
206.700000,335.176718,-1.76987,1.34266,2.80738,0.02440,0.19764,0.99479,0,0,41600
206.705000,335.176718,-2.19708,1.28163,2.80738,0.02489,0.18861,0.99430,0,0,41601
206.710000,335.176718,-2.31914,1.22060,2.86841,0.02513,0.18080,0.99430,0,0,41602
206.715000,335.191795,-1.64781,1.03751,2.86841,0.02318,0.17519,0.99601,0,0,41603
206.720000,335.191795,-0.42721,0.36618,2.68532,0.02220,0.17056,0.99430,0,0,41604
206.725000,335.191795,0.54927,-0.30515,2.44120,0.02147,0.16543,0.98893,0,0,41605
206.730000,335.206631,1.46472,-0.73236,2.19708,0.02050,0.16299,0.98332,0,0,41606
206.735000,335.206631,2.19708,-0.91545,2.01399,0.01732,0.16397,0.97942,0,0,41607
206.740000,335.206631,2.80738,-1.09854,1.95296,0.01147,0.16641,0.97917,0,0,41608
206.745000,335.221560,2.92944,-1.15957,1.95296,0.00781,0.16812,0.97868,0,0,41609
206.750000,335.221560,2.80738,-1.09854,1.83090,0.00952,0.16738,0.97551,0,0,41610
206.755000,335.221560,2.38017,-0.67133,1.83090,0.01098,0.16592,0.97429,0,0,41611
206.760000,335.236871,1.58678,-0.06103,1.64781,0.01171,0.16372,0.97698,0,0,41612
206.765000,335.236871,0.67133,0.54927,1.58678,0.01562,0.15909,0.98186,0,0,41613
206.770000,335.236871,0.00000,0.97648,1.52575,0.01708,0.15494,0.98869,0,0,41614
206.775000,335.251593,-0.18309,1.03751,1.46472,0.01952,0.14933,0.99381,0,0,41615
206.780000,335.251593,-0.06103,0.61030,1.34266,0.02001,0.14786,0.99381,0,0,41616
206.785000,335.251593,-0.18309,0.48824,1.15957,0.01708,0.15201,0.99235,0,0,41617
206.790000,335.266690,-0.67133,0.97648,0.79339,0.01610,0.15592,0.98991,0,0,41618
206.795000,335.266690,-1.52575,1.58678,0.00000,0.01488,0.16104,0.99137,0,0,41619
206.800000,335.266690,-2.07502,1.89193,-0.48824,0.01147,0.16665,0.99723,0,0,41620
206.805000,335.281582,-2.25811,1.83090,-0.79339,0.00854,0.17104,1.00406,0,0,41621
206.810000,335.281582,-2.01399,1.34266,-0.85442,0.00586,0.17397,1.01040,0,0,41622
206.815000,335.281582,-1.28163,0.61030,-0.91545,0.00439,0.17592,1.01358,0,0,41623
206.820000,335.296548,-0.79339,0.18309,-0.97648,0.00439,0.17592,1.01309,0,0,41624
206.825000,335.296548,-0.12206,-0.67133,-0.91545,0.00610,0.17422,1.00796,0,0,41625
206.830000,335.296548,0.36618,-1.22060,-0.67133,0.01147,0.17153,1.00211,0,0,41626
206.835000,335.311728,0.54927,-1.58678,-0.73236,0.01513,0.17007,0.99479,0,0,41627
206.840000,335.311728,0.48824,-1.58678,-0.79339,0.01684,0.17056,0.98576,0,0,41628
206.845000,335.311728,1.03751,-1.64781,-0.48824,0.01732,0.17129,0.98283,0,0,41629
206.850000,335.326675,2.68532,-1.95296,0.06103,0.02172,0.17031,0.97966,0,0,41630
206.855000,335.326675,4.45519,-2.07502,0.54927,0.02147,0.17104,0.97649,0,0,41631
206.860000,335.326675,4.63828,-1.52575,0.67133,0.01659,0.17324,0.98137,0,0,41632
206.865000,335.341816,3.96695,-0.91545,0.30515,0.01806,0.17641,0.98649,0,0,41633
206.870000,335.341816,2.62429,-0.54927,-0.36618,0.01830,0.18129,0.99015,0,0,41634
206.875000,335.341816,0.73236,-0.24412,-1.15957,0.01537,0.18544,0.99113,0,0,41635
206.880000,335.356814,0.12206,0.00000,-1.09854,0.01537,0.18764,0.99113,0,0,41636
206.885000,335.356814,-0.18309,0.00000,-1.03751,0.02220,0.18764,0.98893,0,0,41637
206.890000,335.356814,-0.42721,-0.12206,-0.54927,0.02391,0.18983,0.98893,0,0,41638
206.895000,335.371575,-1.22060,0.12206,-0.54927,0.02513,0.19203,0.99015,0,0,41639
206.900000,335.371575,-1.52575,0.42721,-0.79339,0.03050,0.19398,0.98893,0,0,41640
206.905000,335.371575,-1.64781,0.54927,-0.67133,0.03123,0.19740,0.98796,0,0,41641
206.910000,335.386727,-1.34266,0.54927,-0.18309,0.02806,0.20106,0.98308,0,0,41642
206.915000,335.386727,-0.85442,0.61030,0.30515,0.02611,0.20130,0.97698,0,0,41643
206.920000,335.386727,-0.12206,0.67133,0.67133,0.02489,0.19764,0.97014,0,0,41644
206.925000,335.401624,0.24412,0.85442,1.03751,0.02220,0.19227,0.96380,0,0,41645
206.930000,335.401624,0.36618,1.22060,1.52575,0.02074,0.18764,0.96429,0,0,41646
206.935000,335.401624,0.42721,1.46472,1.76987,0.02342,0.18471,0.96331,0,0,41647
206.940000,335.416737,0.12206,1.70884,1.70884,0.02440,0.18495,0.96600,0,0,41648
206.945000,335.416737,-0.91545,2.19708,1.76987,0.02220,0.18642,0.97136,0,0,41649
206.950000,335.416737,-1.40369,2.56326,1.76987,0.02001,0.19032,0.97332,0,0,41650
206.955000,335.431831,-1.70884,2.62429,1.76987,0.01928,0.19081,0.97551,0,0,41651
206.960000,335.431831,-1.76987,2.56326,1.83090,0.02074,0.19008,0.97893,0,0,41652
206.965000,335.431831,-1.28163,2.62429,2.01399,0.02098,0.18886,0.98259,0,0,41653
206.970000,335.446648,-0.30515,2.50223,2.38017,0.02025,0.18544,0.98722,0,0,41654
206.975000,335.446648,1.22060,1.95296,2.92944,0.02196,0.17958,0.99137,0,0,41655
206.980000,335.446648,2.19708,1.46472,3.17356,0.02538,0.17275,0.99235,0,0,41656
206.985000,335.461519,2.62429,1.03751,3.35665,0.02586,0.16592,0.99284,0,0,41657
206.990000,335.461519,2.74635,0.24412,3.23459,0.02318,0.16104,0.99137,0,0,41658
206.995000,335.461519,1.95296,0.24412,2.62429,0.01806,0.16031,0.98893,0,0,41659
207.000000,335.477182,-0.36618,0.91545,1.34266,0.01440,0.16104,0.98991,0,0,41660
207.005000,335.477182,-2.38017,1.95296,0.42721,0.01366,0.16470,0.99357,0,0,41661
207.010000,335.477182,-3.96695,2.68532,-0.06103,0.01635,0.16616,1.00260,0,0,41662
207.015000,335.491568,-4.51622,2.74635,-0.12206,0.01610,0.16982,1.00821,0,0,41663
207.020000,335.491568,-3.29562,2.13605,-0.06103,0.01342,0.17324,1.01065,0,0,41664
207.025000,335.491568,-1.58678,1.46472,0.06103,0.01293,0.17470,1.01187,0,0,41665
207.030000,335.506745,0.42721,0.73236,0.24412,0.01220,0.17617,1.01114,0,0,41666
207.035000,335.506745,2.25811,0.12206,0.30515,0.01366,0.17690,1.00870,0,0,41667
207.040000,335.506745,3.47871,-0.36618,0.36618,0.01488,0.18154,1.00308,0,0,41668
207.045000,335.521829,3.53974,-0.42721,0.36618,0.01220,0.18495,0.99625,0,0,41669
207.050000,335.521829,2.86841,0.00000,0.42721,0.01000,0.18617,0.98991,0,0,41670
207.055000,335.521829,1.89193,0.48824,0.48824,0.01220,0.18227,0.98649,0,0,41671
207.060000,335.536822,0.91545,1.03751,0.36618,0.01635,0.17666,0.98283,0,0,41672
207.065000,335.536822,0.00000,1.58678,0.48824,0.01562,0.17251,0.98356,0,0,41673
207.070000,335.536822,-0.42721,2.25811,0.54927,0.01244,0.16909,0.98918,0,0,41674
207.075000,335.551481,-0.42721,2.25811,0.42721,0.01098,0.16690,0.99308,0,0,41675
207.080000,335.551481,0.12206,1.83090,0.06103,0.01171,0.16690,0.99454,0,0,41676
207.085000,335.551481,0.79339,1.40369,-0.06103,0.01342,0.16738,0.99772,0,0,41677
207.090000,335.566815,1.46472,0.97648,0.06103,0.01586,0.16738,0.99747,0,0,41678
207.095000,335.566815,1.95296,0.54927,0.24412,0.01562,0.16787,0.99723,0,0,41679
207.100000,335.566815,1.89193,0.36618,0.36618,0.01244,0.16787,0.99698,0,0,41680
207.105000,335.581825,1.76987,0.24412,0.36618,0.01000,0.16665,0.99503,0,0,41681
207.110000,335.581825,1.34266,0.24412,0.06103,0.00732,0.16494,0.99259,0,0,41682
207.115000,335.581825,0.36618,0.54927,-0.42721,0.00244,0.16348,0.99332,0,0,41683
207.120000,335.596808,0.06103,0.48824,-0.73236,0.00024,0.16324,0.99186,0,0,41684
207.125000,335.596808,0.06103,0.24412,-1.22060,0.00024,0.16470,0.98796,0,0,41685
207.130000,335.596808,0.36618,0.06103,-1.46472,0.00415,0.16470,0.98332,0,0,41686
207.135000,335.611758,0.61030,0.06103,-1.34266,0.00708,0.16641,0.98234,0,0,41687
207.140000,335.611758,0.73236,0.24412,-0.91545,0.00805,0.16787,0.98356,0,0,41688
207.145000,335.611758,0.67133,0.36618,-0.79339,0.00976,0.16714,0.98356,0,0,41689
207.150000,335.626684,0.48824,0.42721,-0.85442,0.01098,0.16519,0.98332,0,0,41690
207.155000,335.626684,0.36618,0.73236,-1.09854,0.00952,0.16494,0.98576,0,0,41691
207.160000,335.626684,0.24412,0.97648,-1.46472,0.01269,0.16494,0.99040,0,0,41692
207.165000,335.641764,0.06103,1.15957,-1.95296,0.01366,0.16885,0.99894,0,0,41693
207.170000,335.641764,0.06103,1.03751,-2.01399,0.01025,0.17568,1.00552,0,0,41694
207.175000,335.641764,0.18309,0.73236,-2.01399,0.00732,0.18227,1.00821,0,0,41695
207.175000,335.656811,0.42721,0.36618,-2.19708,0.00610,0.18617,1.00894,0,0,41696
207.180000,335.656811,0.42721,0.24412,-2.38017,0.00659,0.19203,1.00870,0,0,41697
207.185000,335.656811,-0.12206,0.42721,-2.50223,0.00610,0.19740,1.00796,0,0,41698
207.190000,335.671568,-0.67133,0.61030,-2.19708,0.00927,0.20032,1.00674,0,0,41699
207.195000,335.671568,-0.85442,0.54927,-1.70884,0.01391,0.19788,1.00699,0,0,41700
207.200000,335.671568,-0.61030,0.42721,-1.22060,0.01244,0.19374,1.00918,0,0,41701
207.205000,335.686824,-0.06103,0.24412,-0.91545,0.01049,0.19081,1.00821,0,0,41702
207.210000,335.686824,0.79339,-0.30515,-1.03751,0.01122,0.18764,1.00650,0,0,41703
207.215000,335.686824,1.83090,-0.79339,-1.28163,0.01244,0.18495,1.00333,0,0,41704
207.220000,335.701576,2.62429,-1.03751,-1.40369,0.01269,0.18520,0.99991,0,0,41705
207.225000,335.701576,2.86841,-1.09854,-1.40369,0.01196,0.18642,0.99576,0,0,41706
207.230000,335.701576,2.68532,-0.85442,-1.28163,0.01171,0.18764,0.99308,0,0,41707
207.235000,335.716504,2.50223,-0.61030,-1.15957,0.01025,0.19056,0.99259,0,0,41708
207.240000,335.716504,2.25811,-0.48824,-1.28163,0.01122,0.19349,0.99332,0,0,41709
207.245000,335.716504,1.83090,-0.36618,-1.40369,0.01342,0.19666,0.99479,0,0,41710
207.250000,335.731578,1.22060,-0.12206,-1.76987,0.01513,0.20106,0.99576,0,0,41711
207.255000,335.731578,0.91545,0.00000,-1.76987,0.01537,0.20374,0.99503,0,0,41712
207.260000,335.731578,0.36618,0.06103,-1.76987,0.01708,0.20594,0.99698,0,0,41713
207.265000,335.746632,0.06103,-0.06103,-1.64781,0.01708,0.20740,0.99552,0,0,41714
207.270000,335.746632,-0.18309,-0.24412,-1.34266,0.01854,0.20667,0.99235,0,0,41715
207.275000,335.746632,0.12206,-0.67133,-1.03751,0.02440,0.20447,0.98747,0,0,41716
207.280000,335.761757,0.36618,-0.67133,-0.97648,0.02782,0.20325,0.98332,0,0,41717
207.285000,335.761757,0.42721,-0.67133,-0.91545,0.02660,0.20350,0.97746,0,0,41718
207.290000,335.761757,0.06103,-0.36618,-0.48824,0.02416,0.20447,0.97478,0,0,41719
207.295000,335.776730,-0.54927,0.18309,-0.24412,0.02391,0.20350,0.97502,0,0,41720
207.300000,335.776730,-1.03751,0.54927,-0.42721,0.02318,0.20032,0.97746,0,0,41721
207.305000,335.776730,-1.28163,0.67133,-0.67133,0.02172,0.19666,0.97990,0,0,41722
207.310000,335.791570,-1.15957,0.67133,-0.73236,0.02025,0.19520,0.98356,0,0,41723
207.315000,335.791570,-0.54927,0.67133,-0.42721,0.01879,0.19496,0.98771,0,0,41724
207.320000,335.791570,0.24412,0.61030,0.00000,0.01781,0.19618,0.98966,0,0,41725
207.325000,335.806530,0.97648,0.61030,0.18309,0.01586,0.19569,0.98844,0,0,41726
207.330000,335.806530,1.46472,0.67133,0.12206,0.01318,0.19349,0.98820,0,0,41727
207.335000,335.806530,1.58678,0.91545,0.24412,0.01342,0.19154,0.99040,0,0,41728
207.340000,335.821643,1.58678,0.97648,0.54927,0.01635,0.18959,0.98893,0,0,41729
207.345000,335.821643,1.28163,1.03751,0.79339,0.02050,0.18568,0.98966,0,0,41730
207.350000,335.821643,1.03751,1.09854,0.79339,0.02074,0.18446,0.99528,0,0,41731
207.355000,335.836782,0.67133,1.46472,0.79339,0.02172,0.18495,1.00382,0,0,41732
207.360000,335.836782,0.06103,1.64781,0.67133,0.02098,0.18642,1.01089,0,0,41733
207.365000,335.836782,-0.36618,1.40369,0.79339,0.01586,0.18934,1.01626,0,0,41734
207.370000,335.851555,-0.36618,0.91545,0.91545,0.01171,0.19178,1.01919,0,0,41735
207.375000,335.851555,0.00000,0.48824,0.85442,0.00708,0.19154,1.01870,0,0,41736
207.380000,335.851555,0.00000,0.24412,0.61030,0.00220,0.19081,1.01553,0,0,41737
207.385000,335.866840,-0.12206,-0.12206,0.18309,0.00049,0.19178,1.01040,0,0,41738
207.390000,335.866840,-0.36618,-0.36618,-0.06103,0.00073,0.19691,1.00357,0,0,41739
207.395000,335.866840,-0.42721,-0.48824,-0.12206,-0.00073,0.20228,0.99552,0,0,41740
207.400000,335.881633,-0.36618,-0.48824,-0.12206,-0.00195,0.20472,0.98820,0,0,41741
207.405000,335.881633,-0.30515,-0.24412,-0.06103,-0.00122,0.20496,0.98234,0,0,41742
207.410000,335.881633,-0.30515,0.12206,0.18309,0.00098,0.20472,0.98137,0,0,41743
207.415000,335.896819,-0.12206,0.30515,0.48824,0.00342,0.20154,0.98478,0,0,41744
207.420000,335.896819,0.24412,0.42721,0.79339,0.00537,0.19862,0.99064,0,0,41745
207.425000,335.896819,0.54927,0.12206,1.03751,0.00756,0.19715,1.00040,0,0,41746
207.430000,335.912843,0.85442,-0.36618,1.03751,0.01635,0.19447,1.00382,0,0,41747
207.435000,335.912843,1.34266,-0.79339,1.03751,0.01464,0.18959,1.00235,0,0,41748
207.440000,335.912843,2.07502,-1.52575,0.79339,0.01025,0.18568,0.99772,0,0,41749
207.445000,335.926624,2.38017,-1.64781,0.48824,0.01122,0.18544,0.99479,0,0,41750
207.450000,335.926624,2.50223,-1.40369,0.12206,0.01366,0.18837,0.99284,0,0,41751
207.455000,335.926624,2.25811,-1.03751,-0.06103,0.01635,0.19105,0.99406,0,0,41752
207.460000,335.941754,1.52575,-0.91545,-0.06103,0.01684,0.19325,0.99308,0,0,41753
207.465000,335.941754,0.97648,-0.79339,0.24412,0.01659,0.19666,0.98942,0,0,41754
207.470000,335.941754,0.61030,-0.67133,0.42721,0.01708,0.19935,0.98747,0,0,41755
207.475000,335.956765,0.00000,-0.06103,0.36618,0.01732,0.19935,0.98918,0,0,41756
207.480000,335.956765,-0.91545,0.42721,0.42721,0.01610,0.19935,0.99210,0,0,41757
207.485000,335.956765,-1.64781,0.48824,0.79339,0.01708,0.19886,0.99601,0,0,41758
207.490000,335.971606,-2.31914,0.48824,1.46472,0.02050,0.19764,0.99698,0,0,41759
207.495000,335.971606,-2.62429,0.30515,1.58678,0.02050,0.19471,0.99674,0,0,41760
207.500000,335.971606,-2.68532,0.24412,1.52575,0.01830,0.19300,0.99552,0,0,41761
207.505000,335.986734,-2.68532,0.24412,1.46472,0.01488,0.19178,0.99332,0,0,41762
207.510000,335.986734,-2.99047,0.36618,1.22060,0.01342,0.19154,0.99186,0,0,41763
207.515000,335.986734,-2.99047,0.48824,1.03751,0.01147,0.19105,0.98966,0,0,41764
207.520000,336.001814,-2.86841,0.48824,0.91545,0.00878,0.18910,0.98844,0,0,41765
207.525000,336.001814,-2.56326,0.48824,0.79339,0.00830,0.18788,0.98649,0,0,41766
207.530000,336.001814,-1.89193,0.54927,0.73236,0.01025,0.18690,0.98771,0,0,41767
207.535000,336.016836,-1.09854,0.54927,0.91545,0.01049,0.18642,0.99113,0,0,41768
207.540000,336.016836,-0.12206,0.42721,1.15957,0.01122,0.18398,0.99650,0,0,41769
207.545000,336.016836,0.48824,0.24412,1.03751,0.01269,0.18227,0.99942,0,0,41770
207.550000,336.031788,0.85442,-0.06103,0.85442,0.01220,0.18178,1.00162,0,0,41771
207.555000,336.031788,0.97648,-0.36618,0.67133,0.01366,0.18276,1.00430,0,0,41772
207.560000,336.031788,1.15957,-0.54927,0.30515,0.01781,0.18373,1.00528,0,0,41773
207.565000,336.046817,1.09854,-0.73236,0.12206,0.02025,0.18690,1.00528,0,0,41774
207.570000,336.046817,0.73236,-1.15957,0.06103,0.01806,0.19325,1.00186,0,0,41775
207.575000,336.046817,0.12206,-1.34266,0.06103,0.01513,0.19813,0.99869,0,0,41776
207.580000,336.061658,-0.24412,-1.28163,0.24412,0.01171,0.20081,0.99406,0,0,41777
207.585000,336.061658,-0.30515,-1.22060,0.48824,0.01122,0.20130,0.98796,0,0,41778
207.590000,336.061658,0.06103,-1.09854,0.61030,0.01122,0.20106,0.98283,0,0,41779
207.595000,336.076846,0.61030,-1.03751,0.73236,0.00976,0.19813,0.97893,0,0,41780
207.600000,336.076846,0.97648,-0.61030,0.67133,0.01049,0.19325,0.97868,0,0,41781
207.605000,336.076846,1.15957,-0.12206,0.48824,0.01488,0.18959,0.98112,0,0,41782
207.610000,336.091602,1.15957,0.00000,0.42721,0.01806,0.18715,0.98356,0,0,41783
207.615000,336.091602,0.97648,0.24412,0.54927,0.01757,0.18983,0.98771,0,0,41784
207.620000,336.091602,0.61030,0.67133,0.91545,0.01537,0.19252,0.99747,0,0,41785
207.625000,336.106826,0.18309,1.03751,1.15957,0.01635,0.19715,1.00284,0,0,41786
207.630000,336.106826,-0.48824,1.15957,1.28163,0.01537,0.19788,1.00552,0,0,41787
207.635000,336.106826,-1.28163,1.09854,1.34266,0.01244,0.19764,1.00650,0,0,41788
207.640000,336.121777,-1.58678,0.79339,1.40369,0.00976,0.19618,1.00723,0,0,41789
207.645000,336.121777,-1.09854,0.30515,1.70884,0.01000,0.19349,1.00674,0,0,41790
207.650000,336.121777,-0.18309,-0.30515,1.76987,0.01147,0.18861,1.00235,0,0,41791
207.655000,336.136623,0.73236,-0.73236,1.64781,0.01098,0.18568,0.99845,0,0,41792
207.660000,336.136623,2.44120,-1.46472,1.22060,0.01196,0.18349,0.99162,0,0,41793
207.665000,336.136623,3.47871,-1.70884,1.09854,0.01415,0.18568,0.98820,0,0,41794
207.670000,336.151657,3.72283,-1.76987,1.34266,0.01440,0.18910,0.98649,0,0,41795
207.675000,336.151657,3.29562,-1.58678,1.76987,0.01464,0.19008,0.98381,0,0,41796
207.680000,336.151657,2.68532,-1.34266,1.95296,0.01464,0.18886,0.97990,0,0,41797
207.685000,336.166738,1.95296,-0.91545,2.19708,0.01318,0.18471,0.97990,0,0,41798
207.690000,336.166738,1.58678,-0.61030,2.19708,0.01293,0.17983,0.98161,0,0,41799
207.695000,336.166738,1.34266,-0.61030,2.01399,0.01098,0.17690,0.98332,0,0,41800
207.700000,336.181829,1.34266,-0.73236,1.76987,0.01049,0.17422,0.98308,0,0,41801
207.705000,336.181829,1.52575,-0.79339,1.34266,0.00976,0.17178,0.98283,0,0,41802
207.710000,336.181829,1.70884,-0.61030,0.91545,0.01147,0.16982,0.98259,0,0,41803
207.715000,336.196565,1.70884,-0.48824,0.36618,0.01440,0.16812,0.98210,0,0,41804
207.720000,336.196565,1.46472,-0.61030,-0.12206,0.01513,0.16836,0.98332,0,0,41805
207.725000,336.196565,1.22060,-0.67133,-0.48824,0.01318,0.17348,0.98405,0,0,41806
207.730000,336.211813,1.09854,-0.67133,-0.73236,0.01244,0.17958,0.98649,0,0,41807
207.735000,336.211813,1.09854,-0.42721,-0.79339,0.01293,0.18398,0.98918,0,0,41808
207.740000,336.211813,0.91545,-0.06103,-0.61030,0.01464,0.18812,0.99040,0,0,41809
207.745000,336.226572,0.73236,0.06103,-0.48824,0.01342,0.19081,0.99308,0,0,41810
207.750000,336.226572,0.61030,-0.06103,-0.18309,0.01318,0.19252,0.99625,0,0,41811
207.755000,336.226572,0.79339,-0.30515,0.18309,0.01513,0.19276,0.99698,0,0,41812
207.760000,336.241532,1.22060,-0.42721,0.48824,0.01513,0.19203,0.99479,0,0,41813
207.765000,336.241532,1.64781,-0.61030,0.48824,0.01464,0.19130,0.99308,0,0,41814
207.770000,336.241532,1.52575,-0.79339,0.73236,0.01464,0.19081,0.99381,0,0,41815
207.775000,336.256499,1.40369,-0.79339,0.97648,0.01732,0.19081,0.99503,0,0,41816
207.780000,336.256499,0.79339,-0.48824,1.22060,0.02147,0.19203,0.99576,0,0,41817
207.785000,336.256499,-0.36618,-0.12206,1.52575,0.02196,0.19178,0.99820,0,0,41818
207.790000,336.271504,-2.07502,0.24412,1.46472,0.01903,0.19056,0.99918,0,0,41819
207.795000,336.271504,-3.17356,0.61030,1.28163,0.01659,0.18666,1.00040,0,0,41820
207.800000,336.271504,-3.66180,0.97648,1.09854,0.01635,0.18154,1.00089,0,0,41821
207.805000,336.286353,-3.53974,0.79339,0.79339,0.01562,0.17690,1.00016,0,0,41822
207.810000,336.286353,-2.38017,0.12206,0.12206,0.01391,0.17226,0.99552,0,0,41823
207.815000,336.286353,-1.15957,-0.18309,-0.30515,0.01269,0.17104,0.99406,0,0,41824
207.820000,336.301521,0.00000,-0.42721,-0.67133,0.01269,0.17202,0.99186,0,0,41825
207.825000,336.301521,0.97648,-0.85442,-0.91545,0.01244,0.17519,0.98869,0,0,41826
207.830000,336.301521,1.58678,-1.34266,-1.03751,0.01244,0.18007,0.98503,0,0,41827
207.835000,336.316501,1.95296,-1.58678,-0.85442,0.01415,0.18422,0.98186,0,0,41828
207.840000,336.316501,2.01399,-1.52575,-0.42721,0.01659,0.18788,0.97673,0,0,41829
207.845000,336.316501,1.83090,-1.22060,-0.18309,0.01635,0.18837,0.97380,0,0,41830
207.850000,336.331394,1.76987,-0.91545,0.06103,0.01659,0.18739,0.97234,0,0,41831
207.855000,336.331394,1.83090,-0.79339,0.24412,0.01928,0.18544,0.97356,0,0,41832
207.860000,336.331394,1.95296,-0.67133,0.24412,0.02245,0.18373,0.97502,0,0,41833
207.865000,336.346401,1.95296,-0.42721,0.30515,0.02294,0.18202,0.97698,0,0,41834
207.870000,336.346401,1.15957,-0.18309,0.12206,0.02391,0.18178,0.97795,0,0,41835
207.875000,336.346401,0.00000,0.06103,-0.18309,0.02611,0.18276,0.98039,0,0,41836
207.880000,336.361332,-1.70884,0.61030,-0.73236,0.02416,0.18568,0.98356,0,0,41837
207.885000,336.361332,-3.72283,1.46472,-1.34266,0.02220,0.18861,0.98503,0,0,41838
207.890000,336.361332,-4.57725,1.76987,-1.34266,0.02220,0.19227,0.98747,0,0,41839
207.890000,336.376428,-4.82137,1.52575,-1.22060,0.02098,0.19447,0.98966,0,0,41840
207.895000,336.376428,-4.02798,0.91545,-0.91545,0.01903,0.19715,0.99064,0,0,41841
207.900000,336.376428,-2.07502,0.18309,-0.79339,0.01513,0.19886,0.99137,0,0,41842
207.905000,336.391358,-0.06103,-0.24412,-0.54927,0.01440,0.19959,0.98942,0,0,41843
207.910000,336.391358,2.31914,-0.91545,-0.36618,0.01708,0.20008,0.98576,0,0,41844
207.915000,336.391358,3.53974,-1.40369,-0.36618,0.02245,0.20106,0.97893,0,0,41845
207.920000,336.406368,3.78386,-1.46472,-0.12206,0.02538,0.20252,0.97502,0,0,41846
207.925000,336.406368,3.23459,-0.85442,0.36618,0.02489,0.20447,0.97698,0,0,41847
207.930000,336.406368,2.25811,0.06103,0.91545,0.02733,0.20032,0.98356,0,0,41848
207.935000,336.421419,1.34266,0.24412,0.97648,0.02806,0.19496,0.98918,0,0,41849
207.940000,336.421419,0.61030,0.12206,0.85442,0.02586,0.19056,0.98966,0,0,41850
207.945000,336.421419,0.36618,0.12206,0.73236,0.02294,0.18422,0.98844,0,0,41851
207.950000,336.436412,0.24412,0.06103,0.61030,0.02269,0.17934,0.98747,0,0,41852
207.955000,336.436412,0.42721,-0.24412,0.48824,0.02294,0.17641,0.98259,0,0,41853
207.960000,336.436412,0.67133,-0.54927,0.06103,0.02147,0.17446,0.97478,0,0,41854
207.965000,336.451408,0.97648,-0.79339,-0.36618,0.02050,0.17592,0.96990,0,0,41855
207.970000,336.451408,0.91545,-0.54927,-0.48824,0.02001,0.17739,0.96551,0,0,41856
207.975000,336.451408,0.42721,-0.18309,-0.73236,0.01928,0.18129,0.96136,0,0,41857
207.980000,336.466349,-0.54927,0.48824,-0.67133,0.01781,0.18666,0.96209,0,0,41858
207.985000,336.466349,-1.09854,1.09854,-0.54927,0.01684,0.19276,0.96478,0,0,41859
207.990000,336.466349,-1.28163,1.46472,-0.67133,0.01562,0.19691,0.96941,0,0,41860
207.995000,336.481402,-1.28163,1.83090,-0.48824,0.01366,0.20081,0.97746,0,0,41861
208.000000,336.481402,-1.03751,1.95296,-0.24412,0.01318,0.20447,0.98649,0,0,41862
208.005000,336.481402,-0.61030,1.64781,0.06103,0.01342,0.20618,0.99210,0,0,41863
208.010000,336.496381,-0.18309,1.15957,0.36618,0.01391,0.20496,0.99162,0,0,41864
208.015000,336.496381,0.06103,1.03751,0.48824,0.01415,0.20301,0.99113,0,0,41865
208.020000,336.496381,0.00000,0.91545,0.54927,0.01318,0.19910,0.98991,0,0,41866
208.025000,336.511414,-0.54927,0.97648,0.36618,0.01537,0.19618,0.98552,0,0,41867
208.030000,336.511414,-1.34266,1.28163,0.12206,0.01757,0.19252,0.98186,0,0,41868
208.035000,336.511414,-1.89193,1.52575,0.18309,0.01903,0.18837,0.97844,0,0,41869
208.040000,336.526352,-1.46472,1.46472,0.54927,0.01586,0.18544,0.97649,0,0,41870
208.045000,336.526352,-0.54927,1.28163,0.79339,0.01318,0.18349,0.97551,0,0,41871
208.050000,336.526352,0.42721,1.22060,0.67133,0.01537,0.18056,0.97576,0,0,41872
208.055000,336.541314,1.03751,1.34266,0.30515,0.01635,0.17958,0.97698,0,0,41873
208.060000,336.541314,1.15957,1.40369,0.24412,0.01610,0.17934,0.98088,0,0,41874
208.065000,336.541314,0.24412,1.76987,0.67133,0.01318,0.18007,0.98844,0,0,41875
208.070000,336.556340,-0.36618,1.89193,0.67133,0.01171,0.17958,0.99479,0,0,41876
208.075000,336.556340,-0.73236,1.58678,0.00000,0.01196,0.17788,0.99674,0,0,41877
208.080000,336.556340,-0.79339,1.34266,-0.36618,0.01049,0.17861,0.99723,0,0,41878
208.085000,336.571379,-0.06103,0.85442,-0.42721,0.00854,0.18032,0.99698,0,0,41879
208.090000,336.571379,0.73236,0.42721,-0.54927,0.00756,0.18251,0.99479,0,0,41880
208.095000,336.571379,1.15957,0.30515,-0.67133,0.00903,0.18690,0.99284,0,0,41881
208.100000,336.586341,0.97648,0.36618,-0.73236,0.01098,0.18910,0.99235,0,0,41882
208.105000,336.586341,0.61030,0.61030,-0.73236,0.01269,0.19081,0.99284,0,0,41883
208.110000,336.586341,0.00000,0.85442,-0.67133,0.01318,0.19178,0.99552,0,0,41884
208.115000,336.602572,-0.48824,1.09854,-0.67133,0.01147,0.19325,0.99991,0,0,41885
208.120000,336.602572,-0.67133,1.22060,-0.67133,0.01122,0.19520,1.00235,0,0,41886
208.125000,336.602572,-0.42721,1.09854,-0.61030,0.01269,0.19569,1.00284,0,0,41887
208.130000,336.616340,0.18309,0.79339,-0.42721,0.01391,0.19618,1.00455,0,0,41888
208.135000,336.616340,1.28163,0.30515,-0.24412,0.01391,0.19740,1.00333,0,0,41889
208.140000,336.616340,2.01399,-0.18309,-0.36618,0.01391,0.19862,0.99918,0,0,41890
208.145000,336.631342,2.31914,-0.30515,-0.30515,0.01415,0.19886,0.99601,0,0,41891
208.150000,336.631342,2.13605,-0.24412,0.00000,0.01586,0.19837,0.99137,0,0,41892
208.155000,336.631342,1.64781,0.06103,0.48824,0.01586,0.19593,0.98869,0,0,41893
208.160000,336.646334,0.97648,0.79339,1.09854,0.01464,0.19300,0.98869,0,0,41894
208.165000,336.646334,0.48824,1.09854,1.22060,0.01098,0.19105,0.98869,0,0,41895
208.170000,336.646334,0.00000,1.76987,0.79339,0.00854,0.18690,0.99381,0,0,41896
208.175000,336.661336,-0.42721,1.89193,0.30515,0.00830,0.18471,0.99991,0,0,41897
208.180000,336.661336,-0.30515,1.89193,-0.06103,0.01098,0.18251,1.00406,0,0,41898
208.185000,336.661336,0.18309,1.64781,-0.30515,0.01147,0.18178,1.00772,0,0,41899
208.190000,336.676333,0.85442,1.52575,-0.48824,0.01147,0.18349,1.01284,0,0,41900
208.195000,336.676333,1.40369,1.03751,-0.42721,0.01122,0.18593,1.01821,0,0,41901
208.200000,336.676333,1.70884,0.61030,-0.24412,0.01171,0.18764,1.01870,0,0,41902
208.205000,336.691332,1.70884,0.30515,-0.12206,0.01049,0.19081,1.01821,0,0,41903
208.210000,336.691332,1.28163,0.36618,-0.06103,0.00805,0.19252,1.02187,0,0,41904
208.215000,336.691332,0.67133,0.36618,0.00000,0.00781,0.19325,1.02260,0,0,41905
208.220000,336.706336,-0.06103,0.24412,-0.06103,0.00878,0.19349,1.02382,0,0,41906
208.225000,336.706336,-0.79339,0.30515,-0.18309,0.00903,0.19300,1.02626,0,0,41907
208.230000,336.706336,-1.40369,0.24412,-0.18309,0.00781,0.19203,1.02846,0,0,41908
208.235000,336.721338,-1.76987,-0.12206,-0.24412,0.00830,0.19227,1.02700,0,0,41909
208.240000,336.721338,-1.52575,-0.54927,-0.12206,0.00927,0.19203,1.02334,0,0,41910
208.245000,336.721338,-1.22060,-0.79339,0.00000,0.01049,0.18983,1.01602,0,0,41911
208.250000,336.736552,-0.91545,-1.09854,0.06103,0.01000,0.19105,1.00894,0,0,41912
208.255000,336.736552,-0.91545,-1.28163,0.30515,0.00903,0.19227,1.00577,0,0,41913
208.260000,336.736552,-0.91545,-1.03751,0.54927,0.00830,0.19056,1.00211,0,0,41914
208.265000,336.751564,-1.15957,-0.67133,0.30515,0.00805,0.18812,0.99820,0,0,41915
208.270000,336.751564,-1.52575,-0.42721,0.00000,0.00708,0.18593,0.99796,0,0,41916
208.275000,336.751564,-1.34266,-0.42721,-0.12206,0.00781,0.18422,0.99698,0,0,41917
208.280000,336.766447,-1.03751,-0.67133,-0.61030,0.00732,0.18276,0.99479,0,0,41918
208.285000,336.766447,-0.91545,-0.67133,-0.91545,0.00927,0.18105,0.99064,0,0,41919
208.290000,336.766447,-0.97648,-0.73236,-1.15957,0.01049,0.17934,0.98844,0,0,41920
208.295000,336.781638,-0.67133,-0.73236,-1.22060,0.01000,0.17836,0.98674,0,0,41921
208.300000,336.781638,-0.06103,-0.97648,-1.03751,0.01196,0.17666,0.98308,0,0,41922
208.305000,336.781638,0.61030,-0.97648,-0.79339,0.01488,0.17788,0.98210,0,0,41923
208.310000,336.796548,0.85442,-1.03751,-0.91545,0.01610,0.17934,0.98186,0,0,41924
208.315000,336.796548,0.67133,-1.09854,-1.34266,0.01342,0.18105,0.98088,0,0,41925
208.320000,336.796548,0.36618,-1.09854,-1.70884,0.01366,0.18349,0.98039,0,0,41926
208.325000,336.811745,0.36618,-0.97648,-1.95296,0.01562,0.18715,0.97893,0,0,41927
208.330000,336.811745,0.30515,-0.61030,-1.95296,0.01806,0.19178,0.97990,0,0,41928
208.335000,336.811745,0.48824,-0.61030,-1.58678,0.01757,0.19715,0.98356,0,0,41929
208.340000,336.826561,1.09854,-0.61030,-1.15957,0.01610,0.20106,0.98722,0,0,41930
208.345000,336.826561,1.70884,-0.79339,-0.73236,0.01659,0.20350,0.99162,0,0,41931
208.350000,336.826561,2.19708,-1.09854,-0.06103,0.01684,0.20447,0.99650,0,0,41932
208.355000,336.841657,2.56326,-1.40369,0.24412,0.01708,0.20350,0.99503,0,0,41933
208.360000,336.841657,2.80738,-1.58678,0.61030,0.01757,0.20252,0.99113,0,0,41934
208.365000,336.841657,2.44120,-1.58678,0.54927,0.01562,0.20130,0.98893,0,0,41935
208.370000,336.856835,1.58678,-1.40369,0.30515,0.01684,0.19984,0.98527,0,0,41936
208.375000,336.856835,0.42721,-1.09854,-0.06103,0.01879,0.19666,0.98088,0,0,41937
208.380000,336.856835,-0.85442,-0.54927,-0.42721,0.01806,0.19422,0.97990,0,0,41938
208.385000,336.871682,-1.95296,0.12206,-0.67133,0.01635,0.19349,0.98259,0,0,41939
208.390000,336.871682,-2.31914,0.42721,-0.79339,0.01366,0.19398,0.98649,0,0,41940
208.395000,336.871682,-2.38017,0.30515,-0.85442,0.01391,0.19422,0.98893,0,0,41941
208.400000,336.886810,-2.19708,0.00000,-0.85442,0.01513,0.19520,0.98942,0,0,41942
208.405000,336.886810,-1.70884,-0.36618,-0.97648,0.01635,0.19642,0.98893,0,0,41943
208.410000,336.886810,-1.22060,-0.61030,-0.91545,0.01586,0.19984,0.98771,0,0,41944
208.415000,336.901821,-0.85442,-0.61030,-0.42721,0.01415,0.20032,0.98478,0,0,41945
208.420000,336.901821,-0.61030,-0.67133,0.06103,0.01391,0.19837,0.98015,0,0,41946
208.425000,336.901821,-0.48824,-0.61030,0.42721,0.01464,0.19398,0.97722,0,0,41947
208.430000,336.916610,-0.30515,-0.42721,0.54927,0.01659,0.19032,0.97454,0,0,41948
208.435000,336.916610,-0.12206,-0.06103,0.36618,0.01635,0.18520,0.97527,0,0,41949
208.440000,336.916610,0.00000,0.42721,0.00000,0.01464,0.18300,0.97820,0,0,41950
208.445000,336.931766,0.00000,0.61030,-0.18309,0.01293,0.18300,0.98454,0,0,41951
208.450000,336.931766,-0.12206,0.36618,-0.30515,0.01293,0.18300,0.99235,0,0,41952
208.455000,336.931766,0.18309,0.00000,-0.42721,0.01220,0.18227,0.99528,0,0,41953
208.460000,336.946524,0.67133,-0.79339,-0.61030,0.01074,0.18129,0.99406,0,0,41954
208.465000,336.946524,0.85442,-0.97648,-0.91545,0.01074,0.18032,0.98942,0,0,41955
208.470000,336.946524,0.79339,-0.97648,-1.03751,0.01000,0.18056,0.98576,0,0,41956
208.475000,336.961566,0.91545,-0.79339,-1.09854,0.01000,0.18080,0.98112,0,0,41957
208.480000,336.961566,1.03751,-0.91545,-1.09854,0.00952,0.18080,0.97624,0,0,41958
208.485000,336.961566,0.91545,-0.79339,-1.03751,0.01147,0.18080,0.97332,0,0,41959
208.490000,336.976576,0.54927,-0.79339,-1.34266,0.01464,0.18202,0.97014,0,0,41960
208.495000,336.976576,0.06103,-0.61030,-1.64781,0.01879,0.18715,0.96819,0,0,41961
208.500000,336.976576,-0.06103,-0.12206,-1.70884,0.02001,0.19203,0.97039,0,0,41962
208.505000,336.991458,-0.06103,0.42721,-1.70884,0.02196,0.19691,0.97478,0,0,41963
208.510000,336.991458,0.00000,0.67133,-1.64781,0.02562,0.20252,0.98112,0,0,41964
208.515000,336.991458,-0.18309,0.67133,-1.52575,0.02708,0.20862,0.98674,0,0,41965
208.520000,337.006539,-0.54927,0.67133,-1.22060,0.02513,0.21521,0.98844,0,0,41966
208.525000,337.006539,-0.97648,0.54927,-0.79339,0.02391,0.21862,0.98771,0,0,41967
208.530000,337.006539,-1.52575,0.54927,-0.18309,0.02513,0.21765,0.98552,0,0,41968
208.535000,337.021555,-1.83090,0.73236,0.30515,0.02562,0.21423,0.98259,0,0,41969
208.540000,337.021555,-2.01399,0.85442,0.61030,0.02245,0.21106,0.98039,0,0,41970
208.545000,337.021555,-1.83090,0.85442,0.54927,0.02123,0.20764,0.97673,0,0,41971
208.550000,337.036811,-1.40369,0.91545,0.42721,0.02001,0.20642,0.97478,0,0,41972
208.555000,337.036811,-0.97648,1.03751,0.48824,0.01781,0.20667,0.97844,0,0,41973
208.560000,337.036811,-0.18309,1.03751,0.61030,0.01781,0.20642,0.98356,0,0,41974
208.565000,337.051591,-0.30515,0.85442,0.42721,0.01903,0.20472,0.98796,0,0,41975
208.570000,337.051591,-0.79339,0.85442,0.30515,0.01806,0.20545,0.99113,0,0,41976
208.575000,337.051591,-1.22060,0.79339,0.30515,0.01806,0.20618,0.99284,0,0,41977
208.580000,337.066776,-1.46472,0.61030,0.48824,0.01976,0.20423,0.99235,0,0,41978
208.585000,337.066776,-1.46472,0.67133,0.61030,0.02025,0.20228,0.99284,0,0,41979
208.590000,337.066776,-1.09854,0.54927,0.61030,0.02074,0.20106,0.99357,0,0,41980
208.595000,337.081793,-0.36618,0.42721,0.61030,0.02172,0.20008,0.99210,0,0,41981
208.600000,337.081793,0.24412,0.24412,0.61030,0.02123,0.19935,0.99162,0,0,41982
208.605000,337.081793,0.91545,0.06103,0.79339,0.02245,0.20032,0.99186,0,0,41983
208.610000,337.096848,1.09854,-0.12206,1.03751,0.02245,0.20032,0.99210,0,0,41984
208.615000,337.096848,0.73236,-0.18309,1.34266,0.02147,0.19984,0.99162,0,0,41985
208.620000,337.096848,0.18309,0.00000,1.83090,0.01464,0.19959,0.99381,0,0,41986
208.625000,337.111764,-0.24412,0.24412,2.07502,0.01025,0.19740,0.99357,0,0,41987
208.630000,337.111764,-0.67133,0.18309,1.89193,0.00830,0.19447,0.99332,0,0,41988
208.635000,337.111764,-0.85442,0.24412,1.52575,0.00781,0.19398,0.99088,0,0,41989
208.640000,337.126658,-0.79339,0.30515,1.52575,0.00586,0.19520,0.98747,0,0,41990
208.645000,337.126658,-0.54927,0.54927,1.89193,0.00561,0.19203,0.98552,0,0,41991
208.650000,337.126658,0.06103,0.85442,2.25811,0.00756,0.18666,0.98186,0,0,41992
208.655000,337.141687,0.18309,0.85442,2.01399,0.00878,0.18227,0.97893,0,0,41993
208.660000,337.141687,0.24412,0.97648,1.40369,0.01000,0.18007,0.97527,0,0,41994
208.665000,337.141687,0.12206,1.40369,1.15957,0.00976,0.18080,0.97380,0,0,41995
208.670000,337.156601,-0.12206,1.89193,1.03751,0.01098,0.18154,0.97722,0,0,41996
208.675000,337.156601,-0.73236,2.44120,0.91545,0.01074,0.18227,0.98210,0,0,41997
208.680000,337.156601,-1.46472,2.62429,0.73236,0.01000,0.18520,0.98893,0,0,41998
208.685000,337.171840,-1.76987,2.44120,1.03751,0.00878,0.18690,0.99698,0,0,41999
208.690000,337.171840,-1.64781,2.31914,1.09854,0.00756,0.18739,1.00479,0,0,42000
208.695000,337.171840,-1.28163,1.95296,0.85442,0.00488,0.18788,1.01211,0,0,42001
208.700000,337.186716,-0.73236,1.34266,0.48824,0.00366,0.18983,1.01455,0,0,42002
208.705000,337.186716,0.18309,0.48824,0.42721,0.00488,0.19130,1.01480,0,0,42003
208.710000,337.186716,0.91545,-0.18309,0.48824,0.00830,0.19300,1.00943,0,0,42004
208.715000,337.201700,1.34266,-0.48824,0.73236,0.01074,0.19105,1.00333,0,0,42005
208.720000,337.201700,1.28163,-0.48824,0.97648,0.01318,0.18861,0.99650,0,0,42006
208.725000,337.201700,0.97648,-0.36618,1.09854,0.01562,0.18764,0.99088,0,0,42007
208.730000,337.216743,0.67133,-0.12206,1.28163,0.01659,0.18568,0.98869,0,0,42008
208.735000,337.216743,0.24412,0.30515,1.40369,0.01684,0.18324,0.98869,0,0,42009
208.740000,337.216743,-0.18309,0.85442,1.28163,0.01610,0.18227,0.99137,0,0,42010
208.745000,337.231574,-0.48824,1.03751,1.22060,0.01610,0.18007,0.99601,0,0,42011
208.750000,337.231574,-0.79339,1.09854,1.40369,0.01732,0.18032,1.00162,0,0,42012
208.755000,337.231574,-0.79339,0.73236,1.22060,0.01366,0.18300,1.00504,0,0,42013
208.760000,337.246478,-0.42721,0.30515,0.79339,0.00976,0.18495,1.00552,0,0,42014
208.765000,337.246478,-0.48824,0.24412,0.42721,0.00878,0.18861,1.00357,0,0,42015
208.770000,337.246478,-0.85442,0.42721,0.24412,0.01269,0.19154,1.00382,0,0,42016
208.775000,337.261741,-1.34266,0.54927,0.18309,0.01366,0.19252,1.00308,0,0,42017
208.780000,337.261741,-1.58678,0.36618,0.42721,0.01122,0.19252,1.00016,0,0,42018
208.785000,337.261741,-1.52575,0.18309,0.54927,0.01244,0.19032,0.99479,0,0,42019
208.790000,337.276831,-1.03751,0.00000,0.67133,0.01318,0.18934,0.98918,0,0,42020
208.795000,337.276831,-0.36618,0.18309,0.73236,0.01098,0.18983,0.98918,0,0,42021
208.800000,337.276831,0.36618,0.48824,0.97648,0.00854,0.18861,0.99332,0,0,42022
208.805000,337.291583,1.09854,0.67133,1.40369,0.00878,0.18739,1.00064,0,0,42023
208.810000,337.291583,1.64781,0.36618,1.70884,0.00781,0.18349,1.00723,0,0,42024
208.815000,337.291583,1.70884,-0.06103,1.46472,0.00732,0.18032,1.01162,0,0,42025
208.820000,337.306609,1.28163,-0.42721,1.09854,0.00464,0.17812,1.01480,0,0,42026
208.825000,337.306609,0.61030,-0.54927,0.67133,0.00464,0.17666,1.01455,0,0,42027
208.830000,337.306609,-0.18309,-0.67133,0.18309,0.00732,0.17690,1.01480,0,0,42028
208.835000,337.321732,-0.67133,-0.91545,-0.36618,0.00756,0.17666,1.01187,0,0,42029
208.840000,337.321732,-0.67133,-1.22060,-0.73236,0.00927,0.17763,1.00650,0,0,42030
208.845000,337.321732,-0.42721,-1.40369,-0.73236,0.01171,0.17958,0.99942,0,0,42031
208.850000,337.336831,-0.06103,-1.22060,-0.67133,0.01269,0.18324,0.99381,0,0,42032
208.855000,337.336831,0.24412,-1.22060,-0.48824,0.01220,0.18910,0.98576,0,0,42033
208.860000,337.336831,0.48824,-0.85442,-0.18309,0.01220,0.19544,0.97893,0,0,42034
208.865000,337.351741,0.54927,-0.48824,0.12206,0.01513,0.19764,0.97649,0,0,42035
208.870000,337.351741,0.61030,-0.24412,0.18309,0.01757,0.19618,0.97551,0,0,42036
208.875000,337.351741,0.06103,0.12206,0.30515,0.01830,0.19471,0.97868,0,0,42037
208.880000,337.366793,-0.91545,0.48824,0.30515,0.01879,0.19227,0.98478,0,0,42038
208.885000,337.366793,-1.22060,0.54927,0.24412,0.01903,0.18983,0.99064,0,0,42039
208.890000,337.366793,-1.15957,0.61030,0.12206,0.01830,0.19081,0.99650,0,0,42040
208.895000,337.381581,-1.03751,0.48824,-0.06103,0.01757,0.19008,1.00089,0,0,42041
208.900000,337.381581,-0.91545,0.42721,-0.30515,0.01903,0.18812,1.00308,0,0,42042
208.905000,337.381581,-0.91545,0.18309,-0.48824,0.02025,0.18739,1.00479,0,0,42043
208.910000,337.396453,-0.85442,-0.12206,-0.36618,0.01952,0.18837,1.00333,0,0,42044
208.915000,337.396453,-0.85442,-0.36618,-0.18309,0.01708,0.19105,0.99942,0,0,42045
208.920000,337.396453,-0.85442,-0.67133,0.06103,0.01513,0.19178,0.99308,0,0,42046
208.925000,337.411670,-0.67133,-0.79339,0.30515,0.01513,0.19325,0.98527,0,0,42047
208.930000,337.411670,-0.24412,-0.48824,0.42721,0.01342,0.19300,0.98088,0,0,42048
208.935000,337.411670,0.24412,-0.48824,0.48824,0.01342,0.19374,0.97990,0,0,42049
208.940000,337.426520,0.85442,-0.67133,0.67133,0.01415,0.19496,0.97868,0,0,42050
208.945000,337.426520,1.34266,-0.91545,0.79339,0.01464,0.19764,0.97844,0,0,42051
208.950000,337.426520,1.70884,-1.03751,1.03751,0.01537,0.19935,0.97966,0,0,42052
208.955000,337.441545,1.95296,-0.91545,1.15957,0.01562,0.19862,0.98234,0,0,42053
208.960000,337.441545,1.95296,-0.48824,1.22060,0.01562,0.19544,0.98820,0,0,42054
208.965000,337.441545,1.83090,-0.30515,1.09854,0.01513,0.19154,0.99308,0,0,42055
208.970000,337.456446,1.40369,-0.36618,1.03751,0.01464,0.18934,0.99698,0,0,42056
208.975000,337.456446,0.54927,-0.36618,0.85442,0.01391,0.18764,0.99918,0,0,42057
208.980000,337.456446,-0.67133,-0.42721,0.48824,0.01244,0.18446,0.99991,0,0,42058
208.985000,337.471499,-1.58678,-0.30515,0.06103,0.01366,0.18251,0.99820,0,0,42059
208.990000,337.471499,-1.83090,-0.30515,-0.12206,0.01366,0.18178,0.99576,0,0,42060
208.995000,337.471499,-1.83090,-0.48824,-0.12206,0.01318,0.18007,0.99381,0,0,42061
209.000000,337.486330,-1.34266,-0.73236,0.12206,0.01269,0.17958,0.98991,0,0,42062
209.005000,337.486330,-0.42721,-1.03751,0.12206,0.01171,0.18007,0.98430,0,0,42063
209.010000,337.486330,0.24412,-1.09854,0.18309,0.01171,0.17910,0.98259,0,0,42064
209.015000,337.501420,0.73236,-0.91545,0.36618,0.01196,0.17714,0.98332,0,0,42065
209.020000,337.501420,0.85442,-0.73236,0.48824,0.01122,0.17739,0.98674,0,0,42066
209.025000,337.501420,0.48824,-0.61030,0.48824,0.01000,0.17812,0.98600,0,0,42067
209.030000,337.516640,-0.06103,-0.42721,0.30515,0.00732,0.17836,0.98234,0,0,42068
209.035000,337.516640,-0.54927,-0.06103,0.24412,0.00512,0.17666,0.97868,0,0,42069
209.040000,337.516640,-0.97648,0.36618,0.30515,0.00659,0.17397,0.97746,0,0,42070
209.045000,337.531684,-1.34266,0.73236,0.18309,0.00927,0.17153,0.97868,0,0,42071
209.050000,337.531684,-1.58678,0.85442,-0.18309,0.01196,0.16958,0.98112,0,0,42072
209.055000,337.531684,-1.15957,0.79339,-1.03751,0.01269,0.17031,0.98234,0,0,42073
209.060000,337.546442,-0.73236,0.79339,-1.52575,0.01366,0.17153,0.98381,0,0,42074
209.065000,337.546442,-0.36618,0.48824,-1.89193,0.01440,0.17470,0.98478,0,0,42075
209.070000,337.546442,-0.12206,-0.06103,-2.13605,0.01586,0.17885,0.98283,0,0,42076
209.075000,337.561510,0.06103,-0.24412,-2.62429,0.01562,0.18495,0.97942,0,0,42077
209.080000,337.561510,0.12206,-0.36618,-2.92944,0.01513,0.19227,0.97454,0,0,42078
209.085000,337.561510,0.06103,-0.18309,-2.74635,0.01562,0.19788,0.97063,0,0,42079
209.090000,337.576556,-0.18309,0.00000,-2.07502,0.01635,0.20179,0.96892,0,0,42080
209.095000,337.576556,-0.42721,0.18309,-1.40369,0.01976,0.20350,0.96770,0,0,42081
209.100000,337.576556,-0.54927,0.42721,-0.91545,0.02025,0.20520,0.96795,0,0,42082
209.105000,337.591551,-0.48824,0.54927,-0.24412,0.01830,0.20764,0.97063,0,0,42083
209.110000,337.591551,-0.24412,0.79339,0.24412,0.01781,0.21008,0.97454,0,0,42084
209.115000,337.591551,0.00000,1.03751,0.67133,0.01708,0.21008,0.98064,0,0,42085
209.120000,337.606820,0.12206,1.03751,0.91545,0.01562,0.20740,0.98527,0,0,42086
209.125000,337.606820,0.30515,0.97648,1.15957,0.01440,0.20252,0.98820,0,0,42087
209.130000,337.606820,0.48824,1.03751,1.09854,0.01415,0.19569,0.99088,0,0,42088
209.135000,337.621679,0.36618,1.09854,0.79339,0.01391,0.19130,0.99284,0,0,42089
209.140000,337.621679,0.18309,0.97648,0.42721,0.01366,0.18666,0.99259,0,0,42090
209.145000,337.621679,0.12206,0.67133,0.12206,0.01391,0.18178,0.99137,0,0,42091
209.150000,337.636886,0.18309,0.48824,0.06103,0.01342,0.18227,0.99162,0,0,42092
209.155000,337.636886,0.54927,0.36618,-0.12206,0.01147,0.18642,0.99088,0,0,42093
209.160000,337.636886,0.91545,0.36618,-0.24412,0.01025,0.18886,0.98893,0,0,42094
209.165000,337.651652,1.03751,0.42721,-0.36618,0.00683,0.18837,0.98722,0,0,42095
209.170000,337.651652,1.34266,0.42721,-0.06103,0.00561,0.18593,0.98430,0,0,42096
209.175000,337.651652,1.58678,0.18309,0.18309,0.00830,0.18178,0.97893,0,0,42097
209.180000,337.666552,2.07502,-0.24412,0.18309,0.01025,0.17763,0.97405,0,0,42098
209.185000,337.666552,2.13605,-0.12206,0.06103,0.00830,0.17446,0.96844,0,0,42099
209.190000,337.666552,1.95296,0.30515,0.06103,0.00830,0.17300,0.96770,0,0,42100
209.195000,337.681570,1.64781,0.79339,0.12206,0.01000,0.17153,0.97161,0,0,42101
209.200000,337.681570,1.28163,0.85442,-0.12206,0.01098,0.17202,0.97551,0,0,42102
209.205000,337.681570,0.67133,0.97648,-0.48824,0.01098,0.17470,0.97844,0,0,42103
209.210000,337.696613,0.06103,1.15957,-0.73236,0.01000,0.17885,0.98112,0,0,42104
209.215000,337.696613,-0.36618,1.34266,-0.91545,0.00903,0.18227,0.98527,0,0,42105
209.220000,337.696613,-0.61030,1.58678,-1.09854,0.00927,0.18617,0.98747,0,0,42106
209.225000,337.711849,-0.67133,1.76987,-1.28163,0.01000,0.19105,0.98966,0,0,42107
209.230000,337.711849,-0.54927,1.89193,-1.40369,0.00903,0.19666,0.99186,0,0,42108
209.235000,337.711849,-0.54927,1.83090,-1.15957,0.00976,0.19984,0.99528,0,0,42109
209.240000,337.726742,-0.48824,1.58678,-0.79339,0.01269,0.20130,0.99625,0,0,42110
209.245000,337.726742,-0.12206,1.22060,-0.30515,0.01171,0.20374,0.99552,0,0,42111
209.250000,337.726742,0.48824,0.91545,0.24412,0.01074,0.20520,0.99576,0,0,42112
209.255000,337.741782,1.28163,0.79339,0.73236,0.01025,0.20594,0.99528,0,0,42113
209.260000,337.741782,1.58678,0.54927,1.15957,0.01122,0.20447,0.99503,0,0,42114
209.265000,337.741782,1.64781,0.48824,1.28163,0.01318,0.20203,0.99625,0,0,42115
209.270000,337.756893,1.40369,0.54927,1.22060,0.01391,0.20032,0.99650,0,0,42116
209.275000,337.756893,0.54927,0.73236,1.03751,0.01684,0.19715,0.99723,0,0,42117
209.280000,337.756893,-0.73236,1.09854,0.79339,0.01952,0.19178,0.99674,0,0,42118
209.285000,337.771636,-1.76987,1.40369,0.42721,0.01854,0.18959,0.99772,0,0,42119
209.290000,337.771636,-2.13605,1.40369,0.12206,0.01513,0.19130,1.00186,0,0,42120
209.295000,337.771636,-1.83090,1.34266,0.00000,0.01342,0.19349,1.00455,0,0,42121
209.300000,337.786635,-1.22060,1.03751,-0.30515,0.01366,0.19715,1.00479,0,0,42122
209.305000,337.786635,-0.48824,0.48824,-0.54927,0.01318,0.20252,1.00382,0,0,42123
209.310000,337.786635,0.00000,0.24412,-0.30515,0.01147,0.20911,0.99967,0,0,42124
209.315000,337.801660,0.48824,0.06103,0.06103,0.01049,0.21448,0.99430,0,0,42125
209.320000,337.801660,0.85442,0.24412,0.54927,0.01074,0.21448,0.99162,0,0,42126
209.325000,337.801660,0.91545,0.73236,1.09854,0.00976,0.21374,0.99235,0,0,42127
209.330000,337.816856,0.73236,1.22060,1.46472,0.01025,0.21008,0.99650,0,0,42128
209.335000,337.816856,0.18309,1.76987,1.70884,0.01049,0.20325,1.00260,0,0,42129
209.340000,337.816856,-0.48824,2.07502,1.58678,0.01147,0.19520,1.00894,0,0,42130
209.345000,337.831721,-0.91545,2.19708,1.34266,0.01293,0.18544,1.01504,0,0,42131
209.350000,337.831721,-1.15957,1.89193,1.09854,0.01244,0.18056,1.02065,0,0,42132
209.355000,337.831721,-1.15957,1.03751,0.91545,0.01074,0.18080,1.02236,0,0,42133
209.360000,337.846589,-0.67133,0.30515,0.54927,0.01025,0.18349,1.02041,0,0,42134
209.365000,337.846589,-0.54927,-0.24412,0.12206,0.00952,0.18690,1.01309,0,0,42135
209.370000,337.846589,-0.61030,-0.48824,0.06103,0.00976,0.19130,1.00723,0,0,42136
209.375000,337.861615,-0.61030,-0.61030,0.36618,0.00952,0.19618,0.99991,0,0,42137
209.380000,337.861615,-1.03751,-0.61030,0.79339,0.00927,0.20130,0.99186,0,0,42138
209.385000,337.861615,-1.28163,-0.30515,1.28163,0.00781,0.20350,0.98893,0,0,42139
209.390000,337.876641,-1.09854,0.18309,1.64781,0.00732,0.20301,0.98771,0,0,42140
209.395000,337.876641,-0.73236,0.30515,1.89193,0.00903,0.20130,0.98796,0,0,42141
209.400000,337.876641,0.06103,0.30515,2.13605,0.01147,0.19886,0.98918,0,0,42142
209.405000,337.891812,0.73236,0.61030,2.01399,0.01220,0.19496,0.99088,0,0,42143
209.410000,337.891812,1.15957,0.79339,1.89193,0.01318,0.18983,0.99186,0,0,42144
209.415000,337.891812,1.15957,0.79339,1.76987,0.01171,0.18593,0.99357,0,0,42145
209.420000,337.906691,1.28163,0.67133,1.64781,0.01220,0.18349,0.99332,0,0,42146
209.425000,337.906691,1.03751,0.54927,1.40369,0.01440,0.18251,0.99235,0,0,42147
209.430000,337.906691,-0.12206,0.67133,0.91545,0.01464,0.18276,0.99040,0,0,42148
209.435000,337.921638,-1.22060,0.79339,0.54927,0.01147,0.18276,0.98796,0,0,42149
209.440000,337.921638,-1.76987,0.85442,0.30515,0.01000,0.18373,0.98674,0,0,42150
209.445000,337.921638,-1.83090,0.85442,0.18309,0.00854,0.18544,0.98478,0,0,42151
209.450000,337.936559,-1.52575,0.73236,0.24412,0.00683,0.18617,0.98503,0,0,42152
209.455000,337.936559,-0.91545,0.79339,0.61030,0.00439,0.18812,0.98649,0,0,42153
209.460000,337.936559,-0.36618,0.73236,0.85442,0.00439,0.18861,0.98820,0,0,42154
209.465000,337.951754,0.67133,0.36618,0.91545,0.00512,0.18690,0.98991,0,0,42155
209.470000,337.951754,1.64781,-0.24412,1.15957,0.00537,0.18520,0.99381,0,0,42156
209.475000,337.951754,2.31914,-0.67133,1.28163,0.00415,0.18593,0.99332,0,0,42157
209.480000,337.966824,3.11253,-1.15957,1.09854,0.00366,0.18812,0.99113,0,0,42158
209.485000,337.966824,3.35665,-1.46472,0.97648,0.00342,0.19008,0.98771,0,0,42159
209.490000,337.966824,3.23459,-1.40369,0.91545,0.00561,0.18959,0.98454,0,0,42160
209.495000,337.981593,2.68532,-1.40369,1.03751,0.00952,0.18666,0.97917,0,0,42161
209.500000,337.981593,1.64781,-1.03751,1.03751,0.01000,0.18617,0.97576,0,0,42162
209.505000,337.981593,0.18309,-0.24412,0.73236,0.00854,0.18544,0.97380,0,0,42163
209.510000,337.996489,-0.48824,0.24412,0.30515,0.01025,0.18422,0.97405,0,0,42164
209.515000,337.996489,-0.73236,0.61030,0.12206,0.01074,0.18568,0.97698,0,0,42165
209.520000,337.996489,-0.97648,0.85442,0.30515,0.01049,0.18715,0.98137,0,0,42166
209.525000,338.011842,-1.28163,0.91545,0.42721,0.01049,0.18886,0.98478,0,0,42167
209.530000,338.011842,-1.40369,0.85442,0.18309,0.01025,0.19300,0.98674,0,0,42168
209.535000,338.011842,-1.34266,0.79339,0.12206,0.00854,0.19740,0.98918,0,0,42169
209.540000,338.026651,-1.28163,0.79339,0.24412,0.00634,0.20081,0.99088,0,0,42170
209.545000,338.026651,-1.09854,0.91545,0.24412,0.00708,0.20423,0.98771,0,0,42171
209.550000,338.026651,-1.09854,1.03751,0.12206,0.00830,0.20496,0.98454,0,0,42172
209.555000,338.041572,-1.03751,1.34266,0.36618,0.00878,0.20398,0.98527,0,0,42173
209.560000,338.041572,-0.79339,1.58678,0.85442,0.01171,0.19959,0.98820,0,0,42174
209.565000,338.041572,-0.24412,1.46472,1.34266,0.01513,0.19642,0.99088,0,0,42175
209.570000,338.056543,0.30515,1.52575,1.64781,0.01415,0.19178,0.99503,0,0,42176
209.575000,338.056543,0.85442,1.58678,1.58678,0.01244,0.18715,1.00064,0,0,42177
209.580000,338.056543,1.03751,1.34266,1.58678,0.01244,0.18373,1.00528,0,0,42178
209.585000,338.071815,0.97648,1.03751,1.46472,0.01049,0.18154,1.00796,0,0,42179
209.590000,338.071815,1.15957,0.54927,1.34266,0.01000,0.17934,1.00943,0,0,42180
209.595000,338.071815,1.28163,0.06103,1.22060,0.00732,0.17861,1.00943,0,0,42181
209.600000,338.086806,1.40369,-0.48824,1.09854,0.00708,0.17983,1.00772,0,0,42182
209.605000,338.086806,1.83090,-0.91545,0.73236,0.00781,0.18227,1.00162,0,0,42183
209.610000,338.086806,2.01399,-0.91545,0.48824,0.00098,0.18349,0.99772,0,0,42184
209.615000,338.101500,1.89193,-0.67133,0.12206,0.00098,0.18617,0.99503,0,0,42185
209.620000,338.101500,1.40369,-0.61030,-0.30515,0.00903,0.18934,0.99162,0,0,42186
209.625000,338.101500,0.73236,-0.61030,-0.54927,0.01171,0.19422,0.98942,0,0,42187
209.630000,338.116868,-0.48824,-0.18309,-0.54927,0.01098,0.19740,0.98747,0,0,42188
209.635000,338.116868,-1.34266,0.24412,-0.42721,0.01318,0.19740,0.98698,0,0,42189
209.640000,338.116868,-1.83090,0.61030,-0.36618,0.01537,0.19740,0.98796,0,0,42190
209.645000,338.131758,-2.07502,0.85442,-0.42721,0.01464,0.19764,0.98771,0,0,42191
209.650000,338.131758,-1.89193,0.73236,-0.18309,0.01293,0.19715,0.98600,0,0,42192
209.655000,338.131758,-0.85442,0.42721,0.54927,0.01366,0.19740,0.98527,0,0,42193
209.660000,338.146580,0.54927,0.42721,0.91545,0.01415,0.19837,0.98698,0,0,42194
209.665000,338.146580,1.76987,0.30515,1.15957,0.01415,0.20008,0.99162,0,0,42195
209.670000,338.146580,2.19708,0.36618,1.34266,0.01220,0.20228,0.99772,0,0,42196
209.675000,338.161559,1.28163,0.79339,1.46472,0.00830,0.20374,1.00357,0,0,42197
209.680000,338.161559,0.18309,0.97648,1.34266,0.00464,0.20154,1.01114,0,0,42198
209.685000,338.161559,-1.22060,1.15957,1.03751,0.00610,0.19910,1.01382,0,0,42199
209.690000,338.176804,-2.62429,1.09854,0.85442,0.00830,0.19813,1.01431,0,0,42200
209.695000,338.176804,-3.53974,1.09854,0.91545,0.00561,0.19618,1.01553,0,0,42201
209.700000,338.176804,-3.78386,0.54927,0.91545,0.00586,0.19130,1.01431,0,0,42202
209.705000,338.191677,-3.35665,0.12206,0.79339,0.00927,0.18739,1.00845,0,0,42203
209.710000,338.191677,-2.56326,-0.24412,0.54927,0.01122,0.18495,1.00235,0,0,42204
209.715000,338.191677,-1.83090,-0.48824,0.42721,0.01122,0.18568,0.99845,0,0,42205
209.720000,338.206641,-0.91545,-0.67133,0.54927,0.00976,0.18715,0.99528,0,0,42206
209.725000,338.206641,0.18309,-0.91545,0.79339,0.00830,0.18837,0.99308,0,0,42207
209.730000,338.206641,1.28163,-1.09854,1.09854,0.00756,0.18837,0.99259,0,0,42208
209.735000,338.221619,1.76987,-1.03751,1.03751,0.00537,0.18617,0.99259,0,0,42209
209.740000,338.221619,1.95296,-0.97648,0.97648,0.00464,0.18129,0.99332,0,0,42210
209.745000,338.221619,1.89193,-0.85442,1.03751,0.00512,0.17885,0.99625,0,0,42211
209.750000,338.236586,1.83090,-0.79339,1.15957,0.00390,0.18080,0.99942,0,0,42212
209.755000,338.236586,1.52575,-0.79339,1.15957,0.00171,0.18251,0.99869,0,0,42213
209.760000,338.236586,0.79339,-0.61030,0.91545,0.00146,0.17934,0.99454,0,0,42214
209.765000,338.251510,-0.18309,-0.36618,0.61030,0.00537,0.17763,0.98722,0,0,42215
209.770000,338.251510,-1.09854,-0.30515,0.54927,0.00732,0.17861,0.98112,0,0,42216
209.775000,338.251510,-1.58678,-0.30515,0.61030,0.00708,0.17861,0.97868,0,0,42217
209.780000,338.266768,-1.76987,0.00000,0.79339,0.00415,0.17885,0.97868,0,0,42218
209.785000,338.266768,-1.28163,0.12206,0.91545,0.00049,0.17788,0.97698,0,0,42219
209.790000,338.266768,-0.61030,0.18309,1.03751,0.00073,0.17495,0.97722,0,0,42220
209.795000,338.281599,-0.12206,0.30515,1.22060,0.00342,0.17202,0.98161,0,0,42221
209.800000,338.281599,0.06103,0.42721,1.09854,0.00415,0.16958,0.98527,0,0,42222
209.805000,338.281599,-0.30515,0.48824,0.91545,0.00464,0.16958,0.98796,0,0,42223
209.810000,338.296579,-1.09854,0.73236,0.79339,0.00366,0.17348,0.98942,0,0,42224
209.815000,338.296579,-2.07502,1.09854,0.85442,0.00098,0.17836,0.99210,0,0,42225
209.820000,338.296579,-2.99047,1.52575,0.91545,0.00195,0.18032,0.99723,0,0,42226
209.825000,338.311503,-3.72283,1.70884,0.67133,0.00244,0.18154,1.00064,0,0,42227
209.830000,338.311503,-4.69931,1.83090,0.24412,0.00049,0.18129,1.00113,0,0,42228
209.835000,338.311503,-5.00446,1.58678,0.06103,0.00000,0.18227,1.00016,0,0,42229
209.840000,338.326586,-4.69931,1.22060,-0.30515,0.00098,0.18349,0.99796,0,0,42230
209.845000,338.326586,-3.96695,1.03751,-0.30515,0.00122,0.18373,0.99479,0,0,42231
209.850000,338.326586,-3.11253,0.85442,0.00000,0.00146,0.18422,0.99040,0,0,42232
209.855000,338.341636,-2.07502,0.48824,0.36618,0.00244,0.18178,0.98430,0,0,42233
209.860000,338.341636,-0.79339,0.18309,0.85442,0.00390,0.17666,0.98356,0,0,42234
209.865000,338.341636,0.06103,0.06103,1.15957,0.00512,0.17300,0.98186,0,0,42235
209.870000,338.356827,0.54927,0.00000,1.34266,0.00293,0.17178,0.97722,0,0,42236
209.875000,338.356827,0.79339,0.73236,1.52575,0.00659,0.16885,0.97502,0,0,42237
209.880000,338.356827,1.09854,1.22060,0.97648,0.01488,0.16177,0.98015,0,0,42238
209.885000,338.371671,1.15957,0.36618,-0.48824,0.01366,0.16080,0.98966,0,0,42239
209.890000,338.371671,1.46472,-0.67133,-1.15957,0.00708,0.16446,0.99552,0,0,42240
209.895000,338.371671,1.64781,-0.85442,-0.85442,0.00781,0.16665,0.99625,0,0,42241
209.900000,338.386497,1.28163,-0.54927,-1.15957,0.01196,0.16812,0.99991,0,0,42242
209.905000,338.386497,0.54927,-0.61030,-2.44120,0.01049,0.17446,1.00455,0,0,42243
209.910000,338.386497,-0.06103,-1.03751,-3.11253,0.00976,0.18398,1.00357,0,0,42244
209.915000,338.401831,-0.91545,-1.28163,-3.23459,0.01074,0.19227,1.00162,0,0,42245
209.920000,338.401831,-1.70884,-1.22060,-3.05150,0.01074,0.20032,0.99869,0,0,42246
209.925000,338.401831,-2.01399,-1.03751,-2.92944,0.00830,0.20789,0.99406,0,0,42247
209.930000,338.416548,-1.70884,-1.15957,-2.86841,0.00610,0.21155,0.98844,0,0,42248
209.935000,338.416548,-0.85442,-1.28163,-2.44120,0.00756,0.21326,0.98308,0,0,42249
209.940000,338.416548,0.18309,-1.15957,-1.52575,0.01220,0.21155,0.97722,0,0,42250
209.945000,338.431775,0.97648,-1.03751,-0.48824,0.01708,0.20691,0.97502,0,0,42251
209.950000,338.431775,1.83090,-0.85442,0.73236,0.01830,0.20081,0.97405,0,0,42252
209.955000,338.431775,2.25811,-0.61030,1.28163,0.01732,0.19691,0.97454,0,0,42253
209.960000,338.446839,2.19708,-0.24412,1.52575,0.01562,0.19178,0.97551,0,0,42254
209.965000,338.446839,1.76987,0.00000,1.34266,0.01318,0.18593,0.97868,0,0,42255
209.970000,338.446839,0.79339,0.24412,0.85442,0.01147,0.18227,0.98308,0,0,42256
209.975000,338.461819,-0.42721,0.54927,0.06103,0.01196,0.18129,0.98771,0,0,42257
209.980000,338.461819,-1.22060,0.48824,-0.48824,0.01049,0.18544,0.99113,0,0,42258
209.985000,338.461819,-1.40369,0.36618,-0.97648,0.00756,0.18959,0.99308,0,0,42259
209.990000,338.476604,-1.28163,0.30515,-1.09854,0.00586,0.19276,0.99284,0,0,42260
209.995000,338.476604,-1.03751,0.30515,-0.85442,0.00732,0.19544,0.99088,0,0,42261
210.000000,338.476604,-0.61030,0.18309,-0.24412,0.00732,0.19910,0.98625,0,0,42262
210.005000,338.491604,-0.24412,0.36618,0.30515,0.00732,0.19910,0.98234,0,0,42263
210.010000,338.491604,0.36618,0.42721,0.73236,0.00756,0.19593,0.97893,0,0,42264
210.015000,338.491604,1.22060,0.42721,1.15957,0.00708,0.19130,0.97795,0,0,42265
210.020000,338.506845,2.19708,0.24412,1.34266,0.00732,0.18642,0.97820,0,0,42266
210.025000,338.506845,3.23459,-0.06103,1.28163,0.00781,0.18276,0.97576,0,0,42267
210.030000,338.506845,3.23459,0.00000,1.22060,0.00830,0.18129,0.97576,0,0,42268
210.035000,338.521733,2.38017,0.42721,1.28163,0.00903,0.18129,0.97990,0,0,42269
210.040000,338.521733,0.97648,0.85442,1.34266,0.01049,0.18032,0.98527,0,0,42270
210.045000,338.521733,-0.42721,1.09854,1.40369,0.01025,0.17958,0.98942,0,0,42271
210.050000,338.536630,-1.34266,1.09854,1.28163,0.00781,0.17836,0.99259,0,0,42272
210.055000,338.536630,-1.89193,1.22060,1.34266,0.00708,0.17544,0.99747,0,0,42273
210.060000,338.536630,-1.40369,1.03751,1.40369,0.00830,0.17397,1.00186,0,0,42274
210.065000,338.551848,-0.48824,0.61030,0.91545,0.00903,0.17470,1.00333,0,0,42275
210.070000,338.551848,0.67133,0.12206,0.42721,0.00610,0.17544,1.00333,0,0,42276
210.075000,338.551848,1.95296,-0.54927,0.06103,0.00366,0.17812,1.00382,0,0,42277
210.080000,338.566803,2.80738,-1.09854,-0.30515,0.00415,0.17788,1.00235,0,0,42278
210.085000,338.566803,2.99047,-1.58678,-0.73236,0.00439,0.17885,0.99723,0,0,42279
210.090000,338.566803,2.50223,-1.70884,-1.09854,0.00488,0.18105,0.98844,0,0,42280
210.095000,338.582030,1.46472,-1.40369,-1.40369,0.00854,0.18422,0.98308,0,0,42281
210.100000,338.582030,-0.36618,-0.24412,-1.46472,0.00952,0.18739,0.98088,0,0,42282
210.105000,338.582030,-1.34266,0.54927,-1.52575,0.00976,0.18837,0.98283,0,0,42283
210.110000,338.597765,-1.76987,0.79339,-1.46472,0.01049,0.18617,0.98796,0,0,42284
210.115000,338.597765,-1.58678,0.73236,-1.34266,0.01122,0.18398,0.99503,0,0,42285
210.120000,338.597765,-0.91545,0.36618,-1.28163,0.01049,0.18349,1.00089,0,0,42286
210.125000,338.611788,-0.18309,0.00000,-1.22060,0.01025,0.18373,1.00455,0,0,42287
210.130000,338.611788,0.73236,-0.48824,-1.03751,0.01049,0.18617,1.00528,0,0,42288
210.135000,338.611788,1.34266,-0.85442,-0.67133,0.00976,0.18861,1.00504,0,0,42289
210.140000,338.626787,1.34266,-1.22060,-0.12206,0.00830,0.19008,1.00211,0,0,42290
210.145000,338.626787,0.79339,-1.28163,0.18309,0.00708,0.19008,0.99528,0,0,42291
210.150000,338.626787,-0.24412,-0.85442,-0.06103,0.00927,0.19081,0.99064,0,0,42292
210.155000,338.641781,-1.15957,-0.36618,-0.12206,0.00927,0.19227,0.98747,0,0,42293
210.160000,338.641781,-1.52575,0.12206,-0.18309,0.00781,0.19178,0.98576,0,0,42294
210.165000,338.641781,-1.40369,0.36618,-0.18309,0.00805,0.19154,0.98478,0,0,42295
210.170000,338.656665,-0.97648,0.24412,0.06103,0.00903,0.19178,0.98478,0,0,42296
210.175000,338.656665,-0.12206,-0.06103,0.00000,0.01049,0.19252,0.98454,0,0,42297
210.180000,338.656665,0.42721,0.12206,-0.12206,0.01074,0.19471,0.98478,0,0,42298
210.185000,338.671863,0.54927,0.30515,-0.18309,0.01147,0.19618,0.98649,0,0,42299
210.190000,338.671863,0.36618,0.36618,-0.18309,0.01366,0.19544,0.98747,0,0,42300
210.195000,338.671863,-0.06103,0.24412,-0.06103,0.01391,0.19227,0.98698,0,0,42301
210.200000,338.686626,-1.09854,0.36618,-0.12206,0.01220,0.18886,0.98381,0,0,42302
210.205000,338.686626,-1.76987,0.61030,-0.18309,0.01122,0.18446,0.98039,0,0,42303
210.210000,338.686626,-2.07502,0.91545,-0.24412,0.01220,0.17983,0.98137,0,0,42304
210.215000,338.701623,-2.01399,1.15957,-0.18309,0.01074,0.17836,0.98430,0,0,42305
210.220000,338.701623,-1.34266,0.97648,-0.24412,0.01049,0.17763,0.98600,0,0,42306
210.225000,338.701623,-0.12206,0.61030,-0.36618,0.01147,0.17861,0.98869,0,0,42307
210.230000,338.716756,0.54927,0.54927,-0.30515,0.01025,0.18154,0.99406,0,0,42308
210.235000,338.716756,1.03751,0.24412,-0.36618,0.00805,0.18324,0.99820,0,0,42309
210.240000,338.716756,1.34266,-0.24412,-0.54927,0.00830,0.18568,0.99869,0,0,42310
210.245000,338.731600,1.58678,-0.67133,-0.79339,0.00927,0.18886,0.99674,0,0,42311
210.250000,338.731600,1.64781,-0.73236,-1.15957,0.00878,0.19105,0.99552,0,0,42312
210.255000,338.731600,1.52575,-0.61030,-1.40369,0.00927,0.19398,0.99625,0,0,42313
210.260000,338.746585,1.22060,-0.36618,-1.76987,0.01269,0.19715,0.99698,0,0,42314
210.265000,338.746585,0.79339,-0.36618,-2.07502,0.01220,0.20106,0.99625,0,0,42315
210.270000,338.746585,0.06103,-0.18309,-2.01399,0.01049,0.20618,0.99674,0,0,42316
210.275000,338.761798,-0.61030,-0.36618,-1.58678,0.01098,0.21033,0.99601,0,0,42317
210.280000,338.761798,-1.03751,-0.18309,-1.03751,0.01098,0.21399,0.99503,0,0,42318
210.285000,338.761798,-1.22060,-0.12206,-0.36618,0.01171,0.21374,0.99088,0,0,42319
210.290000,338.776613,-0.91545,-0.18309,0.48824,0.01171,0.20911,0.98649,0,0,42320
210.295000,338.776613,-0.48824,-0.24412,1.34266,0.01122,0.20228,0.98381,0,0,42321
210.300000,338.776613,0.30515,-0.54927,2.19708,0.01025,0.19520,0.97795,0,0,42322
210.305000,338.791676,0.67133,-0.61030,2.62429,0.01000,0.18812,0.97185,0,0,42323
210.310000,338.791676,0.73236,-0.30515,2.68532,0.00903,0.17958,0.96868,0,0,42324
210.315000,338.791676,0.67133,0.24412,2.38017,0.00903,0.17056,0.97039,0,0,42325
210.320000,338.806709,0.54927,0.61030,1.76987,0.00976,0.16543,0.97356,0,0,42326
210.325000,338.806709,0.24412,0.91545,0.91545,0.00830,0.16665,0.97673,0,0,42327
210.330000,338.806709,-0.24412,1.28163,0.30515,0.00488,0.16982,0.98332,0,0,42328
210.335000,338.821783,-0.85442,1.70884,-0.24412,0.00268,0.17397,0.99113,0,0,42329
210.340000,338.821783,-1.40369,1.89193,-0.67133,0.00049,0.17544,0.99869,0,0,42330
210.345000,338.821783,-1.58678,1.58678,-1.09854,0.00024,0.17666,1.00333,0,0,42331
210.350000,338.836624,-1.15957,1.03751,-1.46472,-0.00073,0.17714,1.00552,0,0,42332
210.355000,338.836624,-0.42721,0.48824,-1.58678,-0.00146,0.17885,1.00504,0,0,42333
210.360000,338.836624,0.61030,-0.06103,-1.46472,-0.00146,0.18154,1.00284,0,0,42334
210.365000,338.851803,1.58678,-0.54927,-1.15957,0.00098,0.18349,1.00138,0,0,42335
210.370000,338.851803,2.25811,-1.03751,-0.97648,0.00464,0.18422,0.99845,0,0,42336
210.375000,338.851803,2.38017,-1.28163,-0.97648,0.00561,0.18495,0.99674,0,0,42337
210.380000,338.866789,1.83090,-1.03751,-0.79339,0.00390,0.18666,0.99430,0,0,42338
210.385000,338.866789,0.79339,-0.48824,-0.67133,0.00561,0.18520,0.99454,0,0,42339
210.390000,338.866789,-0.48824,-0.06103,-0.61030,0.00830,0.18422,0.99650,0,0,42340
210.395000,338.881692,-1.64781,0.24412,-0.61030,0.00610,0.18398,1.00040,0,0,42341
210.400000,338.881692,-2.25811,0.18309,-0.73236,0.00439,0.18373,1.00235,0,0,42342
210.405000,338.881692,-2.01399,-0.24412,-0.91545,0.00586,0.18446,1.00064,0,0,42343
210.410000,338.896692,-1.40369,-0.67133,-1.15957,0.00537,0.18715,0.99528,0,0,42344
210.415000,338.896692,-0.61030,-0.97648,-1.28163,0.00732,0.18983,0.98893,0,0,42345
210.420000,338.896692,0.30515,-1.09854,-1.28163,0.01000,0.19154,0.98112,0,0,42346
210.425000,338.911716,1.09854,-1.15957,-1.22060,0.01122,0.19398,0.97332,0,0,42347
210.430000,338.911716,1.64781,-0.97648,-0.97648,0.01244,0.19544,0.96868,0,0,42348
210.435000,338.911716,1.46472,-0.48824,-0.67133,0.01342,0.19666,0.96770,0,0,42349
210.440000,338.926798,0.73236,0.12206,-0.48824,0.01366,0.19471,0.97014,0,0,42350
210.445000,338.926798,-0.36618,0.73236,-0.67133,0.01440,0.19105,0.97307,0,0,42351
210.450000,338.926798,-2.01399,1.34266,-1.15957,0.01464,0.18764,0.97746,0,0,42352
210.455000,338.941821,-2.99047,1.70884,-1.52575,0.01488,0.18715,0.98356,0,0,42353
210.460000,338.941821,-3.41768,1.52575,-2.07502,0.01342,0.18764,0.99064,0,0,42354
210.465000,338.941821,-3.11253,1.40369,-2.38017,0.01220,0.19154,0.99528,0,0,42355
210.470000,338.959053,-2.38017,1.03751,-2.68532,0.01098,0.19764,0.99747,0,0,42356
210.475000,338.959053,-1.76987,0.36618,-2.44120,0.01000,0.20447,0.99698,0,0,42357
210.480000,338.959053,-1.40369,-0.12206,-2.25811,0.00903,0.20740,0.99357,0,0,42358
210.485000,338.971697,-1.15957,-0.36618,-2.01399,0.01000,0.20886,0.98722,0,0,42359
210.490000,338.971697,-1.09854,-0.06103,-1.70884,0.01244,0.20789,0.98259,0,0,42360
210.495000,338.971697,-1.40369,0.42721,-1.09854,0.01830,0.20838,0.98600,0,0,42361
210.500000,338.986712,-2.13605,0.85442,-0.85442,0.02342,0.20960,0.99357,0,0,42362
210.505000,338.986712,-3.53974,1.28163,-0.97648,0.01952,0.21374,1.00235,0,0,42363
210.510000,338.986712,-4.88240,1.52575,-1.22060,0.01928,0.21545,1.01040,0,0,42364
210.515000,339.001705,-5.55373,1.46472,-1.28163,0.02294,0.21472,1.01675,0,0,42365
210.520000,339.001705,-5.49270,1.03751,-1.15957,0.02025,0.21521,1.02236,0,0,42366
210.525000,339.001705,-4.39416,0.18309,-1.22060,0.01830,0.21594,1.02260,0,0,42367
210.530000,339.016664,-3.23459,-0.12206,-1.52575,0.02123,0.21643,1.02065,0,0,42368
210.535000,339.016664,-2.13605,-0.36618,-1.70884,0.02367,0.21911,1.01650,0,0,42369
210.540000,339.016664,-1.09854,-0.91545,-1.40369,0.02269,0.22204,1.00992,0,0,42370
210.545000,339.031646,0.00000,-1.40369,-0.67133,0.01952,0.22497,1.00333,0,0,42371
210.550000,339.031646,0.91545,-1.76987,0.12206,0.02001,0.22497,0.99381,0,0,42372
210.555000,339.031646,2.19708,-1.89193,0.97648,0.02245,0.22350,0.98381,0,0,42373
210.560000,339.046658,2.99047,-1.64781,1.46472,0.02147,0.22082,0.97551,0,0,42374
210.565000,339.046658,3.66180,-1.09854,2.01399,0.02025,0.21740,0.97258,0,0,42375
210.570000,339.046658,3.78386,-0.06103,2.31914,0.02172,0.21399,0.97551,0,0,42376
210.575000,339.061757,3.05150,0.67133,2.25811,0.02220,0.21326,0.98478,0,0,42377
210.580000,339.061757,1.95296,1.15957,2.19708,0.02123,0.21277,0.99552,0,0,42378
210.585000,339.061757,0.85442,1.34266,2.44120,0.02050,0.21252,1.00504,0,0,42379
210.590000,339.076847,0.00000,1.09854,2.74635,0.01806,0.21130,1.01260,0,0,42380
210.595000,339.076847,-0.73236,0.85442,3.11253,0.01391,0.20886,1.01602,0,0,42381
210.600000,339.076847,-1.09854,0.54927,3.53974,0.01147,0.20716,1.01382,0,0,42382
210.605000,339.091645,-1.40369,0.12206,3.96695,0.01000,0.20472,1.00772,0,0,42383
210.610000,339.091645,-1.40369,-0.06103,4.33313,0.00708,0.20032,1.00211,0,0,42384
210.615000,339.091645,-1.15957,-0.18309,4.76034,0.00488,0.19349,0.99406,0,0,42385
210.620000,339.106819,-1.03751,-0.42721,5.06549,0.00342,0.18666,0.98308,0,0,42386
210.625000,339.106819,-1.52575,-0.30515,5.30961,0.00049,0.17812,0.97527,0,0,42387
210.630000,339.106819,-1.89193,0.36618,5.30961,-0.00390,0.16665,0.97185,0,0,42388
210.635000,339.121728,-2.01399,1.09854,5.00446,-0.00488,0.15274,0.97380,0,0,42389
210.640000,339.121728,-2.07502,1.34266,4.15004,-0.00488,0.14152,0.97942,0,0,42390
210.645000,339.121728,-1.76987,1.22060,3.29562,-0.00634,0.13591,0.98332,0,0,42391
210.650000,339.136781,-1.09854,0.85442,2.25811,-0.01000,0.13274,0.98966,0,0,42392
210.655000,339.136781,-0.06103,0.18309,1.22060,-0.01049,0.13444,0.99454,0,0,42393
210.660000,339.136781,0.67133,-0.36618,0.67133,-0.01196,0.14079,0.99479,0,0,42394
210.665000,339.151835,0.79339,-1.09854,0.12206,-0.01147,0.14786,0.99015,0,0,42395
210.670000,339.151835,0.79339,-1.34266,-0.24412,-0.00854,0.15421,0.98283,0,0,42396
210.675000,339.151835,0.36618,-0.91545,-0.36618,-0.00537,0.15787,0.97722,0,0,42397
210.680000,339.166640,-0.18309,-0.36618,-0.24412,0.00024,0.15860,0.97527,0,0,42398
210.685000,339.166640,-0.79339,0.12206,-0.12206,0.00561,0.15909,0.97746,0,0,42399
210.690000,339.166640,-1.28163,0.24412,-0.06103,0.00708,0.16177,0.97893,0,0,42400
210.695000,339.181686,-1.58678,0.18309,-0.30515,0.00854,0.16641,0.98137,0,0,42401
210.700000,339.181686,-1.64781,0.18309,-0.54927,0.00976,0.17275,0.98674,0,0,42402
210.705000,339.181686,-1.52575,-0.06103,-0.73236,0.01196,0.17690,0.99015,0,0,42403
210.710000,339.196791,-1.40369,-0.48824,-0.97648,0.01318,0.18373,0.99113,0,0,42404
210.715000,339.196791,-1.28163,-0.79339,-1.09854,0.01610,0.18959,0.99113,0,0,42405
210.720000,339.196791,-1.09854,-0.97648,-1.15957,0.02025,0.19422,0.98918,0,0,42406
210.725000,339.211742,-1.03751,-0.85442,-1.34266,0.02342,0.19886,0.98796,0,0,42407
210.730000,339.211742,-0.97648,-0.73236,-1.34266,0.02464,0.20325,0.98722,0,0,42408
210.735000,339.211742,-0.97648,-0.85442,-1.09854,0.02538,0.20740,0.98625,0,0,42409
210.740000,339.226821,-0.61030,-1.40369,-0.54927,0.02586,0.21130,0.98039,0,0,42410
210.745000,339.226821,0.12206,-1.83090,-0.12206,0.02538,0.21350,0.97161,0,0,42411
210.750000,339.226821,1.34266,-1.83090,0.61030,0.02342,0.21350,0.96331,0,0,42412
210.755000,339.241569,2.07502,-1.52575,1.15957,0.02123,0.21228,0.95477,0,0,42413
210.760000,339.241569,2.68532,-1.34266,1.52575,0.02098,0.21106,0.94721,0,0,42414
210.765000,339.241569,2.92944,-1.22060,1.83090,0.02123,0.20789,0.94086,0,0,42415
210.770000,339.256640,2.31914,-0.12206,2.31914,0.02025,0.20667,0.93818,0,0,42416
210.775000,339.256640,1.34266,1.03751,2.68532,0.01781,0.20423,0.94257,0,0,42417
210.780000,339.256640,0.12206,2.07502,3.05150,0.01586,0.19837,0.95160,0,0,42418
210.785000,339.271760,-0.61030,2.74635,3.41768,0.01464,0.19008,0.96209,0,0,42419
210.790000,339.271760,-1.03751,2.92944,3.53974,0.01318,0.18129,0.97210,0,0,42420
210.795000,339.271760,-0.73236,2.68532,3.53974,0.00781,0.17739,0.97868,0,0,42421
210.800000,339.286611,0.12206,2.31914,3.60077,0.00220,0.17568,0.97990,0,0,42422
210.805000,339.286611,0.85442,2.07502,3.47871,0.00000,0.17470,0.97600,0,0,42423
210.810000,339.286611,1.28163,2.01399,3.29562,-0.00244,0.17300,0.97185,0,0,42424
210.815000,339.301653,1.22060,2.13605,3.17356,-0.00366,0.16836,0.96844,0,0,42425
210.820000,339.301653,0.97648,2.74635,2.86841,0.00049,0.16299,0.96258,0,0,42426
210.825000,339.301653,0.79339,3.29562,2.74635,0.00708,0.15811,0.96331,0,0,42427
210.830000,339.316629,0.42721,3.96695,2.74635,0.00903,0.15543,0.97161,0,0,42428
210.835000,339.316629,-0.12206,4.57725,2.56326,0.00439,0.15933,0.98576,0,0,42429
210.840000,339.316629,0.12206,4.51622,2.07502,0.00830,0.15958,0.99772,0,0,42430
210.845000,339.331663,0.85442,4.27210,1.70884,0.01244,0.15860,1.00626,0,0,42431
210.850000,339.331663,2.44120,3.41768,2.07502,0.01098,0.16299,1.01650,0,0,42432
210.855000,339.331663,3.96695,2.38017,3.11253,0.00537,0.16860,1.02529,0,0,42433
210.860000,339.346672,5.55373,1.70884,3.41768,0.00366,0.17348,1.02822,0,0,42434
210.865000,339.346672,6.04197,0.91545,3.60077,0.00098,0.17495,1.02895,0,0,42435
210.870000,339.346672,5.61476,0.48824,3.72283,-0.00220,0.17373,1.02382,0,0,42436
210.875000,339.361640,4.88240,0.42721,3.90592,-0.00317,0.16982,1.01821,0,0,42437
210.880000,339.361640,3.90592,0.61030,4.08901,-0.00171,0.16153,1.01431,0,0,42438
210.885000,339.361640,2.99047,0.79339,4.02798,-0.00342,0.15274,1.01187,0,0,42439
210.890000,339.376678,2.31914,0.97648,3.78386,-0.00537,0.14738,1.01138,0,0,42440
210.895000,339.376678,1.83090,0.73236,2.99047,-0.00805,0.13932,1.01065,0,0,42441
210.900000,339.376678,2.13605,0.54927,2.25811,-0.00805,0.13298,1.00943,0,0,42442
210.905000,339.391655,2.80738,0.06103,1.34266,-0.00610,0.13152,1.00626,0,0,42443
210.910000,339.391655,3.05150,-0.06103,0.73236,-0.00537,0.13322,1.00577,0,0,42444
210.915000,339.391655,3.05150,0.24412,0.18309,-0.00512,0.13640,1.00748,0,0,42445
210.920000,339.406608,2.62429,0.54927,-0.48824,-0.00610,0.14054,1.01089,0,0,42446
210.925000,339.406608,1.40369,0.79339,-1.28163,-0.00683,0.14640,1.01724,0,0,42447
210.930000,339.406608,0.54927,0.67133,-1.52575,-0.00903,0.15128,1.02016,0,0,42448
210.935000,339.421679,-0.06103,0.36618,-1.70884,-0.01244,0.15689,1.02212,0,0,42449
210.940000,339.421679,-0.42721,0.00000,-2.01399,-0.01171,0.15958,1.02163,0,0,42450
210.945000,339.421679,-0.61030,-0.30515,-2.38017,-0.00903,0.15909,1.01675,0,0,42451
210.950000,339.436716,-0.54927,-0.30515,-2.50223,-0.00781,0.15738,1.01333,0,0,42452
210.955000,339.436716,-0.36618,-0.54927,-2.44120,-0.00659,0.15762,1.00967,0,0,42453
210.960000,339.436716,-0.18309,-0.97648,-2.74635,-0.00610,0.15811,1.00430,0,0,42454
210.965000,339.451537,0.30515,-1.34266,-3.17356,-0.00537,0.15884,0.99747,0,0,42455
210.970000,339.451537,0.85442,-1.52575,-3.41768,-0.00488,0.16055,0.99332,0,0,42456
210.975000,339.451537,1.40369,-1.46472,-3.60077,-0.00488,0.16324,0.98991,0,0,42457
210.980000,339.466586,2.01399,-1.52575,-3.84489,-0.00512,0.16714,0.98820,0,0,42458
210.985000,339.466586,2.44120,-1.52575,-4.02798,-0.00537,0.17470,0.98674,0,0,42459
210.990000,339.466586,2.68532,-1.83090,-4.27210,-0.00268,0.18154,0.98234,0,0,42460
210.995000,339.481779,2.68532,-1.83090,-4.21107,0.00024,0.18910,0.97942,0,0,42461
211.000000,339.481779,2.19708,-1.28163,-3.66180,0.00122,0.19862,0.98210,0,0,42462
211.005000,339.481779,1.40369,-0.67133,-3.23459,0.00220,0.20520,0.98356,0,0,42463
211.010000,339.496664,0.36618,-0.36618,-2.99047,0.00171,0.20642,0.98430,0,0,42464
211.015000,339.496664,-0.54927,-0.24412,-2.80738,0.00073,0.20569,0.98625,0,0,42465
211.020000,339.496664,-2.01399,-0.06103,-2.62429,0.00830,0.20301,0.98283,0,0,42466
211.025000,339.511707,-3.05150,0.12206,-2.74635,0.01586,0.20008,0.98161,0,0,42467
211.030000,339.511707,-2.99047,0.18309,-2.74635,0.01610,0.19813,0.97673,0,0,42468
211.035000,339.511707,-2.13605,-0.12206,-2.44120,0.00952,0.19862,0.97063,0,0,42469
211.040000,339.526746,-1.15957,-0.24412,-2.07502,0.01269,0.19886,0.96307,0,0,42470
211.045000,339.526746,-1.15957,0.48824,-1.83090,0.01806,0.19837,0.96136,0,0,42471
211.050000,339.526746,-1.22060,1.40369,-2.01399,0.01830,0.20106,0.96185,0,0,42472
211.055000,339.541673,-0.85442,1.46472,-1.58678,0.01415,0.20447,0.96526,0,0,42473
211.060000,339.541673,-0.12206,1.28163,-0.85442,0.01293,0.20472,0.96648,0,0,42474
211.065000,339.541673,0.12206,1.58678,-0.48824,0.01513,0.20423,0.96844,0,0,42475
211.070000,339.556781,0.06103,2.25811,-0.73236,0.01635,0.20228,0.97698,0,0,42476
211.075000,339.556781,0.24412,2.25811,-0.91545,0.01440,0.20057,0.98552,0,0,42477
211.080000,339.556781,0.42721,1.89193,-0.79339,0.01025,0.20447,0.99064,0,0,42478
211.085000,339.571755,0.61030,1.64781,-0.67133,0.00903,0.20764,0.99332,0,0,42479
211.090000,339.571755,0.61030,1.52575,-0.73236,0.01122,0.20984,0.99430,0,0,42480
211.095000,339.571755,0.36618,1.64781,-0.91545,0.01147,0.21252,0.99698,0,0,42481
211.100000,339.586805,0.30515,1.64781,-0.85442,0.00903,0.21399,0.99894,0,0,42482
211.105000,339.586805,0.54927,1.64781,-0.54927,0.00732,0.21521,1.00138,0,0,42483
211.110000,339.586805,0.79339,1.58678,-0.24412,0.00610,0.21887,1.00382,0,0,42484
211.115000,339.601842,1.52575,1.22060,0.00000,0.00268,0.22472,1.00504,0,0,42485
211.120000,339.601842,2.13605,1.03751,0.30515,0.00171,0.22643,1.00308,0,0,42486
211.125000,339.601842,2.56326,0.97648,1.22060,0.00268,0.22643,1.00235,0,0,42487
211.130000,339.616742,2.62429,1.03751,2.19708,0.00293,0.22546,1.00406,0,0,42488
211.135000,339.616742,2.56326,1.28163,2.74635,0.00342,0.22033,1.00552,0,0,42489
211.140000,339.616742,2.31914,1.58678,2.99047,0.00390,0.21301,1.00992,0,0,42490
211.145000,339.631521,1.83090,1.70884,2.99047,0.00439,0.20520,1.01650,0,0,42491
211.150000,339.631521,1.03751,1.70884,2.74635,0.00415,0.19764,1.02187,0,0,42492
211.155000,339.631521,0.30515,1.52575,2.25811,0.00317,0.19349,1.02602,0,0,42493
211.160000,339.646770,-0.42721,1.34266,1.52575,-0.00049,0.19056,1.02724,0,0,42494
211.165000,339.646770,-1.15957,1.09854,0.61030,-0.00317,0.19008,1.02700,0,0,42495
211.170000,339.646770,-1.46472,0.97648,0.30515,-0.00415,0.19105,1.02602,0,0,42496
211.175000,339.661634,-1.46472,0.54927,0.24412,-0.00610,0.19374,1.02675,0,0,42497
211.180000,339.661634,-1.34266,-0.06103,0.36618,-0.00561,0.19496,1.02431,0,0,42498
211.185000,339.661634,-1.28163,-0.67133,0.24412,-0.00366,0.19325,1.01553,0,0,42499
211.190000,339.676850,-1.34266,-0.85442,0.00000,-0.00293,0.18886,1.00650,0,0,42500
211.195000,339.676850,-0.42721,-0.91545,0.30515,-0.00293,0.18642,0.99918,0,0,42501
211.200000,339.676850,0.79339,-1.22060,0.85442,-0.00415,0.18690,0.99381,0,0,42502
211.205000,339.691829,1.95296,-1.58678,1.03751,-0.00268,0.18544,0.98991,0,0,42503
211.210000,339.691829,2.62429,-1.70884,0.73236,0.00024,0.18544,0.98381,0,0,42504
211.215000,339.691829,2.68532,-1.52575,0.18309,-0.00146,0.18812,0.98088,0,0,42505
211.220000,339.706830,2.25811,-1.15957,-0.12206,-0.00146,0.18812,0.98137,0,0,42506
211.225000,339.706830,1.28163,-0.85442,-0.24412,0.00342,0.18568,0.98186,0,0,42507
211.230000,339.706830,0.48824,-0.97648,-0.54927,0.00537,0.18544,0.98186,0,0,42508
211.235000,339.721720,0.18309,-1.15957,-0.91545,0.00195,0.18788,0.97673,0,0,42509
211.240000,339.721720,0.54927,-1.28163,-1.09854,-0.00146,0.19008,0.97136,0,0,42510
211.245000,339.721720,1.58678,-1.52575,-1.15957,-0.00049,0.19422,0.96502,0,0,42511
211.250000,339.736557,3.05150,-1.89193,-1.46472,0.00366,0.20057,0.96112,0,0,42512
211.255000,339.736557,3.53974,-1.89193,-1.52575,0.00830,0.20935,0.95892,0,0,42513
211.260000,339.736557,2.99047,-1.46472,-1.58678,0.01635,0.21301,0.95672,0,0,42514
211.265000,339.751752,1.70884,-0.61030,-1.46472,0.02586,0.21106,0.95746,0,0,42515
211.270000,339.751752,0.54927,0.12206,-0.61030,0.02733,0.20886,0.96404,0,0,42516
211.275000,339.751752,0.06103,0.48824,0.06103,0.02416,0.20667,0.97063,0,0,42517
211.280000,339.766597,0.30515,0.12206,0.30515,0.02464,0.20472,0.97210,0,0,42518
211.285000,339.766597,0.85442,-0.48824,-0.06103,0.02196,0.20691,0.97356,0,0,42519
211.290000,339.766597,1.64781,-1.03751,-0.30515,0.01854,0.21570,0.97283,0,0,42520
211.295000,339.781590,2.31914,-1.28163,-0.12206,0.02123,0.22643,0.96429,0,0,42521
211.300000,339.781590,2.44120,-0.73236,0.73236,0.01684,0.23204,0.95697,0,0,42522
211.305000,339.781590,2.44120,0.18309,1.40369,0.01049,0.23326,0.95550,0,0,42523
211.310000,339.796897,2.19708,0.97648,1.70884,0.00830,0.23253,0.96014,0,0,42524
211.315000,339.796897,1.34266,1.70884,2.01399,0.00952,0.23375,0.96648,0,0,42525
211.320000,339.796897,0.61030,2.19708,2.50223,0.00952,0.23180,0.97356,0,0,42526
211.325000,339.811812,0.00000,2.56326,2.86841,0.00903,0.23473,0.97380,0,0,42527
211.330000,339.811812,-0.85442,3.41768,3.41768,0.00220,0.22253,0.99430,0,0,42528
211.335000,339.811812,-0.73236,3.60077,3.72283,0.00439,0.21740,1.00016,0,0,42529
211.340000,339.826789,-0.97648,3.29562,3.72283,0.00927,0.21106,1.00235,0,0,42530
211.345000,339.826789,-1.40369,2.92944,3.72283,0.00146,0.20057,1.00772,0,0,42531
211.350000,339.826789,-0.67133,2.62429,3.60077,-0.00781,0.19935,1.00943,0,0,42532
211.355000,339.841844,-0.42721,1.76987,3.41768,-0.00342,0.19618,1.00723,0,0,42533
211.360000,339.841844,-0.06103,1.09854,2.99047,0.00049,0.19691,0.99869,0,0,42534
211.365000,339.841844,-0.06103,0.97648,2.68532,-0.00220,0.19886,0.99528,0,0,42535
211.370000,339.856809,0.36618,1.34266,3.17356,-0.00342,0.19984,0.99528,0,0,42536
211.375000,339.856809,0.91545,1.64781,3.66180,-0.00195,0.19471,0.99845,0,0,42537
211.380000,339.856809,1.40369,1.64781,3.90592,-0.00146,0.18934,1.00016,0,0,42538
211.385000,339.871854,1.76987,1.46472,3.90592,-0.00220,0.18080,1.00748,0,0,42539
211.390000,339.871854,2.25811,0.85442,3.96695,-0.00220,0.17446,1.00772,0,0,42540
211.395000,339.871854,2.68532,0.42721,3.47871,-0.00220,0.16568,1.00992,0,0,42541
211.400000,339.886837,2.62429,0.18309,2.86841,-0.00293,0.15909,1.00992,0,0,42542
211.405000,339.886837,2.19708,-0.06103,2.07502,-0.00342,0.15616,1.00748,0,0,42543
211.410000,339.886837,1.64781,-0.36618,1.22060,-0.00293,0.15470,1.00333,0,0,42544
211.415000,339.901802,1.28163,-0.67133,0.36618,-0.00342,0.15762,0.99674,0,0,42545
211.420000,339.901802,0.67133,-0.61030,-0.79339,-0.00317,0.16616,0.98991,0,0,42546
211.425000,339.901802,0.06103,-0.36618,-1.40369,-0.00073,0.17690,0.98722,0,0,42547
211.430000,339.916546,-0.42721,-0.18309,-1.64781,0.00220,0.18544,0.98820,0,0,42548
211.435000,339.916546,-0.48824,-0.06103,-1.76987,0.00561,0.19691,0.98430,0,0,42549
211.440000,339.916546,-0.36618,0.00000,-1.70884,0.00683,0.20423,0.98454,0,0,42550
211.445000,339.931786,0.12206,0.00000,-1.40369,0.00390,0.21106,0.98625,0,0,42551
211.450000,339.931786,0.91545,-0.18309,-0.67133,0.00634,0.21643,0.99015,0,0,42552
211.455000,339.931786,1.40369,-0.54927,-0.18309,0.00976,0.21814,0.99064,0,0,42553
211.460000,339.946828,1.89193,-0.73236,0.24412,0.01025,0.21960,0.98820,0,0,42554
211.465000,339.946828,1.89193,-0.54927,0.79339,0.00708,0.21740,0.98796,0,0,42555
211.470000,339.946828,1.46472,-0.36618,1.09854,0.00634,0.21301,0.98527,0,0,42556
211.475000,339.961836,1.03751,-0.06103,1.15957,0.00830,0.20813,0.97917,0,0,42557
211.480000,339.961836,0.61030,0.36618,1.09854,0.01220,0.20252,0.97600,0,0,42558
211.485000,339.961836,0.18309,0.73236,1.03751,0.01293,0.19788,0.97698,0,0,42559
211.490000,339.976665,-0.36618,1.22060,0.97648,0.01293,0.19496,0.97820,0,0,42560
211.495000,339.976665,-0.67133,1.40369,0.85442,0.01122,0.19520,0.97673,0,0,42561
211.500000,339.976665,-0.85442,1.58678,0.79339,0.01000,0.19276,0.97673,0,0,42562
211.505000,339.991845,-0.97648,1.70884,0.79339,0.01220,0.19056,0.97576,0,0,42563
211.510000,339.991845,-1.09854,1.89193,0.91545,0.01171,0.18812,0.97746,0,0,42564
211.515000,339.991845,-0.97648,2.07502,1.09854,0.01049,0.18764,0.98137,0,0,42565
211.520000,340.006844,-0.54927,2.19708,1.34266,0.00805,0.18568,0.98674,0,0,42566
211.525000,340.006844,0.00000,2.07502,1.46472,0.00732,0.18324,0.99284,0,0,42567
211.530000,340.006844,0.54927,1.83090,1.15957,0.00854,0.18251,0.99772,0,0,42568
211.535000,340.021792,1.15957,1.52575,1.09854,0.00878,0.18398,1.00235,0,0,42569
211.540000,340.021792,1.76987,1.15957,1.15957,0.00586,0.18568,1.00479,0,0,42570
211.545000,340.021792,2.44120,0.67133,1.64781,0.00366,0.18715,1.00552,0,0,42571
211.550000,340.036509,2.25811,0.54927,1.64781,0.00464,0.18642,1.00552,0,0,42572
211.555000,340.036509,1.83090,0.48824,1.58678,0.00415,0.18690,1.00577,0,0,42573
211.560000,340.036509,1.22060,0.24412,1.46472,0.00244,0.18764,1.00601,0,0,42574
211.565000,340.051800,0.85442,-0.06103,1.40369,0.00220,0.18886,1.00235,0,0,42575
211.570000,340.051800,1.15957,-0.48824,1.15957,0.00146,0.19008,0.99698,0,0,42576
211.575000,340.051800,1.40369,-0.67133,1.03751,0.00098,0.18886,0.98966,0,0,42577
211.580000,340.066833,1.46472,-0.48824,0.67133,0.00220,0.18642,0.98527,0,0,42578
211.585000,340.066833,1.40369,-0.24412,0.30515,0.00390,0.18373,0.98259,0,0,42579
211.590000,340.066833,1.03751,0.00000,-0.06103,0.00415,0.18154,0.98161,0,0,42580
211.595000,340.081848,0.67133,0.00000,-0.30515,0.00317,0.18276,0.98210,0,0,42581
211.600000,340.081848,0.61030,-0.12206,-0.48824,0.00098,0.18495,0.98283,0,0,42582
211.605000,340.081848,0.67133,0.00000,-0.54927,-0.00049,0.18666,0.98332,0,0,42583
211.610000,340.096751,0.42721,0.12206,-0.42721,-0.00195,0.18959,0.98722,0,0,42584
211.615000,340.096751,0.30515,0.24412,-0.30515,-0.00122,0.19325,0.98966,0,0,42585
211.620000,340.096751,0.18309,0.36618,-0.24412,-0.00049,0.19520,0.98966,0,0,42586
211.625000,340.111785,0.24412,0.30515,-0.30515,-0.00171,0.19496,0.99137,0,0,42587
211.630000,340.111785,0.48824,0.48824,-0.24412,-0.00122,0.19740,0.99137,0,0,42588
211.635000,340.111785,1.03751,0.48824,-0.18309,-0.00195,0.19715,0.99381,0,0,42589
211.640000,340.126827,1.58678,0.30515,-0.12206,-0.00293,0.19910,0.99308,0,0,42590
211.645000,340.126827,1.22060,0.18309,-0.24412,-0.00390,0.20350,0.99479,0,0,42591
211.650000,340.126827,0.61030,0.42721,-0.30515,-0.00390,0.20642,0.99528,0,0,42592
211.655000,340.141841,-0.36618,0.85442,-0.24412,-0.00415,0.20691,0.99479,0,0,42593
211.660000,340.141841,-1.15957,0.85442,0.00000,-0.00781,0.20618,0.99357,0,0,42594
211.665000,340.141841,-0.91545,0.73236,0.18309,-0.01196,0.20350,0.99552,0,0,42595
211.670000,340.156774,1.28163,0.36618,0.79339,-0.00903,0.19764,0.99503,0,0,42596
211.675000,340.156774,2.31914,-0.12206,0.91545,-0.00659,0.19520,0.99747,0,0,42597
211.680000,340.156774,2.50223,-0.18309,0.61030,-0.00488,0.19276,0.99869,0,0,42598
211.685000,340.171906,2.19708,-0.30515,0.12206,-0.00122,0.19154,1.00016,0,0,42599
211.690000,340.171906,1.34266,-0.36618,-0.12206,0.00000,0.19178,1.00113,0,0,42600
211.695000,340.171906,0.24412,-0.30515,-0.18309,0.00049,0.19032,0.99918,0,0,42601
211.700000,340.186807,-0.61030,-0.30515,-0.36618,0.00146,0.18886,0.99772,0,0,42602
211.705000,340.186807,-1.28163,-0.42721,-0.61030,0.00293,0.18886,0.99406,0,0,42603
211.710000,340.186807,-1.64781,-0.54927,-0.73236,0.00317,0.19032,0.99064,0,0,42604
211.715000,340.201819,-1.64781,-0.61030,-0.85442,0.00342,0.19105,0.98674,0,0,42605
211.720000,340.201819,-1.52575,-0.30515,-1.15957,0.00415,0.19325,0.98234,0,0,42606
211.725000,340.201819,-1.46472,0.00000,-1.34266,0.00244,0.19764,0.98015,0,0,42607
211.730000,340.216754,-1.40369,0.24412,-1.34266,0.00098,0.20228,0.97868,0,0,42608
211.735000,340.216754,-1.03751,0.30515,-1.22060,0.00098,0.20472,0.97795,0,0,42609
211.740000,340.216754,-0.48824,0.36618,-0.97648,0.00146,0.20398,0.97795,0,0,42610
211.745000,340.231755,0.24412,0.24412,-0.61030,0.00293,0.19959,0.97820,0,0,42611
211.750000,340.231755,0.91545,0.36618,-0.06103,0.00561,0.19471,0.98015,0,0,42612
211.755000,340.231755,1.22060,0.67133,0.12206,0.00610,0.19300,0.98478,0,0,42613
211.760000,340.246664,1.22060,0.85442,0.42721,0.00293,0.19300,0.98991,0,0,42614
211.765000,340.246664,0.48824,0.54927,0.24412,0.00293,0.19227,0.99259,0,0,42615
211.770000,340.246664,-0.18309,0.42721,-0.12206,0.00317,0.19154,0.99186,0,0,42616
211.775000,340.261787,-0.91545,0.48824,-0.18309,0.00171,0.19349,0.98893,0,0,42617
211.780000,340.261787,-1.46472,0.67133,-0.18309,-0.00024,0.19520,0.98600,0,0,42618
211.785000,340.261787,-1.95296,1.03751,-0.24412,0.00024,0.19740,0.98820,0,0,42619
211.790000,340.276634,-2.01399,1.40369,-0.24412,0.00098,0.19886,0.99479,0,0,42620
211.795000,340.276634,-1.70884,1.46472,-0.36618,0.00122,0.19984,1.00113,0,0,42621
211.800000,340.276634,-1.03751,1.03751,-0.30515,0.00268,0.20203,1.00406,0,0,42622
211.805000,340.291555,-0.36618,0.54927,-0.12206,0.00049,0.20472,1.00626,0,0,42623
211.810000,340.291555,0.18309,0.24412,0.12206,-0.00098,0.20447,1.00577,0,0,42624
211.815000,340.291555,1.03751,-0.12206,0.67133,-0.00098,0.20106,1.00382,0,0,42625
211.820000,340.306663,1.64781,-0.61030,1.22060,-0.00268,0.19642,1.00211,0,0,42626
211.825000,340.306663,2.44120,-0.97648,1.40369,-0.00342,0.19252,0.99845,0,0,42627
211.830000,340.306663,2.99047,-1.15957,1.34266,-0.00439,0.18886,0.99186,0,0,42628
211.835000,340.321830,3.17356,-1.15957,1.15957,-0.00512,0.18568,0.98869,0,0,42629
211.840000,340.321830,2.86841,-0.91545,0.97648,-0.00830,0.18227,0.98503,0,0,42630
211.845000,340.321830,2.25811,-0.61030,0.42721,-0.00903,0.17885,0.98356,0,0,42631
211.850000,340.336759,1.76987,-0.42721,-0.24412,-0.01000,0.17763,0.98600,0,0,42632
211.855000,340.336759,1.03751,0.00000,-0.79339,-0.00976,0.17836,0.98820,0,0,42633
211.860000,340.336759,0.48824,0.00000,-1.15957,-0.00878,0.17861,0.98942,0,0,42634
211.865000,340.351854,0.18309,-0.18309,-1.34266,-0.00781,0.17934,0.99040,0,0,42635
211.870000,340.351854,0.06103,-0.36618,-1.58678,-0.00708,0.18178,0.98844,0,0,42636
211.875000,340.351854,0.06103,-0.42721,-1.83090,-0.00561,0.18495,0.98698,0,0,42637
211.880000,340.366702,0.06103,-0.42721,-2.13605,-0.00537,0.18739,0.98625,0,0,42638
211.885000,340.366702,0.06103,-0.24412,-2.19708,-0.00512,0.19203,0.98820,0,0,42639
211.890000,340.366702,0.24412,0.00000,-2.07502,-0.00390,0.19447,0.98991,0,0,42640
211.895000,340.381806,0.42721,-0.12206,-2.01399,-0.00024,0.19520,0.98991,0,0,42641
211.900000,340.381806,0.42721,-0.18309,-1.95296,0.00342,0.19618,0.98966,0,0,42642
211.905000,340.381806,0.30515,-0.18309,-1.83090,0.00561,0.19740,0.99064,0,0,42643
211.910000,340.396554,0.30515,-0.18309,-1.52575,0.00732,0.19813,0.99015,0,0,42644
211.915000,340.396554,0.42721,-0.24412,-0.97648,0.00634,0.20008,0.99088,0,0,42645
211.920000,340.396554,0.48824,-0.48824,-0.36618,0.00342,0.20008,0.99162,0,0,42646
211.925000,340.411813,0.30515,-0.54927,-0.30515,0.00293,0.19788,0.98869,0,0,42647
211.930000,340.411813,-0.24412,-0.48824,-0.36618,0.00244,0.19496,0.98527,0,0,42648
211.935000,340.411813,-0.73236,-0.42721,-0.42721,0.00293,0.19008,0.98259,0,0,42649
211.940000,340.426730,-1.09854,-0.48824,-0.67133,0.00390,0.18568,0.98161,0,0,42650
211.945000,340.426730,-1.40369,-0.30515,-0.97648,0.00415,0.18324,0.98161,0,0,42651
211.950000,340.426730,-1.52575,-0.24412,-1.15957,0.00439,0.17958,0.98283,0,0,42652
211.955000,340.441818,-1.28163,-0.36618,-1.70884,0.00293,0.17763,0.98381,0,0,42653
211.960000,340.441818,-0.61030,-0.30515,-2.25811,0.00439,0.17641,0.98283,0,0,42654
211.965000,340.441818,0.06103,-0.42721,-2.62429,0.00464,0.17934,0.98088,0,0,42655
211.970000,340.456644,0.61030,-0.73236,-3.29562,0.00268,0.18593,0.97966,0,0,42656
211.975000,340.456644,1.03751,-0.85442,-3.53974,0.00098,0.19374,0.97771,0,0,42657
211.980000,340.456644,1.03751,-0.67133,-3.53974,0.00171,0.20081,0.97576,0,0,42658
211.985000,340.471802,0.79339,-0.48824,-3.29562,0.00146,0.20545,0.97429,0,0,42659
211.990000,340.471802,0.42721,-0.36618,-3.17356,-0.00098,0.20838,0.97551,0,0,42660
211.995000,340.471802,0.18309,-0.24412,-3.23459,-0.00317,0.20984,0.97673,0,0,42661
212.000000,340.486636,-0.12206,-0.06103,-3.23459,-0.00293,0.21057,0.97893,0,0,42662
212.005000,340.486636,-0.30515,-0.06103,-3.17356,-0.00098,0.21082,0.98283,0,0,42663
212.010000,340.486636,-0.18309,-0.24412,-3.11253,0.00220,0.21033,0.98161,0,0,42664
212.015000,340.501652,0.12206,-0.61030,-2.74635,0.00415,0.20984,0.97917,0,0,42665
212.020000,340.501652,0.79339,-0.91545,-2.13605,0.00293,0.21106,0.97551,0,0,42666
212.025000,340.501652,1.28163,-0.85442,-1.89193,0.00317,0.21082,0.96844,0,0,42667
212.030000,340.516717,1.46472,-0.79339,-1.83090,0.00683,0.21033,0.96160,0,0,42668
212.035000,340.516717,1.22060,-0.36618,-1.76987,0.01025,0.20838,0.95502,0,0,42669
212.040000,340.516717,0.97648,0.24412,-1.70884,0.01220,0.20764,0.95282,0,0,42670
212.045000,340.531852,0.73236,1.03751,-1.64781,0.01342,0.20691,0.95550,0,0,42671
212.050000,340.531852,0.48824,1.83090,-1.76987,0.01391,0.20691,0.96136,0,0,42672
212.055000,340.531852,0.42721,2.01399,-1.95296,0.01488,0.20813,0.96746,0,0,42673
212.060000,340.546670,0.42721,1.95296,-2.07502,0.01732,0.21228,0.97332,0,0,42674
212.065000,340.546670,0.18309,1.83090,-1.83090,0.01635,0.21789,0.98137,0,0,42675
212.070000,340.546670,0.06103,1.95296,-1.52575,0.01366,0.22326,0.98869,0,0,42676
212.075000,340.561767,0.06103,1.83090,-1.15957,0.01074,0.22863,0.99210,0,0,42677
212.080000,340.561767,0.18309,1.58678,-0.73236,0.00683,0.23180,0.99284,0,0,42678
212.085000,340.561767,0.18309,1.46472,-0.30515,0.00512,0.23326,0.99137,0,0,42679
212.090000,340.576616,0.30515,1.28163,0.18309,0.00390,0.23180,0.98991,0,0,42680
212.095000,340.576616,0.30515,1.40369,0.91545,0.00171,0.22985,0.98674,0,0,42681
212.100000,340.576616,0.48824,1.46472,1.52575,0.00073,0.22546,0.98356,0,0,42682
212.105000,340.591796,0.91545,1.40369,2.01399,-0.00024,0.21765,0.98064,0,0,42683
212.110000,340.591796,1.52575,1.34266,2.25811,-0.00049,0.20862,0.97990,0,0,42684
212.115000,340.591796,2.19708,1.46472,2.19708,-0.00024,0.20032,0.97990,0,0,42685
212.120000,340.606606,2.86841,1.58678,1.95296,0.00049,0.19520,0.98356,0,0,42686
212.125000,340.606606,2.99047,1.58678,1.64781,0.00000,0.19105,0.98649,0,0,42687
212.130000,340.606606,2.74635,1.52575,1.22060,-0.00024,0.18788,0.98869,0,0,42688
212.135000,340.621617,2.07502,1.64781,0.85442,-0.00024,0.18715,0.99064,0,0,42689
212.140000,340.621617,1.15957,1.95296,0.36618,-0.00049,0.18788,0.99308,0,0,42690
212.145000,340.621617,0.00000,2.31914,-0.06103,-0.00049,0.19203,0.99723,0,0,42691
212.150000,340.636651,-0.73236,2.44120,-0.36618,-0.00268,0.19642,1.00186,0,0,42692
212.155000,340.636651,-1.15957,2.25811,-0.42721,-0.00439,0.20008,1.00528,0,0,42693
212.160000,340.636651,-0.79339,1.89193,-0.67133,-0.00415,0.20350,1.00455,0,0,42694
212.165000,340.651901,0.06103,1.34266,-0.91545,-0.00464,0.20838,1.00406,0,0,42695
212.170000,340.651901,0.97648,0.79339,-0.79339,-0.00488,0.21448,1.00186,0,0,42696
212.175000,340.651901,1.89193,0.30515,-0.67133,-0.00342,0.21765,0.99894,0,0,42697
212.180000,340.666812,2.38017,0.18309,-0.67133,-0.00146,0.21862,0.99747,0,0,42698
212.185000,340.666812,2.62429,0.12206,-0.42721,-0.00146,0.21789,0.99772,0,0,42699
212.190000,340.666812,2.44120,0.00000,-0.12206,-0.00171,0.21789,0.99698,0,0,42700
212.195000,340.681587,1.95296,0.00000,0.06103,-0.00268,0.21789,0.99552,0,0,42701
212.200000,340.681587,1.34266,0.36618,0.12206,-0.00390,0.21692,0.99503,0,0,42702
212.205000,340.681587,0.61030,1.03751,0.18309,-0.00366,0.21374,0.99723,0,0,42703
212.210000,340.696486,-0.18309,1.46472,0.36618,-0.00293,0.21082,1.00162,0,0,42704
212.215000,340.696486,-0.67133,1.64781,0.61030,-0.00293,0.20935,1.00479,0,0,42705
212.220000,340.696486,-0.79339,1.52575,0.61030,-0.00488,0.20911,1.00821,0,0,42706
212.225000,340.711759,-0.54927,1.15957,0.54927,-0.00634,0.20740,1.00992,0,0,42707
212.230000,340.711759,-0.24412,0.91545,0.61030,-0.00781,0.20764,1.00992,0,0,42708
212.235000,340.711759,-0.12206,0.73236,0.42721,-0.00781,0.20789,1.00967,0,0,42709
212.240000,340.726791,0.06103,0.48824,0.18309,-0.00634,0.21008,1.00528,0,0,42710
212.245000,340.726791,0.06103,0.24412,-0.18309,-0.00610,0.21326,0.99869,0,0,42711
212.250000,340.726791,-0.12206,0.30515,-0.18309,-0.00781,0.21496,0.99284,0,0,42712
212.255000,340.741634,-0.54927,0.54927,-0.12206,-0.00927,0.21545,0.98820,0,0,42713
212.260000,340.741634,-0.85442,0.73236,0.06103,-0.01122,0.21643,0.98747,0,0,42714
212.265000,340.741634,-1.03751,0.85442,0.12206,-0.01025,0.21789,0.98796,0,0,42715
212.270000,340.756791,-0.79339,0.91545,0.48824,-0.00708,0.21692,0.98844,0,0,42716
212.275000,340.756791,-0.42721,0.79339,0.97648,-0.00537,0.21326,0.98869,0,0,42717
212.280000,340.756791,0.06103,0.54927,1.58678,-0.00439,0.20813,0.99064,0,0,42718
212.285000,340.771759,0.48824,0.18309,1.89193,-0.00415,0.20276,0.99381,0,0,42719
212.290000,340.771759,0.85442,-0.30515,1.70884,-0.00464,0.19984,0.99454,0,0,42720
212.295000,340.771759,0.67133,-0.42721,1.15957,-0.00488,0.19862,0.99162,0,0,42721
212.300000,340.786826,0.18309,-0.36618,0.79339,-0.00537,0.19788,0.98869,0,0,42722
212.305000,340.786826,-0.36618,-0.06103,0.48824,-0.00464,0.19447,0.98869,0,0,42723
212.310000,340.786826,-0.73236,0.18309,0.18309,-0.00439,0.19325,0.98771,0,0,42724
212.315000,340.801977,-0.97648,0.36618,-0.18309,-0.00488,0.19642,0.98844,0,0,42725
212.320000,340.801977,-1.15957,0.67133,-0.42721,-0.00439,0.20130,0.99113,0,0,42726
212.325000,340.801977,-1.28163,0.91545,-0.54927,-0.00439,0.20618,0.99796,0,0,42727
212.330000,340.816626,-1.28163,1.03751,-0.30515,-0.00464,0.20911,1.00430,0,0,42728
212.335000,340.816626,-1.15957,1.09854,-0.30515,-0.00512,0.21155,1.00626,0,0,42729
212.340000,340.816626,-1.03751,0.73236,-0.18309,-0.00512,0.21179,1.00772,0,0,42730
212.345000,340.831893,-0.73236,0.30515,-0.12206,-0.00561,0.21106,1.00626,0,0,42731
212.350000,340.831893,-0.30515,-0.30515,-0.06103,-0.00610,0.21130,1.00211,0,0,42732
212.355000,340.831893,0.06103,-0.61030,0.12206,-0.00756,0.21033,0.99772,0,0,42733
212.360000,340.846660,0.24412,-0.67133,0.06103,-0.00854,0.20838,0.99235,0,0,42734
212.365000,340.846660,0.48824,-0.91545,0.06103,-0.00952,0.20716,0.98234,0,0,42735
212.370000,340.846660,0.73236,-0.91545,0.12206,-0.00878,0.20667,0.97673,0,0,42736
212.375000,340.861821,0.73236,-0.48824,0.24412,-0.00903,0.20594,0.97502,0,0,42737
212.380000,340.861821,0.48824,0.06103,0.24412,-0.01098,0.20423,0.97576,0,0,42738
212.385000,340.861821,0.24412,0.42721,-0.06103,-0.01098,0.20447,0.97820,0,0,42739
212.390000,340.876627,-0.06103,0.54927,-0.36618,-0.00805,0.20545,0.98234,0,0,42740
212.395000,340.876627,-0.30515,0.42721,-0.30515,-0.00634,0.20667,0.98625,0,0,42741
212.400000,340.876627,-0.30515,0.18309,0.00000,-0.00537,0.20789,0.98918,0,0,42742
212.405000,340.891599,-0.18309,-0.06103,0.42721,-0.00512,0.20642,0.99137,0,0,42743
212.410000,340.891599,0.12206,-0.30515,0.67133,-0.00488,0.20301,0.99040,0,0,42744
212.415000,340.891599,0.54927,-0.73236,0.61030,-0.00390,0.19935,0.98869,0,0,42745
212.420000,340.906835,0.91545,-0.85442,0.67133,-0.00415,0.19984,0.98747,0,0,42746
212.425000,340.906835,1.22060,-0.97648,0.61030,-0.00366,0.20154,0.98430,0,0,42747
212.430000,340.906835,1.46472,-0.91545,0.48824,-0.00146,0.20374,0.98308,0,0,42748
212.435000,340.921797,1.46472,-0.85442,0.30515,-0.00171,0.20520,0.98454,0,0,42749
212.440000,340.921797,1.03751,-0.91545,0.24412,-0.00195,0.20594,0.98600,0,0,42750
212.445000,340.921797,0.24412,-0.73236,0.18309,-0.00122,0.20569,0.98625,0,0,42751
212.450000,340.936623,-0.97648,-0.42721,0.12206,-0.00073,0.20545,0.98405,0,0,42752
212.455000,340.936623,-2.01399,-0.18309,0.06103,-0.00195,0.20252,0.98137,0,0,42753
212.460000,340.936623,-2.62429,0.24412,0.06103,-0.00342,0.19984,0.98039,0,0,42754
212.465000,340.951628,-2.56326,0.30515,-0.18309,-0.00366,0.19740,0.98015,0,0,42755
212.470000,340.951628,-1.95296,0.12206,-0.36618,-0.00512,0.19837,0.97917,0,0,42756
212.475000,340.951628,-0.79339,-0.24412,-0.42721,-0.00586,0.19910,0.97576,0,0,42757
212.480000,340.966663,0.54927,-0.61030,-0.18309,-0.00390,0.19910,0.96990,0,0,42758
212.485000,340.966663,1.64781,-0.91545,0.30515,-0.00366,0.19910,0.96234,0,0,42759
212.490000,340.966663,2.62429,-1.03751,0.97648,-0.00439,0.19984,0.95697,0,0,42760
212.495000,340.981607,2.92944,-0.67133,1.22060,-0.00415,0.19862,0.95136,0,0,42761
212.500000,340.981607,2.80738,0.06103,1.22060,-0.00268,0.19544,0.94940,0,0,42762
212.505000,340.981607,2.25811,0.85442,1.22060,-0.00098,0.19325,0.95526,0,0,42763
212.510000,340.996624,1.52575,1.46472,1.09854,0.00024,0.19203,0.96356,0,0,42764
212.515000,340.996624,0.42721,2.13605,0.85442,-0.00122,0.19056,0.97332,0,0,42765
212.520000,340.996624,-0.67133,2.44120,0.48824,-0.00317,0.18886,0.98210,0,0,42766
212.525000,341.011871,-1.52575,2.38017,0.06103,-0.00415,0.18837,0.99015,0,0,42767
212.530000,341.011871,-2.01399,2.31914,-0.54927,-0.00488,0.19032,0.99991,0,0,42768
212.535000,341.011871,-2.19708,2.01399,-1.40369,-0.00683,0.19252,1.00748,0,0,42769
212.540000,341.026792,-2.13605,1.52575,-1.95296,-0.00586,0.19715,1.01065,0,0,42770
212.545000,341.026792,-2.07502,0.61030,-1.89193,-0.00439,0.20130,1.00870,0,0,42771
212.550000,341.026792,-1.76987,-0.06103,-1.34266,-0.00342,0.20447,1.00455,0,0,42772
212.555000,341.041812,-1.22060,-0.79339,-1.03751,-0.00415,0.20813,0.99650,0,0,42773
212.560000,341.041812,-0.67133,-1.15957,-0.73236,-0.00390,0.20911,0.98503,0,0,42774
212.565000,341.041812,-0.12206,-1.28163,-0.30515,-0.00146,0.21057,0.97551,0,0,42775
212.570000,341.056765,0.30515,-0.85442,0.48824,-0.00122,0.21155,0.97039,0,0,42776
212.575000,341.056765,0.67133,-0.42721,0.97648,-0.00049,0.21033,0.96941,0,0,42777
212.580000,341.056765,1.15957,0.18309,1.22060,-0.00098,0.20764,0.97234,0,0,42778
212.585000,341.071860,1.34266,0.61030,1.22060,-0.00244,0.20569,0.97844,0,0,42779
212.590000,341.071860,1.28163,0.97648,1.15957,-0.00317,0.20252,0.98942,0,0,42780
212.595000,341.071860,0.91545,1.03751,0.73236,-0.00390,0.20106,0.99772,0,0,42781
212.600000,341.086628,0.36618,0.97648,0.06103,-0.00317,0.19935,1.00235,0,0,42782
212.605000,341.086628,-0.30515,0.85442,-0.54927,-0.00195,0.19910,1.00552,0,0,42783
212.610000,341.086628,-0.73236,0.67133,-1.03751,-0.00268,0.20057,1.00796,0,0,42784
212.615000,341.101735,-0.97648,0.24412,-1.28163,-0.00244,0.20228,1.00674,0,0,42785
212.620000,341.101735,-0.97648,-0.36618,-1.64781,0.00195,0.20423,0.99869,0,0,42786
212.625000,341.101735,-0.85442,-0.61030,-1.83090,0.00488,0.20740,0.99064,0,0,42787
212.630000,341.116835,-0.97648,-0.61030,-1.76987,0.00610,0.21082,0.98649,0,0,42788
212.635000,341.116835,-0.97648,-0.48824,-1.40369,0.00708,0.21838,0.98356,0,0,42789
212.640000,341.116835,-0.97648,-0.24412,-0.97648,0.00732,0.22448,0.98210,0,0,42790
212.645000,341.131833,-0.91545,0.06103,-0.18309,0.00610,0.22814,0.98405,0,0,42791
212.650000,341.131833,-0.67133,0.36618,0.61030,0.00464,0.22985,0.98820,0,0,42792
212.655000,341.131833,-0.48824,0.42721,1.46472,0.00342,0.22960,0.99308,0,0,42793
212.655000,341.146626,-0.36618,0.48824,1.76987,0.00317,0.22619,0.99576,0,0,42794
212.660000,341.146626,-0.18309,0.42721,1.95296,0.00220,0.21960,1.00016,0,0,42795
212.665000,341.146626,0.00000,0.12206,2.31914,-0.00098,0.21326,1.00235,0,0,42796
212.670000,341.161636,0.30515,-0.30515,2.31914,-0.00268,0.21033,1.00016,0,0,42797
212.675000,341.161636,0.30515,-0.67133,2.25811,-0.00390,0.20935,0.99381,0,0,42798
212.680000,341.161636,-0.30515,-0.73236,2.01399,-0.00342,0.20594,0.98625,0,0,42799
212.685000,341.176627,-0.85442,-0.54927,1.83090,-0.00268,0.20447,0.98064,0,0,42800
212.690000,341.176627,-1.76987,-0.12206,1.46472,-0.00342,0.20423,0.97356,0,0,42801
212.695000,341.176627,-2.62429,0.24412,1.03751,-0.00439,0.20618,0.97136,0,0,42802
212.700000,341.191662,-3.05150,0.79339,0.91545,-0.00488,0.20813,0.97161,0,0,42803
212.705000,341.191662,-2.68532,1.15957,1.03751,-0.00830,0.20935,0.97405,0,0,42804
212.710000,341.191662,-1.64781,1.46472,1.46472,-0.01293,0.20862,0.98088,0,0,42805
212.715000,341.206663,-0.42721,1.52575,1.76987,-0.01147,0.20423,0.98625,0,0,42806
212.720000,341.206663,1.22060,1.28163,2.01399,-0.00976,0.20106,0.99332,0,0,42807
212.725000,341.206663,2.01399,0.97648,2.01399,-0.01318,0.20057,1.00064,0,0,42808
212.730000,341.221899,2.13605,0.97648,1.95296,-0.01440,0.20057,1.00870,0,0,42809
212.735000,341.221899,1.03751,1.22060,1.64781,-0.01269,0.20032,1.01675,0,0,42810
212.740000,341.221899,-0.24412,1.28163,1.28163,-0.01366,0.20106,1.02114,0,0,42811
212.745000,341.236613,-1.34266,1.15957,1.03751,-0.01537,0.20057,1.02553,0,0,42812
212.750000,341.236613,-1.64781,0.73236,0.73236,-0.01342,0.19813,1.02602,0,0,42813
212.755000,341.236613,-1.64781,0.24412,0.24412,-0.00976,0.19642,1.02553,0,0,42814
212.760000,341.251787,-1.46472,-0.30515,0.12206,-0.00683,0.19691,1.02285,0,0,42815
212.765000,341.251787,-0.97648,-0.85442,-0.12206,-0.00537,0.19813,1.02016,0,0,42816
212.770000,341.251787,-0.30515,-1.22060,-0.42721,-0.00415,0.19837,1.01870,0,0,42817
212.775000,341.266687,0.30515,-1.46472,-0.61030,-0.00098,0.19984,1.01626,0,0,42818
212.780000,341.266687,0.67133,-1.52575,-0.54927,0.00390,0.20276,1.01528,0,0,42819
212.785000,341.266687,0.85442,-1.76987,-0.18309,0.00610,0.20594,1.01358,0,0,42820
212.790000,341.281797,1.22060,-2.01399,0.00000,0.00683,0.20838,1.00918,0,0,42821
212.795000,341.281797,1.58678,-2.01399,0.18309,0.00488,0.21155,1.00479,0,0,42822
212.800000,341.281797,2.01399,-1.95296,0.30515,0.00049,0.21692,0.99991,0,0,42823
212.805000,341.296567,2.31914,-2.01399,0.61030,-0.00049,0.21911,0.99601,0,0,42824
212.810000,341.296567,2.31914,-2.01399,1.22060,0.00586,0.21936,0.99284,0,0,42825
212.815000,341.296567,1.64781,-1.76987,1.64781,0.00390,0.22009,0.99406,0,0,42826
212.820000,341.311600,0.67133,-1.40369,1.89193,-0.00098,0.21643,0.99625,0,0,42827
212.825000,341.311600,-0.36618,-1.22060,2.07502,-0.00342,0.20984,0.99454,0,0,42828
212.830000,341.311600,-1.34266,-1.22060,2.25811,-0.00464,0.20081,0.98966,0,0,42829
212.835000,341.326596,-2.19708,-1.15957,2.38017,-0.00732,0.19496,0.98698,0,0,42830
212.840000,341.326596,-2.68532,-1.03751,2.38017,-0.01318,0.18642,0.98161,0,0,42831
212.845000,341.326596,-2.80738,-1.15957,2.25811,-0.01708,0.17983,0.97478,0,0,42832
212.850000,341.341848,-2.31914,-1.28163,1.64781,-0.01806,0.17080,0.96526,0,0,42833
212.855000,341.341848,-1.40369,-1.09854,1.46472,-0.01610,0.16153,0.95648,0,0,42834
212.860000,341.341848,-0.61030,-0.97648,1.52575,-0.01098,0.15226,0.95331,0,0,42835
212.865000,341.356881,0.24412,-0.91545,1.15957,-0.00756,0.14494,0.95233,0,0,42836
212.870000,341.356881,1.03751,-0.85442,0.30515,-0.00659,0.14079,0.95404,0,0,42837
212.875000,341.356881,1.46472,-0.73236,-0.54927,-0.00537,0.13908,0.95624,0,0,42838
212.880000,341.371855,1.70884,-0.67133,-1.34266,0.00049,0.13810,0.95990,0,0,42839
212.885000,341.371855,2.19708,-0.48824,-1.83090,0.00854,0.13932,0.96673,0,0,42840
212.890000,341.371855,2.38017,-0.24412,-2.38017,0.00903,0.14786,0.97527,0,0,42841
212.890000,341.386840,2.25811,-0.12206,-2.86841,0.00732,0.15714,0.97868,0,0,42842
212.895000,341.386840,1.76987,-0.12206,-3.78386,0.01342,0.16665,0.98405,0,0,42843
212.900000,341.386840,1.28163,-0.12206,-4.08901,0.02050,0.17617,0.99015,0,0,42844
212.905000,341.401694,0.73236,-0.48824,-4.02798,0.01635,0.19252,0.99430,0,0,42845
212.910000,341.401694,0.42721,-1.03751,-3.72283,0.00952,0.20911,0.99064,0,0,42846
212.915000,341.401694,0.54927,-1.28163,-3.60077,0.00854,0.22277,0.98478,0,0,42847
212.920000,341.416850,0.85442,-1.40369,-3.35665,0.00976,0.23082,0.97990,0,0,42848
212.925000,341.416850,1.28163,-1.28163,-2.44120,0.00927,0.24058,0.97039,0,0,42849
212.930000,341.416850,1.46472,-0.79339,-1.34266,0.00634,0.24595,0.96404,0,0,42850
212.935000,341.431682,1.76987,-0.24412,0.18309,0.00268,0.24717,0.96209,0,0,42851
212.940000,341.431682,2.07502,0.06103,1.22060,0.00122,0.24351,0.96234,0,0,42852
212.945000,341.431682,2.01399,0.24412,1.83090,0.00122,0.23595,0.96404,0,0,42853
212.950000,341.446827,1.76987,0.54927,2.13605,0.00073,0.22936,0.96624,0,0,42854
212.955000,341.446827,1.46472,0.79339,2.56326,-0.00171,0.21765,0.97014,0,0,42855
212.960000,341.446827,0.91545,1.22060,2.44120,-0.00244,0.20667,0.97332,0,0,42856
212.965000,341.461778,0.48824,1.28163,2.31914,-0.00342,0.19666,0.97478,0,0,42857
212.970000,341.461778,0.24412,1.22060,2.19708,-0.00464,0.18910,0.97478,0,0,42858
212.975000,341.461778,0.12206,1.28163,2.19708,-0.00781,0.18178,0.97576,0,0,42859
212.980000,341.476730,0.00000,1.40369,1.89193,-0.01122,0.17519,0.97722,0,0,42860
212.985000,341.476730,-0.12206,1.52575,1.09854,-0.01708,0.16519,0.97795,0,0,42861
212.990000,341.476730,-0.24412,1.58678,0.42721,-0.01976,0.15762,0.97795,0,0,42862
212.995000,341.491857,-0.36618,1.64781,-0.36618,-0.01830,0.15079,0.97820,0,0,42863
213.000000,341.491857,-0.73236,1.52575,-0.91545,-0.01757,0.14835,0.97893,0,0,42864
213.005000,341.491857,-1.40369,1.52575,-1.40369,-0.01976,0.15030,0.97820,0,0,42865
213.010000,341.506636,-1.64781,1.64781,-1.58678,-0.02025,0.15250,0.97624,0,0,42866
213.015000,341.506636,-1.40369,1.46472,-2.13605,-0.02147,0.15738,0.97356,0,0,42867
213.020000,341.506636,-0.91545,1.28163,-2.74635,-0.02391,0.16275,0.97380,0,0,42868
213.025000,341.521857,-0.73236,1.52575,-3.17356,-0.02123,0.16787,0.97527,0,0,42869
213.030000,341.521857,-0.91545,1.52575,-3.35665,-0.01537,0.17324,0.98088,0,0,42870
213.035000,341.521857,-1.03751,1.40369,-3.60077,-0.01074,0.17470,0.98674,0,0,42871
213.035000,341.536727,-0.79339,1.03751,-3.66180,-0.00903,0.17641,0.98918,0,0,42872
213.040000,341.536727,-0.18309,0.42721,-3.60077,-0.00683,0.17983,0.98991,0,0,42873
213.045000,341.536727,0.42721,-0.06103,-3.90592,-0.00610,0.18276,0.98820,0,0,42874
213.050000,341.551713,0.36618,-0.06103,-4.39416,-0.00683,0.19056,0.98747,0,0,42875
213.055000,341.551713,0.06103,0.24412,-4.69931,-0.00659,0.19935,0.98771,0,0,42876
213.060000,341.551713,-0.73236,0.85442,-4.82137,-0.00634,0.20886,0.98844,0,0,42877
213.065000,341.566764,-1.58678,1.22060,-4.63828,-0.00708,0.21448,0.99162,0,0,42878
213.070000,341.566764,-2.44120,1.46472,-4.21107,-0.00854,0.21618,0.99381,0,0,42879
213.075000,341.566764,-2.92944,1.64781,-3.72283,-0.00732,0.21716,0.99747,0,0,42880
213.080000,341.581709,-2.68532,1.40369,-3.35665,-0.00561,0.21594,0.99918,0,0,42881
213.085000,341.581709,-1.95296,0.79339,-3.11253,-0.00415,0.21179,0.99869,0,0,42882
213.090000,341.581709,-1.03751,0.00000,-2.99047,-0.00195,0.20960,0.99308,0,0,42883
213.095000,341.596827,-0.18309,-0.48824,-2.86841,-0.00024,0.20764,0.98649,0,0,42884
213.100000,341.596827,1.15957,-0.79339,-2.50223,0.00146,0.20374,0.97722,0,0,42885
213.105000,341.596827,1.83090,-0.73236,-2.38017,0.00366,0.19984,0.97210,0,0,42886
213.110000,341.611683,1.95296,-0.30515,-2.74635,0.00390,0.19910,0.97112,0,0,42887
213.115000,341.611683,1.09854,0.18309,-2.92944,0.00537,0.20179,0.97454,0,0,42888
213.120000,341.611683,-0.30515,0.54927,-3.47871,0.00732,0.20960,0.97502,0,0,42889
213.125000,341.626825,-1.22060,0.73236,-3.72283,0.00634,0.21423,0.97527,0,0,42890
213.130000,341.626825,-1.83090,1.03751,-3.60077,0.00317,0.22180,0.97649,0,0,42891
213.135000,341.626825,-1.58678,1.03751,-3.35665,-0.00024,0.22692,0.97746,0,0,42892
213.140000,341.641766,-0.30515,0.73236,-3.05150,0.00073,0.23107,0.97746,0,0,42893
213.145000,341.641766,1.76987,0.42721,-2.38017,0.00268,0.23497,0.97600,0,0,42894
213.150000,341.641766,3.23459,0.42721,-1.70884,0.00195,0.23936,0.97576,0,0,42895
213.155000,341.656634,4.08901,0.48824,-1.15957,0.00122,0.24083,0.97624,0,0,42896
213.160000,341.656634,4.51622,0.67133,-0.73236,0.00171,0.24107,0.97844,0,0,42897
213.165000,341.656634,3.60077,1.28163,-0.30515,0.00366,0.23839,0.98039,0,0,42898
213.170000,341.671750,2.31914,1.70884,0.12206,0.00537,0.23326,0.98308,0,0,42899
213.175000,341.671750,0.85442,2.50223,0.36618,0.00586,0.22497,0.98820,0,0,42900
213.180000,341.671750,0.24412,2.86841,0.36618,0.00488,0.21545,0.99454,0,0,42901
213.180000,341.686658,0.00000,2.99047,0.30515,0.00415,0.20960,1.00040,0,0,42902
213.185000,341.686658,-0.12206,2.68532,-0.06103,0.00317,0.20423,1.00918,0,0,42903
213.190000,341.686658,-0.12206,2.13605,-0.36618,0.00073,0.20228,1.01480,0,0,42904
213.195000,341.701869,-0.48824,1.46472,-1.22060,-0.00317,0.20350,1.01724,0,0,42905
213.200000,341.701869,-1.22060,1.28163,-1.76987,-0.00439,0.20667,1.01968,0,0,42906
213.205000,341.701869,-1.95296,1.03751,-2.31914,-0.00634,0.21082,1.01772,0,0,42907
213.210000,341.716587,-2.25811,0.67133,-2.62429,-0.00854,0.21277,1.01284,0,0,42908
213.215000,341.716587,-2.44120,0.24412,-2.50223,-0.01122,0.21838,1.00528,0,0,42909
213.220000,341.716587,-2.01399,0.06103,-1.89193,-0.01391,0.22277,1.00064,0,0,42910
213.225000,341.731589,-0.54927,-0.06103,-1.15957,-0.01293,0.22155,0.99674,0,0,42911
213.230000,341.731589,0.79339,-0.24412,-0.67133,-0.01049,0.21789,0.99479,0,0,42912
213.235000,341.731589,1.76987,-0.48824,-0.36618,-0.00952,0.21399,0.99210,0,0,42913
213.240000,341.746750,2.01399,-0.42721,-0.18309,-0.00927,0.20960,0.99064,0,0,42914
213.245000,341.746750,1.89193,-0.12206,-0.12206,-0.00781,0.20569,0.98893,0,0,42915
213.250000,341.746750,1.28163,-0.24412,-0.48824,-0.00683,0.20496,0.98796,0,0,42916
213.255000,341.761803,0.54927,0.00000,-1.03751,-0.00512,0.20716,0.98649,0,0,42917
213.260000,341.761803,-0.42721,0.67133,-1.52575,-0.00293,0.21130,0.98430,0,0,42918
213.265000,341.761803,-1.95296,1.64781,-1.83090,-0.00220,0.21521,0.98698,0,0,42919
213.270000,341.776889,-2.68532,2.19708,-1.89193,-0.00244,0.21740,0.99113,0,0,42920
213.275000,341.776889,-3.35665,2.50223,-1.76987,-0.00073,0.22302,0.99625,0,0,42921
213.280000,341.776889,-3.41768,2.38017,-1.52575,-0.00171,0.22790,0.99894,0,0,42922
213.285000,341.791828,-2.80738,1.58678,-1.22060,-0.00146,0.23448,0.99991,0,0,42923
213.290000,341.791828,-1.95296,0.91545,-0.79339,0.00122,0.23961,0.99723,0,0,42924
213.295000,341.791828,-1.28163,0.54927,-0.06103,0.00244,0.24229,0.99332,0,0,42925
213.300000,341.806597,-0.48824,0.30515,0.91545,0.00098,0.24180,0.99064,0,0,42926
213.305000,341.806597,0.30515,0.18309,1.95296,-0.00171,0.23863,0.98942,0,0,42927
213.310000,341.806597,0.91545,0.18309,2.74635,-0.00342,0.23278,0.98893,0,0,42928
213.315000,341.821696,1.15957,0.12206,3.05150,-0.00415,0.22546,0.98966,0,0,42929
213.320000,341.821696,1.09854,0.24412,2.80738,-0.00659,0.21765,0.99235,0,0,42930
213.325000,341.821696,0.91545,0.54927,2.56326,-0.00756,0.21155,0.99601,0,0,42931
213.330000,341.836877,0.85442,0.18309,2.38017,-0.00732,0.20984,0.99820,0,0,42932
213.335000,341.836877,0.97648,-0.06103,1.95296,-0.00805,0.20691,0.99796,0,0,42933
213.340000,341.836877,0.85442,-0.18309,1.46472,-0.00903,0.20350,0.99552,0,0,42934
213.345000,341.851655,0.24412,-0.06103,0.91545,-0.00878,0.20203,0.99259,0,0,42935
213.350000,341.851655,-0.61030,0.30515,0.67133,-0.00683,0.20301,0.98991,0,0,42936
213.355000,341.851655,-1.58678,0.54927,0.54927,-0.00537,0.20472,0.98844,0,0,42937
213.355000,341.867014,-2.01399,0.85442,0.48824,-0.00512,0.20496,0.98722,0,0,42938
213.360000,341.867014,-1.76987,1.03751,0.42721,-0.00415,0.20325,0.98942,0,0,42939
213.365000,341.867014,-1.09854,0.97648,0.48824,-0.00415,0.20398,0.99235,0,0,42940
213.370000,341.881830,0.42721,0.42721,0.79339,-0.00561,0.20789,0.99308,0,0,42941
213.375000,341.881830,1.70884,-0.12206,1.03751,-0.00683,0.21033,0.99015,0,0,42942
213.380000,341.881830,2.50223,-0.48824,1.22060,-0.00854,0.21130,0.98600,0,0,42943
213.385000,341.896812,2.80738,-0.61030,1.34266,-0.01049,0.21252,0.98210,0,0,42944
213.390000,341.896812,2.56326,-0.12206,1.52575,-0.01244,0.21155,0.97893,0,0,42945
213.395000,341.896812,1.83090,0.67133,1.83090,-0.01391,0.20838,0.98478,0,0,42946
213.400000,341.911848,0.30515,1.52575,2.01399,-0.01098,0.20350,0.99430,0,0,42947
213.405000,341.911848,-0.97648,1.76987,1.76987,-0.00976,0.20008,1.00235,0,0,42948
213.410000,341.911848,-2.44120,1.64781,1.28163,-0.01220,0.19691,1.01016,0,0,42949
213.415000,341.926836,-2.56326,1.34266,1.03751,-0.01342,0.19496,1.01309,0,0,42950
213.420000,341.926836,-2.13605,0.61030,0.85442,-0.01366,0.19203,1.01284,0,0,42951
213.425000,341.926836,-1.15957,-0.12206,0.85442,-0.01513,0.19056,1.00821,0,0,42952
213.430000,341.941816,0.48824,-0.97648,0.79339,-0.01635,0.19276,1.00040,0,0,42953
213.435000,341.941816,1.70884,-1.52575,0.73236,-0.01830,0.19666,0.98796,0,0,42954
213.440000,341.941816,2.01399,-1.40369,0.61030,-0.01928,0.20057,0.97990,0,0,42955
213.445000,341.956678,2.07502,-1.09854,0.54927,-0.01854,0.20130,0.97600,0,0,42956
213.450000,341.956678,1.89193,-0.42721,0.73236,-0.01879,0.20057,0.97722,0,0,42957
213.455000,341.956678,1.64781,0.00000,0.85442,-0.01757,0.19910,0.98308,0,0,42958
213.460000,341.971565,1.46472,0.18309,0.79339,-0.01537,0.19520,0.98991,0,0,42959
213.465000,341.971565,1.40369,0.24412,0.61030,-0.01440,0.19130,0.99820,0,0,42960
213.470000,341.971565,1.28163,0.24412,0.48824,-0.01440,0.18910,1.00772,0,0,42961
213.470000,341.986719,1.03751,-0.06103,0.36618,-0.01269,0.18739,1.01431,0,0,42962
213.475000,341.986719,0.67133,-1.03751,-0.24412,-0.01000,0.18617,1.01724,0,0,42963
213.480000,341.986719,0.12206,-1.58678,-0.85442,-0.01000,0.18812,1.01187,0,0,42964
213.485000,342.001692,-0.73236,-1.83090,-1.03751,-0.01025,0.19300,1.00552,0,0,42965
213.490000,342.001692,-1.40369,-1.89193,-0.97648,-0.01000,0.19910,0.99723,0,0,42966
213.495000,342.001692,-1.83090,-1.83090,-1.09854,-0.00976,0.20276,0.98820,0,0,42967
213.500000,342.016700,-1.95296,-1.76987,-1.34266,-0.00976,0.20423,0.98283,0,0,42968
213.505000,342.016700,-1.83090,-1.58678,-1.64781,-0.00830,0.20789,0.97478,0,0,42969
213.510000,342.016700,-1.46472,-1.15957,-1.46472,-0.00732,0.21228,0.97112,0,0,42970
213.515000,342.031850,-0.61030,-0.67133,-1.34266,-0.00659,0.21448,0.97307,0,0,42971
213.520000,342.031850,0.00000,-0.61030,-1.09854,-0.00610,0.21887,0.97649,0,0,42972
213.525000,342.031850,0.12206,-0.48824,-0.73236,-0.00634,0.22472,0.97868,0,0,42973
213.530000,342.046713,-0.18309,-0.30515,-0.48824,-0.00561,0.22643,0.97990,0,0,42974
213.535000,342.046713,-0.73236,0.00000,-0.12206,-0.00537,0.22716,0.98356,0,0,42975
213.540000,342.046713,-0.97648,0.24412,0.30515,-0.00561,0.22668,0.98698,0,0,42976
213.545000,342.061679,-1.03751,0.12206,0.79339,-0.00634,0.22326,0.98698,0,0,42977
213.550000,342.061679,-0.85442,-0.24412,1.15957,-0.00732,0.22106,0.98234,0,0,42978
213.555000,342.061679,-0.24412,-0.61030,1.46472,-0.00952,0.21716,0.97868,0,0,42979
213.560000,342.076758,0.67133,-0.73236,1.64781,-0.00927,0.21130,0.97405,0,0,42980
213.565000,342.076758,1.70884,-0.85442,1.83090,-0.01000,0.20569,0.96819,0,0,42981
213.570000,342.076758,2.62429,-1.15957,2.01399,-0.01196,0.20252,0.96526,0,0,42982
213.575000,342.091724,3.23459,-1.28163,1.95296,-0.01342,0.20106,0.96307,0,0,42983
213.580000,342.091724,3.41768,-0.97648,1.64781,-0.01196,0.19691,0.96063,0,0,42984
213.585000,342.091724,2.92944,-0.36618,1.34266,-0.00830,0.19398,0.96063,0,0,42985
213.590000,342.106740,2.13605,0.24412,1.22060,-0.00781,0.19300,0.96380,0,0,42986
213.595000,342.106740,0.67133,1.03751,1.03751,-0.00903,0.19276,0.97746,0,0,42987
213.600000,342.106740,-0.97648,1.64781,0.36618,-0.01122,0.19349,0.99162,0,0,42988
213.605000,342.121672,-1.70884,1.46472,-0.36618,-0.01244,0.19496,1.00016,0,0,42989
213.610000,342.121672,-1.52575,0.85442,-0.79339,-0.01318,0.19788,1.00699,0,0,42990
213.615000,342.121672,-0.85442,0.36618,-0.73236,-0.01269,0.20252,1.01162,0,0,42991
213.615000,342.136691,-0.06103,-0.24412,-0.61030,-0.01196,0.20569,1.01260,0,0,42992
213.620000,342.136691,0.85442,-1.09854,-0.30515,-0.01049,0.21082,1.00967,0,0,42993
213.625000,342.136691,1.28163,-1.58678,-0.30515,-0.01025,0.21179,1.00260,0,0,42994
213.630000,342.151577,1.09854,-1.58678,0.36618,-0.00903,0.20960,0.99381,0,0,42995
213.635000,342.151577,0.42721,-1.46472,0.79339,-0.00781,0.20838,0.98576,0,0,42996
213.640000,342.151577,-0.48824,-0.91545,0.97648,-0.00830,0.20545,0.97868,0,0,42997
213.645000,342.166866,-0.91545,-0.61030,0.97648,-0.00805,0.20252,0.97551,0,0,42998
213.650000,342.166866,-1.28163,-0.12206,0.97648,-0.00659,0.19740,0.97673,0,0,42999
213.655000,342.166866,-1.15957,0.18309,0.85442,-0.00610,0.19276,0.98259,0,0,43000
213.660000,342.181820,-0.42721,-0.06103,0.48824,-0.00708,0.19081,0.98576,0,0,43001
213.665000,342.181820,0.54927,-0.67133,0.18309,-0.00756,0.19130,0.98844,0,0,43002
213.670000,342.181820,1.83090,-1.22060,-0.12206,-0.00732,0.19325,0.98747,0,0,43003
213.675000,342.196606,2.74635,-1.64781,-0.18309,-0.00854,0.19496,0.98308,0,0,43004
213.680000,342.196606,4.15004,-2.50223,0.00000,-0.00903,0.19496,0.97600,0,0,43005
213.685000,342.196606,5.12652,-2.68532,0.00000,-0.00634,0.19618,0.96404,0,0,43006
213.690000,342.211857,5.00446,-2.01399,-0.18309,-0.00561,0.19910,0.95624,0,0,43007
213.695000,342.211857,3.66180,-0.54927,-0.18309,-0.00781,0.20081,0.95721,0,0,43008
213.700000,342.211857,1.22060,0.97648,-0.18309,-0.01171,0.20154,0.95843,0,0,43009
213.705000,342.226886,0.73236,1.15957,-0.24412,-0.00952,0.19618,0.95941,0,0,43010
213.710000,342.226886,0.97648,0.97648,-0.18309,-0.00439,0.18861,0.96014,0,0,43011
213.715000,342.226886,1.52575,0.97648,-0.12206,-0.00781,0.18617,0.96502,0,0,43012
213.720000,342.241773,2.80738,1.15957,-0.61030,-0.00488,0.18276,0.97039,0,0,43013
213.725000,342.241773,3.60077,0.73236,-0.91545,0.00098,0.18227,0.97698,0,0,43014
213.730000,342.241773,3.72283,0.12206,-1.22060,-0.00049,0.18861,0.98332,0,0,43015
213.730000,342.256660,3.23459,-0.12206,-1.46472,-0.00195,0.19447,0.98649,0,0,43016
213.735000,342.256660,1.58678,-0.06103,-1.76987,-0.00171,0.20569,0.99040,0,0,43017
213.740000,342.256660,0.12206,0.06103,-1.70884,0.00024,0.21594,0.99088,0,0,43018
213.745000,342.271853,-0.91545,0.18309,-0.97648,-0.00024,0.22082,0.99040,0,0,43019
213.750000,342.271853,-1.34266,0.24412,0.30515,-0.00049,0.22131,0.98966,0,0,43020
213.755000,342.271853,-1.09854,0.18309,0.97648,-0.00195,0.21984,0.98820,0,0,43021
213.760000,342.286700,-0.54927,-0.06103,1.03751,-0.00317,0.21862,0.98722,0,0,43022
213.765000,342.286700,0.06103,-0.06103,0.91545,-0.00244,0.21667,0.98430,0,0,43023
213.770000,342.286700,0.42721,0.12206,0.97648,-0.00073,0.21594,0.98308,0,0,43024
213.775000,342.301846,0.36618,0.24412,1.09854,-0.00049,0.21545,0.98381,0,0,43025
213.780000,342.301846,0.06103,0.30515,1.22060,-0.00146,0.21350,0.98381,0,0,43026
213.785000,342.301846,-0.30515,0.54927,1.22060,-0.00317,0.21130,0.98503,0,0,43027
213.790000,342.316818,-0.12206,0.67133,0.97648,-0.00390,0.20838,0.98649,0,0,43028
213.795000,342.316818,0.54927,0.67133,0.85442,-0.00488,0.20520,0.98503,0,0,43029
213.800000,342.316818,1.03751,0.67133,0.61030,-0.00512,0.20398,0.98649,0,0,43030
213.805000,342.331660,1.28163,0.79339,0.30515,-0.00488,0.20228,0.98942,0,0,43031
213.810000,342.331660,1.34266,0.97648,-0.18309,-0.00586,0.20081,0.99259,0,0,43032
213.815000,342.331660,0.97648,1.09854,-0.42721,-0.00659,0.20032,0.99332,0,0,43033
213.820000,342.346673,0.61030,0.97648,-0.30515,-0.00683,0.20130,0.99528,0,0,43034
213.825000,342.346673,0.30515,0.97648,-0.36618,-0.00781,0.20276,0.99772,0,0,43035
213.830000,342.346673,-0.06103,0.73236,-0.54927,-0.00927,0.20276,0.99894,0,0,43036
213.835000,342.361717,-0.42721,0.48824,-0.79339,-0.00878,0.20472,0.99796,0,0,43037
213.840000,342.361717,-0.36618,0.24412,-0.54927,-0.01049,0.20691,0.99650,0,0,43038
213.845000,342.361717,-0.06103,0.30515,-0.18309,-0.01049,0.20764,0.99308,0,0,43039
213.850000,342.376827,0.24412,0.42721,0.06103,-0.00952,0.20642,0.99235,0,0,43040
213.855000,342.376827,0.48824,0.42721,0.06103,-0.01000,0.20789,0.99210,0,0,43041
213.860000,342.376827,0.48824,0.48824,-0.06103,-0.01220,0.21008,0.99284,0,0,43042
213.865000,342.391639,0.42721,0.54927,-0.12206,-0.01074,0.20813,0.99601,0,0,43043
213.870000,342.391639,0.54927,0.54927,-0.06103,-0.00927,0.20886,1.00138,0,0,43044
213.875000,342.391639,0.79339,0.24412,-0.06103,-0.01122,0.21008,1.00333,0,0,43045
213.880000,342.406566,1.15957,-0.06103,0.06103,-0.01464,0.21130,1.00162,0,0,43046
213.885000,342.406566,2.31914,-0.54927,0.54927,-0.01342,0.20886,1.00260,0,0,43047
213.890000,342.406566,4.76034,-1.15957,1.46472,-0.00537,0.20130,1.00211,0,0,43048
213.895000,342.421571,5.61476,-1.58678,1.76987,-0.00830,0.19910,1.00772,0,0,43049
213.900000,342.421571,4.51622,-1.58678,1.03751,-0.01025,0.20154,1.01406,0,0,43050
213.905000,342.421571,1.83090,-0.91545,-0.24412,-0.00683,0.20716,1.01797,0,0,43051
213.910000,342.436531,-0.30515,-0.85442,-1.09854,-0.00610,0.21204,1.01894,0,0,43052
213.915000,342.436531,-2.68532,-0.54927,-1.58678,-0.00756,0.21643,1.01724,0,0,43053
213.920000,342.436531,-4.21107,-0.54927,-1.70884,-0.00732,0.21911,1.00992,0,0,43054
213.925000,342.451704,-3.90592,-0.97648,-1.95296,-0.00561,0.21911,0.99772,0,0,43055
213.930000,342.451704,-2.86841,-1.46472,-1.70884,-0.00488,0.21570,0.98405,0,0,43056
213.935000,342.451704,-1.46472,-1.52575,-1.34266,-0.00317,0.21130,0.97258,0,0,43057
213.940000,342.466663,-0.06103,-1.15957,-1.15957,-0.00220,0.20813,0.96575,0,0,43058
213.945000,342.466663,1.15957,-0.48824,-0.97648,-0.00195,0.20350,0.96526,0,0,43059
213.950000,342.466663,1.40369,-0.36618,-0.42721,-0.00268,0.19984,0.96795,0,0,43060
213.955000,342.481627,1.52575,-0.36618,0.00000,-0.00366,0.19740,0.97063,0,0,43061
213.960000,342.481627,1.34266,-0.24412,-0.06103,-0.00415,0.19398,0.97576,0,0,43062
213.965000,342.481627,0.79339,0.12206,-0.42721,-0.00464,0.19300,0.98234,0,0,43063
213.965000,342.496815,0.12206,0.42721,-0.97648,-0.00586,0.19300,0.98820,0,0,43064
213.970000,342.496815,-0.24412,0.36618,-1.46472,-0.00610,0.19642,0.99576,0,0,43065
213.975000,342.496815,-0.30515,-0.06103,-1.76987,-0.00366,0.20154,0.99845,0,0,43066
213.980000,342.511599,-0.24412,-0.73236,-1.58678,-0.00293,0.21228,0.99601,0,0,43067
213.985000,342.511599,0.06103,-1.03751,-1.09854,-0.00415,0.22009,0.98820,0,0,43068
213.990000,342.511599,0.73236,-1.15957,-0.36618,-0.00488,0.22155,0.97844,0,0,43069
213.995000,342.526726,1.15957,-0.97648,-0.12206,-0.00439,0.21984,0.97283,0,0,43070
214.000000,342.526726,1.58678,-0.79339,0.06103,-0.00415,0.21618,0.96892,0,0,43071
214.005000,342.526726,1.95296,-0.36618,0.12206,-0.00439,0.21374,0.96746,0,0,43072
214.010000,342.541821,1.58678,0.18309,0.36618,-0.00537,0.21350,0.96844,0,0,43073
214.015000,342.541821,0.85442,0.48824,0.48824,-0.00537,0.21301,0.97356,0,0,43074
214.020000,342.541821,0.06103,0.85442,0.30515,-0.00537,0.20911,0.98234,0,0,43075
214.025000,342.556679,-0.48824,1.15957,0.00000,-0.00537,0.20520,0.98649,0,0,43076
214.030000,342.556679,-0.91545,1.34266,-0.06103,-0.00634,0.20228,0.99528,0,0,43077
214.035000,342.556679,-0.97648,0.97648,0.00000,-0.00586,0.20154,1.00308,0,0,43078
214.040000,342.571789,-0.61030,0.18309,-0.36618,-0.00537,0.20276,1.00601,0,0,43079
214.045000,342.571789,-0.36618,-0.42721,-0.79339,-0.00512,0.20691,1.00504,0,0,43080
214.050000,342.571789,-0.06103,-0.79339,-0.79339,-0.00683,0.21106,1.00113,0,0,43081
214.055000,342.586838,0.12206,-1.03751,-0.67133,-0.00634,0.21301,0.99796,0,0,43082
214.060000,342.586838,0.61030,-1.40369,-0.54927,-0.00537,0.21545,0.99088,0,0,43083
214.065000,342.586838,0.97648,-1.46472,-0.48824,-0.00488,0.21545,0.98332,0,0,43084
214.070000,342.601737,1.40369,-1.22060,-0.06103,-0.00415,0.21252,0.97771,0,0,43085
214.075000,342.601737,1.52575,-0.97648,0.36618,-0.00464,0.21033,0.97649,0,0,43086
214.080000,342.601737,1.34266,-0.73236,0.67133,-0.00488,0.20838,0.97820,0,0,43087
214.080000,342.616603,0.97648,-0.54927,0.61030,-0.00512,0.20594,0.97893,0,0,43088
214.085000,342.616603,0.18309,-0.30515,0.24412,-0.00512,0.20154,0.97844,0,0,43089
214.090000,342.616603,-0.48824,-0.24412,0.06103,-0.00537,0.19886,0.97966,0,0,43090
214.095000,342.631797,-0.79339,-0.18309,-0.18309,-0.00610,0.19691,0.98064,0,0,43091
214.100000,342.631797,-0.79339,0.06103,-0.67133,-0.00756,0.19642,0.98112,0,0,43092
214.105000,342.631797,-0.85442,0.12206,-1.03751,-0.00756,0.19788,0.98454,0,0,43093
214.110000,342.646678,-0.97648,0.06103,-1.34266,-0.00634,0.20032,0.98649,0,0,43094
214.115000,342.646678,-1.09854,-0.12206,-1.52575,-0.00561,0.20545,0.98503,0,0,43095
214.120000,342.646678,-1.70884,-0.12206,-1.40369,-0.00586,0.20911,0.98356,0,0,43096
214.125000,342.661656,-2.19708,0.18309,-1.22060,-0.00683,0.21204,0.98308,0,0,43097
214.130000,342.661656,-2.44120,0.48824,-1.03751,-0.00586,0.21350,0.98137,0,0,43098
214.135000,342.661656,-2.13605,0.42721,-0.97648,-0.00537,0.21204,0.97844,0,0,43099
214.140000,342.676818,-1.64781,0.36618,-0.91545,-0.00512,0.21008,0.97868,0,0,43100
214.145000,342.676818,-0.54927,0.30515,-0.73236,-0.00293,0.20667,0.97722,0,0,43101
214.150000,342.676818,0.97648,0.24412,-0.36618,-0.00342,0.20716,0.98186,0,0,43102
214.155000,342.691820,1.89193,0.24412,0.00000,-0.00610,0.20862,0.99162,0,0,43103
214.160000,342.691820,2.50223,-0.06103,0.00000,-0.00610,0.21057,0.99796,0,0,43104
214.165000,342.691820,2.25811,-0.06103,-0.24412,-0.00537,0.21472,1.00162,0,0,43105
214.170000,342.706562,1.46472,-0.18309,-0.42721,-0.00390,0.21960,1.00357,0,0,43106
214.175000,342.706562,-0.12206,-0.12206,-0.24412,-0.00171,0.22472,1.00504,0,0,43107
214.180000,342.706562,-2.68532,0.30515,0.24412,-0.00268,0.22546,1.00528,0,0,43108
214.185000,342.721505,-3.84489,0.42721,0.42721,-0.00366,0.22253,1.00504,0,0,43109
214.190000,342.721505,-4.69931,0.73236,0.36618,-0.00415,0.21472,1.00528,0,0,43110
214.195000,342.721505,-4.51622,0.67133,0.12206,-0.00439,0.20594,1.00601,0,0,43111
214.200000,342.736726,-3.05150,0.00000,-0.24412,-0.00561,0.20179,1.00406,0,0,43112
214.205000,342.736726,-1.03751,-0.85442,-0.91545,-0.00708,0.20032,0.99967,0,0,43113
214.210000,342.736726,0.00000,-1.09854,-1.28163,-0.00756,0.20130,0.99552,0,0,43114
214.215000,342.751562,0.18309,-1.09854,-1.40369,-0.00952,0.20325,0.99406,0,0,43115
214.220000,342.751562,-0.18309,-0.91545,-1.28163,-0.00927,0.20496,0.99210,0,0,43116
214.225000,342.751562,-0.67133,-0.85442,-1.22060,-0.01098,0.20520,0.99137,0,0,43117
214.230000,342.766774,-0.73236,-1.15957,-1.40369,-0.01586,0.20423,0.99308,0,0,43118
214.235000,342.766774,-0.06103,-1.34266,-1.46472,-0.01537,0.20496,0.99235,0,0,43119
214.240000,342.766774,0.48824,-1.40369,-1.34266,-0.01220,0.20594,0.99552,0,0,43120
214.245000,342.781589,0.91545,-1.52575,-1.03751,-0.00903,0.20740,0.99942,0,0,43121
214.250000,342.781589,1.40369,-1.95296,-0.91545,-0.00830,0.20960,0.99796,0,0,43122
214.255000,342.781589,1.76987,-2.50223,-0.79339,-0.00781,0.21130,0.99235,0,0,43123
214.255000,342.796824,2.07502,-2.62429,-0.54927,-0.00634,0.21228,0.98649,0,0,43124
214.260000,342.796824,2.19708,-2.50223,-0.30515,-0.00512,0.21204,0.98088,0,0,43125
214.265000,342.796824,1.89193,-2.07502,-0.30515,-0.00390,0.20911,0.97820,0,0,43126
214.270000,342.811840,0.91545,-1.40369,-0.61030,-0.00171,0.20691,0.97454,0,0,43127
214.275000,342.811840,-0.12206,-0.85442,-1.03751,0.00073,0.20716,0.97332,0,0,43128
214.280000,342.811840,-1.58678,0.00000,-1.46472,0.00244,0.20618,0.97429,0,0,43129
214.285000,342.826623,-2.38017,0.85442,-2.07502,0.00146,0.20740,0.98186,0,0,43130
214.290000,342.826623,-2.50223,1.22060,-2.44120,0.00122,0.21228,0.99186,0,0,43131
214.295000,342.826623,-2.07502,1.03751,-2.74635,0.00220,0.21838,0.99991,0,0,43132
214.300000,342.841643,-1.64781,0.24412,-2.80738,0.00342,0.22424,1.00235,0,0,43133
214.305000,342.841643,-1.40369,-0.54927,-1.95296,0.00171,0.23107,1.00357,0,0,43134
214.310000,342.841643,-1.28163,-1.03751,-1.40369,0.00049,0.23473,0.99820,0,0,43135
214.315000,342.856703,-1.40369,-1.34266,-1.28163,0.00049,0.23644,0.98771,0,0,43136
214.320000,342.856703,-1.95296,-1.15957,-1.09854,0.00049,0.23766,0.97966,0,0,43137
214.325000,342.856703,-2.38017,-0.61030,-0.42721,0.00195,0.23839,0.97527,0,0,43138
214.330000,342.871844,-2.56326,-0.24412,0.30515,0.00342,0.23424,0.97454,0,0,43139
214.335000,342.871844,-2.50223,-0.06103,1.15957,0.00244,0.23034,0.97624,0,0,43140
214.340000,342.871844,-2.01399,-0.18309,1.76987,0.00024,0.22302,0.97454,0,0,43141
214.345000,342.886605,-1.40369,-0.36618,2.13605,-0.00073,0.21618,0.97283,0,0,43142
214.350000,342.886605,-0.12206,-0.54927,2.74635,0.00049,0.20716,0.96892,0,0,43143
214.355000,342.886605,1.03751,-0.54927,2.99047,0.00073,0.19740,0.96697,0,0,43144
214.360000,342.901629,2.50223,-0.54927,2.74635,-0.00244,0.18812,0.96600,0,0,43145
214.365000,342.901629,3.23459,-0.42721,2.13605,-0.00439,0.18446,0.96868,0,0,43146
214.370000,342.901629,3.17356,-0.30515,1.40369,-0.00439,0.18324,0.97283,0,0,43147
214.375000,342.916696,2.68532,-0.12206,0.85442,-0.00439,0.18446,0.97722,0,0,43148
214.380000,342.916696,1.46472,0.00000,0.06103,-0.00634,0.18764,0.98283,0,0,43149
214.385000,342.916696,0.30515,0.12206,-0.48824,-0.00830,0.19032,0.98527,0,0,43150
214.390000,342.931815,-1.15957,0.30515,-1.15957,-0.00683,0.19569,0.98893,0,0,43151
214.395000,342.931815,-1.58678,0.54927,-1.70884,-0.00586,0.20203,0.99357,0,0,43152
214.400000,342.931815,-1.89193,0.42721,-1.76987,-0.00488,0.20716,0.99528,0,0,43153
214.405000,342.946661,-1.64781,0.12206,-1.46472,-0.00488,0.21106,0.99454,0,0,43154
214.410000,342.946661,-1.15957,-0.06103,-1.15957,-0.00488,0.21252,0.99747,0,0,43155
214.415000,342.946661,-0.61030,-0.24412,-0.85442,-0.00366,0.21057,0.99918,0,0,43156
214.420000,342.961704,-0.06103,-0.79339,-0.85442,-0.00171,0.20984,0.99942,0,0,43157
214.425000,342.961704,0.24412,-1.22060,-0.79339,-0.00171,0.21082,0.99503,0,0,43158
214.430000,342.961704,0.18309,-1.22060,-0.85442,-0.00171,0.21252,0.99186,0,0,43159
214.435000,342.976841,-0.36618,-0.97648,-0.85442,0.00024,0.21374,0.98918,0,0,43160
214.440000,342.976841,-1.52575,-0.54927,-0.48824,0.00293,0.21155,0.98966,0,0,43161
214.445000,342.976841,-2.50223,-0.24412,-0.12206,0.00000,0.21057,0.99137,0,0,43162
214.450000,342.991824,-2.80738,-0.24412,-0.06103,-0.00293,0.21033,0.98942,0,0,43163
214.455000,342.991824,-2.44120,-0.30515,-0.36618,-0.00390,0.20716,0.98869,0,0,43164
214.460000,342.991824,-1.52575,-0.36618,-0.73236,-0.00244,0.20350,0.98991,0,0,43165
214.465000,343.006847,-0.61030,-0.54927,-0.91545,-0.00171,0.20472,0.98942,0,0,43166
214.470000,343.006847,0.91545,-0.79339,-0.79339,-0.00244,0.20911,0.98991,0,0,43167
214.475000,343.006847,1.52575,-0.97648,-0.42721,-0.00464,0.21277,0.99162,0,0,43168
214.480000,343.021646,1.34266,-0.97648,-0.42721,-0.00610,0.21448,0.99235,0,0,43169
214.485000,343.021646,-0.06103,-0.79339,-0.61030,-0.00659,0.21326,0.99186,0,0,43170
214.490000,343.021646,-1.28163,-0.54927,-0.48824,-0.00537,0.20984,0.99088,0,0,43171
214.490000,343.036734,-2.13605,-0.48824,-0.18309,-0.00415,0.20716,0.99040,0,0,43172
214.495000,343.036734,-2.86841,-0.42721,0.24412,-0.00342,0.20228,0.98869,0,0,43173
214.500000,343.036734,-2.62429,-0.48824,0.30515,-0.00293,0.19544,0.98478,0,0,43174
214.505000,343.051806,-2.13605,-0.48824,0.00000,-0.00098,0.19032,0.98259,0,0,43175
214.510000,343.051806,-1.34266,-0.73236,-0.18309,0.00024,0.18812,0.98234,0,0,43176
214.515000,343.051806,-0.61030,-0.91545,-0.36618,-0.00024,0.18837,0.98283,0,0,43177
214.520000,343.066831,-0.18309,-1.15957,-0.73236,-0.00293,0.19105,0.98234,0,0,43178
214.525000,343.066831,-0.54927,-1.09854,-1.34266,-0.00464,0.19447,0.97893,0,0,43179
214.530000,343.066831,-1.03751,-0.73236,-1.95296,-0.00342,0.19520,0.97698,0,0,43180
214.535000,343.081697,-1.52575,-0.24412,-2.38017,-0.00146,0.19764,0.97990,0,0,43181
214.540000,343.081697,-1.89193,-0.06103,-2.62429,0.00195,0.20057,0.98308,0,0,43182
214.545000,343.081697,-1.83090,-0.36618,-2.62429,0.00561,0.20203,0.98405,0,0,43183
214.550000,343.096761,-1.34266,-0.48824,-2.44120,0.00610,0.20618,0.98722,0,0,43184
214.555000,343.096761,-0.85442,-0.79339,-2.19708,0.00610,0.21252,0.98942,0,0,43185
214.560000,343.096761,-0.42721,-1.03751,-1.64781,0.00659,0.22033,0.98796,0,0,43186
214.565000,343.111834,-0.24412,-1.22060,-1.03751,0.00610,0.22472,0.98430,0,0,43187
214.570000,343.111834,-0.24412,-1.09854,-0.42721,0.00122,0.22814,0.98381,0,0,43188
214.575000,343.111834,-0.18309,-0.73236,-0.06103,-0.00268,0.22960,0.98527,0,0,43189
214.580000,343.126550,-0.12206,-0.36618,0.36618,0.00244,0.23082,0.98381,0,0,43190
214.585000,343.126550,-0.30515,-0.36618,0.67133,-0.00122,0.23034,0.98552,0,0,43191
214.590000,343.126550,-0.91545,0.24412,1.15957,-0.01098,0.22960,0.98649,0,0,43192
214.595000,343.141618,-2.01399,0.00000,1.34266,-0.00830,0.22643,0.98747,0,0,43193
214.600000,343.141618,-3.29562,0.12206,1.46472,-0.00512,0.22009,0.98552,0,0,43194
214.605000,343.141618,-4.15004,0.30515,1.46472,-0.00683,0.21008,0.98527,0,0,43195
214.610000,343.156612,-4.39416,0.24412,1.64781,-0.00732,0.20423,0.98552,0,0,43196
214.615000,343.156612,-3.53974,-0.18309,1.89193,-0.00512,0.19813,0.98503,0,0,43197
214.620000,343.156612,-2.31914,-0.79339,1.76987,-0.00317,0.19203,0.98112,0,0,43198
214.625000,343.171826,-0.18309,-1.52575,1.52575,-0.00439,0.18812,0.97576,0,0,43199
214.630000,343.171826,1.40369,-1.70884,1.34266,-0.00342,0.18690,0.97307,0,0,43200
214.635000,343.171826,2.38017,-1.58678,1.03751,-0.00146,0.18886,0.97502,0,0,43201
214.640000,343.186608,2.62429,-1.34266,0.85442,-0.00024,0.19178,0.97844,0,0,43202
214.645000,343.186608,1.95296,-0.97648,0.67133,-0.00195,0.19520,0.98332,0,0,43203
214.650000,343.186608,1.34266,-0.73236,0.48824,-0.00317,0.19544,0.98649,0,0,43204
214.655000,343.201724,0.36618,-0.18309,0.06103,-0.00634,0.19398,0.98942,0,0,43205
214.660000,343.201724,-0.30515,0.24412,0.00000,-0.00927,0.19203,0.99723,0,0,43206
214.665000,343.201724,-0.79339,0.18309,-0.24412,-0.00683,0.19349,1.00284,0,0,43207
214.670000,343.216569,-1.15957,-0.12206,-0.48824,-0.00537,0.19422,1.00455,0,0,43208
214.675000,343.216569,-1.76987,-0.54927,-1.03751,-0.00586,0.19691,1.00064,0,0,43209
214.680000,343.216569,-1.89193,-0.91545,-1.09854,-0.00781,0.19959,0.99503,0,0,43210
214.685000,343.231819,-1.58678,-1.03751,-1.15957,-0.00732,0.20130,0.98722,0,0,43211
214.690000,343.231819,-1.03751,-0.91545,-0.91545,-0.00683,0.20301,0.97917,0,0,43212
214.695000,343.231819,-0.42721,-0.85442,-0.79339,-0.00610,0.20520,0.97356,0,0,43213
214.695000,343.246659,0.00000,-0.79339,-0.48824,-0.00561,0.20569,0.97136,0,0,43214
214.700000,343.246659,0.30515,-0.61030,0.12206,-0.00561,0.20398,0.97088,0,0,43215
214.705000,343.246659,0.12206,-0.18309,0.61030,-0.00610,0.20179,0.97063,0,0,43216
214.710000,343.261836,0.00000,0.00000,0.54927,-0.00512,0.19862,0.97136,0,0,43217
214.715000,343.261836,0.06103,0.18309,0.30515,-0.00439,0.19642,0.97283,0,0,43218
214.720000,343.261836,0.36618,0.30515,-0.12206,-0.00317,0.19593,0.97551,0,0,43219
214.725000,343.276695,0.67133,0.30515,-0.30515,-0.00293,0.19593,0.97990,0,0,43220
214.730000,343.276695,0.67133,0.30515,-0.36618,-0.00098,0.19618,0.98478,0,0,43221
214.735000,343.276695,0.67133,0.18309,-0.67133,0.00171,0.19886,0.98893,0,0,43222
214.740000,343.291828,0.67133,-0.06103,-1.09854,0.00073,0.20203,0.99137,0,0,43223
214.745000,343.291828,0.79339,-0.30515,-1.40369,-0.00073,0.20472,0.99454,0,0,43224
214.750000,343.291828,0.67133,-0.79339,-1.40369,0.00073,0.20789,0.99576,0,0,43225
214.755000,343.306726,0.42721,-1.09854,-1.34266,0.00244,0.20911,0.99332,0,0,43226
214.760000,343.306726,-0.24412,-1.58678,-1.28163,0.00390,0.20838,0.98649,0,0,43227
214.765000,343.306726,-0.73236,-1.46472,-1.22060,0.00244,0.20984,0.97966,0,0,43228
214.770000,343.321661,-1.15957,-0.85442,-1.34266,0.00366,0.21301,0.97161,0,0,43229
214.775000,343.321661,-1.76987,0.24412,-1.40369,0.00512,0.21570,0.96795,0,0,43230
214.780000,343.321661,-2.13605,0.73236,-0.91545,0.00512,0.21838,0.96795,0,0,43231
214.785000,343.336671,-1.89193,0.97648,-0.06103,0.00488,0.21960,0.96868,0,0,43232
214.790000,343.336671,-1.40369,0.91545,0.79339,0.00390,0.21887,0.96966,0,0,43233
214.795000,343.336671,-0.48824,1.34266,1.52575,0.00195,0.21521,0.97429,0,0,43234
214.800000,343.351707,0.18309,1.83090,1.70884,0.00171,0.20984,0.98112,0,0,43235
214.805000,343.351707,0.48824,2.13605,1.64781,0.00220,0.20374,0.98918,0,0,43236
214.810000,343.351707,0.48824,2.38017,1.64781,0.00293,0.19715,0.99625,0,0,43237
214.815000,343.366577,0.06103,2.25811,1.58678,0.00366,0.19422,1.00186,0,0,43238
214.820000,343.366577,-0.67133,2.07502,1.34266,0.00049,0.19203,1.00772,0,0,43239
214.825000,343.366577,-1.40369,1.89193,0.91545,-0.00244,0.19130,1.01089,0,0,43240
214.830000,343.381770,-1.95296,1.46472,0.36618,-0.00390,0.19276,1.01333,0,0,43241
214.835000,343.381770,-2.01399,1.09854,-0.06103,-0.00390,0.19325,1.01236,0,0,43242
214.840000,343.381770,-1.58678,0.54927,0.00000,-0.00439,0.19422,1.00723,0,0,43243
214.840000,343.396680,-1.15957,0.24412,0.18309,-0.00439,0.19447,1.00406,0,0,43244
214.845000,343.396680,-0.36618,-0.06103,0.42721,-0.00537,0.19422,0.99942,0,0,43245
214.850000,343.396680,0.48824,-0.18309,0.36618,-0.00659,0.19081,0.99698,0,0,43246
214.855000,343.411681,0.67133,-0.30515,-0.06103,-0.00634,0.18764,0.99772,0,0,43247
214.860000,343.411681,0.12206,-0.12206,-0.73236,-0.00537,0.18593,0.99942,0,0,43248
214.865000,343.411681,-0.85442,0.30515,-1.52575,-0.00439,0.18690,1.00284,0,0,43249
214.870000,343.426665,-1.95296,0.54927,-1.83090,-0.00390,0.18837,1.00601,0,0,43250
214.875000,343.426665,-3.53974,0.85442,-2.25811,-0.00342,0.19349,1.01211,0,0,43251
214.880000,343.426665,-5.24858,0.91545,-2.68532,-0.00171,0.19959,1.01016,0,0,43252
214.885000,343.441597,-6.53021,1.09854,-2.38017,0.00146,0.20179,1.00552,0,0,43253
214.890000,343.441597,-7.14051,1.09854,-1.40369,-0.00098,0.20301,1.00650,0,0,43254
214.895000,343.441597,-6.16403,0.73236,-0.36618,-0.00342,0.20252,1.00748,0,0,43255
214.900000,343.456575,-4.63828,0.48824,-0.06103,-0.00390,0.20228,1.00577,0,0,43256
214.905000,343.456575,-1.52575,-0.61030,-0.06103,-0.00512,0.20496,1.00357,0,0,43257
214.910000,343.456575,0.79339,-1.40369,0.36618,-0.00537,0.20740,0.99942,0,0,43258
214.915000,343.471590,2.80738,-2.01399,1.03751,-0.00390,0.20911,0.99040,0,0,43259
214.920000,343.471590,2.99047,-1.89193,1.28163,-0.00317,0.20716,0.98234,0,0,43260
214.925000,343.471590,2.07502,-1.28163,1.28163,-0.00366,0.20350,0.97917,0,0,43261
214.930000,343.486603,1.09854,-0.61030,1.15957,-0.00415,0.20057,0.97942,0,0,43262
214.935000,343.486603,-0.54927,0.06103,0.97648,-0.00464,0.19618,0.98332,0,0,43263
214.940000,343.486603,-1.15957,0.30515,0.73236,-0.00586,0.19154,0.98966,0,0,43264
214.945000,343.501585,-0.67133,0.18309,0.30515,-0.00561,0.18934,0.99308,0,0,43265
214.950000,343.501585,-0.06103,-0.24412,0.06103,-0.00439,0.18983,0.99747,0,0,43266
214.955000,343.501585,0.42721,-0.61030,0.18309,-0.00439,0.19252,1.00040,0,0,43267
214.955000,343.516467,0.61030,-0.79339,0.24412,-0.00415,0.19447,0.99796,0,0,43268
214.960000,343.516467,0.54927,-1.03751,0.30515,-0.00439,0.19618,0.99137,0,0,43269
214.965000,343.516467,0.24412,-1.03751,0.24412,-0.00488,0.19496,0.98698,0,0,43270
214.970000,343.531426,-0.12206,-1.09854,0.06103,-0.00049,0.19203,0.98332,0,0,43271
214.975000,343.531426,-0.73236,-0.85442,-0.12206,0.00293,0.19203,0.98381,0,0,43272
214.980000,343.531426,-1.15957,-0.48824,0.12206,-0.00024,0.19374,0.98722,0,0,43273
214.985000,343.546428,-1.52575,-0.30515,0.42721,-0.00220,0.19422,0.99137,0,0,43274
214.990000,343.546428,-1.70884,-0.42721,0.73236,-0.00195,0.19471,0.99430,0,0,43275
214.995000,343.546428,-1.40369,-0.67133,0.48824,-0.00342,0.19666,0.99357,0,0,43276
215.000000,343.561430,-0.91545,-0.73236,0.24412,-0.00512,0.19935,0.99186,0,0,43277
215.005000,343.561430,-0.12206,-0.85442,0.36618,-0.00610,0.19935,0.99064,0,0,43278
215.010000,343.561430,0.42721,-0.91545,0.42721,-0.00415,0.19886,0.98600,0,0,43279
215.015000,343.576433,0.85442,-0.97648,0.36618,-0.00268,0.19788,0.98381,0,0,43280
215.020000,343.576433,1.28163,-1.03751,0.36618,-0.00317,0.19935,0.98332,0,0,43281
215.025000,343.576433,1.58678,-0.85442,0.42721,-0.00342,0.20008,0.98186,0,0,43282
215.030000,343.591471,1.70884,-0.61030,0.36618,-0.00220,0.19691,0.98137,0,0,43283
215.035000,343.591471,1.52575,-0.54927,0.12206,0.00000,0.19374,0.98234,0,0,43284
215.040000,343.591471,1.40369,-0.61030,-0.12206,-0.00098,0.19105,0.98308,0,0,43285
215.045000,343.606519,0.97648,-0.61030,-0.48824,0.00024,0.18886,0.98186,0,0,43286
215.050000,343.606519,0.24412,-0.54927,-0.91545,0.00293,0.18666,0.98088,0,0,43287
215.055000,343.606519,-0.79339,-0.30515,-1.03751,0.00488,0.18764,0.98112,0,0,43288
215.060000,343.621643,-1.64781,-0.42721,-0.67133,0.00366,0.19130,0.98137,0,0,43289
215.065000,343.621643,-1.95296,-0.18309,-0.85442,0.00220,0.19471,0.97844,0,0,43290
215.070000,343.621643,-2.01399,0.00000,-0.91545,0.00171,0.19666,0.97746,0,0,43291
215.075000,343.636524,-2.13605,-0.18309,-0.54927,0.00024,0.19691,0.97722,0,0,43292
215.080000,343.636524,-1.83090,-0.48824,0.00000,-0.00049,0.19666,0.97405,0,0,43293
215.085000,343.636524,-0.61030,-0.54927,0.18309,-0.00171,0.19520,0.96795,0,0,43294
215.090000,343.651755,0.24412,-0.30515,0.12206,-0.00195,0.19252,0.96526,0,0,43295
215.095000,343.651755,0.85442,0.06103,0.24412,0.00146,0.18910,0.96453,0,0,43296
215.100000,343.651755,1.58678,0.30515,0.18309,0.00659,0.18788,0.96526,0,0,43297
215.105000,343.666771,1.89193,0.30515,0.12206,0.00830,0.18715,0.96746,0,0,43298
215.110000,343.666771,1.95296,0.48824,0.00000,0.00830,0.18739,0.97283,0,0,43299
215.115000,343.666771,1.64781,0.79339,-0.18309,0.00805,0.18934,0.97746,0,0,43300
215.120000,343.681811,0.91545,0.85442,-0.36618,0.00708,0.19008,0.98308,0,0,43301
215.125000,343.681811,0.24412,0.67133,-0.61030,0.00610,0.18959,0.98503,0,0,43302
215.130000,343.681811,-0.67133,0.24412,-0.85442,0.00537,0.19008,0.98747,0,0,43303
215.135000,343.696641,-1.34266,0.00000,-0.97648,0.00244,0.19252,0.98649,0,0,43304
215.140000,343.696641,-1.76987,-0.06103,-1.15957,-0.00146,0.19691,0.98478,0,0,43305
215.145000,343.696641,-1.83090,-0.18309,-1.15957,-0.00366,0.20228,0.98308,0,0,43306
215.150000,343.711619,-1.40369,-0.36618,-1.15957,-0.00366,0.20667,0.97649,0,0,43307
215.155000,343.711619,-0.67133,-0.54927,-0.85442,-0.00366,0.21057,0.96722,0,0,43308
215.160000,343.711619,-0.12206,-0.30515,0.06103,-0.00464,0.21326,0.96356,0,0,43309
215.165000,343.726633,0.73236,0.18309,0.85442,-0.00415,0.21326,0.96502,0,0,43310
215.170000,343.726633,1.15957,0.61030,1.34266,-0.00268,0.20813,0.96819,0,0,43311
215.175000,343.726633,1.34266,0.85442,1.58678,-0.00244,0.20423,0.97136,0,0,43312
215.180000,343.741646,1.09854,0.97648,1.64781,-0.00390,0.19862,0.97454,0,0,43313
215.185000,343.741646,0.67133,1.52575,1.46472,-0.00439,0.19154,0.97795,0,0,43314
215.190000,343.741646,0.30515,2.13605,1.15957,-0.00342,0.18202,0.98430,0,0,43315
215.190000,343.756999,0.12206,2.25811,1.03751,-0.00342,0.17788,0.99015,0,0,43316
215.195000,343.756999,-0.18309,1.89193,0.73236,-0.00220,0.17446,0.99918,0,0,43317
215.200000,343.756999,-0.36618,1.40369,0.18309,-0.00098,0.17544,1.00308,0,0,43318
215.205000,343.771832,-0.91545,1.09854,-0.54927,-0.00049,0.17910,1.00479,0,0,43319
215.210000,343.771832,-1.40369,0.91545,-0.97648,-0.00293,0.18349,1.00626,0,0,43320
215.215000,343.771832,-2.01399,0.67133,-1.22060,-0.00366,0.18837,1.00235,0,0,43321
215.220000,343.787132,-2.74635,0.54927,-1.46472,-0.00317,0.19008,0.99601,0,0,43322
215.225000,343.787132,-5.55373,0.79339,-2.25811,-0.00317,0.18886,0.97576,0,0,43323
215.230000,343.787132,-9.58171,1.89193,-2.92944,-0.01025,0.18739,0.96136,0,0,43324
215.235000,343.801588,-14.40308,4.39416,-3.41768,-0.01074,0.18227,0.95794,0,0,43325
215.240000,343.801588,-16.53913,6.16403,-4.08901,-0.00537,0.17617,0.96136,0,0,43326
215.245000,343.801588,-17.39355,6.65227,-4.76034,-0.00610,0.17592,0.97258,0,0,43327
215.250000,343.816852,-16.84428,6.53021,-4.82137,-0.00805,0.17544,0.98112,0,0,43328
215.255000,343.816852,-14.34205,6.28609,-4.63828,-0.00586,0.17495,0.99162,0,0,43329
215.260000,343.816852,-11.35158,5.73682,-4.15004,-0.00488,0.17763,1.00406,0,0,43330
215.265000,343.831486,-6.71330,4.15004,-3.11253,-0.00952,0.18349,1.01382,0,0,43331
215.270000,343.831486,-1.64781,2.25811,-2.13605,-0.01000,0.18910,1.01894,0,0,43332
215.275000,343.831486,2.07502,0.91545,-1.64781,-0.00805,0.19666,1.02016,0,0,43333
215.280000,343.846834,5.18755,-0.30515,-1.22060,-0.00927,0.20374,1.01797,0,0,43334
215.285000,343.846834,7.20154,-1.34266,-0.36618,-0.00878,0.20886,1.01260,0,0,43335
215.290000,343.846834,7.87287,-2.01399,0.24412,-0.00708,0.21033,1.00601,0,0,43336
215.295000,343.861709,6.89639,-2.01399,0.54927,-0.00586,0.20838,0.99894,0,0,43337
215.300000,343.861709,3.90592,-1.64781,0.73236,-0.00488,0.20594,0.98820,0,0,43338
215.305000,343.861709,1.09854,-0.91545,0.91545,-0.00488,0.20154,0.98088,0,0,43339
215.310000,343.876612,-0.91545,-0.24412,1.09854,-0.00415,0.19593,0.97966,0,0,43340
215.315000,343.876612,-3.23459,0.67133,1.03751,-0.00244,0.18593,0.98137,0,0,43341
215.320000,343.876612,-4.02798,1.03751,0.61030,-0.00122,0.18178,0.98356,0,0,43342
215.325000,343.891830,-4.02798,1.15957,0.12206,-0.00195,0.18080,0.98552,0,0,43343
215.330000,343.891830,-3.17356,1.28163,-0.36618,-0.00293,0.18398,0.98991,0,0,43344
215.335000,343.891830,-2.31914,1.34266,-0.30515,-0.00366,0.18837,0.99284,0,0,43345
215.335000,343.906555,-1.70884,1.15957,-0.42721,-0.00415,0.19130,0.99381,0,0,43346
215.340000,343.906555,-0.54927,0.61030,-0.73236,-0.00342,0.19422,0.99357,0,0,43347
215.345000,343.906555,0.00000,0.36618,-0.67133,-0.00342,0.19618,0.99357,0,0,43348
215.350000,343.921669,0.54927,0.42721,-0.12206,-0.00171,0.19837,0.99576,0,0,43349
215.355000,343.921669,0.97648,0.36618,0.30515,-0.00024,0.19788,0.99698,0,0,43350
215.360000,343.921669,1.58678,0.36618,0.48824,-0.00122,0.19764,0.99991,0,0,43351
215.365000,343.936858,1.70884,0.36618,0.61030,-0.00244,0.19862,1.00308,0,0,43352
215.370000,343.936858,2.31914,0.48824,0.85442,-0.00390,0.20276,1.00967,0,0,43353
215.375000,343.936858,2.99047,-0.12206,1.83090,-0.00512,0.20862,1.01553,0,0,43354
215.380000,343.951807,3.66180,-0.67133,2.56326,-0.00586,0.21228,1.01846,0,0,43355
215.385000,343.951807,4.57725,-1.22060,3.11253,-0.00610,0.21399,1.02041,0,0,43356
215.390000,343.951807,6.28609,-2.07502,3.72283,-0.00659,0.21326,1.02016,0,0,43357
215.395000,343.966736,7.38463,-2.68532,4.21107,-0.00561,0.21301,1.01992,0,0,43358
215.400000,343.966736,8.23905,-3.47871,4.88240,-0.00317,0.21204,1.01260,0,0,43359
215.405000,343.966736,7.07948,-3.90592,5.24858,-0.00488,0.21204,1.00674,0,0,43360
215.410000,343.981763,1.58678,-3.35665,5.12652,-0.00195,0.21399,0.99454,0,0,43361
215.415000,343.981763,-4.15004,-1.83090,5.12652,-0.00146,0.20325,0.98283,0,0,43362
215.420000,343.981763,-10.13098,0.30515,4.88240,-0.00683,0.19178,0.98088,0,0,43363
215.425000,343.996584,-12.87733,1.52575,4.15004,-0.00464,0.18056,0.98625,0,0,43364
215.430000,343.996584,-13.60969,2.25811,3.35665,-0.00098,0.16836,0.99088,0,0,43365
215.435000,343.996584,-12.38909,1.89193,2.68532,-0.00024,0.16397,0.99698,0,0,43366
215.440000,344.011696,-10.25304,0.91545,1.83090,0.00464,0.16421,0.99723,0,0,43367
215.445000,344.011696,-7.75081,-0.30515,1.52575,-0.00024,0.15811,0.98966,0,0,43368
215.450000,344.011696,-5.79785,-0.42721,2.80738,-0.00805,0.15494,0.99064,0,0,43369
215.455000,344.026827,-3.11253,-0.85442,2.92944,-0.00268,0.15079,0.98893,0,0,43370
215.460000,344.026827,0.36618,-1.76987,2.07502,0.00024,0.14713,0.98332,0,0,43371
215.465000,344.026827,3.47871,-2.56326,0.67133,-0.00317,0.15421,0.98234,0,0,43372
215.470000,344.041817,4.69931,-1.95296,-0.42721,-0.00342,0.16275,0.98137,0,0,43373
215.475000,344.041817,4.63828,-1.58678,-1.09854,-0.00317,0.17300,0.98430,0,0,43374
215.480000,344.041817,3.60077,-1.22060,-1.58678,-0.00464,0.18471,0.98454,0,0,43375
215.480000,344.056825,2.44120,-0.61030,-1.76987,-0.00561,0.19056,0.98430,0,0,43376
215.485000,344.056825,0.24412,0.67133,-1.83090,-0.00586,0.19276,0.98771,0,0,43377
215.490000,344.056825,-0.91545,1.46472,-1.83090,-0.00586,0.19056,0.99430,0,0,43378
215.495000,344.071534,-1.40369,1.34266,-2.01399,-0.00634,0.18764,0.99796,0,0,43379
215.500000,344.071534,-1.03751,0.79339,-2.07502,-0.00634,0.18764,0.99479,0,0,43380
215.505000,344.071534,-0.18309,0.36618,-1.95296,-0.00415,0.18910,0.99162,0,0,43381
215.510000,344.086611,0.30515,0.24412,-1.83090,-0.00366,0.18983,0.99015,0,0,43382
215.515000,344.086611,-0.36618,0.48824,-1.70884,-0.00415,0.19178,0.98991,0,0,43383
215.520000,344.086611,-0.97648,0.48824,-1.46472,-0.00293,0.19471,0.99040,0,0,43384
215.525000,344.101703,-1.28163,0.24412,-0.85442,-0.00512,0.19984,0.99284,0,0,43385
215.530000,344.101703,-1.40369,0.18309,-0.30515,-0.00732,0.20106,0.99552,0,0,43386
215.535000,344.101703,-1.34266,0.24412,0.06103,-0.00927,0.19691,0.99625,0,0,43387
215.540000,344.116801,-0.79339,0.12206,0.12206,-0.00976,0.19325,0.99723,0,0,43388
215.545000,344.116801,0.18309,-0.24412,0.18309,-0.00878,0.18861,0.99650,0,0,43389
215.550000,344.116801,1.52575,-0.79339,0.48824,-0.00659,0.18471,0.99723,0,0,43390
215.555000,344.131664,3.17356,-1.22060,0.54927,-0.00512,0.17983,0.99772,0,0,43391
215.560000,344.131664,4.02798,-1.28163,-0.06103,-0.00439,0.17690,0.99674,0,0,43392
215.565000,344.131664,4.02798,-1.28163,-0.42721,-0.00293,0.17470,0.99625,0,0,43393
215.570000,344.146855,3.78386,-1.15957,-0.48824,-0.00293,0.17470,0.99650,0,0,43394
215.575000,344.146855,3.23459,-1.22060,-0.73236,-0.00390,0.17690,0.99357,0,0,43395
215.580000,344.146855,2.56326,-0.85442,-0.67133,-0.00439,0.17885,0.99381,0,0,43396
215.585000,344.161865,2.01399,-0.61030,-0.54927,-0.00488,0.18007,0.99479,0,0,43397
215.590000,344.161865,1.46472,-0.73236,-0.67133,-0.00512,0.18154,0.99479,0,0,43398
215.595000,344.161865,1.03751,-0.73236,-0.73236,-0.00512,0.18202,0.99210,0,0,43399
215.600000,344.176750,0.61030,-0.61030,-0.67133,-0.00561,0.18276,0.99235,0,0,43400
215.605000,344.176750,0.24412,-0.54927,-0.42721,-0.00610,0.18324,0.99332,0,0,43401
215.610000,344.176750,0.12206,-0.67133,-0.42721,-0.00537,0.18227,0.99284,0,0,43402
215.615000,344.191846,0.06103,-0.73236,-0.67133,-0.00439,0.18105,0.99284,0,0,43403
215.620000,344.191846,-0.12206,-0.67133,-1.15957,-0.00390,0.18080,0.99357,0,0,43404
215.625000,344.191846,-0.73236,-0.48824,-1.58678,-0.00171,0.18202,0.99430,0,0,43405
215.625000,344.206759,-1.22060,-0.42721,-1.76987,0.00049,0.18324,0.99430,0,0,43406
215.630000,344.206759,-1.64781,-0.54927,-2.07502,0.00073,0.18495,0.99040,0,0,43407
215.635000,344.206759,-1.70884,-0.30515,-2.25811,-0.00098,0.18934,0.98527,0,0,43408
215.640000,344.221574,-1.15957,-0.24412,-2.01399,-0.00024,0.19398,0.97990,0,0,43409
215.645000,344.221574,-0.61030,-0.30515,-1.52575,0.00000,0.19666,0.97746,0,0,43410
215.650000,344.221574,-0.12206,-0.42721,-1.03751,0.00049,0.19862,0.97576,0,0,43411
215.655000,344.236640,0.36618,-0.54927,-0.79339,0.00146,0.19764,0.97478,0,0,43412
215.660000,344.236640,1.09854,-0.67133,-0.54927,0.00415,0.19398,0.97600,0,0,43413
215.665000,344.236640,1.34266,-0.48824,-0.30515,0.00488,0.19374,0.97844,0,0,43414
215.670000,344.251621,1.52575,-0.48824,-0.12206,0.00464,0.19252,0.98308,0,0,43415
215.675000,344.251621,1.64781,-0.61030,-0.06103,0.00561,0.18812,0.98698,0,0,43416
215.680000,344.251621,1.95296,-1.03751,-0.18309,0.00512,0.18349,0.98478,0,0,43417
215.685000,344.266819,2.25811,-1.28163,-0.24412,0.00244,0.18154,0.98161,0,0,43418
215.690000,344.266819,2.68532,-1.64781,-0.30515,0.00073,0.18007,0.97649,0,0,43419
215.695000,344.266819,2.92944,-1.76987,-0.61030,-0.00098,0.18227,0.97210,0,0,43420
215.700000,344.281790,2.31914,-1.09854,-0.97648,-0.00366,0.18764,0.97161,0,0,43421
215.705000,344.281790,0.79339,-0.61030,-1.34266,-0.00488,0.19422,0.96892,0,0,43422
215.710000,344.281790,-0.79339,-0.36618,-1.52575,-0.00610,0.19886,0.96551,0,0,43423
215.715000,344.296669,-2.01399,0.12206,-1.64781,-0.00805,0.20130,0.96063,0,0,43424
215.720000,344.296669,-2.56326,0.79339,-1.58678,-0.00683,0.20374,0.95916,0,0,43425
215.725000,344.296669,-2.38017,1.46472,-1.34266,-0.00537,0.20203,0.96185,0,0,43426
215.730000,344.311698,-1.58678,1.52575,-0.91545,-0.00488,0.19959,0.96746,0,0,43427
215.735000,344.311698,-0.06103,1.03751,-0.48824,-0.00342,0.19642,0.97136,0,0,43428
215.740000,344.311698,0.97648,0.73236,-0.30515,-0.00195,0.19374,0.97673,0,0,43429
215.745000,344.326812,1.83090,0.67133,0.00000,-0.00171,0.19300,0.98161,0,0,43430
215.750000,344.326812,2.38017,0.67133,0.24412,-0.00049,0.19252,0.98405,0,0,43431
215.755000,344.326812,2.38017,0.36618,0.79339,0.00146,0.19032,0.98454,0,0,43432
215.760000,344.341594,2.07502,0.18309,1.46472,0.00390,0.18715,0.98552,0,0,43433
215.765000,344.341594,1.95296,0.24412,1.58678,0.00293,0.18520,0.98454,0,0,43434
215.770000,344.341594,1.89193,0.61030,1.52575,-0.00171,0.18446,0.98503,0,0,43435
215.775000,344.356844,1.95296,0.97648,1.34266,-0.00439,0.18422,0.98600,0,0,43436
215.780000,344.356844,1.89193,0.97648,0.79339,-0.00415,0.18105,0.98747,0,0,43437
215.785000,344.356844,1.70884,0.67133,0.36618,-0.00268,0.17861,0.98698,0,0,43438
215.790000,344.371822,1.28163,0.36618,-0.30515,-0.00366,0.17910,0.98234,0,0,43439
215.795000,344.371822,0.79339,0.54927,-0.73236,-0.00586,0.18227,0.97771,0,0,43440
215.800000,344.371822,0.30515,1.03751,-0.97648,-0.00561,0.18544,0.97649,0,0,43441
215.805000,344.386869,0.00000,1.34266,-1.09854,-0.00488,0.19032,0.97844,0,0,43442
215.810000,344.386869,-0.18309,1.52575,-1.09854,-0.00439,0.19447,0.98161,0,0,43443
215.815000,344.386869,-0.36618,1.64781,-0.91545,-0.00464,0.19715,0.98527,0,0,43444
215.820000,344.401813,-0.54927,1.76987,-0.67133,-0.00537,0.19788,0.98869,0,0,43445
215.825000,344.401813,-0.91545,1.83090,-0.36618,-0.00708,0.19569,0.99210,0,0,43446
215.830000,344.401813,-1.03751,1.95296,-0.24412,-0.00610,0.19374,0.99625,0,0,43447
215.835000,344.416666,-1.03751,1.89193,-0.12206,-0.00708,0.19105,0.99967,0,0,43448
215.840000,344.416666,-1.15957,1.70884,-0.06103,-0.00732,0.18690,1.00284,0,0,43449
215.845000,344.416666,-0.67133,1.15957,-0.30515,-0.00659,0.18764,1.00211,0,0,43450
215.850000,344.431693,-0.18309,0.73236,-0.36618,-0.00805,0.18910,1.00016,0,0,43451
215.855000,344.431693,0.12206,0.73236,-0.30515,-0.00878,0.18983,0.99772,0,0,43452
215.860000,344.431693,0.30515,0.79339,-0.36618,-0.00903,0.18934,0.99845,0,0,43453
215.865000,344.446679,0.42721,0.79339,-0.30515,-0.00976,0.18934,0.99894,0,0,43454
215.870000,344.446679,0.54927,0.61030,-0.42721,-0.00952,0.19203,0.99918,0,0,43455
215.875000,344.446679,0.67133,0.48824,-0.54927,-0.00903,0.19447,0.99698,0,0,43456
215.880000,344.461681,0.67133,0.42721,-0.48824,-0.00952,0.19642,0.99357,0,0,43457
215.885000,344.461681,0.91545,0.42721,0.06103,-0.00903,0.19642,0.99308,0,0,43458
215.890000,344.461681,1.15957,0.48824,0.42721,-0.00732,0.19447,0.99552,0,0,43459
215.895000,344.476629,1.34266,0.36618,0.73236,-0.00610,0.19130,0.99406,0,0,43460
215.900000,344.476629,1.64781,0.06103,0.91545,-0.00512,0.18861,0.99015,0,0,43461
215.905000,344.476629,1.76987,-0.06103,0.91545,-0.00464,0.18422,0.98430,0,0,43462
215.910000,344.491694,1.46472,0.24412,0.91545,-0.00537,0.18032,0.98064,0,0,43463
215.915000,344.491694,1.09854,0.61030,0.67133,-0.00488,0.17714,0.98039,0,0,43464
215.920000,344.491694,1.03751,0.97648,0.36618,-0.00390,0.17470,0.98332,0,0,43465
215.925000,344.506613,1.09854,1.22060,-0.12206,-0.00342,0.17592,0.98869,0,0,43466
215.930000,344.506613,1.09854,1.46472,-0.54927,-0.00244,0.18032,0.99723,0,0,43467
215.935000,344.506613,0.61030,1.58678,-1.22060,-0.00024,0.18690,1.00479,0,0,43468
215.940000,344.521702,-0.18309,1.28163,-1.52575,-0.00049,0.19398,1.01114,0,0,43469
215.945000,344.521702,-0.91545,1.09854,-1.76987,-0.00317,0.20154,1.01577,0,0,43470
215.950000,344.521702,-1.34266,0.91545,-1.95296,-0.00439,0.20960,1.01797,0,0,43471
215.955000,344.536807,-1.46472,0.61030,-2.13605,-0.00439,0.21570,1.01894,0,0,43472
215.960000,344.536807,-1.46472,0.36618,-1.95296,-0.00464,0.22326,1.01675,0,0,43473
215.965000,344.536807,-1.52575,0.06103,-1.64781,-0.00464,0.22741,1.01382,0,0,43474
215.970000,344.551631,-1.34266,0.06103,-1.03751,-0.00537,0.22643,1.01162,0,0,43475
215.975000,344.551631,-0.97648,-0.12206,-0.42721,-0.00488,0.22228,1.00748,0,0,43476
215.980000,344.551631,0.06103,-0.54927,0.42721,-0.00220,0.21496,1.00211,0,0,43477
215.985000,344.566596,0.79339,-0.61030,1.15957,-0.00220,0.20960,1.00113,0,0,43478
215.990000,344.566596,1.34266,-0.54927,1.58678,-0.00342,0.20642,1.00211,0,0,43479
215.995000,344.566596,1.46472,-0.48824,1.76987,-0.00439,0.20423,1.00382,0,0,43480
216.000000,344.581802,1.40369,-0.54927,2.07502,-0.00464,0.20008,1.00455,0,0,43481
216.005000,344.581802,1.46472,-0.73236,2.31914,-0.00464,0.19276,1.00382,0,0,43482
216.010000,344.581802,1.64781,-0.85442,2.38017,-0.00439,0.18642,1.00113,0,0,43483
216.015000,344.596564,1.58678,-0.85442,2.25811,-0.00634,0.18276,1.00064,0,0,43484
216.020000,344.596564,1.46472,-0.67133,1.95296,-0.01074,0.17983,1.00186,0,0,43485
216.025000,344.596564,1.34266,-0.61030,1.28163,-0.01098,0.17885,1.00064,0,0,43486
216.030000,344.611861,1.22060,-0.79339,0.67133,-0.01049,0.17861,0.99845,0,0,43487
216.035000,344.611861,1.03751,-1.03751,0.12206,-0.01147,0.18007,0.99308,0,0,43488
216.040000,344.611861,0.91545,-1.09854,-0.30515,-0.01000,0.18129,0.98698,0,0,43489
216.045000,344.626820,0.73236,-0.97648,-0.36618,-0.00903,0.18349,0.98234,0,0,43490
216.050000,344.626820,0.73236,-0.67133,-0.42721,-0.00903,0.18471,0.98064,0,0,43491
216.055000,344.626820,1.22060,-0.42721,-0.30515,-0.00756,0.18617,0.98186,0,0,43492
216.060000,344.641716,1.64781,-0.24412,-0.42721,-0.00634,0.18983,0.98625,0,0,43493
216.065000,344.641716,1.76987,-0.24412,-0.42721,-0.00610,0.19300,0.99186,0,0,43494
216.070000,344.641716,1.34266,-0.18309,-0.18309,-0.00610,0.19666,0.99772,0,0,43495
216.075000,344.656867,0.85442,-0.18309,0.12206,-0.00537,0.19764,1.00382,0,0,43496
216.080000,344.656867,0.06103,-0.06103,0.24412,-0.00659,0.19544,1.00796,0,0,43497
216.085000,344.656867,-0.73236,-0.18309,0.24412,-0.00830,0.19325,1.00943,0,0,43498
216.090000,344.671840,-1.34266,-0.48824,0.12206,-0.00878,0.19081,1.00870,0,0,43499
216.095000,344.671840,-1.52575,-0.79339,0.00000,-0.00732,0.19008,1.00528,0,0,43500
216.100000,344.671840,-1.15957,-1.22060,-0.06103,-0.00781,0.18837,1.00064,0,0,43501
216.105000,344.686641,-0.30515,-1.58678,0.00000,-0.00756,0.18642,0.99528,0,0,43502
216.110000,344.686641,0.61030,-1.83090,0.00000,-0.00756,0.18398,0.98918,0,0,43503
216.115000,344.686641,1.15957,-1.76987,-0.06103,-0.00854,0.18080,0.98552,0,0,43504
216.120000,344.701645,1.34266,-1.76987,-0.18309,-0.00659,0.17836,0.97990,0,0,43505
216.125000,344.701645,1.22060,-1.76987,-0.18309,-0.00586,0.17617,0.97502,0,0,43506
216.130000,344.701645,0.85442,-1.52575,-0.30515,-0.00537,0.17300,0.97380,0,0,43507
216.135000,344.716664,0.30515,-0.79339,-0.67133,-0.00512,0.17129,0.97576,0,0,43508
216.140000,344.716664,0.00000,-0.42721,-1.22060,-0.00561,0.17129,0.98137,0,0,43509
216.145000,344.716664,-0.06103,-0.30515,-1.70884,-0.00756,0.17178,0.98893,0,0,43510
216.150000,344.731830,0.18309,-0.48824,-2.31914,-0.01049,0.17470,0.99430,0,0,43511
216.155000,344.731830,0.91545,-1.09854,-2.80738,-0.01049,0.17910,0.99747,0,0,43512
216.160000,344.731830,1.52575,-1.83090,-3.11253,-0.00586,0.18398,0.99259,0,0,43513
216.165000,344.746857,1.89193,-2.07502,-3.29562,0.00024,0.18544,0.98820,0,0,43514
216.170000,344.746857,1.95296,-1.76987,-3.35665,0.00268,0.18959,0.98210,0,0,43515
216.175000,344.746857,1.09854,-1.22060,-3.35665,-0.00073,0.20130,0.98064,0,0,43516
216.180000,344.761655,-0.06103,-0.79339,-3.17356,-0.00317,0.21277,0.97917,0,0,43517
216.185000,344.761655,-1.40369,-0.24412,-2.99047,0.00342,0.21765,0.98039,0,0,43518
216.190000,344.761655,-2.80738,0.36618,-2.50223,0.00854,0.21740,0.98503,0,0,43519
216.195000,344.776833,-3.66180,0.61030,-1.34266,0.00293,0.21789,0.99064,0,0,43520
216.200000,344.776833,-3.35665,0.30515,0.00000,-0.00317,0.21594,0.99454,0,0,43521
216.205000,344.776833,-1.83090,-0.54927,0.79339,-0.00781,0.21082,0.99406,0,0,43522
216.210000,344.791841,-0.36618,-1.03751,0.91545,-0.00732,0.20618,0.98869,0,0,43523
216.215000,344.791841,1.09854,-1.34266,1.22060,-0.00561,0.20179,0.98039,0,0,43524
216.220000,344.791841,2.19708,-1.70884,1.64781,-0.00512,0.19666,0.97136,0,0,43525
216.225000,344.806650,2.56326,-1.76987,1.95296,-0.00634,0.18934,0.96478,0,0,43526
216.230000,344.806650,2.38017,-1.46472,1.83090,-0.00317,0.17910,0.95965,0,0,43527
216.235000,344.806650,1.34266,-0.79339,1.22060,0.00000,0.17031,0.95648,0,0,43528
216.240000,344.821550,0.24412,-0.36618,0.73236,0.00146,0.16446,0.95770,0,0,43529
216.245000,344.821550,-0.42721,0.06103,0.42721,0.00146,0.16104,0.96429,0,0,43530
216.250000,344.821550,-0.42721,0.48824,0.00000,0.00049,0.16177,0.97063,0,0,43531
216.255000,344.836549,0.18309,0.12206,-0.97648,-0.00244,0.16543,0.97405,0,0,43532
216.260000,344.836549,0.85442,-0.24412,-1.76987,-0.00390,0.17226,0.97576,0,0,43533
216.265000,344.836549,1.64781,-0.48824,-2.31914,-0.00073,0.17885,0.97283,0,0,43534
216.270000,344.851585,1.95296,-0.54927,-2.62429,0.00390,0.18788,0.97136,0,0,43535
216.275000,344.851585,1.76987,-0.30515,-2.50223,0.00293,0.19764,0.97210,0,0,43536
216.280000,344.851585,1.46472,0.12206,-1.89193,-0.00024,0.20642,0.97405,0,0,43537
216.285000,344.866791,1.15957,0.42721,-1.40369,-0.00220,0.21008,0.97868,0,0,43538
216.290000,344.866791,0.85442,0.91545,-1.03751,-0.00195,0.21033,0.98552,0,0,43539
216.295000,344.866791,0.73236,1.34266,-0.85442,-0.00073,0.20960,0.99772,0,0,43540
216.300000,344.881850,0.67133,1.34266,-0.73236,-0.00146,0.20886,1.00528,0,0,43541
216.305000,344.881850,0.24412,1.22060,-0.42721,-0.00195,0.20813,1.00845,0,0,43542
216.310000,344.881850,-0.54927,1.15957,0.30515,-0.00220,0.20935,1.00918,0,0,43543
216.315000,344.911821,-1.40369,1.22060,0.97648,-0.00244,0.20984,1.00967,0,0,43544
216.320000,344.911821,-1.89193,1.09854,1.52575,-0.00415,0.20740,1.00723,0,0,43545
216.325000,344.911821,-1.76987,0.91545,1.52575,-0.00390,0.20374,1.00308,0,0,43546
216.330000,344.912857,-1.52575,0.79339,1.15957,-0.00073,0.20032,0.99845,0,0,43547
216.335000,344.912857,-0.85442,0.73236,0.73236,-0.00122,0.19764,0.99503,0,0,43548
216.340000,344.912857,-0.06103,0.18309,0.61030,-0.00122,0.19618,0.99137,0,0,43549
216.345000,344.926607,0.91545,-0.12206,0.36618,0.00122,0.19520,0.98722,0,0,43550
216.350000,344.926607,1.89193,-0.18309,0.24412,0.00390,0.19447,0.98649,0,0,43551
216.355000,344.926607,2.38017,0.00000,0.12206,0.00512,0.19276,0.98844,0,0,43552
216.360000,344.941835,2.62429,0.00000,0.30515,0.00561,0.19154,0.99040,0,0,43553
216.365000,344.941835,2.31914,-0.06103,0.24412,0.00366,0.19300,0.99113,0,0,43554
216.370000,344.941835,1.46472,-0.12206,-0.06103,0.00024,0.19520,0.99113,0,0,43555
216.375000,344.956835,0.61030,0.06103,-0.30515,-0.00244,0.19593,0.99064,0,0,43556
216.380000,344.956835,-0.24412,0.42721,-0.30515,-0.00464,0.19740,0.99235,0,0,43557
216.385000,344.956835,-0.61030,0.61030,-0.18309,-0.00659,0.19740,0.99454,0,0,43558
216.390000,344.971637,-0.48824,0.48824,-0.24412,-0.00634,0.19910,0.99625,0,0,43559
216.395000,344.971637,-0.12206,0.24412,-0.36618,-0.00659,0.20374,0.99454,0,0,43560
216.400000,344.971637,0.30515,0.12206,-0.24412,-0.00610,0.20716,0.99113,0,0,43561
216.405000,344.986757,0.79339,0.12206,0.12206,-0.00537,0.20813,0.98844,0,0,43562
216.410000,344.986757,1.22060,0.06103,0.73236,-0.00488,0.20813,0.98649,0,0,43563
216.415000,344.986757,1.22060,0.30515,0.97648,-0.00561,0.20862,0.98625,0,0,43564
216.420000,345.001789,0.85442,0.79339,1.09854,-0.00683,0.20642,0.98991,0,0,43565
216.425000,345.001789,0.30515,1.40369,1.03751,-0.00610,0.20423,0.99454,0,0,43566
216.430000,345.001789,-0.73236,1.89193,0.85442,-0.00512,0.19984,1.00138,0,0,43567
216.435000,345.016598,-1.58678,2.01399,0.61030,-0.00634,0.19740,1.01065,0,0,43568
216.440000,345.016598,-2.44120,2.07502,0.30515,-0.00878,0.19374,1.02041,0,0,43569
216.445000,345.016598,-2.99047,1.64781,-0.06103,-0.00903,0.19105,1.02260,0,0,43570
216.450000,345.031823,-3.11253,0.67133,-0.06103,-0.00683,0.19081,1.02163,0,0,43571
216.455000,345.031823,-2.74635,-0.18309,0.36618,-0.00708,0.18934,1.01919,0,0,43572
216.460000,345.031823,-2.07502,-1.09854,0.61030,-0.00805,0.18666,1.01236,0,0,43573
216.465000,345.046837,-1.34266,-1.95296,0.42721,-0.00708,0.18446,1.00162,0,0,43574
216.470000,345.046837,-0.54927,-2.07502,0.12206,-0.00586,0.18202,0.98747,0,0,43575
216.475000,345.046837,0.30515,-1.83090,-0.12206,-0.00488,0.17910,0.97771,0,0,43576
216.480000,345.061808,1.22060,-1.70884,-0.30515,-0.00439,0.17788,0.97136,0,0,43577
216.485000,345.061808,2.31914,-1.52575,-0.54927,-0.00342,0.17617,0.96624,0,0,43578
216.490000,345.061808,3.23459,-1.28163,-0.73236,-0.00146,0.17836,0.96600,0,0,43579
216.495000,345.076753,3.78386,-0.79339,-0.73236,-0.00195,0.18300,0.97502,0,0,43580
216.500000,345.076753,3.84489,-0.36618,-0.61030,-0.00317,0.18764,0.98600,0,0,43581
216.505000,345.076753,3.23459,-0.12206,-0.48824,-0.00439,0.19520,0.99991,0,0,43582
216.510000,345.091713,2.50223,-0.18309,-0.61030,-0.00366,0.20081,1.00943,0,0,43583
216.515000,345.091713,1.83090,-0.67133,-0.85442,-0.00415,0.20618,1.01358,0,0,43584
216.520000,345.091713,1.15957,-1.03751,-0.79339,-0.00488,0.21179,1.01114,0,0,43585
216.525000,345.106821,0.36618,-1.09854,-0.42721,-0.00512,0.21570,1.00479,0,0,43586
216.530000,345.106821,-0.48824,-0.91545,0.00000,-0.00439,0.21618,0.99650,0,0,43587
216.535000,345.106821,-1.15957,-0.54927,0.36618,-0.00317,0.21374,0.99064,0,0,43588
216.540000,345.121796,-1.58678,-0.36618,0.79339,-0.00317,0.21008,0.98722,0,0,43589
216.545000,345.121796,-1.95296,-0.12206,0.91545,-0.00317,0.20496,0.98308,0,0,43590
216.550000,345.121796,-2.13605,0.24412,0.73236,-0.00195,0.19959,0.98381,0,0,43591
216.555000,345.136589,-2.13605,0.61030,0.42721,-0.00122,0.19374,0.98747,0,0,43592
216.560000,345.136589,-1.70884,0.67133,-0.12206,-0.00073,0.18959,0.99137,0,0,43593
216.565000,345.136589,-1.09854,0.48824,-0.48824,-0.00024,0.18910,0.99723,0,0,43594
216.570000,345.151747,-0.54927,0.24412,-0.61030,-0.00122,0.19008,1.00260,0,0,43595
216.575000,345.151747,0.18309,-0.30515,-0.48824,-0.00293,0.19154,1.00528,0,0,43596
216.580000,345.151747,0.91545,-0.79339,-0.24412,-0.00390,0.19252,1.00601,0,0,43597
216.585000,345.166843,1.52575,-1.09854,-0.06103,-0.00464,0.19447,1.00601,0,0,43598
216.590000,345.166843,2.01399,-1.52575,-0.06103,-0.00537,0.19666,1.00260,0,0,43599
216.595000,345.166843,2.44120,-1.95296,-0.12206,-0.00537,0.19886,0.99796,0,0,43600
216.600000,345.181880,2.62429,-2.19708,-0.06103,-0.00512,0.19862,0.99406,0,0,43601
216.605000,345.181880,2.25811,-1.95296,0.24412,-0.00488,0.19715,0.98893,0,0,43602
216.610000,345.181880,1.64781,-1.83090,0.42721,-0.00464,0.19569,0.98478,0,0,43603
216.615000,345.196757,0.97648,-1.52575,0.36618,-0.00342,0.19300,0.98064,0,0,43604
216.620000,345.196757,0.18309,-1.22060,0.06103,-0.00171,0.19178,0.97576,0,0,43605
216.625000,345.196757,-0.85442,-0.97648,-0.18309,-0.00098,0.19349,0.97307,0,0,43606
216.630000,345.211831,-1.95296,-0.54927,-0.36618,-0.00171,0.19398,0.97283,0,0,43607
216.635000,345.211831,-2.62429,0.12206,-0.79339,-0.00073,0.19618,0.97332,0,0,43608
216.640000,345.211831,-2.38017,0.18309,-0.73236,0.00024,0.19910,0.97429,0,0,43609
216.645000,345.226832,-1.46472,0.00000,-0.73236,0.00000,0.20203,0.97332,0,0,43610
216.650000,345.226832,-0.48824,-0.30515,-0.79339,-0.00146,0.20203,0.97112,0,0,43611
216.655000,345.226832,1.03751,-0.54927,-0.79339,-0.00098,0.20154,0.97136,0,0,43612
216.660000,345.241688,2.01399,-0.73236,-0.54927,-0.00024,0.20276,0.96990,0,0,43613
216.665000,345.241688,2.50223,-0.85442,-0.42721,0.00195,0.20301,0.96795,0,0,43614
216.670000,345.241688,2.50223,-0.79339,-0.30515,0.00415,0.20081,0.96941,0,0,43615
216.675000,345.256704,2.13605,-0.73236,-0.12206,0.00708,0.20057,0.96941,0,0,43616
216.680000,345.256704,1.34266,-0.30515,0.24412,0.00610,0.20228,0.97161,0,0,43617
216.685000,345.256704,0.54927,0.12206,0.61030,0.00512,0.20325,0.97429,0,0,43618
216.690000,345.271711,0.18309,0.42721,0.67133,0.00464,0.20423,0.97698,0,0,43619
216.695000,345.271711,0.18309,0.54927,0.67133,0.00439,0.20398,0.98015,0,0,43620
216.700000,345.271711,0.73236,0.30515,0.91545,0.00268,0.20520,0.98210,0,0,43621
216.705000,345.286681,1.52575,-0.18309,1.22060,0.00390,0.20398,0.98186,0,0,43622
216.710000,345.286681,2.25811,-0.61030,1.40369,0.00415,0.20130,0.98088,0,0,43623
216.715000,345.286681,2.13605,-0.30515,1.40369,0.00366,0.20032,0.98088,0,0,43624
216.720000,345.301684,1.40369,0.00000,1.09854,0.00268,0.20008,0.98112,0,0,43625
216.725000,345.301684,0.30515,0.30515,0.85442,0.00268,0.20032,0.98210,0,0,43626
216.730000,345.301684,-1.15957,0.85442,0.48824,-0.00049,0.19886,0.98405,0,0,43627
216.735000,345.316824,-2.38017,1.28163,0.06103,-0.00220,0.19764,0.98478,0,0,43628
216.740000,345.316824,-3.23459,1.58678,0.00000,-0.00073,0.19740,0.98722,0,0,43629
216.745000,345.316824,-3.35665,1.52575,0.06103,0.00268,0.19715,0.98918,0,0,43630
216.750000,345.331839,-2.31914,1.09854,0.06103,0.00390,0.19642,0.98893,0,0,43631
216.755000,345.331839,-0.91545,0.67133,0.18309,0.00342,0.19886,0.98991,0,0,43632
216.760000,345.331839,0.73236,0.30515,0.42721,0.00244,0.20276,0.98844,0,0,43633
216.765000,345.346610,2.25811,-0.12206,0.85442,0.00268,0.20520,0.98771,0,0,43634
216.770000,345.346610,3.11253,-0.36618,1.34266,0.00342,0.20423,0.98625,0,0,43635
216.775000,345.346610,3.35665,-0.42721,1.89193,0.00317,0.20301,0.98405,0,0,43636
216.780000,345.361948,2.86841,-0.18309,2.01399,0.00220,0.20252,0.98186,0,0,43637
216.785000,345.361948,2.07502,0.30515,1.95296,-0.00049,0.20008,0.98332,0,0,43638
216.790000,345.361948,1.22060,0.67133,1.95296,-0.00244,0.19642,0.98674,0,0,43639
216.795000,345.376826,0.54927,0.79339,1.89193,-0.00146,0.19300,0.98966,0,0,43640
216.800000,345.376826,0.00000,0.79339,1.46472,-0.00122,0.19178,0.99137,0,0,43641
216.805000,345.376826,-0.67133,0.85442,0.91545,0.00024,0.19276,0.99357,0,0,43642
216.810000,345.391844,-1.28163,0.85442,0.73236,0.00146,0.19520,0.99552,0,0,43643
216.815000,345.391844,-2.13605,1.09854,0.54927,0.00293,0.19740,0.99674,0,0,43644
216.820000,345.391844,-2.99047,1.15957,0.18309,0.00220,0.20032,0.99845,0,0,43645
216.825000,345.406679,-3.78386,1.15957,0.00000,0.00268,0.20032,0.99772,0,0,43646
216.830000,345.406679,-3.60077,0.73236,-0.06103,0.00220,0.19935,0.99576,0,0,43647
216.835000,345.406679,-2.80738,0.48824,0.30515,0.00146,0.19935,0.99162,0,0,43648
216.840000,345.421655,-1.40369,0.24412,0.36618,0.00000,0.20032,0.98771,0,0,43649
216.845000,345.421655,0.12206,0.00000,0.48824,-0.00122,0.20276,0.98430,0,0,43650
216.850000,345.421655,1.34266,-0.18309,0.79339,-0.00317,0.20667,0.98478,0,0,43651
216.855000,345.436685,2.56326,-0.12206,1.15957,-0.00415,0.20862,0.98869,0,0,43652
216.860000,345.436685,3.05150,0.06103,1.46472,-0.00512,0.20764,0.99430,0,0,43653
216.865000,345.436685,3.05150,0.48824,1.70884,-0.00634,0.20569,1.00040,0,0,43654
216.870000,345.451668,2.56326,0.61030,1.89193,-0.00805,0.20179,1.00845,0,0,43655
216.875000,345.451668,1.64781,0.73236,2.01399,-0.00927,0.19691,1.01748,0,0,43656
216.880000,345.451668,0.18309,0.61030,1.58678,-0.00903,0.19374,1.02504,0,0,43657
216.885000,345.466707,-0.97648,0.42721,1.09854,-0.00854,0.19422,1.02578,0,0,43658
216.890000,345.466707,-1.95296,0.18309,0.67133,-0.00683,0.19593,1.02212,0,0,43659
216.895000,345.466707,-2.80738,0.00000,0.36618,-0.00561,0.19691,1.01626,0,0,43660
216.900000,345.481775,-3.05150,-0.18309,0.42721,-0.00512,0.19642,1.00870,0,0,43661
216.905000,345.481775,-2.56326,-0.79339,0.67133,-0.00488,0.19252,0.99820,0,0,43662
216.910000,345.481775,-1.46472,-1.15957,0.73236,-0.00512,0.18837,0.98747,0,0,43663
216.915000,345.496816,-0.18309,-1.22060,0.54927,-0.00537,0.18422,0.97917,0,0,43664
216.920000,345.496816,1.28163,-1.09854,0.18309,-0.00366,0.17958,0.97258,0,0,43665
216.925000,345.496816,1.89193,-0.97648,-0.12206,-0.00195,0.18056,0.96966,0,0,43666
216.930000,345.512893,2.01399,-0.85442,-0.30515,-0.00171,0.18495,0.97014,0,0,43667
216.935000,345.512893,1.52575,-0.48824,-0.48824,-0.00122,0.18959,0.97478,0,0,43668
216.940000,345.512893,0.85442,0.18309,-0.54927,-0.00024,0.19374,0.98234,0,0,43669
216.945000,345.526826,0.30515,0.42721,-0.61030,-0.00146,0.19593,0.99088,0,0,43670
216.950000,345.526826,-0.12206,0.42721,-0.79339,-0.00171,0.19984,0.99942,0,0,43671
216.955000,345.526826,-0.36618,0.18309,-0.61030,-0.00098,0.20423,1.00430,0,0,43672
216.960000,345.541653,-0.54927,-0.18309,-0.18309,-0.00220,0.20642,1.00821,0,0,43673
216.965000,345.541653,-0.79339,-0.67133,0.36618,-0.00415,0.20911,1.00821,0,0,43674
216.970000,345.541653,-0.67133,-1.03751,0.73236,-0.00488,0.21155,1.00138,0,0,43675
216.975000,345.556704,-0.79339,-1.09854,1.15957,-0.00464,0.20935,0.99479,0,0,43676
216.980000,345.556704,-1.15957,-0.91545,1.76987,-0.00439,0.20374,0.98649,0,0,43677
216.985000,345.556704,-1.34266,-0.61030,2.01399,-0.00464,0.19862,0.98039,0,0,43678
216.990000,345.571593,-1.52575,-0.24412,2.19708,-0.00464,0.19252,0.97820,0,0,43679
216.995000,345.571593,-1.46472,0.00000,2.25811,-0.00464,0.18642,0.97942,0,0,43680
217.000000,345.571593,-0.91545,0.00000,2.19708,-0.00610,0.18178,0.98259,0,0,43681
217.005000,345.586836,0.12206,-0.30515,1.83090,-0.00927,0.17861,0.98625,0,0,43682
217.010000,345.586836,1.34266,-0.48824,1.40369,-0.01074,0.17690,0.98893,0,0,43683
217.015000,345.586836,2.31914,-0.61030,0.97648,-0.01049,0.17592,0.98918,0,0,43684
217.020000,345.601796,2.62429,-0.61030,0.79339,-0.01049,0.17690,0.99015,0,0,43685
217.025000,345.601796,2.62429,-0.73236,0.85442,-0.01098,0.17690,0.98893,0,0,43686
217.030000,345.601796,2.25811,-1.09854,0.61030,-0.01122,0.17666,0.98332,0,0,43687
217.035000,345.616720,2.07502,-1.28163,0.48824,-0.01122,0.17544,0.97820,0,0,43688
217.040000,345.616720,1.89193,-1.28163,0.30515,-0.01122,0.17519,0.97283,0,0,43689
217.045000,345.616720,1.64781,-1.40369,0.06103,-0.01049,0.17422,0.96844,0,0,43690
217.050000,345.631783,0.79339,-0.97648,-0.36618,-0.00952,0.17226,0.96478,0,0,43691
217.055000,345.631783,0.18309,-0.79339,-0.42721,-0.00708,0.17226,0.96234,0,0,43692
217.060000,345.631783,-0.42721,-0.54927,-0.42721,-0.00537,0.17153,0.96380,0,0,43693
217.065000,345.646830,-0.97648,-0.18309,-0.67133,-0.00488,0.16958,0.96844,0,0,43694
217.070000,345.646830,-1.58678,0.36618,-1.22060,-0.00464,0.17007,0.97283,0,0,43695
217.075000,345.646830,-2.50223,0.48824,-1.70884,-0.00683,0.17592,0.97917,0,0,43696
217.080000,345.661664,-2.92944,0.54927,-1.76987,-0.00805,0.18178,0.98405,0,0,43697
217.085000,345.661664,-3.05150,0.54927,-1.76987,-0.00586,0.18715,0.98600,0,0,43698
217.090000,345.661664,-2.86841,0.48824,-1.64781,-0.00049,0.19056,0.98796,0,0,43699
217.095000,345.676849,-2.25811,0.42721,-1.34266,0.00073,0.19203,0.98918,0,0,43700
217.100000,345.676849,-1.15957,0.18309,-0.85442,-0.00171,0.19252,0.99113,0,0,43701
217.105000,345.676849,0.73236,-0.18309,-0.30515,-0.00342,0.19203,0.99210,0,0,43702
217.110000,345.691834,2.25811,-0.67133,-0.18309,-0.00049,0.19056,0.99015,0,0,43703
217.115000,345.691834,3.17356,-1.09854,-0.18309,0.00098,0.19008,0.98893,0,0,43704
217.120000,345.691834,3.53974,-1.34266,-0.12206,0.00073,0.18812,0.98771,0,0,43705
217.125000,345.706597,3.29562,-1.40369,-0.36618,0.00268,0.18520,0.98771,0,0,43706
217.130000,345.706597,2.38017,-1.40369,-1.09854,0.00366,0.18422,0.98771,0,0,43707
217.135000,345.706597,1.64781,-1.28163,-1.64781,0.00317,0.18666,0.98503,0,0,43708
217.140000,345.721619,0.97648,-1.15957,-2.07502,0.00464,0.18910,0.98186,0,0,43709
217.145000,345.721619,0.85442,-0.97648,-2.25811,0.00537,0.19203,0.98088,0,0,43710
217.150000,345.721619,0.54927,-0.67133,-1.95296,0.00464,0.19447,0.98283,0,0,43711
217.155000,345.736742,0.12206,-0.67133,-1.58678,0.00561,0.19496,0.98259,0,0,43712
217.160000,345.736742,-0.24412,-0.73236,-1.70884,0.00634,0.19593,0.97966,0,0,43713
217.165000,345.736742,-0.73236,-0.73236,-2.07502,0.00537,0.19886,0.97746,0,0,43714
217.170000,345.751658,-1.03751,-0.42721,-2.56326,0.00537,0.20228,0.97258,0,0,43715
217.175000,345.751658,-1.40369,-0.18309,-2.68532,0.00634,0.20667,0.96966,0,0,43716
217.180000,345.751658,-1.40369,0.12206,-2.62429,0.00512,0.21228,0.96966,0,0,43717
217.185000,345.766715,-0.85442,0.42721,-2.56326,0.00415,0.21862,0.97234,0,0,43718
217.190000,345.766715,0.06103,0.54927,-2.31914,0.00293,0.22521,0.97649,0,0,43719
217.195000,345.766715,0.97648,0.48824,-1.76987,0.00317,0.22838,0.97917,0,0,43720
217.200000,345.781680,1.83090,0.36618,-1.09854,0.00512,0.22521,0.98308,0,0,43721
217.205000,345.781680,2.80738,0.18309,-0.24412,0.00708,0.22131,0.98503,0,0,43722
217.210000,345.781680,3.35665,0.00000,0.24412,0.00683,0.21814,0.98552,0,0,43723
217.215000,345.796669,3.53974,-0.18309,0.54927,0.00634,0.21374,0.98674,0,0,43724
217.220000,345.796669,3.47871,-0.06103,0.67133,0.00781,0.21106,0.98722,0,0,43725
217.225000,345.796669,2.99047,0.30515,0.48824,0.00830,0.20838,0.98722,0,0,43726
217.230000,345.811593,2.25811,0.73236,0.12206,0.00927,0.20911,0.98820,0,0,43727
217.235000,345.811593,0.85442,1.22060,-0.42721,0.00927,0.21277,0.99186,0,0,43728
217.240000,345.811593,-0.48824,1.46472,-0.36618,0.00830,0.21643,0.99406,0,0,43729
217.245000,345.826574,-1.40369,1.58678,-0.12206,0.00610,0.21692,0.99479,0,0,43730
217.250000,345.826574,-2.07502,1.70884,0.12206,0.00488,0.21570,0.99430,0,0,43731
217.255000,345.826574,-2.19708,1.70884,0.54927,0.00464,0.21521,0.99210,0,0,43732
217.260000,345.841838,-2.07502,1.83090,1.40369,0.00268,0.21618,0.99454,0,0,43733
217.265000,345.841838,-1.58678,1.76987,2.13605,0.00146,0.21472,0.99601,0,0,43734
217.270000,345.841838,-0.91545,1.46472,2.38017,-0.00098,0.21106,0.99625,0,0,43735
217.275000,345.856579,-0.48824,1.28163,2.50223,-0.00268,0.20716,0.99528,0,0,43736
217.280000,345.856579,-0.24412,0.91545,2.92944,-0.00342,0.20228,0.99308,0,0,43737
217.285000,345.856579,-0.06103,0.85442,3.17356,-0.00293,0.19422,0.99015,0,0,43738
217.290000,345.871842,-0.06103,1.09854,3.05150,-0.00464,0.18764,0.98796,0,0,43739
217.295000,345.871842,0.00000,1.40369,2.56326,-0.00952,0.18202,0.98918,0,0,43740
217.300000,345.871842,0.24412,1.52575,1.76987,-0.00903,0.17348,0.99186,0,0,43741
217.305000,345.886592,0.12206,1.52575,1.03751,-0.00586,0.16690,0.99406,0,0,43742
217.310000,345.886592,0.24412,1.22060,0.18309,-0.00415,0.16275,0.99674,0,0,43743
217.315000,345.886592,1.09854,0.85442,-0.30515,-0.00439,0.16348,0.99698,0,0,43744
217.320000,345.901821,2.01399,0.30515,-0.36618,-0.00659,0.16763,0.99479,0,0,43745
217.325000,345.901821,2.80738,-0.06103,-0.36618,-0.00732,0.17202,0.99235,0,0,43746
217.330000,345.901821,2.80738,0.12206,-0.42721,-0.00732,0.17641,0.99259,0,0,43747
217.335000,345.916848,2.31914,0.30515,-0.73236,-0.00732,0.18007,0.99332,0,0,43748
217.340000,345.916848,1.03751,0.61030,-0.61030,-0.00634,0.18398,0.99650,0,0,43749
217.345000,345.916848,0.00000,0.91545,-0.61030,-0.00586,0.18764,0.99723,0,0,43750
217.350000,345.931830,-0.73236,0.97648,-0.73236,-0.00659,0.18788,0.99820,0,0,43751
217.355000,345.931830,-0.67133,0.85442,-0.61030,-0.00756,0.18495,1.00016,0,0,43752
217.360000,345.931830,-0.18309,0.61030,-0.61030,-0.00683,0.18349,0.99796,0,0,43753
217.365000,345.946743,0.36618,0.18309,-0.73236,-0.00537,0.18300,0.99601,0,0,43754
217.370000,345.946743,0.91545,-0.12206,-1.03751,-0.00464,0.18349,0.99357,0,0,43755
217.375000,345.946743,1.28163,-0.18309,-1.52575,-0.00342,0.18398,0.99162,0,0,43756
217.380000,345.961722,0.79339,0.00000,-1.76987,-0.00244,0.18642,0.99113,0,0,43757
217.385000,345.961722,0.06103,0.18309,-2.01399,-0.00244,0.18983,0.99210,0,0,43758
217.390000,345.961722,-0.73236,0.24412,-2.50223,-0.00244,0.19203,0.99332,0,0,43759
217.395000,345.976749,-1.52575,0.36618,-3.11253,-0.00268,0.19398,0.99308,0,0,43760
217.400000,345.976749,-2.07502,0.36618,-3.47871,-0.00390,0.19666,0.99284,0,0,43761
217.405000,345.976749,-2.01399,0.00000,-3.84489,-0.00464,0.20081,0.99113,0,0,43762
217.410000,345.991798,-1.70884,-0.48824,-4.02798,-0.00464,0.20423,0.98991,0,0,43763
217.415000,345.991798,-1.34266,-0.48824,-4.21107,-0.00366,0.20545,0.98649,0,0,43764
217.420000,345.991798,-1.34266,-0.54927,-4.39416,-0.00049,0.20838,0.98430,0,0,43765
217.425000,346.006690,-0.97648,-0.67133,-4.45519,0.00293,0.20984,0.98064,0,0,43766
217.430000,346.006690,0.06103,-0.85442,-4.15004,0.00659,0.21496,0.97478,0,0,43767
217.435000,346.006690,0.85442,-0.67133,-2.80738,0.00805,0.22180,0.97356,0,0,43768
217.440000,346.021835,1.64781,-0.06103,-1.28163,0.00830,0.22570,0.97746,0,0,43769
217.445000,346.021835,1.89193,0.61030,-0.30515,0.01196,0.22790,0.98186,0,0,43770
217.450000,346.021835,1.28163,1.03751,0.85442,0.01366,0.22838,0.99479,0,0,43771
217.455000,346.036716,0.24412,1.46472,1.64781,0.01220,0.22546,1.00113,0,0,43772
217.460000,346.036716,-1.34266,1.89193,1.76987,0.00561,0.22350,1.00967,0,0,43773
217.465000,346.036716,-2.68532,1.83090,1.34266,0.00561,0.21765,1.01431,0,0,43774
217.470000,346.051827,-2.31914,1.03751,1.28163,0.00805,0.21082,1.01138,0,0,43775
217.475000,346.051827,-0.73236,-0.30515,1.46472,0.00415,0.20618,1.00504,0,0,43776
217.480000,346.051827,0.97648,-0.91545,1.46472,0.00220,0.20228,0.99625,0,0,43777
217.485000,346.066621,2.25811,-0.97648,1.09854,0.00146,0.20154,0.98869,0,0,43778
217.490000,346.066621,2.86841,-0.73236,0.67133,-0.00024,0.20203,0.98283,0,0,43779
217.495000,346.066621,3.17356,-0.36618,0.48824,-0.00244,0.20106,0.97990,0,0,43780
217.500000,346.081716,3.29562,0.00000,0.67133,-0.00342,0.19886,0.98064,0,0,43781
217.505000,346.081716,3.11253,0.61030,0.85442,-0.00390,0.19740,0.98478,0,0,43782
217.510000,346.081716,2.80738,0.97648,0.67133,-0.00561,0.19618,0.99235,0,0,43783
217.515000,346.096797,2.62429,0.91545,0.48824,-0.00683,0.19325,1.00113,0,0,43784
217.520000,346.096797,2.74635,0.61030,0.24412,-0.00659,0.19203,1.00772,0,0,43785
217.525000,346.096797,2.74635,0.36618,0.24412,-0.00634,0.19349,1.01406,0,0,43786
217.530000,346.111625,2.07502,-0.12206,0.42721,-0.00781,0.19398,1.01870,0,0,43787
217.535000,346.111625,1.28163,-0.54927,0.36618,-0.00976,0.19252,1.01919,0,0,43788
217.540000,346.111625,0.18309,-0.91545,0.00000,-0.01098,0.19130,1.01333,0,0,43789
217.545000,346.126824,-0.85442,-1.28163,-0.24412,-0.01122,0.19227,1.00821,0,0,43790
217.550000,346.126824,-1.40369,-1.34266,-0.36618,-0.01147,0.19203,1.00260,0,0,43791
217.555000,346.126824,-1.52575,-1.22060,-0.67133,-0.01171,0.19154,0.99820,0,0,43792
217.560000,346.141699,-1.28163,-1.03751,-0.79339,-0.01147,0.19032,0.99576,0,0,43793
217.565000,346.141699,-0.61030,-1.34266,-0.97648,-0.00854,0.18959,0.99162,0,0,43794
217.570000,346.141699,0.24412,-1.52575,-0.85442,-0.00830,0.18983,0.98918,0,0,43795
217.575000,346.156674,1.09854,-1.40369,-0.54927,-0.00683,0.18739,0.98893,0,0,43796
217.580000,346.156674,1.46472,-1.28163,-0.61030,-0.00561,0.18349,0.98820,0,0,43797
217.585000,346.156674,1.58678,-1.15957,-1.03751,-0.00537,0.18154,0.98747,0,0,43798
217.590000,346.171595,1.46472,-1.03751,-1.58678,-0.00415,0.18007,0.98771,0,0,43799
217.595000,346.171595,0.97648,-0.97648,-2.25811,-0.00073,0.17983,0.98820,0,0,43800
217.600000,346.171595,-0.48824,-0.54927,-2.99047,0.00049,0.18227,0.99064,0,0,43801
217.605000,346.186689,-2.01399,-0.24412,-3.41768,-0.00195,0.18617,0.99259,0,0,43802
217.610000,346.186689,-3.23459,-0.18309,-3.84489,-0.00244,0.19056,0.99284,0,0,43803
217.615000,346.186689,-3.84489,-0.30515,-4.08901,-0.00073,0.19715,0.99284,0,0,43804
217.620000,346.201664,-3.53974,-0.61030,-4.08901,0.00073,0.20594,0.99064,0,0,43805
217.625000,346.201664,-2.62429,-0.97648,-3.66180,0.00000,0.21545,0.98796,0,0,43806
217.630000,346.201664,-2.07502,-1.15957,-2.92944,0.00122,0.22399,0.98893,0,0,43807
217.635000,346.216825,-1.40369,-1.28163,-2.13605,0.00220,0.22814,0.99040,0,0,43808
217.640000,346.216825,-0.91545,-1.28163,-1.58678,0.00171,0.23009,0.99186,0,0,43809
217.645000,346.216825,-0.61030,-1.22060,-1.03751,0.00024,0.22741,0.99210,0,0,43810
217.650000,346.231704,-0.30515,-1.40369,-0.48824,-0.00049,0.22326,0.99015,0,0,43811
217.655000,346.231704,-0.06103,-1.46472,-0.36618,-0.00098,0.21716,0.98698,0,0,43812
217.660000,346.231704,0.36618,-1.46472,-0.18309,-0.00146,0.21228,0.98259,0,0,43813
217.665000,346.246876,0.91545,-1.40369,0.06103,-0.00098,0.20740,0.98112,0,0,43814
217.670000,346.246876,1.40369,-1.34266,0.36618,0.00049,0.20520,0.97966,0,0,43815
217.675000,346.246876,1.76987,-1.52575,0.42721,0.00073,0.20276,0.97820,0,0,43816
217.680000,346.261814,2.01399,-1.83090,0.24412,-0.00024,0.20081,0.97527,0,0,43817
217.685000,346.261814,2.44120,-1.83090,0.06103,-0.00195,0.19886,0.97234,0,0,43818
217.690000,346.261814,2.86841,-1.52575,-0.18309,-0.00122,0.19666,0.97063,0,0,43819
217.695000,346.276855,2.86841,-1.09854,-0.61030,0.00049,0.19569,0.97234,0,0,43820
217.700000,346.276855,2.19708,-0.42721,-1.34266,0.00195,0.19569,0.97673,0,0,43821
217.705000,346.276855,0.91545,0.24412,-2.01399,0.00537,0.19422,0.98454,0,0,43822
217.710000,346.291681,-0.54927,0.54927,-2.44120,0.00708,0.19618,0.99284,0,0,43823
217.715000,346.291681,-1.95296,0.67133,-2.74635,0.00683,0.19984,1.00040,0,0,43824
217.720000,346.291681,-2.99047,0.48824,-2.86841,0.00586,0.20301,1.00455,0,0,43825
217.725000,346.306671,-3.29562,0.06103,-2.99047,0.00561,0.20594,1.00650,0,0,43826
217.730000,346.306671,-2.62429,-0.42721,-2.99047,0.00488,0.21057,1.00699,0,0,43827
217.735000,346.306671,-1.46472,-0.73236,-2.62429,0.00488,0.21545,1.00577,0,0,43828
217.740000,346.321814,-0.12206,-1.28163,-2.01399,0.00610,0.21716,1.00186,0,0,43829
217.745000,346.321814,1.03751,-1.95296,-1.40369,0.00537,0.21960,0.99381,0,0,43830
217.750000,346.321814,1.52575,-2.31914,-0.42721,0.00293,0.22131,0.98674,0,0,43831
217.755000,346.336825,1.95296,-2.44120,0.30515,0.00195,0.22131,0.97624,0,0,43832
217.760000,346.336825,2.13605,-2.19708,0.67133,0.00195,0.22033,0.96624,0,0,43833
217.765000,346.336825,2.01399,-1.70884,0.91545,0.00122,0.21887,0.95868,0,0,43834
217.770000,346.351730,1.95296,-1.03751,1.22060,0.00293,0.21496,0.95672,0,0,43835
217.775000,346.351730,1.83090,-0.18309,1.76987,0.00561,0.20960,0.96087,0,0,43836
217.780000,346.351730,1.64781,0.42721,1.95296,0.00683,0.20496,0.97014,0,0,43837
217.785000,346.366814,1.40369,0.79339,1.70884,0.00878,0.20008,0.97893,0,0,43838
217.790000,346.366814,0.91545,0.79339,1.22060,0.00659,0.19325,0.98649,0,0,43839
217.795000,346.366814,0.54927,0.36618,0.67133,0.00122,0.18886,0.99064,0,0,43840
217.800000,346.381728,0.61030,-0.06103,0.06103,-0.00073,0.18764,0.98942,0,0,43841
217.805000,346.381728,0.54927,-0.36618,-0.54927,-0.00146,0.19105,0.98820,0,0,43842
217.810000,346.381728,0.24412,-0.42721,-0.97648,-0.00171,0.19544,0.98747,0,0,43843
217.815000,346.396682,-0.24412,-0.36618,-1.22060,-0.00244,0.20106,0.98552,0,0,43844
217.820000,346.396682,-0.91545,-0.12206,-1.46472,-0.00293,0.20642,0.98405,0,0,43845
217.825000,346.396682,-1.64781,0.12206,-1.52575,-0.00342,0.20911,0.98308,0,0,43846
217.830000,346.411662,-2.01399,0.54927,-1.34266,-0.00195,0.21008,0.98283,0,0,43847
217.835000,346.411662,-2.01399,0.91545,-1.03751,-0.00122,0.21008,0.98503,0,0,43848
217.840000,346.411662,-1.89193,0.73236,-0.67133,-0.00171,0.20886,0.98771,0,0,43849
217.845000,346.426627,-1.40369,0.36618,-0.18309,-0.00122,0.20813,0.98918,0,0,43850
217.850000,346.426627,-0.97648,0.12206,0.12206,0.00000,0.20838,0.98674,0,0,43851
217.855000,346.426627,-0.48824,0.00000,0.36618,0.00195,0.20716,0.98332,0,0,43852
217.860000,346.441617,-0.06103,-0.18309,0.85442,0.00146,0.20618,0.98308,0,0,43853
217.865000,346.441617,0.24412,-0.24412,1.22060,-0.00024,0.20618,0.98137,0,0,43854
217.870000,346.441617,0.36618,-0.18309,1.34266,-0.00268,0.20594,0.97966,0,0,43855
217.875000,346.456494,0.24412,-0.24412,1.34266,-0.00390,0.20472,0.97942,0,0,43856
217.880000,346.456494,0.30515,-0.06103,1.28163,-0.00366,0.20032,0.97990,0,0,43857
217.885000,346.456494,0.67133,0.00000,1.34266,-0.00317,0.19666,0.98186,0,0,43858
217.890000,346.471616,1.09854,0.00000,1.22060,-0.00220,0.19496,0.98503,0,0,43859
217.895000,346.471616,1.28163,-0.12206,1.09854,-0.00146,0.19398,0.98771,0,0,43860
217.900000,346.471616,0.91545,-0.30515,0.73236,-0.00146,0.19447,0.98942,0,0,43861
217.905000,346.486591,0.18309,-0.18309,0.30515,-0.00195,0.19496,0.99064,0,0,43862
217.910000,346.486591,-0.67133,-0.06103,0.00000,-0.00244,0.19935,0.99064,0,0,43863
217.915000,346.486591,-1.76987,0.24412,-0.42721,-0.00342,0.20374,0.98844,0,0,43864
217.920000,346.501516,-2.74635,0.54927,-0.67133,-0.00390,0.20569,0.98747,0,0,43865
217.925000,346.501516,-2.92944,0.97648,-0.48824,-0.00366,0.20618,0.98527,0,0,43866
217.930000,346.501516,-2.13605,0.91545,-0.30515,-0.00024,0.20301,0.98576,0,0,43867
217.935000,346.516586,-0.73236,0.54927,0.06103,0.00317,0.19862,0.98747,0,0,43868
217.940000,346.516586,0.73236,0.30515,-0.06103,0.00439,0.19764,0.98893,0,0,43869
217.945000,346.516586,2.07502,-0.12206,-0.30515,0.00366,0.19837,0.99088,0,0,43870
217.950000,346.531544,2.92944,-0.61030,-0.24412,0.00537,0.19788,0.99088,0,0,43871
217.955000,346.531544,3.11253,-0.79339,-0.24412,0.00415,0.19837,0.99162,0,0,43872
217.960000,346.531544,2.74635,-0.61030,-0.30515,0.00073,0.20081,0.99259,0,0,43873
217.965000,346.546645,1.95296,-0.42721,-0.30515,-0.00293,0.20276,0.99332,0,0,43874
217.970000,346.546645,0.42721,-0.06103,-0.48824,-0.00098,0.20374,0.99210,0,0,43875
217.975000,346.546645,-0.85442,0.06103,-0.73236,0.00220,0.20423,0.98893,0,0,43876
217.980000,346.561555,-1.83090,0.18309,-0.79339,0.00268,0.20398,0.98527,0,0,43877
217.985000,346.561555,-2.25811,0.24412,-0.67133,0.00195,0.20228,0.98356,0,0,43878
217.990000,346.561555,-2.13605,0.36618,-0.73236,0.00000,0.20008,0.98308,0,0,43879
217.995000,346.576524,-1.64781,0.42721,-0.97648,-0.00244,0.20081,0.98430,0,0,43880
218.000000,346.576524,-0.79339,0.24412,-1.28163,-0.00293,0.20569,0.98649,0,0,43881
218.005000,346.576524,-0.24412,0.00000,-1.40369,-0.00098,0.20984,0.98820,0,0,43882
218.010000,346.591498,0.18309,-0.36618,-1.15957,0.00073,0.21277,0.98649,0,0,43883
218.015000,346.591498,0.36618,-0.54927,-0.91545,0.00146,0.21472,0.98381,0,0,43884
218.020000,346.591498,-0.06103,-0.42721,-0.36618,0.00049,0.21545,0.98161,0,0,43885
218.025000,346.606664,-0.48824,-0.24412,0.24412,-0.00146,0.21399,0.97893,0,0,43886
218.030000,346.606664,-1.09854,0.18309,0.42721,0.00024,0.21106,0.97771,0,0,43887
218.035000,346.606664,-1.83090,0.48824,0.54927,0.00146,0.20838,0.97868,0,0,43888
218.040000,346.621689,-2.07502,0.91545,0.18309,0.00049,0.20594,0.97990,0,0,43889
218.045000,346.621689,-2.01399,1.28163,0.24412,0.00098,0.20350,0.98454,0,0,43890
218.050000,346.621689,-1.89193,1.15957,0.42721,0.00244,0.20057,0.98893,0,0,43891
218.055000,346.637871,-1.70884,0.73236,0.42721,0.00098,0.20008,0.99040,0,0,43892
218.060000,346.637871,-1.40369,0.24412,0.24412,-0.00171,0.19984,0.98625,0,0,43893
218.065000,346.637871,-1.22060,0.00000,0.00000,-0.00293,0.19764,0.98137,0,0,43894
218.070000,346.651569,-0.97648,0.06103,-0.24412,-0.00244,0.19642,0.97624,0,0,43895
218.075000,346.651569,-0.79339,0.06103,-0.36618,-0.00146,0.19496,0.97234,0,0,43896
218.080000,346.651569,-0.67133,0.24412,-0.48824,0.00146,0.19496,0.96844,0,0,43897
218.085000,346.666628,-0.42721,0.54927,-0.48824,0.00268,0.19642,0.96819,0,0,43898
218.090000,346.666628,-0.06103,0.97648,-0.36618,0.00171,0.19935,0.97356,0,0,43899
218.095000,346.666628,0.18309,1.34266,0.06103,0.00195,0.20179,0.97649,0,0,43900
218.100000,346.681647,0.24412,1.34266,0.36618,0.00342,0.20350,0.97966,0,0,43901
218.105000,346.681647,0.30515,1.34266,0.54927,0.00293,0.20447,0.98356,0,0,43902
218.110000,346.681647,0.54927,1.22060,0.91545,0.00171,0.20520,0.98698,0,0,43903
218.115000,346.696634,0.79339,0.97648,1.34266,0.00073,0.20398,0.99040,0,0,43904
218.120000,346.696634,1.15957,0.73236,1.40369,-0.00146,0.20252,0.99162,0,0,43905
218.125000,346.696634,1.40369,0.12206,1.03751,-0.00293,0.20350,0.99015,0,0,43906
218.130000,346.711628,1.40369,-0.06103,0.67133,-0.00464,0.20764,0.98796,0,0,43907
218.135000,346.711628,1.58678,-0.36618,0.42721,-0.00415,0.21008,0.98308,0,0,43908
218.140000,346.711628,1.64781,-0.30515,0.30515,-0.00122,0.21106,0.97771,0,0,43909
218.145000,346.726637,1.09854,-0.12206,0.54927,-0.00049,0.21130,0.97307,0,0,43910
218.150000,346.726637,0.61030,0.30515,0.73236,-0.00073,0.20764,0.96868,0,0,43911
218.155000,346.726637,0.48824,0.85442,1.15957,0.00049,0.20276,0.96722,0,0,43912
218.160000,346.741646,0.67133,1.52575,1.64781,0.00171,0.19691,0.97136,0,0,43913
218.165000,346.741646,1.09854,1.70884,2.13605,0.00171,0.19056,0.97917,0,0,43914
218.170000,346.741646,1.34266,1.58678,2.13605,-0.00049,0.18739,0.98552,0,0,43915
218.175000,346.756596,1.46472,1.22060,1.40369,-0.00122,0.18642,0.99088,0,0,43916
218.180000,346.756596,0.91545,1.22060,0.91545,-0.00244,0.18764,0.99723,0,0,43917
218.185000,346.756596,0.06103,1.15957,0.67133,-0.00268,0.19056,1.00113,0,0,43918
218.190000,346.771620,-1.03751,1.15957,0.42721,-0.00244,0.19154,1.00138,0,0,43919
218.195000,346.771620,-1.95296,1.34266,0.12206,-0.00073,0.19032,1.00016,0,0,43920
218.200000,346.771620,-2.13605,1.52575,-0.18309,-0.00171,0.18886,1.00138,0,0,43921
218.205000,346.786577,-1.58678,1.40369,-0.18309,-0.00195,0.18983,1.00333,0,0,43922
218.210000,346.786577,-0.85442,1.03751,-0.12206,-0.00195,0.19349,1.00455,0,0,43923
218.215000,346.786577,-0.12206,0.61030,-0.24412,-0.00073,0.19984,1.00113,0,0,43924
218.220000,346.801568,0.12206,0.42721,-0.42721,-0.00122,0.20423,0.99918,0,0,43925
218.225000,346.801568,0.00000,0.73236,-0.30515,-0.00293,0.20764,1.00162,0,0,43926
218.230000,346.801568,-0.18309,0.61030,0.30515,-0.00390,0.20960,1.00186,0,0,43927
218.235000,346.816580,-0.18309,0.36618,0.67133,-0.00390,0.20886,0.99845,0,0,43928
218.240000,346.816580,-0.06103,0.00000,1.15957,-0.00415,0.20789,0.99552,0,0,43929
218.245000,346.816580,0.18309,0.06103,1.89193,-0.00488,0.20594,0.99552,0,0,43930
218.250000,346.831548,0.67133,0.12206,2.50223,-0.00512,0.20130,0.99601,0,0,43931
218.255000,346.831548,1.03751,0.24412,2.31914,-0.00488,0.19666,0.99796,0,0,43932
218.260000,346.831548,1.34266,0.36618,2.01399,-0.00439,0.19203,0.99894,0,0,43933
218.265000,346.846562,1.70884,0.48824,1.70884,-0.00415,0.18812,1.00113,0,0,43934
218.270000,346.846562,2.07502,0.24412,1.22060,-0.00366,0.18568,1.00333,0,0,43935
218.275000,346.846562,2.19708,-0.06103,0.79339,-0.00342,0.18568,1.00284,0,0,43936
218.280000,346.861516,2.07502,-0.24412,0.61030,-0.00293,0.18715,0.99918,0,0,43937
218.285000,346.861516,1.76987,-0.18309,0.73236,-0.00317,0.18764,0.99576,0,0,43938
218.290000,346.861516,1.28163,0.12206,0.91545,-0.00415,0.18837,0.99284,0,0,43939
218.295000,346.876559,0.79339,0.30515,0.79339,-0.00464,0.18812,0.99259,0,0,43940
218.300000,346.876559,0.73236,0.24412,0.36618,-0.00439,0.18690,0.99137,0,0,43941
218.305000,346.876559,0.73236,0.18309,0.12206,-0.00439,0.18617,0.99040,0,0,43942
218.310000,346.891616,1.09854,-0.06103,0.12206,-0.00537,0.18617,0.99040,0,0,43943
218.315000,346.891616,1.83090,-0.24412,-0.12206,-0.00708,0.18690,0.98918,0,0,43944
218.320000,346.891616,2.56326,-0.42721,-0.67133,-0.00586,0.18886,0.98722,0,0,43945
218.325000,346.906547,2.74635,-0.48824,-1.03751,-0.00268,0.19081,0.98918,0,0,43946
218.330000,346.906547,2.25811,-0.36618,-1.03751,0.00024,0.19471,0.98796,0,0,43947
218.335000,346.906547,1.09854,0.00000,-1.15957,0.00122,0.19666,0.98722,0,0,43948
218.340000,346.921561,-0.24412,0.48824,-1.15957,0.00146,0.19910,0.99064,0,0,43949
218.345000,346.921561,-1.58678,1.03751,-1.09854,0.00268,0.20130,0.99552,0,0,43950
218.350000,346.921561,-2.38017,1.28163,-1.03751,0.00293,0.20472,1.00089,0,0,43951
218.355000,346.936630,-2.44120,1.15957,-1.15957,0.00024,0.20984,1.00406,0,0,43952
218.360000,346.936630,-1.83090,0.97648,-0.97648,-0.00293,0.21350,1.00674,0,0,43953
218.365000,346.936630,-0.91545,0.61030,-0.79339,-0.00268,0.21448,1.00845,0,0,43954
218.370000,346.951602,0.18309,0.12206,-0.48824,-0.00098,0.21594,1.00601,0,0,43955
218.375000,346.951602,1.34266,-0.61030,0.00000,-0.00244,0.21399,1.00357,0,0,43956
218.380000,346.951602,2.13605,-0.97648,0.61030,-0.00293,0.21155,0.99894,0,0,43957
218.385000,346.966602,2.80738,-1.22060,1.03751,-0.00122,0.20813,0.99552,0,0,43958
218.390000,346.966602,2.92944,-1.28163,1.22060,-0.00049,0.20350,0.99186,0,0,43959
218.395000,346.966602,2.62429,-0.91545,1.09854,-0.00146,0.19984,0.98722,0,0,43960
218.400000,346.981640,2.07502,-0.61030,1.22060,-0.00220,0.19715,0.98625,0,0,43961
218.405000,346.981640,1.64781,-0.42721,1.52575,-0.00220,0.19569,0.99040,0,0,43962
218.410000,346.981640,1.89193,-0.54927,1.70884,-0.00024,0.19422,0.99040,0,0,43963
218.415000,346.996613,1.95296,-0.54927,1.34266,-0.00293,0.19252,0.99088,0,0,43964
218.420000,346.996613,1.89193,-0.54927,0.91545,-0.00439,0.19130,0.99430,0,0,43965
218.425000,346.996613,2.07502,-0.61030,0.48824,-0.00439,0.18910,0.99650,0,0,43966
218.430000,347.011640,2.68532,-1.15957,0.12206,-0.00561,0.18910,0.99430,0,0,43967
218.435000,347.011640,2.68532,-1.64781,-0.42721,-0.00537,0.18959,0.99015,0,0,43968
218.440000,347.011640,1.89193,-1.64781,-0.54927,-0.00512,0.19130,0.98722,0,0,43969
218.445000,347.026530,0.42721,-1.22060,-0.91545,-0.00512,0.19349,0.98405,0,0,43970
218.450000,347.026530,-0.42721,-0.91545,-1.22060,-0.00488,0.19618,0.97990,0,0,43971
218.455000,347.026530,-0.97648,-0.79339,-1.34266,-0.00537,0.19788,0.97722,0,0,43972
218.460000,347.041585,-1.15957,-0.48824,-1.40369,-0.00561,0.19862,0.97649,0,0,43973
218.465000,347.041585,-0.91545,-0.18309,-1.34266,-0.00610,0.19813,0.97576,0,0,43974
218.470000,347.041585,-0.42721,-0.12206,-1.22060,-0.00634,0.19813,0.97649,0,0,43975
218.475000,347.056576,-0.06103,-0.18309,-1.09854,-0.00610,0.19837,0.97795,0,0,43976
218.480000,347.056576,0.24412,-0.36618,-0.79339,-0.00415,0.19740,0.97942,0,0,43977
218.485000,347.056576,0.36618,-0.36618,-0.67133,-0.00098,0.19837,0.97893,0,0,43978
218.490000,347.071615,0.00000,0.00000,-0.79339,-0.00024,0.20008,0.97966,0,0,43979
218.495000,347.071615,-0.61030,0.61030,-0.91545,0.00049,0.20130,0.98503,0,0,43980
218.500000,347.071615,-1.09854,0.91545,-0.97648,0.00244,0.20057,0.99332,0,0,43981
218.505000,347.086658,-1.09854,0.42721,-1.03751,0.00366,0.20008,0.99528,0,0,43982
218.510000,347.086658,-1.03751,-0.18309,-1.15957,0.00195,0.20154,0.99284,0,0,43983
218.515000,347.086658,-0.79339,-0.67133,-1.15957,0.00024,0.20057,0.98771,0,0,43984
218.520000,347.101617,-0.06103,-1.03751,-1.15957,-0.00073,0.19886,0.97966,0,0,43985
218.525000,347.101617,0.79339,-1.34266,-1.15957,-0.00220,0.19788,0.97136,0,0,43986
218.530000,347.101617,1.34266,-1.52575,-1.09854,-0.00024,0.19862,0.96453,0,0,43987
218.535000,347.116769,1.46472,-1.64781,-1.03751,0.00024,0.20032,0.95965,0,0,43988
218.540000,347.116769,1.34266,-1.28163,-1.03751,-0.00244,0.20325,0.95550,0,0,43989
218.545000,347.116769,0.97648,-1.03751,-1.09854,-0.00342,0.20520,0.95380,0,0,43990
218.550000,347.131703,0.36618,-0.61030,-1.28163,-0.00195,0.20838,0.95526,0,0,43991
218.555000,347.131703,-0.42721,-0.06103,-1.52575,-0.00122,0.21106,0.95550,0,0,43992
218.560000,347.131703,-1.28163,0.42721,-1.58678,-0.00146,0.21228,0.96087,0,0,43993
218.565000,347.146734,-1.70884,0.73236,-1.52575,-0.00098,0.21423,0.96722,0,0,43994
218.570000,347.146734,-1.89193,0.85442,-1.34266,-0.00171,0.21594,0.97551,0,0,43995
218.575000,347.146734,-1.64781,0.91545,-1.34266,-0.00244,0.21570,0.97917,0,0,43996
218.580000,347.161701,-1.15957,0.91545,-1.40369,-0.00268,0.21521,0.98308,0,0,43997
218.585000,347.161701,-0.54927,0.73236,-1.34266,-0.00122,0.21448,0.98600,0,0,43998
218.590000,347.161701,0.12206,0.42721,-1.09854,0.00244,0.21252,0.98503,0,0,43999
218.595000,347.176846,0.79339,0.12206,-1.09854,0.00610,0.21082,0.98259,0,0,44000
218.600000,347.176846,1.46472,-0.12206,-0.79339,0.00415,0.21033,0.97990,0,0,44001
218.605000,347.176846,1.95296,-0.30515,-0.42721,0.00390,0.21008,0.97722,0,0,44002
218.610000,347.191756,2.62429,-0.30515,-0.24412,0.00439,0.20935,0.97478,0,0,44003
218.615000,347.191756,3.35665,-0.06103,-0.18309,0.00390,0.20789,0.97429,0,0,44004
218.620000,347.191756,4.21107,0.24412,-0.06103,0.00317,0.20618,0.97527,0,0,44005
218.625000,347.206816,4.88240,0.48824,0.36618,0.00171,0.20374,0.98234,0,0,44006
218.630000,347.206816,4.63828,0.54927,0.42721,0.00000,0.20081,0.98966,0,0,44007
218.635000,347.206816,3.72283,0.42721,-0.18309,0.00000,0.19984,0.99210,0,0,44008
218.640000,347.221843,1.76987,0.48824,-0.73236,-0.00098,0.20276,0.99357,0,0,44009
218.645000,347.221843,-1.03751,0.61030,-0.73236,-0.00122,0.20642,0.99552,0,0,44010
218.650000,347.221843,-2.68532,0.67133,-0.73236,-0.00268,0.21033,0.99284,0,0,44011
218.655000,347.236669,-3.72283,0.67133,-0.73236,-0.00415,0.21350,0.98820,0,0,44012
218.660000,347.236669,-3.66180,0.48824,-0.79339,-0.00586,0.21618,0.98259,0,0,44013
218.665000,347.236669,-2.68532,0.30515,-0.61030,-0.00512,0.21618,0.97673,0,0,44014
218.670000,347.251562,-0.61030,0.00000,-0.48824,-0.00342,0.21496,0.97136,0,0,44015
218.675000,347.251562,0.97648,-0.12206,-0.36618,-0.00195,0.21423,0.96600,0,0,44016
218.680000,347.251562,2.07502,-0.24412,-0.30515,-0.00171,0.21399,0.96258,0,0,44017
218.685000,347.266667,2.56326,-0.06103,-0.12206,-0.00122,0.21496,0.96063,0,0,44018
218.690000,347.266667,2.19708,0.61030,0.06103,-0.00195,0.21252,0.96160,0,0,44019
218.695000,347.266667,1.40369,1.28163,0.00000,0.00024,0.21082,0.96600,0,0,44020
218.700000,347.281630,0.67133,1.83090,-0.18309,0.00268,0.20935,0.97136,0,0,44021
218.705000,347.281630,-0.18309,2.25811,-0.54927,0.00366,0.20886,0.97771,0,0,44022
218.710000,347.281630,-1.03751,2.68532,-0.48824,0.00390,0.21033,0.98600,0,0,44023
218.715000,347.296593,-1.70884,2.86841,-0.18309,0.00220,0.21155,0.99162,0,0,44024
218.720000,347.296593,-1.95296,2.50223,0.36618,-0.00024,0.21155,0.99454,0,0,44025
218.725000,347.296593,-1.83090,2.01399,0.36618,-0.00195,0.21057,0.99430,0,0,44026
218.730000,347.311611,-1.34266,1.70884,0.30515,-0.00244,0.20911,0.99332,0,0,44027
218.735000,347.311611,-0.48824,1.28163,0.42721,-0.00342,0.20813,0.99186,0,0,44028
218.740000,347.311611,0.42721,0.91545,0.61030,-0.00415,0.20740,0.98918,0,0,44029
218.745000,347.326609,1.58678,0.48824,0.73236,-0.00342,0.20594,0.98503,0,0,44030
218.750000,347.326609,2.25811,0.30515,0.85442,-0.00293,0.20447,0.98381,0,0,44031
218.755000,347.326609,2.56326,0.36618,0.79339,-0.00293,0.20276,0.98625,0,0,44032
218.760000,347.341526,2.62429,0.54927,0.85442,-0.00122,0.20179,0.99113,0,0,44033
218.765000,347.341526,2.56326,0.73236,0.61030,-0.00024,0.20228,0.99772,0,0,44034
218.770000,347.341526,2.56326,0.61030,0.18309,0.00073,0.20423,1.00138,0,0,44035
218.775000,347.356476,2.13605,0.67133,-0.06103,-0.00049,0.20740,1.00674,0,0,44036
218.780000,347.356476,1.34266,0.85442,-0.36618,-0.00220,0.21204,1.00894,0,0,44037
218.785000,347.356476,0.30515,0.85442,-0.73236,-0.00415,0.21765,1.00943,0,0,44038
218.790000,347.371473,-0.97648,0.97648,-0.97648,-0.00439,0.22106,1.00845,0,0,44039
218.795000,347.371473,-2.25811,1.15957,-1.15957,-0.00098,0.22106,1.00504,0,0,44040
218.800000,347.371473,-2.50223,1.28163,-1.22060,0.00098,0.21984,0.99967,0,0,44041
218.805000,347.386641,-2.25811,1.40369,-0.73236,0.00342,0.21838,0.99772,0,0,44042
218.810000,347.386641,-1.52575,1.64781,0.06103,0.00659,0.21521,0.99942,0,0,44043
218.815000,347.386641,-0.54927,1.52575,0.48824,0.00952,0.21448,1.00284,0,0,44044
218.820000,347.401597,0.24412,1.22060,0.61030,0.00854,0.21448,1.00650,0,0,44045
218.825000,347.401597,0.54927,1.09854,0.61030,0.00708,0.21545,1.01138,0,0,44046
218.830000,347.401597,0.42721,0.97648,0.73236,0.00537,0.21814,1.01504,0,0,44047
218.835000,347.416654,-0.30515,0.97648,0.79339,0.00317,0.21984,1.01724,0,0,44048
218.840000,347.416654,-1.89193,1.15957,0.79339,0.00317,0.21838,1.01943,0,0,44049
218.845000,347.416654,-2.80738,1.22060,0.85442,0.00024,0.21618,1.02260,0,0,44050
218.850000,347.431643,-2.92944,0.91545,0.97648,-0.00342,0.21594,1.02285,0,0,44051
218.855000,347.431643,-2.44120,0.18309,0.97648,-0.00781,0.21594,1.02065,0,0,44052
218.860000,347.431643,-1.52575,-0.42721,0.73236,-0.00708,0.21374,1.01406,0,0,44053
218.865000,347.446793,-0.18309,-0.91545,0.54927,-0.00634,0.21399,1.00772,0,0,44054
218.870000,347.446793,1.40369,-1.40369,0.91545,-0.00976,0.21618,1.00357,0,0,44055
218.875000,347.446793,2.68532,-1.83090,1.52575,-0.01293,0.21692,0.99772,0,0,44056
218.880000,347.461835,3.29562,-1.70884,1.95296,-0.01171,0.21350,0.99430,0,0,44057
218.885000,347.461835,3.05150,-1.03751,1.95296,-0.00756,0.20594,0.99503,0,0,44058
218.890000,347.461835,2.56326,-0.48824,1.89193,-0.01025,0.19837,1.00186,0,0,44059
218.895000,347.476658,2.50223,-0.48824,1.89193,-0.01659,0.19276,1.00723,0,0,44060
218.900000,347.476658,2.25811,-0.97648,1.46472,-0.01976,0.18959,1.00918,0,0,44061
218.905000,347.476658,1.15957,-0.97648,0.61030,-0.01854,0.18886,1.00943,0,0,44062
218.910000,347.491664,-0.30515,-0.67133,-0.18309,-0.01610,0.19032,1.00723,0,0,44063
218.915000,347.491664,-1.46472,-0.30515,-0.30515,-0.01464,0.19178,1.00748,0,0,44064
218.920000,347.491664,-2.31914,-0.12206,-0.06103,-0.01464,0.19252,1.00967,0,0,44065
218.925000,347.506687,-2.74635,-0.30515,-0.18309,-0.01220,0.19227,1.00918,0,0,44066
218.930000,347.506687,-2.99047,-0.54927,-0.48824,-0.01269,0.19422,1.00723,0,0,44067
218.935000,347.506687,-3.05150,-0.61030,-0.48824,-0.01293,0.19715,1.00211,0,0,44068
218.940000,347.521668,-2.56326,-0.73236,-0.48824,-0.01025,0.19788,0.99918,0,0,44069
218.945000,347.521668,-2.19708,-1.03751,-0.24412,-0.00732,0.19959,0.99894,0,0,44070
218.950000,347.521668,-1.83090,-1.34266,-0.12206,-0.00732,0.20057,0.99698,0,0,44071
218.955000,347.536655,-1.64781,-1.58678,-0.06103,-0.00927,0.20008,0.99430,0,0,44072
218.960000,347.536655,-1.46472,-1.58678,0.18309,-0.00830,0.19935,0.99113,0,0,44073
218.965000,347.536655,-1.03751,-1.52575,0.24412,-0.00659,0.19618,0.98844,0,0,44074
218.970000,347.551833,-0.61030,-1.58678,0.24412,-0.00537,0.19130,0.98722,0,0,44075
218.975000,347.551833,-0.30515,-1.70884,0.06103,-0.00390,0.18642,0.98747,0,0,44076
218.980000,347.551833,0.00000,-1.76987,-0.42721,-0.00122,0.18593,0.98747,0,0,44077
218.985000,347.566737,0.42721,-1.89193,-0.91545,0.00000,0.18812,0.98918,0,0,44078
218.990000,347.566737,0.85442,-2.01399,-1.22060,-0.00171,0.19032,0.99259,0,0,44079
218.995000,347.566737,1.28163,-2.19708,-1.46472,-0.00171,0.19374,0.99625,0,0,44080
219.000000,347.581794,1.46472,-2.56326,-1.76987,-0.00073,0.19666,0.99820,0,0,44081
219.005000,347.581794,1.34266,-3.11253,-1.89193,-0.00195,0.19910,0.99454,0,0,44082
219.010000,347.581794,0.85442,-3.23459,-2.19708,-0.00244,0.20179,0.98918,0,0,44083
219.015000,347.596874,0.24412,-2.86841,-2.31914,-0.00244,0.20374,0.98234,0,0,44084
219.020000,347.596874,-0.48824,-2.19708,-2.38017,-0.00171,0.20496,0.97990,0,0,44085
219.025000,347.596874,-1.46472,-1.52575,-2.01399,0.00049,0.20862,0.97990,0,0,44086
219.030000,347.611650,-2.01399,-1.64781,-2.01399,0.00098,0.21057,0.98064,0,0,44087
219.035000,347.611650,-2.13605,-1.64781,-2.01399,0.00366,0.21057,0.98039,0,0,44088
219.040000,347.611650,-2.13605,-1.64781,-1.95296,0.00732,0.21082,0.97600,0,0,44089
219.045000,347.626816,-1.95296,-1.52575,-1.64781,0.00952,0.21033,0.97258,0,0,44090
219.050000,347.626816,-1.64781,-1.40369,-1.15957,0.01000,0.20789,0.97185,0,0,44091
219.055000,347.626816,-0.73236,-1.34266,-0.61030,0.01122,0.20545,0.96795,0,0,44092
219.060000,347.641754,0.79339,-1.58678,0.00000,0.00781,0.20447,0.96502,0,0,44093
219.065000,347.641754,2.44120,-2.13605,0.61030,0.00220,0.20447,0.96014,0,0,44094
219.070000,347.641754,3.90592,-2.25811,1.46472,-0.00195,0.20154,0.95819,0,0,44095
219.075000,347.656656,4.08901,-1.64781,1.46472,0.00146,0.19618,0.95721,0,0,44096
219.080000,347.656656,3.41768,-0.91545,1.22060,0.00854,0.19032,0.96112,0,0,44097
219.085000,347.656656,2.25811,-0.24412,0.97648,0.00049,0.19203,0.97185,0,0,44098
219.090000,347.671816,1.52575,-0.12206,0.85442,-0.00683,0.19325,0.98186,0,0,44099
219.095000,347.671816,0.79339,-0.18309,0.30515,-0.00878,0.19544,0.98942,0,0,44100
219.100000,347.671816,-0.18309,-0.06103,-0.54927,-0.00659,0.19764,0.99723,0,0,44101
219.105000,347.686734,-1.03751,-0.30515,-1.09854,-0.00342,0.19886,1.00235,0,0,44102
219.110000,347.686734,-1.58678,-0.85442,-1.28163,-0.00342,0.20325,1.00308,0,0,44103
219.115000,347.686734,-1.46472,-1.46472,-1.03751,-0.00537,0.20960,0.99747,0,0,44104
219.120000,347.701629,-1.40369,-1.52575,-1.03751,-0.00439,0.21057,0.98918,0,0,44105
219.125000,347.701629,-0.97648,-1.58678,-0.97648,-0.00244,0.20813,0.98210,0,0,44106
219.130000,347.701629,-0.73236,-1.58678,-0.97648,-0.00146,0.20520,0.97258,0,0,44107
219.135000,347.716769,-0.48824,-1.46472,-0.42721,-0.00146,0.20301,0.96648,0,0,44108
219.140000,347.716769,-0.30515,-1.28163,-0.06103,0.00049,0.20008,0.96429,0,0,44109
219.145000,347.716769,-0.18309,-1.03751,0.12206,0.00049,0.19886,0.96648,0,0,44110
219.150000,347.731672,-0.18309,-0.91545,0.12206,-0.00171,0.19910,0.96941,0,0,44111
219.155000,347.731672,0.12206,-0.73236,-0.06103,-0.00195,0.20032,0.96966,0,0,44112
219.160000,347.731672,0.30515,-0.54927,-0.24412,-0.00244,0.20106,0.97039,0,0,44113
219.165000,347.746891,0.61030,-0.42721,-0.36618,-0.00195,0.20276,0.96917,0,0,44114
219.170000,347.746891,1.09854,-0.42721,-0.61030,0.00049,0.20472,0.96722,0,0,44115
219.175000,347.746891,1.34266,-0.48824,-0.91545,0.00024,0.20618,0.96551,0,0,44116
219.180000,347.761835,1.46472,-0.30515,-1.22060,-0.00024,0.20716,0.96453,0,0,44117
219.185000,347.761835,1.40369,-0.06103,-1.34266,0.00366,0.20740,0.96453,0,0,44118
219.190000,347.761835,0.97648,0.06103,-1.40369,0.00878,0.21033,0.96331,0,0,44119
219.195000,347.776802,-0.24412,0.18309,-1.34266,0.00952,0.21496,0.96209,0,0,44120
219.200000,347.776802,-1.46472,0.48824,-1.34266,0.00805,0.21911,0.96014,0,0,44121
219.205000,347.776802,-2.56326,1.22060,-1.28163,0.00756,0.22277,0.95868,0,0,44122
219.210000,347.791719,-3.29562,1.70884,-1.09854,0.00756,0.22570,0.96209,0,0,44123
219.215000,347.791719,-3.17356,1.70884,-0.85442,0.00683,0.22765,0.96526,0,0,44124
219.220000,347.791719,-1.89193,1.22060,-0.73236,0.00586,0.22985,0.96746,0,0,44125
219.225000,347.806635,-0.73236,0.61030,-0.48824,0.00732,0.23253,0.96673,0,0,44126
219.230000,347.806635,0.61030,0.24412,-0.06103,0.00878,0.23448,0.96551,0,0,44127
219.235000,347.806635,1.64781,0.18309,0.61030,0.00830,0.23522,0.96453,0,0,44128
219.240000,347.821807,2.07502,0.06103,1.15957,0.00561,0.23448,0.96258,0,0,44129
219.245000,347.821807,1.76987,0.30515,1.46472,0.00512,0.23375,0.95990,0,0,44130
219.250000,347.821807,0.85442,0.97648,1.76987,0.00415,0.23156,0.95965,0,0,44131
219.255000,347.836731,-0.24412,1.76987,2.01399,0.00439,0.22814,0.95892,0,0,44132
219.260000,347.836731,-1.15957,2.31914,2.07502,0.00390,0.22253,0.95965,0,0,44133
219.265000,347.836731,-1.34266,2.80738,2.13605,0.00098,0.21570,0.96258,0,0,44134
219.270000,347.851836,-0.67133,2.74635,2.19708,0.00122,0.20911,0.96453,0,0,44135
219.275000,347.851836,0.36618,2.56326,2.31914,0.00220,0.20301,0.96673,0,0,44136
219.280000,347.851836,1.40369,2.25811,2.56326,0.00220,0.19910,0.96966,0,0,44137
219.285000,347.868069,2.13605,2.01399,2.80738,-0.00024,0.19715,0.97478,0,0,44138
219.290000,347.868069,2.19708,2.01399,2.62429,-0.00268,0.19447,0.97795,0,0,44139
219.295000,347.868069,1.15957,2.13605,1.95296,-0.00366,0.19203,0.98039,0,0,44140
219.300000,347.881549,0.00000,2.07502,1.40369,-0.00415,0.19081,0.98210,0,0,44141
219.305000,347.881549,-0.85442,2.19708,0.91545,-0.00464,0.19056,0.98332,0,0,44142
219.310000,347.881549,-1.40369,2.31914,0.42721,-0.00464,0.19081,0.98600,0,0,44143
219.315000,347.896667,-1.52575,2.44120,-0.12206,-0.00464,0.19105,0.98771,0,0,44144
219.320000,347.896667,-0.85442,2.38017,-0.24412,-0.00390,0.19056,0.99235,0,0,44145
219.325000,347.896667,-0.12206,2.19708,0.12206,-0.00390,0.19203,0.99967,0,0,44146
219.330000,347.911684,1.22060,1.64781,0.30515,-0.00366,0.19447,1.00235,0,0,44147
219.335000,347.911684,2.01399,0.67133,0.18309,-0.00342,0.19593,1.00235,0,0,44148
219.340000,347.911684,2.44120,0.12206,0.06103,-0.00390,0.19984,1.00089,0,0,44149
219.345000,347.926727,2.74635,-0.18309,-0.18309,-0.00439,0.20496,1.00040,0,0,44150
219.350000,347.926727,2.44120,-0.42721,-0.30515,-0.00439,0.21008,0.99869,0,0,44151
219.355000,347.926727,1.76987,-0.24412,-0.61030,-0.00390,0.21374,0.99820,0,0,44152
219.360000,347.941688,1.09854,0.06103,-0.97648,-0.00244,0.21594,0.99845,0,0,44153
219.365000,347.941688,0.18309,0.36618,-1.34266,-0.00195,0.21936,0.99772,0,0,44154
219.370000,347.941688,-0.73236,0.61030,-1.34266,-0.00073,0.22350,0.99747,0,0,44155
219.375000,347.956604,-1.40369,0.73236,-1.09854,-0.00195,0.22643,0.99503,0,0,44156
219.380000,347.956604,-1.52575,0.85442,-0.73236,-0.00317,0.22765,0.99381,0,0,44157
219.385000,347.956604,-1.28163,0.97648,-0.48824,-0.00171,0.22594,0.99088,0,0,44158
219.390000,347.971748,-0.73236,0.97648,-0.18309,0.00024,0.22302,0.98527,0,0,44159
219.395000,347.971748,-0.12206,0.85442,0.24412,0.00146,0.21838,0.97942,0,0,44160
219.400000,347.971748,0.24412,1.09854,0.79339,0.00268,0.21496,0.97600,0,0,44161
219.405000,347.986851,0.18309,1.64781,1.22060,0.00195,0.21228,0.97502,0,0,44162
219.410000,347.986851,0.18309,1.95296,1.34266,0.00195,0.20960,0.97893,0,0,44163
219.415000,347.986851,0.12206,2.07502,1.09854,0.00171,0.20838,0.98405,0,0,44164
219.420000,348.001810,0.00000,2.19708,0.91545,0.00122,0.20935,0.99113,0,0,44165
219.425000,348.001810,-0.54927,2.56326,0.85442,0.00098,0.21008,0.99942,0,0,44166
219.430000,348.001810,-0.85442,2.50223,1.03751,0.00024,0.21106,1.00772,0,0,44167
219.435000,348.016835,-1.09854,2.31914,0.97648,-0.00122,0.21301,1.01455,0,0,44168
219.440000,348.016835,-0.79339,1.95296,1.09854,-0.00342,0.21618,1.01919,0,0,44169
219.445000,348.016835,-0.18309,1.58678,1.15957,-0.00561,0.21887,1.01894,0,0,44170
219.450000,348.031834,0.61030,1.28163,1.40369,-0.00781,0.21838,1.01724,0,0,44171
219.455000,348.031834,1.64781,0.97648,1.89193,-0.00952,0.21570,1.01821,0,0,44172
219.460000,348.031834,2.56326,0.61030,2.44120,-0.00976,0.21057,1.01870,0,0,44173
219.465000,348.046849,2.80738,0.30515,2.62429,-0.01000,0.20472,1.01724,0,0,44174
219.470000,348.046849,2.13605,-0.06103,2.31914,-0.00903,0.19886,1.01309,0,0,44175
219.475000,348.046849,1.22060,0.00000,1.89193,-0.00903,0.19422,1.00943,0,0,44176
219.480000,348.061713,0.30515,0.24412,1.52575,-0.00708,0.19105,1.00845,0,0,44177
219.485000,348.061713,-0.18309,0.30515,1.28163,-0.00488,0.19032,1.01114,0,0,44178
219.490000,348.061713,-0.12206,0.00000,0.54927,-0.00244,0.19032,1.01260,0,0,44179
219.495000,348.076719,0.00000,-0.48824,-0.30515,-0.00171,0.19447,1.01309,0,0,44180
219.500000,348.076719,-0.24412,-0.73236,-0.97648,-0.00366,0.20276,1.01406,0,0,44181
219.505000,348.076719,-0.61030,-0.73236,-1.22060,-0.00366,0.21082,1.01382,0,0,44182
219.510000,348.091715,-1.03751,-0.85442,-1.03751,-0.00293,0.21594,1.01358,0,0,44183
219.515000,348.091715,-1.28163,-0.97648,-0.79339,-0.00390,0.22253,1.01089,0,0,44184
219.520000,348.091715,-1.40369,-0.91545,-0.36618,-0.00390,0.22716,1.00723,0,0,44185
219.525000,348.106961,-1.28163,-0.73236,0.12206,-0.00464,0.22912,1.00211,0,0,44186
219.530000,348.106961,-0.85442,-0.48824,0.91545,-0.00488,0.22741,0.99625,0,0,44187
219.535000,348.106961,-0.30515,-0.42721,1.46472,-0.00390,0.22058,0.99284,0,0,44188
219.540000,348.121908,0.48824,-0.73236,1.89193,-0.00268,0.21374,0.98991,0,0,44189
219.545000,348.121908,1.34266,-1.15957,2.01399,-0.00098,0.20911,0.98625,0,0,44190
219.550000,348.121908,1.83090,-1.34266,2.13605,-0.00098,0.20496,0.98015,0,0,44191
219.555000,348.137047,2.01399,-1.03751,2.13605,-0.00220,0.20057,0.97795,0,0,44192
219.560000,348.137047,1.83090,-0.79339,1.83090,-0.00268,0.19618,0.97527,0,0,44193
219.565000,348.137047,1.09854,-0.48824,1.15957,-0.00342,0.19325,0.97356,0,0,44194
219.570000,348.151849,0.18309,-0.18309,0.54927,-0.00512,0.19203,0.97234,0,0,44195
219.575000,348.151849,-0.91545,0.18309,0.18309,-0.00512,0.19252,0.97380,0,0,44196
219.580000,348.151849,-1.89193,0.48824,-0.24412,-0.00415,0.19227,0.97820,0,0,44197
219.585000,348.166875,-2.44120,0.61030,-0.79339,-0.00220,0.19447,0.97942,0,0,44198
219.590000,348.166875,-2.62429,0.48824,-1.15957,-0.00220,0.19666,0.98015,0,0,44199
219.595000,348.166875,-2.07502,0.12206,-0.67133,0.00000,0.20106,0.98234,0,0,44200
219.600000,348.181817,-0.91545,-0.36618,-0.06103,0.00366,0.20667,0.98210,0,0,44201
219.605000,348.181817,0.48824,-0.97648,0.48824,0.00683,0.21301,0.98039,0,0,44202
219.610000,348.181817,1.52575,-1.15957,0.91545,0.00708,0.21740,0.97820,0,0,44203
219.615000,348.196741,2.01399,-0.91545,1.34266,0.00439,0.21789,0.97917,0,0,44204
219.620000,348.196741,2.13605,-0.48824,1.70884,0.00122,0.21765,0.98137,0,0,44205
219.625000,348.196741,1.95296,-0.24412,1.58678,-0.00146,0.21545,0.98552,0,0,44206
219.630000,348.211832,1.34266,-0.06103,1.22060,-0.00073,0.21350,0.99186,0,0,44207
219.635000,348.211832,0.48824,0.42721,1.03751,-0.00073,0.21350,0.99918,0,0,44208
219.640000,348.211832,-0.42721,0.42721,0.73236,-0.00122,0.21448,1.00357,0,0,44209
219.645000,348.226773,-1.76987,0.06103,0.36618,-0.00171,0.21740,1.00406,0,0,44210
219.650000,348.226773,-2.50223,-0.12206,0.12206,-0.00317,0.22009,1.00089,0,0,44211
219.655000,348.226773,-2.74635,-0.30515,0.12206,-0.00415,0.22082,0.99284,0,0,44212
219.660000,348.241762,-2.62429,-0.42721,0.42721,-0.00146,0.21862,0.98674,0,0,44213
219.665000,348.241762,-2.07502,-0.36618,1.22060,0.00220,0.21326,0.98161,0,0,44214
219.670000,348.241762,-1.15957,-0.12206,1.83090,0.00415,0.20960,0.97942,0,0,44215
219.675000,348.256592,-0.24412,0.00000,2.50223,0.00244,0.20862,0.98210,0,0,44216
219.680000,348.256592,0.61030,0.00000,3.05150,-0.00098,0.20594,0.98332,0,0,44217
219.685000,348.256592,1.40369,0.06103,3.11253,-0.00366,0.19984,0.98454,0,0,44218
219.690000,348.271850,1.89193,0.00000,2.80738,-0.00586,0.19105,0.98527,0,0,44219
219.695000,348.271850,2.25811,-0.24412,2.19708,-0.00756,0.18373,0.98649,0,0,44220
219.700000,348.271850,2.19708,-0.61030,1.46472,-0.00927,0.17934,0.98820,0,0,44221
219.705000,348.286731,1.89193,-0.91545,0.79339,-0.01147,0.17983,0.98649,0,0,44222
219.710000,348.286731,1.40369,-1.09854,0.12206,-0.01196,0.18202,0.98210,0,0,44223
219.715000,348.286731,0.67133,-1.09854,-0.30515,-0.01196,0.18520,0.97722,0,0,44224
219.720000,348.301752,-0.24412,-0.73236,0.00000,-0.00805,0.18983,0.97161,0,0,44225
219.725000,348.301752,-0.97648,-0.30515,0.79339,-0.00659,0.19374,0.97210,0,0,44226
219.730000,348.301752,-1.28163,0.12206,1.40369,-0.00634,0.19740,0.97063,0,0,44227
219.735000,348.316949,-1.09854,0.24412,1.64781,-0.00488,0.19642,0.96941,0,0,44228
219.740000,348.316949,-0.91545,0.61030,1.89193,-0.00317,0.19325,0.97210,0,0,44229
219.745000,348.316949,-0.42721,0.48824,1.89193,-0.00342,0.19325,0.97576,0,0,44230
219.750000,348.331695,0.24412,0.30515,1.46472,-0.00366,0.19544,0.97551,0,0,44231
219.755000,348.331695,0.54927,0.24412,0.91545,-0.00488,0.19788,0.97576,0,0,44232
219.760000,348.331695,0.54927,0.36618,0.54927,-0.00756,0.20008,0.97746,0,0,44233
219.765000,348.346818,0.48824,0.61030,0.24412,-0.00708,0.20179,0.97917,0,0,44234
219.770000,348.346818,0.24412,0.67133,-0.18309,-0.00610,0.20398,0.98088,0,0,44235
219.775000,348.346818,0.12206,0.67133,-0.61030,-0.00610,0.20618,0.98332,0,0,44236
219.780000,348.361658,0.00000,0.54927,-1.09854,-0.00537,0.20691,0.98210,0,0,44237
219.785000,348.361658,-0.42721,0.48824,-1.28163,-0.00415,0.20618,0.98161,0,0,44238
219.790000,348.361658,-1.03751,0.48824,-1.09854,-0.00171,0.20691,0.98161,0,0,44239
219.795000,348.376931,-1.40369,0.36618,-0.97648,0.00049,0.20594,0.97893,0,0,44240
219.800000,348.376931,-1.40369,0.36618,-0.67133,0.00317,0.20106,0.97405,0,0,44241
219.805000,348.376931,-1.03751,0.30515,-0.30515,0.00512,0.19471,0.97380,0,0,44242
219.810000,348.391796,-0.12206,0.00000,0.06103,0.00683,0.19252,0.97258,0,0,44243
219.815000,348.391796,0.91545,-0.36618,0.18309,0.00586,0.19325,0.97161,0,0,44244
219.820000,348.391796,1.52575,-0.42721,0.30515,0.00512,0.19227,0.97014,0,0,44245
219.825000,348.406626,1.58678,-0.36618,0.36618,0.00464,0.19349,0.96892,0,0,44246
219.830000,348.406626,0.91545,-0.06103,0.36618,0.00195,0.19837,0.97014,0,0,44247
219.835000,348.406626,0.79339,0.36618,0.42721,0.00146,0.20179,0.97356,0,0,44248
219.840000,348.421805,0.42721,1.03751,0.36618,0.00049,0.20472,0.98015,0,0,44249
219.845000,348.421805,0.06103,1.28163,0.18309,0.00000,0.20642,0.98918,0,0,44250
219.850000,348.421805,-0.30515,1.28163,0.30515,-0.00049,0.20618,0.99650,0,0,44251
219.855000,348.436706,-0.61030,1.22060,0.36618,-0.00244,0.20764,1.00357,0,0,44252
219.860000,348.436706,-0.97648,1.09854,0.24412,-0.00342,0.20740,1.00796,0,0,44253
219.865000,348.436706,-1.46472,0.54927,0.00000,-0.00342,0.20545,1.00821,0,0,44254
219.870000,348.451617,-1.52575,0.24412,-0.36618,-0.00293,0.20496,1.00552,0,0,44255
219.875000,348.451617,-1.28163,0.18309,-0.85442,-0.00244,0.20496,1.00138,0,0,44256
219.880000,348.451617,-0.97648,0.12206,-1.22060,-0.00195,0.20740,0.99820,0,0,44257
219.885000,348.466793,-0.67133,0.00000,-1.40369,-0.00244,0.20984,0.99284,0,0,44258
219.890000,348.466793,-0.30515,-0.06103,-1.40369,-0.00293,0.21228,0.98698,0,0,44259
219.895000,348.466793,-0.06103,-0.06103,-1.09854,-0.00366,0.21301,0.98308,0,0,44260
219.900000,348.481855,-0.06103,0.18309,-0.85442,-0.00390,0.21082,0.98210,0,0,44261
219.905000,348.481855,-0.12206,0.61030,-0.73236,-0.00415,0.20398,0.98405,0,0,44262
219.910000,348.481855,0.00000,0.67133,-0.42721,-0.00488,0.19862,0.98698,0,0,44263
219.915000,348.496973,0.18309,0.54927,-0.30515,-0.00464,0.19349,0.99113,0,0,44264
219.920000,348.496973,0.42721,0.06103,-0.48824,-0.00293,0.18983,0.98991,0,0,44265
219.925000,348.496973,0.30515,-0.12206,-0.91545,-0.00171,0.18910,0.98771,0,0,44266
219.930000,348.511789,0.00000,-0.48824,-1.03751,0.00024,0.19276,0.98552,0,0,44267
219.935000,348.511789,-0.30515,-0.48824,-0.73236,0.00073,0.19544,0.98454,0,0,44268
219.940000,348.511789,-0.48824,-0.18309,-0.73236,0.00098,0.19788,0.98454,0,0,44269
219.945000,348.526809,-0.54927,0.06103,-0.97648,0.00073,0.20057,0.98527,0,0,44270
219.950000,348.526809,-0.42721,-0.06103,-1.03751,0.00122,0.20569,0.98722,0,0,44271
219.955000,348.526809,-0.12206,-0.24412,-0.79339,-0.00098,0.21082,0.98844,0,0,44272
219.960000,348.541787,0.24412,-0.30515,-0.67133,-0.00171,0.21472,0.99113,0,0,44273
219.965000,348.541787,0.48824,-0.42721,-0.67133,-0.00171,0.21984,0.99235,0,0,44274
219.970000,348.541787,0.36618,-0.54927,-0.73236,-0.00220,0.22375,0.99113,0,0,44275
219.975000,348.556862,0.24412,-0.54927,-0.67133,-0.00317,0.22570,0.98771,0,0,44276
219.980000,348.556862,0.36618,-0.61030,-0.54927,-0.00366,0.22643,0.98210,0,0,44277
219.985000,348.556862,0.48824,-0.48824,-0.54927,-0.00293,0.22594,0.97893,0,0,44278
219.990000,348.571962,0.48824,-0.24412,-0.54927,0.00073,0.22546,0.97746,0,0,44279
219.995000,348.571962,0.24412,0.36618,-0.24412,0.00512,0.22497,0.97576,0,0,44280
220.000000,348.571962,-0.24412,0.85442,0.48824,0.00756,0.22253,0.97868,0,0,44281
220.005000,348.586902,-0.73236,1.28163,1.28163,0.00634,0.21814,0.98600,0,0,44282
220.010000,348.586902,-1.15957,1.28163,1.76987,0.00146,0.21374,0.99308,0,0,44283
220.015000,348.586902,-1.34266,1.15957,1.70884,-0.00024,0.20789,0.99552,0,0,44284
220.020000,348.601723,-1.89193,1.28163,1.22060,0.00268,0.20179,0.99723,0,0,44285
220.025000,348.601723,-2.62429,1.40369,1.03751,0.00220,0.19740,1.00016,0,0,44286
220.030000,348.601723,-2.50223,1.09854,1.03751,-0.00171,0.19886,1.00113,0,0,44287
220.035000,348.616879,-1.89193,0.67133,0.91545,-0.00634,0.20252,0.99918,0,0,44288
220.040000,348.616879,-0.79339,0.24412,0.61030,-0.00952,0.20496,0.99528,0,0,44289
220.045000,348.616879,-0.06103,0.06103,0.54927,-0.00903,0.20716,0.99308,0,0,44290
220.050000,348.631843,0.54927,0.06103,0.54927,-0.00903,0.20716,0.99357,0,0,44291
220.055000,348.631843,0.97648,0.06103,0.67133,-0.00781,0.20691,0.99332,0,0,44292
220.060000,348.631843,0.91545,0.36618,0.73236,-0.00683,0.20496,0.99235,0,0,44293
220.065000,348.646739,0.36618,0.67133,0.97648,-0.00586,0.20032,0.99430,0,0,44294
220.070000,348.646739,-0.48824,0.73236,1.03751,-0.00488,0.19398,0.99625,0,0,44295
220.075000,348.646739,-0.97648,0.61030,0.67133,-0.00488,0.18617,0.99796,0,0,44296
220.080000,348.661753,-1.15957,0.36618,0.12206,-0.00634,0.18324,0.99894,0,0,44297
220.085000,348.661753,-0.97648,0.00000,-0.48824,-0.00756,0.18446,0.99894,0,0,44298
220.090000,348.661753,-0.06103,-0.54927,-1.15957,-0.00659,0.18739,0.99698,0,0,44299
220.095000,348.676654,0.79339,-1.09854,-1.46472,-0.00586,0.19374,0.99308,0,0,44300
220.100000,348.676654,1.22060,-1.40369,-1.58678,-0.00512,0.20130,0.98966,0,0,44301
220.105000,348.676654,1.64781,-1.70884,-1.34266,-0.00512,0.20398,0.98454,0,0,44302
220.110000,348.691731,2.07502,-1.70884,-1.15957,-0.00512,0.20618,0.97942,0,0,44303
220.115000,348.691731,2.25811,-1.52575,-0.91545,-0.00366,0.20618,0.97527,0,0,44304
220.120000,348.691731,2.25811,-1.15957,-0.85442,-0.00195,0.20691,0.97234,0,0,44305
220.125000,348.706575,1.95296,-0.73236,-0.79339,0.00098,0.20716,0.97283,0,0,44306
220.130000,348.706575,1.40369,-0.42721,-0.73236,0.00317,0.20691,0.97210,0,0,44307
220.135000,348.706575,0.67133,-0.30515,-0.85442,0.00220,0.20935,0.97063,0,0,44308
220.140000,348.721559,-0.06103,-0.12206,-0.85442,0.00268,0.21130,0.97136,0,0,44309
220.145000,348.721559,-0.54927,0.18309,-0.79339,0.00390,0.21252,0.97185,0,0,44310
220.150000,348.721559,-0.97648,0.54927,-0.79339,0.00439,0.21326,0.97332,0,0,44311
220.155000,348.736635,-1.34266,0.73236,-0.67133,0.00366,0.21716,0.97283,0,0,44312
220.160000,348.736635,-1.58678,0.91545,-0.36618,0.00073,0.22155,0.97649,0,0,44313
220.165000,348.736635,-1.28163,1.09854,0.12206,-0.00171,0.22326,0.98112,0,0,44314
220.170000,348.755839,-0.79339,1.22060,0.42721,-0.00390,0.22326,0.98478,0,0,44315
220.175000,348.755839,-0.48824,1.40369,0.54927,-0.00439,0.22326,0.98698,0,0,44316
220.180000,348.755839,-0.36618,1.58678,0.67133,-0.00366,0.22082,0.99064,0,0,44317
220.185000,348.766638,-0.30515,1.52575,0.73236,-0.00317,0.21765,0.99796,0,0,44318
220.190000,348.766638,-0.24412,1.15957,0.61030,-0.00317,0.21204,1.00260,0,0,44319
220.195000,348.766638,-0.06103,0.61030,0.54927,-0.00366,0.20691,1.00235,0,0,44320
220.200000,348.781617,0.42721,0.18309,0.48824,-0.00439,0.20374,1.00235,0,0,44321
220.205000,348.781617,1.09854,-0.18309,0.54927,-0.00439,0.19984,1.00113,0,0,44322
220.210000,348.781617,1.95296,-0.67133,0.48824,-0.00488,0.19935,0.99772,0,0,44323
220.215000,348.796599,2.50223,-1.03751,0.67133,-0.00756,0.20057,0.99479,0,0,44324
220.220000,348.796599,2.44120,-1.15957,1.03751,-0.00830,0.20032,0.99186,0,0,44325
220.225000,348.796599,2.07502,-0.91545,1.03751,-0.00952,0.19837,0.98991,0,0,44326
220.230000,348.811522,1.58678,-0.61030,1.03751,-0.00952,0.19642,0.99064,0,0,44327
220.235000,348.811522,1.15957,-0.24412,0.85442,-0.01049,0.19252,0.98918,0,0,44328
220.240000,348.811522,0.54927,0.18309,0.73236,-0.01122,0.18934,0.98820,0,0,44329
220.245000,348.826477,-0.12206,0.79339,0.67133,-0.01098,0.18593,0.99162,0,0,44330
220.250000,348.826477,-0.91545,1.22060,0.54927,-0.00830,0.18422,0.99576,0,0,44331
220.255000,348.826477,-1.64781,1.09854,0.00000,-0.00610,0.18349,0.99820,0,0,44332
220.260000,348.841556,-1.89193,0.79339,-0.54927,-0.00464,0.18251,0.99918,0,0,44333
220.265000,348.841556,-1.64781,0.48824,-1.03751,-0.00390,0.18324,1.00186,0,0,44334
220.270000,348.841556,-0.97648,0.12206,-1.34266,-0.00317,0.18544,1.00138,0,0,44335
220.275000,348.856431,-0.30515,-0.18309,-1.52575,-0.00220,0.19008,1.00211,0,0,44336
220.280000,348.856431,0.24412,-0.48824,-1.52575,-0.00122,0.19837,1.00650,0,0,44337
220.285000,348.856431,0.67133,-0.79339,-1.46472,-0.00049,0.21008,1.00967,0,0,44338
220.290000,348.871512,0.42721,-0.91545,-1.40369,-0.00146,0.21911,1.01406,0,0,44339
220.295000,348.871512,-0.24412,-0.61030,-1.09854,-0.00366,0.22619,1.01797,0,0,44340
220.300000,348.871512,-1.03751,-0.42721,-0.97648,-0.00439,0.23058,1.02212,0,0,44341
220.305000,348.886595,-1.89193,-0.48824,-0.85442,-0.00439,0.23204,1.02578,0,0,44342
220.310000,348.886595,-2.50223,-0.67133,-0.85442,-0.00439,0.23302,1.02797,0,0,44343
220.315000,348.886595,-2.68532,-0.97648,-0.73236,-0.00439,0.23424,1.02748,0,0,44344
220.320000,348.901769,-2.62429,-1.28163,-0.61030,-0.00488,0.23668,1.02456,0,0,44345
220.325000,348.901769,-2.50223,-1.64781,-0.61030,-0.00415,0.23619,1.01846,0,0,44346
220.330000,348.901769,-2.38017,-2.01399,-0.61030,-0.00415,0.23424,1.01138,0,0,44347
220.335000,348.916655,-2.31914,-1.95296,-0.12206,-0.00366,0.23082,1.00528,0,0,44348
220.340000,348.916655,-2.01399,-1.76987,0.18309,-0.00293,0.22521,1.00064,0,0,44349
220.345000,348.916655,-1.58678,-1.89193,0.67133,-0.00171,0.21936,0.99796,0,0,44350
220.350000,348.931786,-1.09854,-2.25811,1.22060,-0.00293,0.21374,0.99332,0,0,44351
220.355000,348.931786,-0.54927,-2.50223,1.89193,-0.00366,0.20789,0.98869,0,0,44352
220.360000,348.931786,-0.42721,-2.38017,2.50223,-0.00390,0.20398,0.98527,0,0,44353
220.365000,348.946758,-0.73236,-1.95296,2.80738,-0.00342,0.19813,0.98478,0,0,44354
220.370000,348.946758,-1.46472,-1.64781,2.31914,-0.00415,0.19447,0.98503,0,0,44355
220.375000,348.946758,-2.13605,-1.40369,1.89193,-0.00464,0.19300,0.98625,0,0,44356
220.380000,348.961679,-2.74635,-1.22060,1.46472,-0.00220,0.19008,0.98527,0,0,44357
220.385000,348.961679,-3.29562,-1.15957,0.91545,-0.00098,0.18983,0.98332,0,0,44358
220.390000,348.961679,-3.60077,-0.97648,0.12206,-0.00268,0.19178,0.98186,0,0,44359
220.395000,348.976688,-3.60077,-0.85442,-0.12206,-0.00293,0.19422,0.98332,0,0,44360
220.400000,348.976688,-3.17356,-0.85442,-0.42721,-0.00049,0.19788,0.98503,0,0,44361
220.405000,348.976688,-2.62429,-1.15957,-0.61030,0.00171,0.19935,0.98576,0,0,44362
220.410000,348.991610,-2.01399,-1.52575,-0.54927,0.00293,0.20106,0.98478,0,0,44363
220.415000,348.991610,-1.09854,-1.89193,-0.36618,0.00293,0.20179,0.98186,0,0,44364
220.420000,348.991610,-0.42721,-2.07502,0.30515,0.00073,0.20081,0.97966,0,0,44365
220.425000,349.006593,0.06103,-2.01399,0.54927,0.00049,0.20032,0.97746,0,0,44366
220.430000,349.006593,0.30515,-2.19708,0.48824,0.00146,0.19984,0.97502,0,0,44367
220.435000,349.006593,0.24412,-1.95296,0.42721,0.00171,0.19862,0.97112,0,0,44368
220.440000,349.021687,0.00000,-1.64781,0.67133,0.00220,0.19837,0.96917,0,0,44369
220.445000,349.021687,-0.12206,-1.34266,0.97648,-0.00049,0.19862,0.97039,0,0,44370
220.450000,349.021687,-0.18309,-1.03751,1.03751,-0.00171,0.19910,0.97039,0,0,44371
220.455000,349.036844,-0.12206,-0.85442,0.97648,0.00073,0.19984,0.97088,0,0,44372
220.460000,349.036844,-0.18309,-0.67133,1.22060,0.00390,0.19935,0.97307,0,0,44373
220.465000,349.036844,-0.42721,-0.61030,1.34266,0.00464,0.19935,0.97332,0,0,44374
220.470000,349.051832,-0.54927,-0.73236,1.22060,0.00439,0.19837,0.96966,0,0,44375
220.475000,349.051832,-0.67133,-0.67133,0.85442,0.00366,0.19788,0.96673,0,0,44376
220.480000,349.051832,-0.67133,-0.36618,0.54927,0.00293,0.19569,0.96746,0,0,44377
220.485000,349.066541,-0.36618,0.06103,0.24412,0.00366,0.19252,0.96722,0,0,44378
220.490000,349.066541,0.00000,0.18309,0.00000,0.00634,0.19105,0.96697,0,0,44379
220.495000,349.066541,0.24412,0.18309,0.00000,0.00659,0.19008,0.96722,0,0,44380
220.500000,349.081954,0.61030,0.06103,0.30515,0.00366,0.19203,0.96478,0,0,44381
220.505000,349.081954,0.97648,0.06103,0.54927,0.00171,0.19374,0.96648,0,0,44382
220.510000,349.081954,0.91545,0.42721,0.54927,0.00146,0.19398,0.96795,0,0,44383
220.515000,349.096815,0.36618,0.79339,0.48824,0.00220,0.19544,0.96990,0,0,44384
220.520000,349.096815,-0.24412,1.09854,0.67133,0.00171,0.19544,0.97380,0,0,44385
220.525000,349.096815,-0.24412,1.09854,0.67133,0.00268,0.19203,0.97868,0,0,44386
220.530000,349.111820,-0.12206,0.85442,0.73236,0.00390,0.18910,0.98088,0,0,44387
220.535000,349.111820,0.30515,0.48824,0.42721,0.00171,0.18959,0.98186,0,0,44388
220.540000,349.111820,0.61030,0.30515,0.12206,-0.00171,0.19008,0.98356,0,0,44389
220.545000,349.126848,1.22060,0.12206,0.00000,-0.00098,0.18934,0.98405,0,0,44390
220.550000,349.126848,1.64781,-0.18309,0.18309,0.00024,0.18959,0.98405,0,0,44391
220.555000,349.126848,1.95296,-0.73236,0.30515,-0.00146,0.18959,0.98137,0,0,44392
220.560000,349.141944,2.01399,-0.91545,0.30515,-0.00342,0.18983,0.97990,0,0,44393
220.565000,349.141944,1.83090,-0.91545,0.24412,-0.00439,0.19056,0.97917,0,0,44394
220.570000,349.141944,1.83090,-0.85442,0.12206,-0.00488,0.19154,0.97746,0,0,44395
220.575000,349.156808,1.83090,-0.73236,0.06103,-0.00512,0.19154,0.97795,0,0,44396
220.580000,349.156808,1.89193,-0.61030,0.06103,-0.00512,0.18837,0.97795,0,0,44397
220.585000,349.156808,1.76987,-0.79339,-0.30515,-0.00415,0.18471,0.97600,0,0,44398
220.590000,349.171840,1.64781,-0.79339,-1.03751,-0.00244,0.18349,0.97307,0,0,44399
220.595000,349.171840,1.52575,-0.67133,-1.64781,-0.00098,0.18446,0.97039,0,0,44400
220.600000,349.171840,1.46472,-0.54927,-2.07502,0.00244,0.18715,0.96819,0,0,44401
220.605000,349.186914,1.28163,-0.48824,-2.07502,0.00512,0.19227,0.96648,0,0,44402
220.610000,349.186914,1.22060,-0.36618,-1.89193,0.00683,0.19740,0.96722,0,0,44403
220.615000,349.186914,1.09854,-0.24412,-1.52575,0.00927,0.20032,0.96722,0,0,44404
220.620000,349.201849,0.97648,-0.24412,-1.46472,0.00952,0.20130,0.96844,0,0,44405
220.625000,349.201849,0.61030,0.00000,-1.34266,0.00610,0.20374,0.96966,0,0,44406
220.630000,349.201849,0.30515,0.30515,-1.28163,0.00195,0.20789,0.97088,0,0,44407
220.635000,349.216655,0.24412,0.67133,-1.15957,-0.00024,0.21008,0.97161,0,0,44408
220.640000,349.216655,0.48824,0.79339,-1.15957,0.00244,0.21179,0.97258,0,0,44409
220.645000,349.216655,0.79339,0.85442,-0.91545,0.00610,0.21277,0.97332,0,0,44410
220.650000,349.231904,1.15957,0.79339,-0.67133,0.00927,0.21277,0.97478,0,0,44411
220.655000,349.231904,1.40369,0.85442,-0.36618,0.01000,0.21277,0.97917,0,0,44412
220.660000,349.231904,1.58678,0.91545,-0.36618,0.00903,0.21106,0.98430,0,0,44413
220.665000,349.246845,1.58678,0.73236,-0.61030,0.00927,0.21033,0.98722,0,0,44414
220.670000,349.246845,1.15957,0.54927,-0.97648,0.00976,0.21106,0.98503,0,0,44415
220.675000,349.246845,0.48824,0.54927,-1.34266,0.00878,0.21228,0.98137,0,0,44416
220.680000,349.261707,-0.24412,0.67133,-1.46472,0.00805,0.21350,0.97844,0,0,44417
220.685000,349.261707,-0.67133,0.79339,-1.40369,0.00708,0.21448,0.97551,0,0,44418
220.690000,349.261707,-0.67133,0.85442,-1.09854,0.00683,0.21643,0.96990,0,0,44419
220.695000,349.276551,-0.30515,1.34266,-0.79339,0.00781,0.21716,0.97136,0,0,44420
220.700000,349.276551,0.61030,1.64781,-0.36618,0.00830,0.21814,0.97454,0,0,44421
220.705000,349.276551,1.28163,1.70884,0.00000,0.00732,0.21740,0.97795,0,0,44422
220.710000,349.291795,1.34266,1.76987,0.36618,0.00512,0.21692,0.98161,0,0,44423
220.715000,349.291795,1.03751,1.76987,1.03751,0.00098,0.21643,0.98942,0,0,44424
220.720000,349.291795,0.42721,2.01399,1.28163,0.00122,0.21277,0.99528,0,0,44425
220.725000,349.306709,-0.24412,2.13605,1.09854,0.00195,0.20862,0.99869,0,0,44426
220.730000,349.306709,-0.73236,1.89193,0.85442,0.00049,0.20545,1.00138,0,0,44427
220.735000,349.306709,-1.03751,1.70884,0.67133,-0.00195,0.20301,1.00333,0,0,44428
220.740000,349.321695,-1.03751,1.28163,0.18309,-0.00146,0.20179,1.00357,0,0,44429
220.745000,349.321695,-0.91545,0.91545,-0.24412,-0.00244,0.20179,1.00064,0,0,44430
220.750000,349.321695,-0.67133,0.67133,-0.30515,-0.00366,0.20301,0.99601,0,0,44431
220.755000,349.336844,-0.06103,0.54927,-0.12206,-0.00390,0.20423,0.99186,0,0,44432
220.760000,349.336844,0.91545,0.42721,0.30515,-0.00390,0.20472,0.98796,0,0,44433
220.765000,349.336844,1.89193,0.42721,0.42721,-0.00439,0.20496,0.98552,0,0,44434
220.770000,349.351931,2.50223,0.48824,0.36618,-0.00415,0.20203,0.98625,0,0,44435
220.775000,349.351931,2.62429,0.79339,0.42721,-0.00244,0.19764,0.99088,0,0,44436
220.780000,349.351931,2.38017,1.03751,0.42721,-0.00268,0.19398,0.99918,0,0,44437
220.785000,349.366921,2.01399,1.03751,0.36618,-0.00293,0.19252,1.00333,0,0,44438
220.790000,349.366921,1.46472,0.85442,0.24412,-0.00390,0.19154,1.00918,0,0,44439
220.795000,349.366921,1.09854,0.61030,0.00000,-0.00439,0.19154,1.01382,0,0,44440
220.800000,349.381832,0.79339,0.24412,-0.54927,-0.00464,0.19203,1.01333,0,0,44441
220.805000,349.381832,0.42721,0.06103,-1.15957,-0.00537,0.19374,1.01114,0,0,44442
220.810000,349.381832,0.18309,-0.06103,-1.64781,-0.00537,0.19764,1.00992,0,0,44443
220.815000,349.396950,0.00000,-0.42721,-2.07502,-0.00464,0.20228,1.00308,0,0,44444
220.820000,349.396950,-0.12206,-0.48824,-1.95296,-0.00464,0.20667,0.99894,0,0,44445
220.825000,349.396950,-0.42721,-0.24412,-1.40369,-0.00464,0.20984,0.99698,0,0,44446
220.830000,349.411880,-0.54927,-0.36618,-1.09854,-0.00439,0.21301,0.99308,0,0,44447
220.835000,349.411880,-0.24412,-0.24412,-0.97648,-0.00439,0.21448,0.98893,0,0,44448
220.840000,349.411880,0.06103,-0.12206,-0.85442,-0.00561,0.21618,0.98576,0,0,44449
220.845000,349.426819,0.36618,0.18309,-0.61030,-0.00683,0.21692,0.98478,0,0,44450
220.850000,349.426819,0.73236,0.30515,-0.24412,-0.00537,0.21521,0.98430,0,0,44451
220.855000,349.426819,1.03751,0.24412,0.12206,-0.00146,0.21204,0.98356,0,0,44452
220.860000,349.441796,1.22060,0.18309,0.48824,0.00024,0.21082,0.98430,0,0,44453
220.865000,349.441796,1.46472,0.06103,0.85442,-0.00195,0.20716,0.98503,0,0,44454
220.870000,349.441796,1.34266,0.00000,0.79339,-0.00220,0.20325,0.98430,0,0,44455
220.875000,349.456752,1.09854,0.12206,0.61030,-0.00073,0.20032,0.98308,0,0,44456
220.880000,349.456752,0.54927,0.24412,0.30515,-0.00171,0.19959,0.98259,0,0,44457
220.885000,349.456752,-0.24412,0.36618,-0.12206,-0.00195,0.20057,0.98283,0,0,44458
220.890000,349.471828,-0.85442,0.54927,-0.61030,-0.00171,0.20154,0.98210,0,0,44459
220.895000,349.471828,-1.46472,0.85442,-0.85442,-0.00146,0.20472,0.98161,0,0,44460
220.900000,349.471828,-1.95296,1.09854,-0.79339,-0.00049,0.20569,0.98356,0,0,44461
220.905000,349.486917,-2.13605,1.34266,-0.85442,-0.00024,0.20716,0.98722,0,0,44462
220.910000,349.486917,-2.13605,1.22060,-0.91545,0.00049,0.20984,0.98942,0,0,44463
220.915000,349.486917,-1.95296,0.85442,-0.97648,0.00146,0.21301,0.99088,0,0,44464
220.920000,349.501783,-1.09854,0.36618,-0.79339,0.00098,0.21887,0.99210,0,0,44465
220.925000,349.501783,-0.24412,0.06103,-0.61030,-0.00098,0.22326,0.99430,0,0,44466
220.930000,349.501783,0.48824,-0.06103,-0.42721,-0.00220,0.22497,0.99381,0,0,44467
220.935000,349.516871,0.79339,-0.12206,0.00000,-0.00268,0.22497,0.99430,0,0,44468
220.940000,349.516871,1.09854,0.00000,0.61030,-0.00195,0.22155,0.99723,0,0,44469
220.945000,349.516871,1.46472,-0.06103,1.09854,-0.00049,0.21838,0.99747,0,0,44470
220.950000,349.531778,1.70884,-0.36618,1.09854,0.00024,0.21399,0.99747,0,0,44471
220.955000,349.531778,1.58678,-0.67133,0.91545,-0.00073,0.20838,0.99503,0,0,44472
220.960000,349.531778,1.52575,-0.73236,0.24412,-0.00244,0.20496,0.98869,0,0,44473
220.960000,349.546878,1.40369,-0.54927,0.00000,-0.00244,0.20350,0.98576,0,0,44474
220.965000,349.546878,1.03751,-0.30515,-0.24412,-0.00171,0.20106,0.98430,0,0,44475
220.970000,349.546878,0.67133,0.06103,-0.67133,-0.00024,0.20008,0.98454,0,0,44476
220.975000,349.561672,0.24412,0.36618,-1.34266,0.00049,0.20179,0.98820,0,0,44477
220.980000,349.561672,-0.12206,0.30515,-1.58678,-0.00244,0.20423,0.99259,0,0,44478
220.985000,349.561672,0.06103,0.18309,-1.70884,-0.00342,0.20691,0.99503,0,0,44479
220.990000,349.576905,0.18309,-0.12206,-1.95296,-0.00366,0.20935,0.99454,0,0,44480
220.995000,349.576905,0.36618,-0.36618,-2.13605,-0.00293,0.21228,0.99015,0,0,44481
221.000000,349.576905,0.67133,-0.30515,-1.58678,-0.00122,0.21692,0.98722,0,0,44482
221.005000,349.591809,0.61030,-0.12206,-0.79339,0.00122,0.22033,0.98844,0,0,44483
221.010000,349.591809,0.48824,0.12206,-0.18309,0.00146,0.22277,0.99015,0,0,44484
221.015000,349.591809,0.12206,0.12206,-0.12206,-0.00024,0.22424,0.99137,0,0,44485
221.020000,349.606915,-0.12206,0.06103,0.18309,0.00049,0.22546,0.99113,0,0,44486
221.025000,349.606915,-0.30515,-0.06103,0.61030,0.00268,0.22424,0.99113,0,0,44487
221.030000,349.606915,-0.48824,0.06103,1.28163,0.00488,0.21838,0.98771,0,0,44488
221.035000,349.621807,-0.36618,0.06103,1.46472,0.00512,0.21301,0.98234,0,0,44489
221.040000,349.621807,-0.30515,0.30515,1.70884,0.00464,0.21057,0.98332,0,0,44490
221.045000,349.621807,-0.12206,0.48824,1.83090,0.00512,0.20960,0.98381,0,0,44491
221.050000,349.636778,0.06103,0.79339,1.40369,0.00659,0.21033,0.98430,0,0,44492
221.055000,349.636778,-0.12206,0.91545,0.73236,0.00439,0.21155,0.98942,0,0,44493
221.060000,349.636778,-0.42721,0.79339,0.30515,0.00146,0.21570,0.99284,0,0,44494
221.065000,349.651786,-0.54927,0.48824,0.12206,0.00171,0.21838,0.99210,0,0,44495
221.070000,349.651786,-0.24412,0.36618,0.12206,0.00098,0.22033,0.99064,0,0,44496
221.075000,349.651786,0.36618,0.30515,0.30515,-0.00122,0.22009,0.98918,0,0,44497
221.080000,349.666933,1.15957,0.06103,0.54927,-0.00293,0.21936,0.98747,0,0,44498
221.085000,349.666933,1.76987,-0.24412,0.73236,-0.00390,0.21911,0.98478,0,0,44499
221.090000,349.666933,1.76987,-0.24412,0.73236,-0.00390,0.21570,0.98308,0,0,44500
221.095000,349.681947,1.40369,-0.12206,0.73236,-0.00439,0.21106,0.98259,0,0,44501
221.100000,349.681947,0.97648,0.24412,0.79339,-0.00488,0.20691,0.98503,0,0,44502
221.105000,349.681947,0.36618,0.48824,0.73236,-0.00488,0.20203,0.98698,0,0,44503
221.110000,349.696685,-0.30515,0.61030,0.67133,-0.00439,0.19764,0.98820,0,0,44504
221.115000,349.696685,-0.97648,0.79339,0.79339,-0.00464,0.19496,0.99284,0,0,44505
221.120000,349.696685,-0.97648,0.85442,0.73236,-0.00317,0.19105,0.99381,0,0,44506
221.125000,349.711965,-0.67133,0.48824,0.36618,-0.00073,0.18959,0.99357,0,0,44507
221.130000,349.711965,0.06103,-0.06103,0.00000,-0.00220,0.19154,0.99503,0,0,44508
221.135000,349.711965,0.73236,-0.30515,-0.12206,-0.00366,0.19374,0.99698,0,0,44509
221.140000,349.726928,1.58678,-0.79339,-0.06103,-0.00390,0.19642,0.99674,0,0,44510
221.145000,349.726928,2.07502,-1.34266,-0.30515,-0.00342,0.20032,0.99186,0,0,44511
221.150000,349.726928,2.07502,-1.58678,-0.67133,-0.00098,0.20447,0.98600,0,0,44512
221.155000,349.741934,1.22060,-1.15957,-0.67133,-0.00024,0.20789,0.98308,0,0,44513
221.160000,349.741934,-0.48824,-0.42721,-0.85442,-0.00268,0.21057,0.98112,0,0,44514
221.165000,349.741934,-2.44120,0.30515,-1.34266,-0.00390,0.21423,0.98430,0,0,44515
221.170000,349.756805,-3.78386,0.73236,-1.76987,0.00049,0.21521,0.98747,0,0,44516
221.175000,349.756805,-4.21107,0.73236,-1.89193,0.00610,0.21594,0.98991,0,0,44517
221.180000,349.756805,-3.60077,0.42721,-1.40369,0.00805,0.21740,0.98991,0,0,44518
221.185000,349.771942,-2.38017,0.36618,-1.03751,0.00756,0.21936,0.99162,0,0,44519
221.190000,349.771942,-1.22060,0.00000,-0.91545,0.00781,0.22228,0.99503,0,0,44520
221.195000,349.771942,-0.48824,-0.48824,-0.79339,0.00781,0.22594,0.99235,0,0,44521
221.200000,349.787085,-0.30515,-0.91545,-0.18309,0.00488,0.22472,0.98796,0,0,44522
221.205000,349.787085,-0.42721,-1.15957,0.61030,0.00098,0.22155,0.97820,0,0,44523
221.210000,349.787085,-0.67133,-0.73236,0.91545,0.00024,0.21667,0.96966,0,0,44524
221.215000,349.801944,-0.97648,-0.36618,1.28163,0.00049,0.21179,0.96526,0,0,44525
221.220000,349.801944,-1.09854,0.12206,1.64781,0.00171,0.20862,0.96185,0,0,44526
221.225000,349.801944,-0.97648,0.36618,1.58678,0.00220,0.20496,0.96063,0,0,44527
221.230000,349.816766,-0.85442,0.67133,1.40369,0.00024,0.20276,0.96404,0,0,44528
221.235000,349.816766,-0.97648,1.09854,1.28163,-0.00220,0.20154,0.96868,0,0,44529
221.240000,349.816766,-1.03751,1.28163,1.34266,-0.00195,0.20106,0.97210,0,0,44530
221.245000,349.831958,-0.85442,1.09854,1.52575,-0.00171,0.19910,0.97356,0,0,44531
221.250000,349.831958,-0.36618,0.97648,1.64781,-0.00293,0.19788,0.97332,0,0,44532
221.255000,349.831958,0.36618,1.22060,1.40369,-0.00415,0.19764,0.97234,0,0,44533
221.260000,349.846797,0.36618,1.58678,1.22060,-0.00537,0.19740,0.97356,0,0,44534
221.265000,349.846797,-0.06103,1.89193,1.28163,-0.00488,0.19618,0.97868,0,0,44535
221.270000,349.846797,-0.48824,1.89193,1.28163,-0.00488,0.19666,0.98454,0,0,44536
221.275000,349.861867,-0.79339,1.83090,1.15957,-0.00464,0.19422,0.99040,0,0,44537
221.280000,349.861867,-0.91545,1.95296,0.91545,-0.00512,0.19325,0.99772,0,0,44538
221.285000,349.861867,-0.67133,1.76987,0.54927,-0.00512,0.19325,1.00308,0,0,44539
221.290000,349.876954,-0.36618,1.40369,0.36618,-0.00512,0.19471,1.00577,0,0,44540
221.295000,349.876954,0.12206,0.97648,0.36618,-0.00610,0.19740,1.00918,0,0,44541
221.300000,349.876954,0.67133,0.54927,0.36618,-0.00659,0.19788,1.00894,0,0,44542
221.305000,349.891767,0.97648,0.18309,0.36618,-0.00610,0.19788,1.00699,0,0,44543
221.310000,349.891767,0.97648,-0.48824,0.24412,-0.00610,0.19715,1.00528,0,0,44544
221.315000,349.891767,1.09854,-0.91545,0.18309,-0.00732,0.19935,1.00064,0,0,44545
221.320000,349.906842,0.97648,-0.97648,-0.12206,-0.00830,0.20154,0.99479,0,0,44546
221.325000,349.906842,0.79339,-0.85442,-0.06103,-0.00781,0.20301,0.98966,0,0,44547
221.330000,349.906842,1.15957,-0.79339,-0.06103,-0.00708,0.20228,0.98649,0,0,44548
221.335000,349.921824,1.70884,-0.85442,0.12206,-0.00634,0.20228,0.98234,0,0,44549
221.340000,349.921824,2.31914,-0.79339,0.24412,-0.00659,0.20203,0.97990,0,0,44550
221.345000,349.921824,2.80738,-0.79339,0.18309,-0.00537,0.20057,0.97698,0,0,44551
221.350000,349.936932,3.05150,-0.48824,-0.18309,-0.00317,0.19886,0.97624,0,0,44552
221.355000,349.936932,2.74635,0.00000,-0.30515,-0.00098,0.19959,0.97966,0,0,44553
221.360000,349.936932,2.07502,0.30515,-0.30515,-0.00098,0.20301,0.98576,0,0,44554
221.365000,349.951811,1.15957,0.54927,-0.30515,-0.00244,0.20740,0.99284,0,0,44555
221.370000,349.951811,0.12206,0.79339,-0.42721,-0.00439,0.21130,0.99942,0,0,44556
221.375000,349.951811,-0.67133,0.85442,-0.67133,-0.00464,0.21082,1.00479,0,0,44557
221.380000,349.966892,-1.28163,0.73236,-0.91545,-0.00464,0.21082,1.00845,0,0,44558
221.385000,349.966892,-1.76987,0.42721,-1.34266,-0.00415,0.21082,1.00870,0,0,44559
221.390000,349.966892,-1.95296,0.00000,-1.52575,-0.00415,0.21057,1.00845,0,0,44560
221.395000,349.981884,-1.83090,-0.48824,-1.64781,-0.00390,0.21350,1.00430,0,0,44561
221.400000,349.981884,-1.52575,-0.91545,-1.64781,-0.00366,0.21399,0.99894,0,0,44562
221.405000,349.981884,-0.85442,-1.15957,-1.58678,-0.00268,0.21399,0.99088,0,0,44563
221.410000,349.997070,-0.12206,-1.28163,-1.40369,-0.00220,0.21399,0.98210,0,0,44564
221.415000,349.997070,0.24412,-0.97648,-0.97648,-0.00268,0.21252,0.97502,0,0,44565
221.420000,349.997070,0.12206,-0.30515,-0.18309,-0.00146,0.21008,0.97673,0,0,44566
221.425000,350.011687,-0.24412,0.12206,0.73236,0.00049,0.20691,0.98283,0,0,44567
221.430000,350.011687,-0.48824,0.18309,1.09854,0.00122,0.20301,0.98966,0,0,44568
221.435000,350.011687,-0.61030,0.18309,0.79339,-0.00073,0.20203,0.99601,0,0,44569
221.440000,350.026787,-0.67133,0.12206,0.73236,-0.00146,0.20203,1.00235,0,0,44570
221.445000,350.026787,-0.48824,-0.24412,0.67133,0.00024,0.20447,1.00333,0,0,44571
221.450000,350.026787,-0.18309,-0.73236,0.42721,-0.00073,0.20472,0.99942,0,0,44572
221.455000,350.041713,0.18309,-0.97648,0.30515,-0.00268,0.20496,0.99454,0,0,44573
221.460000,350.041713,0.61030,-1.03751,0.18309,-0.00342,0.20520,0.99113,0,0,44574
221.465000,350.041713,0.73236,-0.91545,-0.06103,-0.00317,0.20545,0.98454,0,0,44575
221.470000,350.056834,0.48824,-0.61030,-0.18309,-0.00390,0.20691,0.98064,0,0,44576
221.475000,350.056834,0.18309,-0.06103,-0.24412,-0.00439,0.20691,0.97917,0,0,44577
221.480000,350.056834,-0.12206,0.42721,-0.12206,-0.00390,0.20350,0.98161,0,0,44578
221.485000,350.071856,-0.12206,0.61030,-0.06103,-0.00342,0.20106,0.98576,0,0,44579
221.490000,350.071856,0.06103,0.67133,-0.18309,-0.00293,0.19984,0.98966,0,0,44580
221.495000,350.071856,0.36618,0.54927,-0.18309,-0.00244,0.19837,0.99064,0,0,44581
221.500000,350.086700,0.61030,0.18309,-0.12206,-0.00098,0.19813,0.98918,0,0,44582
221.505000,350.086700,1.09854,-0.36618,0.24412,-0.00244,0.19691,0.98674,0,0,44583
221.510000,350.086700,1.34266,-0.61030,0.48824,-0.00390,0.19886,0.98405,0,0,44584
221.515000,350.101797,1.70884,-0.67133,0.48824,-0.00390,0.19959,0.98308,0,0,44585
221.520000,350.101797,1.70884,-0.61030,0.42721,-0.00268,0.19691,0.98308,0,0,44586
221.525000,350.101797,1.46472,-0.67133,0.36618,-0.00073,0.19569,0.98234,0,0,44587
221.525000,350.116795,1.40369,-0.79339,0.12206,0.00073,0.19642,0.98161,0,0,44588
221.530000,350.116795,0.73236,-0.67133,-0.06103,0.00195,0.19691,0.98283,0,0,44589
221.535000,350.116795,0.12206,-0.61030,-0.36618,0.00146,0.19862,0.98552,0,0,44590
221.540000,350.131811,-0.30515,-0.67133,-0.67133,-0.00024,0.20276,0.98625,0,0,44591
221.545000,350.131811,-0.67133,-0.67133,-0.73236,-0.00122,0.20813,0.98576,0,0,44592
221.550000,350.131811,-0.91545,-0.42721,-0.54927,0.00073,0.21374,0.98600,0,0,44593
221.555000,350.146941,-0.97648,-0.24412,-0.36618,0.00171,0.21545,0.98576,0,0,44594
221.560000,350.146941,-1.03751,-0.18309,0.00000,0.00073,0.21765,0.98576,0,0,44595
221.565000,350.146941,-0.79339,0.06103,0.36618,0.00000,0.21765,0.98625,0,0,44596
221.570000,350.161808,-0.67133,0.24412,0.54927,0.00122,0.21765,0.98478,0,0,44597
221.575000,350.161808,-0.97648,0.54927,0.67133,-0.00146,0.21643,0.98600,0,0,44598
221.580000,350.161808,-1.40369,0.73236,0.73236,-0.00293,0.21399,0.98552,0,0,44599
221.585000,350.176789,-1.64781,0.85442,0.48824,-0.00317,0.21130,0.98600,0,0,44600
221.590000,350.176789,-1.89193,1.03751,0.18309,-0.00366,0.20740,0.98771,0,0,44601
221.595000,350.176789,-1.64781,0.85442,-0.18309,-0.00512,0.20545,0.98649,0,0,44602
221.600000,350.191861,-1.09854,0.48824,-0.42721,-0.00390,0.20350,0.98356,0,0,44603
221.605000,350.191861,-0.30515,0.30515,-0.61030,-0.00122,0.20154,0.98137,0,0,44604
221.610000,350.191861,0.18309,0.30515,-0.61030,-0.00244,0.19959,0.97966,0,0,44605
221.615000,350.206913,0.24412,0.36618,-0.36618,-0.00293,0.19910,0.98088,0,0,44606
221.620000,350.206913,-0.18309,0.48824,-0.18309,-0.00342,0.19959,0.98503,0,0,44607
221.625000,350.206913,-0.67133,0.61030,-0.24412,-0.00390,0.20032,0.98771,0,0,44608
221.630000,350.221711,-0.91545,0.61030,-0.24412,-0.00415,0.19959,0.99040,0,0,44609
221.635000,350.221711,-0.85442,0.42721,-0.30515,-0.00439,0.20081,0.99332,0,0,44610
221.640000,350.221711,-0.48824,0.30515,-0.42721,-0.00464,0.20325,0.99454,0,0,44611
221.640000,350.236807,-0.30515,0.30515,-0.42721,-0.00488,0.20545,0.99698,0,0,44612
221.645000,350.236807,0.06103,0.12206,-0.61030,-0.00317,0.20813,0.99894,0,0,44613
221.650000,350.236807,0.30515,-0.18309,-0.79339,-0.00146,0.20911,1.00016,0,0,44614
221.655000,350.251802,0.61030,-0.61030,-0.61030,-0.00195,0.20935,0.99942,0,0,44615
221.660000,350.251802,0.97648,-1.09854,-0.42721,-0.00293,0.21106,0.99381,0,0,44616
221.665000,350.251802,1.28163,-1.46472,-0.18309,-0.00390,0.21399,0.98674,0,0,44617
221.670000,350.266785,1.34266,-1.40369,-0.12206,-0.00537,0.21496,0.98112,0,0,44618
221.675000,350.266785,1.34266,-1.09854,0.00000,-0.00610,0.21350,0.97429,0,0,44619
221.680000,350.266785,0.97648,-0.61030,0.00000,-0.00537,0.20691,0.96990,0,0,44620
221.685000,350.281799,0.30515,-0.06103,-0.18309,-0.00293,0.19984,0.96770,0,0,44621
221.690000,350.281799,0.00000,0.42721,-0.12206,-0.00171,0.19496,0.97234,0,0,44622
221.695000,350.281799,0.00000,0.79339,0.06103,-0.00024,0.19252,0.98112,0,0,44623
221.700000,350.298114,0.00000,0.79339,0.06103,0.00049,0.19081,0.98698,0,0,44624
221.705000,350.298114,0.06103,0.67133,-0.06103,0.00024,0.19105,0.99528,0,0,44625
221.710000,350.298114,0.12206,0.30515,-0.36618,-0.00073,0.19374,1.00138,0,0,44626
221.715000,350.311780,0.42721,-0.36618,-0.61030,-0.00220,0.19788,1.00064,0,0,44627
221.720000,350.311780,0.48824,-0.36618,-0.42721,-0.00195,0.19862,0.99650,0,0,44628
221.725000,350.311780,0.36618,-0.36618,-0.54927,-0.00195,0.19935,0.99137,0,0,44629
221.730000,350.328012,0.30515,-0.30515,-0.67133,-0.00317,0.20106,0.98625,0,0,44630
221.735000,350.328012,0.12206,-0.24412,-0.91545,-0.00439,0.20667,0.97722,0,0,44631
221.740000,350.328012,-0.06103,0.18309,-0.85442,-0.00610,0.20789,0.97454,0,0,44632
221.745000,350.341954,-0.30515,0.73236,-0.85442,-0.00512,0.20764,0.97527,0,0,44633
221.750000,350.341954,-0.18309,0.79339,-1.22060,-0.00488,0.20740,0.97649,0,0,44634
221.755000,350.341954,-0.06103,0.67133,-1.52575,-0.00488,0.20740,0.97844,0,0,44635
221.755000,350.356797,0.06103,0.61030,-1.64781,-0.00464,0.20886,0.98015,0,0,44636
221.760000,350.356797,0.24412,0.36618,-1.64781,-0.00293,0.21008,0.98283,0,0,44637
221.765000,350.356797,0.54927,0.06103,-1.40369,-0.00220,0.21057,0.98527,0,0,44638
221.770000,350.371938,0.91545,-0.30515,-1.09854,0.00024,0.20935,0.98454,0,0,44639
221.775000,350.371938,1.15957,-0.67133,-0.61030,0.00146,0.20838,0.98722,0,0,44640
221.780000,350.371938,1.40369,-1.03751,-0.61030,0.00195,0.21008,0.98674,0,0,44641
221.785000,350.386781,1.34266,-1.22060,-0.79339,0.00195,0.21326,0.98430,0,0,44642
221.790000,350.386781,0.67133,-1.15957,-0.91545,0.00146,0.21789,0.97868,0,0,44643
221.795000,350.386781,0.24412,-0.91545,-0.67133,0.00293,0.21887,0.97454,0,0,44644
221.800000,350.401783,-0.12206,-0.67133,-0.24412,0.00366,0.22106,0.97161,0,0,44645
221.805000,350.401783,-0.36618,-0.48824,0.54927,0.00317,0.22350,0.97283,0,0,44646
221.810000,350.401783,0.00000,-0.42721,0.79339,0.00146,0.22350,0.97088,0,0,44647
221.815000,350.416927,0.00000,-0.48824,0.97648,0.00171,0.22228,0.96795,0,0,44648
221.820000,350.416927,0.42721,-0.30515,1.15957,0.00024,0.21911,0.96380,0,0,44649
221.825000,350.416927,0.73236,0.18309,1.70884,-0.00195,0.21448,0.96160,0,0,44650
221.830000,350.431906,0.61030,0.85442,2.01399,-0.00342,0.20911,0.96502,0,0,44651
221.835000,350.431906,0.54927,1.28163,1.95296,-0.00439,0.20472,0.97088,0,0,44652
221.840000,350.431906,0.54927,1.40369,1.52575,-0.00512,0.20057,0.97649,0,0,44653
221.845000,350.446870,0.48824,1.52575,1.22060,-0.00561,0.19813,0.98015,0,0,44654
221.850000,350.446870,0.12206,1.46472,0.67133,-0.00586,0.19447,0.98576,0,0,44655
221.855000,350.446870,-0.24412,1.03751,0.18309,-0.00537,0.19203,0.98698,0,0,44656
221.860000,350.461781,-0.42721,0.67133,-0.12206,-0.00561,0.19203,0.98649,0,0,44657
221.865000,350.461781,-0.42721,0.48824,-0.36618,-0.00634,0.19374,0.98552,0,0,44658
221.870000,350.461781,-0.42721,0.48824,-0.48824,-0.00561,0.19569,0.98381,0,0,44659
221.870000,350.476788,-0.42721,0.42721,-0.73236,-0.00537,0.19642,0.98259,0,0,44660
221.875000,350.476788,-0.48824,0.24412,-1.22060,-0.00512,0.19837,0.98064,0,0,44661
221.880000,350.476788,-0.48824,0.30515,-1.46472,-0.00512,0.20203,0.97820,0,0,44662
221.885000,350.491933,-0.54927,0.48824,-1.58678,-0.00146,0.20398,0.97551,0,0,44663
221.890000,350.491933,-0.67133,0.79339,-1.46472,0.00195,0.20716,0.97771,0,0,44664
221.895000,350.491933,-0.91545,0.91545,-1.15957,0.00244,0.21057,0.97990,0,0,44665
221.900000,350.506738,-1.03751,0.85442,-1.09854,0.00171,0.21521,0.98039,0,0,44666
221.905000,350.506738,-1.03751,0.79339,-1.15957,0.00268,0.21960,0.97966,0,0,44667
221.910000,350.506738,-0.73236,0.85442,-0.67133,0.00415,0.22399,0.98088,0,0,44668
221.915000,350.521882,-0.30515,1.03751,-0.06103,0.00220,0.22838,0.98552,0,0,44669
221.920000,350.521882,-0.12206,1.03751,0.48824,0.00024,0.23107,0.99137,0,0,44670
221.925000,350.521882,0.24412,0.79339,0.79339,-0.00171,0.22960,0.99357,0,0,44671
221.930000,350.536903,0.36618,0.73236,0.85442,-0.00293,0.22912,0.99430,0,0,44672
221.935000,350.536903,0.73236,0.73236,0.79339,-0.00439,0.22790,0.99406,0,0,44673
221.940000,350.536903,0.91545,0.67133,0.91545,-0.00390,0.22375,0.99186,0,0,44674
221.945000,350.551824,1.09854,0.91545,1.09854,-0.00293,0.21887,0.99113,0,0,44675
221.950000,350.551824,1.22060,0.91545,1.22060,-0.00146,0.21545,0.99040,0,0,44676
221.955000,350.551824,1.46472,0.48824,1.15957,-0.00098,0.21057,0.98698,0,0,44677
221.960000,350.566961,1.40369,0.42721,1.22060,-0.00098,0.20789,0.98405,0,0,44678
221.965000,350.566961,1.09854,0.42721,1.28163,-0.00122,0.20472,0.98259,0,0,44679
221.970000,350.566961,0.73236,0.61030,1.28163,-0.00171,0.20350,0.98015,0,0,44680
221.975000,350.581902,0.24412,0.97648,0.79339,-0.00171,0.20301,0.98039,0,0,44681
221.980000,350.581902,-0.18309,1.34266,0.30515,-0.00268,0.20374,0.98161,0,0,44682
221.985000,350.581902,-0.48824,1.64781,-0.12206,-0.00317,0.20447,0.98454,0,0,44683
221.990000,350.596937,-0.42721,1.64781,0.12206,-0.00293,0.20716,0.98918,0,0,44684
221.995000,350.596937,-0.42721,1.46472,0.36618,-0.00366,0.21082,0.99137,0,0,44685
222.000000,350.596937,-0.06103,1.15957,0.67133,-0.00366,0.21204,0.99235,0,0,44686
222.005000,350.611793,0.54927,0.97648,1.09854,-0.00366,0.21155,0.99308,0,0,44687
222.010000,350.611793,0.91545,0.97648,1.46472,-0.00464,0.21082,0.99601,0,0,44688
222.015000,350.611793,1.22060,0.91545,1.58678,-0.00561,0.20813,0.99772,0,0,44689
222.020000,350.626704,1.28163,0.79339,1.52575,-0.00464,0.20276,0.99772,0,0,44690
222.025000,350.626704,0.91545,0.61030,1.34266,-0.00342,0.19715,0.99820,0,0,44691
222.030000,350.626704,0.48824,0.42721,1.15957,-0.00342,0.19276,0.99723,0,0,44692
222.035000,350.641944,0.06103,0.48824,0.79339,-0.00512,0.19032,0.99503,0,0,44693
222.040000,350.641944,-0.42721,0.67133,0.12206,-0.00512,0.18959,0.99284,0,0,44694
222.045000,350.641944,-0.85442,0.85442,-0.73236,-0.00415,0.19056,0.99332,0,0,44695
222.045000,350.656814,-1.09854,0.91545,-1.34266,-0.00244,0.19300,0.99503,0,0,44696
222.050000,350.656814,-1.28163,0.97648,-1.89193,-0.00122,0.19837,0.99723,0,0,44697
222.055000,350.656814,-1.22060,0.79339,-2.07502,-0.00098,0.20545,0.99869,0,0,44698
222.060000,350.671935,-0.61030,0.48824,-1.95296,-0.00317,0.21570,0.99772,0,0,44699
222.065000,350.671935,0.24412,0.30515,-1.52575,-0.00464,0.22692,0.99747,0,0,44700
222.070000,350.671935,0.73236,0.42721,-0.97648,-0.00464,0.23253,0.99772,0,0,44701
222.075000,350.686939,0.85442,0.61030,-0.48824,-0.00488,0.23375,0.99942,0,0,44702
222.080000,350.686939,0.61030,0.85442,0.30515,-0.00586,0.23326,1.00357,0,0,44703
222.085000,350.686939,0.24412,1.03751,0.79339,-0.00756,0.22838,1.00821,0,0,44704
222.090000,350.701809,-0.54927,0.97648,0.97648,-0.00708,0.22326,1.01016,0,0,44705
222.095000,350.701809,-0.97648,0.91545,1.03751,-0.00805,0.21545,1.00845,0,0,44706
222.100000,350.701809,-1.34266,0.67133,1.34266,-0.00903,0.20594,1.00626,0,0,44707
222.105000,350.716932,-1.40369,0.61030,1.28163,-0.00781,0.20032,1.00308,0,0,44708
222.110000,350.716932,-1.28163,0.54927,1.34266,-0.00732,0.19374,1.00016,0,0,44709
222.115000,350.716932,-1.15957,0.18309,1.46472,-0.00976,0.18934,0.99723,0,0,44710
222.120000,350.731801,-0.79339,-0.12206,1.40369,-0.01220,0.18690,0.99357,0,0,44711
222.125000,350.731801,-0.36618,-0.18309,0.85442,-0.01220,0.18568,0.99186,0,0,44712
222.130000,350.731801,0.06103,0.06103,0.36618,-0.01269,0.18666,0.99040,0,0,44713
222.135000,350.746867,0.54927,0.12206,0.00000,-0.01391,0.18666,0.99186,0,0,44714
222.140000,350.746867,1.09854,-0.12206,-0.24412,-0.01269,0.18568,0.99528,0,0,44715
222.145000,350.746867,1.58678,-0.48824,-0.73236,-0.01171,0.18544,0.99576,0,0,44716
222.150000,350.761770,1.83090,-0.79339,-1.28163,-0.01049,0.18739,0.99308,0,0,44717
222.155000,350.761770,1.64781,-0.73236,-1.64781,-0.00830,0.19227,0.99064,0,0,44718
222.160000,350.761770,1.34266,-0.67133,-1.34266,-0.00659,0.19593,0.99040,0,0,44719
222.165000,350.776909,0.97648,-0.61030,-0.97648,-0.00586,0.19910,0.99064,0,0,44720
222.170000,350.776909,0.54927,-0.54927,-0.79339,-0.00561,0.19984,0.98942,0,0,44721
222.175000,350.776909,0.24412,-0.48824,-0.42721,-0.00683,0.19788,0.98674,0,0,44722
222.180000,350.791842,0.18309,-0.48824,-0.36618,-0.00561,0.19569,0.98356,0,0,44723
222.185000,350.791842,0.24412,-0.61030,-0.36618,-0.00464,0.19300,0.98210,0,0,44724
222.190000,350.791842,0.06103,-0.67133,-0.67133,-0.00488,0.19300,0.98064,0,0,44725
222.195000,350.806709,-0.18309,-0.54927,-0.97648,-0.00439,0.19471,0.97820,0,0,44726
222.200000,350.806709,-0.54927,-0.54927,-1.34266,-0.00220,0.19813,0.97649,0,0,44727
222.205000,350.806709,-0.97648,-0.54927,-1.64781,-0.00024,0.20496,0.97478,0,0,44728
222.210000,350.821696,-1.28163,-0.42721,-1.46472,-0.00024,0.21228,0.97283,0,0,44729
222.215000,350.821696,-1.40369,-0.18309,-1.09854,-0.00024,0.21789,0.96966,0,0,44730
222.220000,350.821696,-1.46472,0.18309,-0.79339,0.00049,0.22058,0.96624,0,0,44731
222.220000,350.836821,-1.34266,0.48824,-0.48824,0.00122,0.22033,0.96819,0,0,44732
222.225000,350.836821,-0.54927,0.79339,0.30515,0.00195,0.21862,0.97502,0,0,44733
222.230000,350.836821,0.36618,0.67133,0.54927,0.00244,0.21838,0.98015,0,0,44734
222.235000,350.851769,1.15957,0.36618,0.48824,0.00049,0.21692,0.98405,0,0,44735
222.240000,350.851769,1.46472,0.24412,0.42721,-0.00195,0.21326,0.98771,0,0,44736
222.245000,350.851769,1.89193,0.00000,0.36618,-0.00390,0.21277,0.99040,0,0,44737
222.250000,350.866874,1.95296,0.00000,0.48824,-0.00439,0.21399,0.99332,0,0,44738
222.255000,350.866874,1.76987,0.00000,0.67133,-0.00512,0.21545,0.99869,0,0,44739
222.260000,350.866874,1.28163,0.00000,0.73236,-0.00512,0.21716,0.99942,0,0,44740
222.265000,350.881947,0.61030,-0.06103,0.85442,-0.00659,0.21862,1.00016,0,0,44741
222.270000,350.881947,0.48824,-0.12206,1.22060,-0.00903,0.21667,1.00138,0,0,44742
222.275000,350.881947,0.67133,-0.42721,0.91545,-0.00952,0.21594,1.00089,0,0,44743
222.280000,350.896954,0.73236,-0.67133,0.61030,-0.00903,0.21496,0.99869,0,0,44744
222.285000,350.896954,0.97648,-0.79339,0.36618,-0.00732,0.21472,0.99406,0,0,44745
222.290000,350.896954,0.91545,-0.61030,0.54927,-0.00610,0.21423,0.99381,0,0,44746
222.295000,350.911956,0.67133,-0.36618,0.79339,-0.00537,0.21204,0.99698,0,0,44747
222.300000,350.911956,0.18309,-0.42721,0.54927,-0.00561,0.21301,0.99820,0,0,44748
222.305000,350.911956,-0.67133,-0.48824,-0.06103,-0.00708,0.21399,1.00016,0,0,44749
222.310000,350.926834,-1.22060,-0.42721,-0.48824,-0.00659,0.21423,0.99918,0,0,44750
222.315000,350.926834,-1.58678,-0.54927,-0.54927,-0.00659,0.21326,0.99528,0,0,44751
222.320000,350.926834,-1.52575,-0.67133,-0.24412,-0.00683,0.21106,0.99332,0,0,44752
222.325000,350.941939,-0.97648,-0.73236,0.00000,-0.00830,0.20618,0.99064,0,0,44753
222.330000,350.941939,-0.48824,-0.73236,0.12206,-0.01074,0.20228,0.98771,0,0,44754
222.335000,350.941939,-0.06103,-0.73236,0.06103,-0.01244,0.19935,0.98430,0,0,44755
222.340000,350.956932,0.24412,-0.73236,0.06103,-0.01171,0.19544,0.98112,0,0,44756
222.345000,350.956932,0.61030,-0.79339,0.18309,-0.00903,0.19300,0.97844,0,0,44757
222.350000,350.956932,0.73236,-0.67133,0.12206,-0.00659,0.19422,0.97698,0,0,44758
222.355000,350.971782,0.67133,-0.48824,-0.12206,-0.00634,0.19569,0.97649,0,0,44759
222.360000,350.971782,0.67133,-0.36618,-0.30515,-0.00976,0.19862,0.97893,0,0,44760
222.365000,350.971782,0.85442,-0.42721,-0.54927,-0.00878,0.20179,0.98186,0,0,44761
222.370000,350.986912,0.91545,-0.36618,-0.91545,-0.00683,0.20642,0.98430,0,0,44762
222.375000,350.986912,0.36618,-0.06103,-1.09854,-0.00634,0.21155,0.98649,0,0,44763
222.380000,350.986912,-0.67133,0.30515,-1.15957,-0.00634,0.21448,0.98869,0,0,44764
222.385000,351.001945,-1.89193,0.85442,-1.09854,-0.00683,0.21472,0.99284,0,0,44765
222.390000,351.001945,-2.92944,1.03751,-0.97648,-0.00634,0.21423,0.99552,0,0,44766
222.395000,351.001945,-3.35665,0.91545,-1.28163,-0.00512,0.21204,0.99601,0,0,44767
222.400000,351.016892,-3.41768,0.18309,-1.58678,-0.00439,0.20984,0.99625,0,0,44768
222.405000,351.016892,-2.68532,-0.18309,-1.40369,-0.00390,0.20813,0.99381,0,0,44769
222.410000,351.016892,-1.03751,-0.67133,-1.03751,-0.00317,0.20594,0.98869,0,0,44770
222.415000,351.031737,0.85442,-1.22060,-0.61030,-0.00220,0.20472,0.98356,0,0,44771
222.420000,351.031737,2.86841,-1.83090,-0.36618,-0.00220,0.20667,0.97698,0,0,44772
222.425000,351.031737,3.60077,-2.01399,-0.18309,-0.00317,0.20984,0.97356,0,0,44773
222.430000,351.046697,3.41768,-1.76987,0.06103,-0.00342,0.21252,0.97307,0,0,44774
222.435000,351.046697,2.56326,-1.28163,0.30515,-0.00268,0.21301,0.97478,0,0,44775
222.440000,351.046697,1.22060,-0.67133,0.54927,-0.00366,0.21326,0.97868,0,0,44776
222.445000,351.061876,-0.06103,-0.18309,0.67133,-0.00610,0.21106,0.98454,0,0,44777
222.450000,351.061876,-1.03751,0.36618,0.48824,-0.00781,0.20569,0.99284,0,0,44778
222.455000,351.061876,-1.03751,0.36618,0.06103,-0.00805,0.20228,0.99845,0,0,44779
222.460000,351.076917,-0.79339,0.06103,-0.54927,-0.00659,0.20203,1.00162,0,0,44780
222.465000,351.076917,-0.73236,-0.36618,-1.09854,-0.00561,0.20447,1.00235,0,0,44781
222.470000,351.076917,-0.91545,-0.67133,-1.40369,-0.00488,0.20594,1.00064,0,0,44782
222.475000,351.091961,-1.46472,-0.97648,-1.40369,-0.00342,0.20545,0.99357,0,0,44783
222.480000,351.091961,-1.76987,-1.22060,-1.28163,-0.00293,0.20740,0.98454,0,0,44784
222.485000,351.091961,-1.95296,-1.22060,-1.15957,-0.00268,0.20813,0.97844,0,0,44785
222.490000,351.106700,-1.64781,-1.03751,-1.03751,-0.00049,0.21008,0.97405,0,0,44786
222.495000,351.106700,-0.67133,-0.79339,-0.67133,0.00073,0.21326,0.97307,0,0,44787
222.500000,351.106700,0.36618,-0.67133,-0.54927,0.00024,0.21448,0.97454,0,0,44788
222.505000,351.121806,1.52575,-0.42721,-0.48824,0.00073,0.21252,0.97820,0,0,44789
222.510000,351.121806,2.25811,-0.24412,-0.30515,0.00244,0.20984,0.98552,0,0,44790
222.515000,351.121806,2.19708,-0.18309,0.06103,0.00220,0.20960,0.99503,0,0,44791
222.520000,351.136982,1.76987,-0.24412,0.48824,-0.00024,0.21155,1.00308,0,0,44792
222.525000,351.136982,0.91545,-0.30515,0.48824,-0.00317,0.21228,1.00748,0,0,44793
222.530000,351.136982,-0.06103,-0.48824,0.24412,-0.00439,0.21399,1.00870,0,0,44794
222.535000,351.151745,-0.91545,-0.73236,0.06103,-0.00561,0.21545,1.00552,0,0,44795
222.540000,351.151745,-1.46472,-0.79339,-0.06103,-0.00561,0.21545,0.99918,0,0,44796
222.545000,351.151745,-1.76987,-0.79339,-0.42721,-0.00512,0.21667,0.99308,0,0,44797
222.550000,351.166933,-1.58678,-0.85442,-0.48824,-0.00488,0.21911,0.98674,0,0,44798
222.555000,351.166933,-0.91545,-0.91545,-0.24412,-0.00415,0.22009,0.97990,0,0,44799
222.560000,351.166933,0.18309,-0.97648,0.06103,-0.00317,0.21887,0.97576,0,0,44800
222.565000,351.181648,1.52575,-0.79339,0.42721,-0.00220,0.21472,0.97502,0,0,44801
222.570000,351.181648,2.80738,-0.67133,0.54927,-0.00293,0.21082,0.97942,0,0,44802
222.575000,351.181648,3.29562,-0.36618,0.61030,-0.00390,0.20691,0.98674,0,0,44803
222.580000,351.196743,4.02798,-0.42721,0.61030,-0.00415,0.20179,0.99186,0,0,44804
222.585000,351.196743,4.51622,-0.61030,0.67133,-0.00293,0.19642,0.99625,0,0,44805
222.590000,351.196743,4.15004,-0.91545,1.03751,-0.00220,0.19203,1.00260,0,0,44806
222.595000,351.211841,3.41768,-0.97648,1.22060,-0.00268,0.18959,1.00455,0,0,44807
222.600000,351.211841,2.56326,-0.91545,0.61030,-0.00366,0.18983,1.00504,0,0,44808
222.605000,351.211841,1.76987,-0.79339,-0.36618,-0.00488,0.19325,1.00699,0,0,44809
222.610000,351.226926,1.46472,-0.97648,-0.97648,-0.00610,0.19959,1.00992,0,0,44810
222.615000,351.226926,0.91545,-1.40369,-1.52575,-0.00634,0.20960,1.00870,0,0,44811
222.620000,351.226926,-0.67133,-1.40369,-1.95296,-0.00415,0.21667,1.00650,0,0,44812
222.625000,351.241783,-1.89193,-1.22060,-1.89193,-0.00073,0.22106,1.00674,0,0,44813
222.630000,351.241783,-2.44120,-1.40369,-1.52575,-0.00049,0.22326,1.00479,0,0,44814
222.635000,351.241783,-2.13605,-1.89193,-1.22060,-0.00122,0.22326,0.99650,0,0,44815
222.640000,351.256813,-0.97648,-2.19708,-0.91545,-0.00024,0.22399,0.98820,0,0,44816
222.645000,351.256813,1.03751,-2.56326,-0.30515,0.00146,0.22546,0.98234,0,0,44817
222.650000,351.256813,2.68532,-2.80738,0.06103,0.00244,0.22716,0.97576,0,0,44818
222.655000,351.271995,3.72283,-2.86841,0.48824,0.00390,0.22716,0.97332,0,0,44819
222.660000,351.271995,4.08901,-2.74635,0.85442,0.00488,0.22619,0.97502,0,0,44820
222.665000,351.271995,3.53974,-2.25811,0.85442,0.00439,0.22350,0.97795,0,0,44821
222.670000,351.286932,2.62429,-1.64781,0.85442,0.00512,0.21984,0.98308,0,0,44822
222.675000,351.286932,1.15957,-1.03751,0.54927,0.00464,0.21765,0.99088,0,0,44823
222.680000,351.286932,0.30515,-0.97648,0.18309,0.00415,0.21643,0.99430,0,0,44824
222.685000,351.301872,-0.97648,-0.97648,0.12206,0.00317,0.21936,0.99576,0,0,44825
222.690000,351.301872,-1.95296,-0.97648,0.24412,0.00049,0.22326,0.99454,0,0,44826
222.695000,351.301872,-2.99047,-1.03751,0.12206,-0.00049,0.22741,0.98893,0,0,44827
222.700000,351.317012,-3.72283,-0.79339,0.06103,-0.00024,0.22985,0.98161,0,0,44828
222.705000,351.317012,-3.78386,-0.67133,0.30515,0.00098,0.23180,0.97405,0,0,44829
222.710000,351.317012,-3.11253,-0.48824,0.79339,0.00268,0.22814,0.96990,0,0,44830
222.715000,351.331792,-2.13605,-0.36618,1.15957,0.00342,0.22277,0.96990,0,0,44831
222.720000,351.331792,-0.54927,-0.24412,1.34266,0.00610,0.21936,0.97478,0,0,44832
222.725000,351.331792,0.48824,-0.36618,1.22060,0.01025,0.21545,0.97942,0,0,44833
222.730000,351.346748,1.28163,-0.79339,1.40369,0.01196,0.21228,0.98259,0,0,44834
222.735000,351.346748,1.76987,-1.22060,2.01399,0.00854,0.20911,0.98430,0,0,44835
222.740000,351.346748,2.13605,-1.46472,2.31914,0.00683,0.20520,0.98308,0,0,44836
222.745000,351.361853,2.38017,-1.58678,2.31914,0.00537,0.20106,0.98381,0,0,44837
222.750000,351.361853,2.38017,-1.70884,2.01399,0.00317,0.20057,0.98478,0,0,44838
222.755000,351.361853,2.25811,-1.64781,1.58678,0.00024,0.20179,0.98405,0,0,44839
222.760000,351.376911,1.70884,-1.58678,1.09854,-0.00024,0.20374,0.98234,0,0,44840
222.765000,351.376911,0.91545,-1.46472,0.79339,0.00220,0.20716,0.98308,0,0,44841
222.770000,351.376911,-0.12206,-1.22060,0.54927,0.00317,0.21057,0.98308,0,0,44842
222.775000,351.391927,-1.22060,-1.34266,0.36618,-0.00098,0.21594,0.98064,0,0,44843
222.780000,351.391927,-1.89193,-1.28163,0.06103,-0.00293,0.21936,0.97576,0,0,44844
222.785000,351.391927,-2.19708,-0.97648,-0.06103,-0.00244,0.22082,0.97258,0,0,44845
222.790000,351.406828,-2.50223,-0.79339,0.30515,-0.00171,0.22326,0.97454,0,0,44846
222.795000,351.406828,-1.95296,-0.85442,0.79339,-0.00195,0.22326,0.97332,0,0,44847
222.800000,351.406828,-1.22060,-1.34266,0.97648,-0.00146,0.22131,0.96746,0,0,44848
222.805000,351.421825,-0.18309,-1.64781,1.09854,0.00244,0.21765,0.96185,0,0,44849
222.810000,351.421825,0.67133,-1.70884,1.34266,0.00732,0.21228,0.95550,0,0,44850
222.815000,351.421825,1.15957,-1.52575,1.70884,0.00903,0.20838,0.95136,0,0,44851
222.820000,351.436830,1.15957,-0.91545,2.01399,0.00732,0.20398,0.94965,0,0,44852
222.825000,351.436830,0.91545,-0.30515,2.07502,0.00659,0.19910,0.95233,0,0,44853
222.830000,351.436830,0.61030,0.12206,1.95296,0.00561,0.19447,0.95746,0,0,44854
222.835000,351.451830,0.24412,0.36618,1.76987,0.00317,0.19276,0.96307,0,0,44855
222.840000,351.451830,-0.06103,0.36618,1.64781,0.00073,0.19130,0.96844,0,0,44856
222.845000,351.451830,-0.18309,0.24412,1.22060,0.00195,0.19081,0.97234,0,0,44857
222.850000,351.466926,0.06103,-0.06103,0.79339,0.00146,0.19130,0.97502,0,0,44858
222.855000,351.466926,0.36618,-0.30515,0.48824,0.00000,0.19422,0.97673,0,0,44859
222.860000,351.466926,0.48824,-0.42721,0.18309,0.00024,0.19984,0.97600,0,0,44860
222.865000,351.481782,0.30515,-0.36618,-0.12206,0.00195,0.20398,0.97649,0,0,44861
222.870000,351.481782,-0.67133,-0.18309,-0.24412,0.00488,0.20545,0.97917,0,0,44862
222.875000,351.481782,-1.89193,0.18309,0.06103,0.00634,0.20545,0.98161,0,0,44863
222.880000,351.496954,-2.62429,0.30515,0.24412,0.00610,0.20594,0.98064,0,0,44864
222.885000,351.496954,-2.68532,0.12206,0.24412,0.00317,0.20764,0.97990,0,0,44865
222.890000,351.496954,-2.07502,0.06103,0.36618,0.00024,0.20960,0.97795,0,0,44866
222.895000,351.511745,-0.85442,-0.12206,0.36618,-0.00049,0.21326,0.97771,0,0,44867
222.900000,351.511745,-0.06103,-0.12206,0.48824,0.00146,0.21643,0.97820,0,0,44868
222.905000,351.511745,0.61030,-0.24412,0.67133,0.00317,0.21765,0.97698,0,0,44869
222.910000,351.526902,1.15957,-0.30515,1.09854,0.00317,0.21887,0.97722,0,0,44870
222.915000,351.526902,1.40369,-0.30515,1.46472,0.00415,0.21472,0.97917,0,0,44871
222.920000,351.526902,1.40369,-0.42721,1.46472,0.00366,0.21130,0.97868,0,0,44872
222.925000,351.541722,1.15957,-0.24412,1.40369,0.00171,0.20667,0.97844,0,0,44873
222.930000,351.541722,0.67133,0.18309,1.46472,0.00098,0.20106,0.98405,0,0,44874
222.935000,351.541722,0.24412,0.36618,1.40369,0.00244,0.19666,0.99040,0,0,44875
222.940000,351.556799,-0.06103,0.12206,1.03751,0.00317,0.19447,0.99747,0,0,44876
222.945000,351.556799,-0.67133,-0.54927,0.54927,0.00610,0.19325,0.99991,0,0,44877
222.950000,351.556799,-1.52575,-1.03751,0.48824,0.00830,0.19300,0.99747,0,0,44878
222.955000,351.573000,-2.19708,-1.09854,0.36618,0.00439,0.19593,0.99454,0,0,44879
222.960000,351.573000,-2.50223,-1.03751,-0.06103,0.00537,0.19984,0.99332,0,0,44880
222.965000,351.573000,-2.50223,-1.09854,-0.48824,0.01269,0.20008,0.99235,0,0,44881
222.970000,351.586825,-1.76987,-1.52575,-0.67133,0.01366,0.20203,0.98918,0,0,44882
222.975000,351.586825,0.06103,-2.07502,-0.54927,0.01025,0.20545,0.99113,0,0,44883
222.980000,351.586825,1.09854,-2.31914,-0.24412,0.00952,0.20789,0.99479,0,0,44884
222.985000,351.601948,1.83090,-2.13605,-0.61030,0.01122,0.21130,0.99625,0,0,44885
222.990000,351.601948,1.70884,-2.13605,-0.97648,0.00976,0.21228,0.99772,0,0,44886
222.995000,351.601948,1.52575,-1.95296,-0.91545,0.00659,0.21252,0.99552,0,0,44887
223.000000,351.616704,0.79339,-1.52575,-0.73236,0.00830,0.21228,0.99552,0,0,44888
223.005000,351.616704,-0.24412,-0.97648,-0.61030,0.01171,0.21618,1.00016,0,0,44889
223.010000,351.616704,-1.34266,-0.67133,-0.54927,0.01244,0.21643,1.00430,0,0,44890
223.015000,351.631848,-2.13605,-0.79339,-0.67133,0.01269,0.21399,1.00479,0,0,44891
223.020000,351.631848,-2.62429,-1.22060,-0.54927,0.01342,0.21326,1.00552,0,0,44892
223.025000,351.631848,-2.31914,-1.64781,-0.61030,0.01610,0.21594,1.00284,0,0,44893
223.030000,351.646933,-1.52575,-2.07502,-0.85442,0.01366,0.22058,0.99650,0,0,44894
223.035000,351.646933,-0.54927,-2.31914,-0.85442,0.01537,0.22570,0.98942,0,0,44895
223.040000,351.646933,-0.24412,-2.01399,-0.54927,0.01562,0.23204,0.98308,0,0,44896
223.045000,351.661787,-1.03751,-1.03751,-0.18309,0.00878,0.23497,0.98161,0,0,44897
223.050000,351.661787,-1.76987,0.30515,0.12206,0.00659,0.23424,0.98308,0,0,44898
223.055000,351.661787,-2.01399,1.28163,0.54927,0.01147,0.22863,0.98381,0,0,44899
223.060000,351.676883,-2.13605,2.31914,0.73236,0.01098,0.22424,1.00626,0,0,44900
223.065000,351.676883,-2.25811,1.83090,0.79339,0.01269,0.21716,1.01699,0,0,44901
223.070000,351.676883,-1.09854,0.61030,0.91545,0.01269,0.21399,1.01553,0,0,44902
223.075000,351.691916,-0.91545,-0.06103,0.85442,0.00805,0.20862,1.01821,0,0,44903
223.080000,351.691916,-0.06103,-0.61030,0.61030,0.00708,0.20374,1.01211,0,0,44904
223.085000,351.691916,0.91545,-0.97648,0.54927,0.00878,0.20179,1.00894,0,0,44905
223.090000,351.706966,0.97648,-0.97648,0.97648,0.00927,0.20057,1.00748,0,0,44906
223.095000,351.706966,1.09854,-1.28163,1.40369,0.00830,0.20130,1.00064,0,0,44907
223.100000,351.706966,0.85442,-1.28163,1.34266,0.00634,0.20106,0.99772,0,0,44908
223.105000,351.721915,0.42721,-1.03751,1.15957,0.00439,0.19984,0.99576,0,0,44909
223.110000,351.721915,0.18309,-0.73236,0.97648,0.00512,0.19691,0.99210,0,0,44910
223.115000,351.721915,0.00000,-0.61030,0.48824,0.00561,0.19593,0.99064,0,0,44911
223.120000,351.736777,0.12206,-0.42721,0.00000,0.00220,0.19593,0.99113,0,0,44912
223.125000,351.736777,0.36618,-0.18309,-0.42721,-0.00073,0.19764,0.99381,0,0,44913
223.130000,351.736777,0.42721,-0.12206,-0.61030,0.00195,0.19959,0.99845,0,0,44914
223.135000,351.751596,0.06103,-0.18309,-0.61030,0.00586,0.19715,1.00138,0,0,44915
223.140000,351.751596,-0.79339,-0.18309,-0.54927,0.00927,0.19471,1.00308,0,0,44916
223.145000,351.751596,-2.44120,0.12206,-0.54927,0.00634,0.19618,1.00406,0,0,44917
223.150000,351.766590,-3.60077,0.24412,-0.54927,0.00122,0.19813,1.00528,0,0,44918
223.155000,351.766590,-4.21107,0.18309,-0.73236,0.00098,0.19935,1.00479,0,0,44919
223.160000,351.766590,-4.57725,-0.12206,-0.97648,0.00244,0.19984,1.00186,0,0,44920
223.165000,351.781681,-4.45519,-0.42721,-0.73236,0.00512,0.19886,0.99747,0,0,44921
223.170000,351.781681,-3.78386,-0.73236,-0.12206,0.00586,0.19764,0.99137,0,0,44922
223.175000,351.781681,-2.99047,-0.61030,0.24412,0.00610,0.19569,0.98698,0,0,44923
223.180000,351.796588,-2.25811,-0.48824,0.36618,0.00805,0.19593,0.98454,0,0,44924
223.185000,351.796588,-1.76987,-0.48824,0.48824,0.00927,0.19715,0.98478,0,0,44925
223.190000,351.796588,-1.22060,-0.61030,0.48824,0.00878,0.19837,0.98576,0,0,44926
223.195000,351.811691,-1.15957,-0.67133,0.24412,0.00781,0.19959,0.98625,0,0,44927
223.200000,351.811691,-1.52575,-0.54927,-0.12206,0.00756,0.20008,0.98869,0,0,44928
223.205000,351.811691,-2.01399,-0.42721,-0.54927,0.00854,0.20154,0.99113,0,0,44929
223.210000,351.826665,-2.38017,-0.54927,-0.91545,0.00805,0.20325,0.99259,0,0,44930
223.215000,351.826665,-2.56326,-0.91545,-1.15957,0.00659,0.20350,0.99381,0,0,44931
223.220000,351.826665,-2.19708,-1.28163,-1.22060,0.01098,0.20423,0.99088,0,0,44932
223.225000,351.841668,-1.89193,-1.40369,-0.91545,0.01318,0.20545,0.98503,0,0,44933
223.230000,351.841668,-1.83090,-1.40369,-0.30515,0.00439,0.20764,0.98039,0,0,44934
223.235000,351.841668,-1.95296,-1.40369,0.30515,0.00024,0.21057,0.97551,0,0,44935
223.240000,351.856672,-2.01399,-1.28163,0.54927,0.00488,0.21008,0.96819,0,0,44936
223.245000,351.856672,-2.01399,-0.97648,0.67133,0.00878,0.20569,0.96136,0,0,44937
223.250000,351.856672,-1.95296,-0.48824,1.03751,0.01122,0.20130,0.95916,0,0,44938
223.255000,351.871713,-1.58678,0.00000,1.52575,0.01708,0.19691,0.96136,0,0,44939
223.260000,351.871713,-1.76987,0.54927,1.76987,0.02001,0.19325,0.96941,0,0,44940
223.265000,351.871713,-2.31914,0.79339,1.70884,0.00805,0.19325,0.98088,0,0,44941
223.270000,351.886653,-1.89193,0.30515,1.46472,0.00512,0.19105,0.98552,0,0,44942
223.275000,351.886653,-0.54927,-0.48824,1.46472,0.01000,0.18544,0.98356,0,0,44943
223.280000,351.886653,0.79339,-0.97648,1.70884,0.01269,0.17812,0.97942,0,0,44944
223.285000,351.901687,2.31914,-1.46472,1.89193,0.01122,0.17373,0.97332,0,0,44945
223.290000,351.901687,3.47871,-1.76987,1.58678,0.00634,0.17568,0.96868,0,0,44946
223.295000,351.901687,3.60077,-1.22060,0.79339,0.00366,0.17910,0.96722,0,0,44947
223.300000,351.916684,2.80738,-0.18309,0.18309,0.00220,0.18251,0.97088,0,0,44948
223.305000,351.916684,1.09854,0.97648,-0.18309,0.00220,0.18520,0.98259,0,0,44949
223.310000,351.916684,-0.91545,1.64781,-0.48824,0.00146,0.18642,0.99528,0,0,44950
223.315000,351.931689,-2.80738,1.64781,-0.79339,-0.00024,0.18617,1.00674,0,0,44951
223.320000,351.931689,-4.15004,1.15957,-1.22060,-0.00098,0.18471,1.01431,0,0,44952
223.325000,351.931689,-4.27210,0.48824,-1.46472,0.00049,0.18520,1.01626,0,0,44953
223.330000,351.946706,-3.84489,-0.36618,-1.58678,0.00146,0.18983,1.01455,0,0,44954
223.335000,351.946706,-2.99047,-1.34266,-1.64781,0.00122,0.19740,1.00870,0,0,44955
223.340000,351.946706,-1.89193,-2.13605,-1.95296,0.00366,0.20398,1.00211,0,0,44956
223.345000,351.961724,-0.79339,-2.62429,-2.07502,0.00903,0.20813,0.99528,0,0,44957
223.350000,351.961724,-0.30515,-2.80738,-1.70884,0.01391,0.21228,0.99015,0,0,44958
223.355000,351.961724,-0.12206,-2.80738,-1.15957,0.01513,0.21374,0.98332,0,0,44959
223.360000,351.976694,-0.18309,-2.62429,-0.73236,0.01513,0.21326,0.97820,0,0,44960
223.365000,351.976694,-0.30515,-2.25811,-0.61030,0.01659,0.21252,0.97576,0,0,44961
223.370000,351.976694,-0.91545,-1.70884,-0.91545,0.01732,0.21008,0.97673,0,0,44962
223.375000,351.991656,-1.76987,-1.22060,-1.15957,0.01757,0.20935,0.98210,0,0,44963
223.380000,351.991656,-2.50223,-1.03751,-1.52575,0.01806,0.21106,0.99357,0,0,44964
223.385000,351.991656,-2.99047,-1.40369,-1.70884,0.02294,0.21008,0.99503,0,0,44965
223.390000,352.006677,-3.23459,-1.76987,-1.15957,0.02001,0.21082,0.99015,0,0,44966
223.395000,352.006677,-3.11253,-1.83090,-0.73236,0.01830,0.21936,0.98552,0,0,44967
223.400000,352.006677,-3.60077,-1.89193,-0.91545,0.01757,0.22350,0.98259,0,0,44968
223.405000,352.021687,-5.12652,-1.70884,-0.54927,0.01049,0.22253,0.98527,0,0,44969
223.410000,352.021687,-6.10300,-1.40369,0.36618,0.01220,0.21887,0.98454,0,0,44970
223.415000,352.021687,-5.85888,-1.58678,0.36618,0.01562,0.21350,0.97893,0,0,44971
223.420000,352.036668,-5.30961,-1.70884,0.12206,0.01098,0.21326,0.97698,0,0,44972
223.425000,352.036668,-4.15004,-1.58678,0.18309,0.01098,0.21350,0.97332,0,0,44973
223.430000,352.036668,-2.50223,-1.40369,0.36618,0.01562,0.21423,0.97307,0,0,44974
223.435000,352.051707,-0.97648,-1.28163,0.54927,0.01708,0.21594,0.97624,0,0,44975
223.440000,352.051707,0.18309,-1.03751,1.22060,0.01171,0.21618,0.97795,0,0,44976
223.445000,352.051707,0.48824,-0.54927,2.07502,0.01025,0.21350,0.98088,0,0,44977
223.450000,352.066685,0.73236,-0.12206,2.19708,0.01074,0.20716,0.98552,0,0,44978
223.455000,352.066685,0.67133,0.12206,1.83090,0.01049,0.20057,0.99357,0,0,44979
223.460000,352.066685,0.12206,0.18309,1.46472,0.00878,0.19569,1.00040,0,0,44980
223.465000,352.081692,-0.48824,0.00000,1.22060,0.00927,0.19154,1.00260,0,0,44981
223.470000,352.081692,-1.22060,-0.30515,0.61030,0.00854,0.18788,1.00260,0,0,44982
223.475000,352.081692,-1.34266,-0.79339,0.00000,0.00634,0.18446,0.99942,0,0,44983
223.480000,352.096737,-0.73236,-1.46472,-0.36618,0.00586,0.18422,0.98771,0,0,44984
223.485000,352.096737,0.61030,-2.13605,-0.42721,0.00756,0.18837,0.97332,0,0,44985
223.490000,352.096737,1.64781,-2.19708,-0.06103,0.00927,0.19032,0.96429,0,0,44986
223.495000,352.111629,2.50223,-1.76987,0.42721,0.01147,0.19105,0.95672,0,0,44987
223.500000,352.111629,2.74635,-1.22060,0.79339,0.01220,0.19105,0.95233,0,0,44988
223.505000,352.111629,2.50223,-0.48824,1.09854,0.00952,0.19178,0.95331,0,0,44989
223.510000,352.126760,2.01399,0.36618,1.15957,0.00952,0.19081,0.95892,0,0,44990
223.515000,352.126760,0.54927,1.46472,1.03751,0.00805,0.18983,0.96941,0,0,44991
223.520000,352.126760,-0.85442,2.19708,0.73236,0.00708,0.18812,0.98137,0,0,44992
223.525000,352.141625,-1.95296,2.38017,0.24412,0.00708,0.18666,0.99308,0,0,44993
223.530000,352.141625,-2.38017,2.01399,-0.24412,0.00634,0.18568,1.00357,0,0,44994
223.535000,352.141625,-2.31914,1.34266,-0.67133,0.00634,0.18617,1.00723,0,0,44995
223.540000,352.156547,-1.83090,0.54927,-1.09854,0.00927,0.18812,1.00455,0,0,44996
223.545000,352.156547,-1.03751,-0.18309,-1.58678,0.01000,0.19130,0.99845,0,0,44997
223.550000,352.156547,-0.36618,-0.42721,-1.64781,0.01025,0.19569,0.99186,0,0,44998
223.555000,352.171644,0.54927,-0.61030,-1.22060,0.01269,0.20032,0.98600,0,0,44999
223.560000,352.171644,1.28163,-0.73236,-0.67133,0.01464,0.20398,0.98161,0,0,45000
223.565000,352.171644,1.40369,-0.48824,0.12206,0.01537,0.20545,0.98405,0,0,45001
223.570000,352.186551,1.22060,-0.12206,0.54927,0.01342,0.20472,0.98893,0,0,45002
223.575000,352.186551,0.54927,0.12206,0.61030,0.01220,0.20179,0.99381,0,0,45003
223.580000,352.186551,-0.42721,0.30515,0.36618,0.01196,0.19837,0.99772,0,0,45004
223.585000,352.201574,-1.15957,0.12206,0.18309,0.01244,0.19569,1.00162,0,0,45005
223.590000,352.201574,-1.22060,-0.12206,-0.06103,0.01366,0.19349,1.00382,0,0,45006
223.595000,352.201574,-0.97648,-0.48824,-0.36618,0.01318,0.19178,1.00308,0,0,45007
223.600000,352.216584,-0.42721,-0.97648,-0.67133,0.01342,0.19178,0.99918,0,0,45008
223.605000,352.216584,0.00000,-1.34266,-0.79339,0.01293,0.19349,0.99186,0,0,45009
223.610000,352.216584,0.48824,-1.46472,-0.97648,0.01440,0.19520,0.98405,0,0,45010
223.615000,352.231529,0.91545,-1.28163,-0.91545,0.01635,0.19740,0.97795,0,0,45011
223.620000,352.231529,1.28163,-0.97648,-0.54927,0.01562,0.20032,0.97356,0,0,45012
223.625000,352.231529,1.40369,-0.54927,-0.12206,0.01586,0.20179,0.97405,0,0,45013
223.630000,352.246634,1.15957,-0.06103,0.24412,0.01732,0.20032,0.97795,0,0,45014
223.635000,352.246634,0.73236,0.24412,0.36618,0.01659,0.19984,0.98039,0,0,45015
223.640000,352.246634,0.30515,0.24412,0.36618,0.01610,0.19959,0.98259,0,0,45016
223.645000,352.261595,0.36618,0.18309,0.24412,0.01732,0.20081,0.98259,0,0,45017
223.650000,352.261595,0.85442,0.18309,0.12206,0.01806,0.20154,0.98430,0,0,45018
223.655000,352.261595,1.28163,0.24412,0.06103,0.01952,0.20130,0.98844,0,0,45019
223.660000,352.276646,1.40369,0.36618,-0.06103,0.01976,0.20252,0.99284,0,0,45020
223.665000,352.276646,1.22060,0.24412,-0.12206,0.02001,0.20447,0.99796,0,0,45021
223.670000,352.276646,0.85442,0.00000,-0.18309,0.02025,0.20667,1.00211,0,0,45022
223.675000,352.291646,0.18309,-0.30515,-0.30515,0.01976,0.20740,1.00162,0,0,45023
223.680000,352.291646,-0.48824,-0.36618,-0.61030,0.01952,0.20716,0.99942,0,0,45024
223.685000,352.291646,-0.85442,-0.06103,-0.54927,0.01952,0.20472,0.99528,0,0,45025
223.690000,352.306612,-1.15957,0.00000,-0.42721,0.01879,0.20301,0.99332,0,0,45026
223.695000,352.306612,-1.34266,0.24412,-0.06103,0.01659,0.20130,0.99162,0,0,45027
223.700000,352.306612,-0.73236,0.36618,-0.18309,0.01415,0.19984,0.99186,0,0,45028
223.705000,352.321539,0.00000,0.00000,-0.18309,0.01293,0.20081,0.99454,0,0,45029
223.710000,352.321539,0.73236,-0.30515,0.00000,0.01415,0.20350,0.99576,0,0,45030
223.715000,352.321539,1.15957,-0.67133,0.42721,0.01391,0.20398,0.99430,0,0,45031
223.715000,352.336652,1.28163,-0.79339,0.61030,0.01440,0.20496,0.99454,0,0,45032
223.720000,352.336652,1.52575,-0.67133,0.85442,0.01440,0.20398,0.99674,0,0,45033
223.725000,352.336652,1.52575,-0.42721,1.15957,0.01488,0.20057,1.00113,0,0,45034
223.730000,352.351619,1.15957,-0.18309,1.09854,0.01586,0.19837,1.00626,0,0,45035
223.735000,352.351619,0.18309,-0.24412,0.67133,0.01757,0.19764,1.00967,0,0,45036
223.740000,352.351619,-0.48824,-0.61030,0.24412,0.01806,0.19691,1.00967,0,0,45037
223.745000,352.366593,-0.97648,-0.73236,0.06103,0.01757,0.19788,1.00943,0,0,45038
223.750000,352.366593,-1.22060,-0.73236,-0.06103,0.01684,0.19837,1.00821,0,0,45039
223.755000,352.366593,-1.28163,-0.85442,-0.18309,0.01635,0.20032,1.00577,0,0,45040
223.760000,352.381640,-1.22060,-1.03751,-0.30515,0.01488,0.20203,1.00162,0,0,45041
223.765000,352.381640,-0.85442,-1.40369,-0.24412,0.01342,0.20276,0.99503,0,0,45042
223.770000,352.381640,-0.36618,-1.58678,-0.06103,0.01415,0.20276,0.98991,0,0,45043
223.775000,352.396638,-0.18309,-1.34266,-0.18309,0.01391,0.20032,0.98649,0,0,45044
223.780000,352.396638,0.12206,-1.09854,-0.18309,0.01537,0.19813,0.98283,0,0,45045
223.785000,352.396638,0.18309,-0.73236,0.12206,0.01488,0.19666,0.98332,0,0,45046
223.790000,352.411640,0.24412,-0.54927,0.54927,0.01513,0.19691,0.98747,0,0,45047
223.795000,352.411640,0.61030,-0.61030,0.61030,0.01781,0.19715,0.98918,0,0,45048
223.800000,352.411640,0.73236,-0.85442,0.54927,0.02001,0.19715,0.98991,0,0,45049
223.805000,352.426582,0.85442,-0.91545,0.48824,0.02098,0.19740,0.99064,0,0,45050
223.810000,352.426582,1.40369,-0.91545,0.97648,0.01952,0.19691,0.99284,0,0,45051
223.815000,352.426582,1.70884,-0.91545,1.22060,0.01781,0.19422,0.99381,0,0,45052
223.820000,352.441571,1.83090,-0.85442,1.03751,0.01806,0.18910,0.99186,0,0,45053
223.825000,352.441571,1.70884,-0.79339,1.03751,0.01806,0.18544,0.99284,0,0,45054
223.830000,352.441571,1.28163,-0.79339,1.03751,0.01318,0.18495,0.99406,0,0,45055
223.835000,352.456652,0.97648,-0.85442,0.97648,0.01049,0.18690,0.99381,0,0,45056
223.840000,352.456652,0.30515,-0.79339,0.73236,0.00903,0.18837,0.99406,0,0,45057
223.845000,352.456652,-0.18309,-0.54927,0.36618,0.00756,0.18788,0.99479,0,0,45058
223.850000,352.471628,-0.67133,-0.42721,0.30515,0.01147,0.18837,0.99576,0,0,45059
223.855000,352.471628,-0.67133,-0.48824,0.48824,0.01659,0.19032,0.99723,0,0,45060
223.860000,352.471628,-0.30515,-0.54927,0.36618,0.01879,0.19374,0.99698,0,0,45061
223.865000,352.486659,-0.12206,-0.79339,0.18309,0.01806,0.19520,0.99576,0,0,45062
223.870000,352.486659,0.00000,-0.91545,0.18309,0.01391,0.20057,0.99503,0,0,45063
223.875000,352.486659,0.00000,-1.03751,0.24412,0.01440,0.20520,0.99479,0,0,45064
223.880000,352.501620,-0.36618,-0.85442,0.54927,0.01781,0.20569,0.99552,0,0,45065
223.885000,352.501620,-0.54927,-0.73236,0.61030,0.01732,0.20423,0.99576,0,0,45066
223.890000,352.501620,-0.73236,-0.73236,0.61030,0.01464,0.20130,0.99186,0,0,45067
223.895000,352.516556,-0.91545,-0.91545,0.67133,0.01244,0.19837,0.98478,0,0,45068
223.900000,352.516556,-0.73236,-0.91545,0.48824,0.01440,0.19471,0.97673,0,0,45069
223.905000,352.516556,-0.36618,-0.85442,-0.12206,0.01488,0.19398,0.97112,0,0,45070
223.910000,352.531669,-0.30515,-0.48824,-0.12206,0.01464,0.19447,0.96844,0,0,45071
223.915000,352.531669,-0.24412,0.00000,0.36618,0.01464,0.19325,0.97063,0,0,45072
223.920000,352.531669,-0.24412,0.30515,0.85442,0.01537,0.19081,0.97502,0,0,45073
223.925000,352.546642,-0.18309,0.42721,1.22060,0.01342,0.18715,0.98015,0,0,45074
223.930000,352.546642,0.18309,0.24412,1.40369,0.01025,0.18324,0.98405,0,0,45075
223.935000,352.546642,1.09854,0.00000,1.34266,0.01342,0.17836,0.98747,0,0,45076
223.940000,352.561637,1.52575,0.00000,0.91545,0.02074,0.17397,0.99210,0,0,45077
223.945000,352.561637,1.34266,-0.12206,0.48824,0.01684,0.17519,0.99942,0,0,45078
223.950000,352.561637,0.61030,-0.48824,0.06103,0.00439,0.18276,1.00333,0,0,45079
223.950000,352.576551,0.12206,-0.85442,-0.24412,0.00146,0.18764,1.00162,0,0,45080
223.955000,352.576551,-0.73236,-1.22060,-0.61030,0.00586,0.19105,0.99625,0,0,45081
223.960000,352.576551,-1.34266,-1.22060,-0.61030,0.00976,0.19203,0.98893,0,0,45082
223.965000,352.591610,-1.22060,-1.15957,-0.30515,0.01074,0.19032,0.98039,0,0,45083
223.970000,352.591610,-0.67133,-1.22060,-0.12206,0.01074,0.18886,0.97234,0,0,45084
223.975000,352.591610,0.48824,-1.34266,0.00000,0.01196,0.18983,0.96746,0,0,45085
223.980000,352.606584,1.34266,-1.52575,0.06103,0.01366,0.19154,0.96600,0,0,45086
223.985000,352.606584,2.62429,-1.76987,-0.12206,0.01464,0.19471,0.96356,0,0,45087
223.990000,352.606584,2.80738,-1.03751,-0.18309,0.01781,0.19691,0.96624,0,0,45088
223.995000,352.621565,2.44120,-0.30515,-0.12206,0.02318,0.19984,0.97698,0,0,45089
224.000000,352.621565,0.85442,0.30515,-0.06103,0.02660,0.20179,0.99137,0,0,45090
224.005000,352.621565,-1.03751,0.30515,-0.18309,0.02611,0.20447,1.00162,0,0,45091
224.010000,352.636621,-2.31914,0.24412,-0.42721,0.02440,0.20618,1.00528,0,0,45092
224.015000,352.636621,-3.60077,0.12206,-0.79339,0.02416,0.20716,1.00528,0,0,45093
224.020000,352.636621,-3.60077,-0.24412,-0.97648,0.02538,0.20594,0.99894,0,0,45094
224.025000,352.651626,-2.74635,-0.61030,-0.61030,0.02708,0.20179,0.98991,0,0,45095
224.030000,352.651626,-1.15957,-0.97648,-0.12206,0.02733,0.19862,0.98234,0,0,45096
224.035000,352.651626,0.12206,-1.15957,0.00000,0.02733,0.19618,0.97746,0,0,45097
224.040000,352.666660,0.79339,-1.15957,-0.06103,0.02660,0.19422,0.97478,0,0,45098
224.045000,352.666660,1.22060,-1.03751,-0.24412,0.02708,0.19105,0.97234,0,0,45099
224.050000,352.666660,0.97648,-0.91545,-0.67133,0.02928,0.18812,0.97283,0,0,45100
224.055000,352.681676,0.30515,-0.61030,-1.09854,0.02806,0.18861,0.97624,0,0,45101
224.060000,352.681676,-0.79339,-0.24412,-1.46472,0.02611,0.19203,0.98161,0,0,45102
224.065000,352.681676,-1.52575,-0.42721,-1.76987,0.02562,0.19569,0.98356,0,0,45103
224.070000,352.696644,-2.01399,-0.61030,-2.01399,0.02538,0.20106,0.98161,0,0,45104
224.075000,352.696644,-2.19708,-0.61030,-2.01399,0.02489,0.20618,0.97893,0,0,45105
224.080000,352.696644,-1.89193,-0.61030,-2.07502,0.02708,0.20960,0.97624,0,0,45106
224.085000,352.711553,-1.40369,-0.67133,-1.58678,0.02855,0.21228,0.97649,0,0,45107
224.090000,352.711553,-1.03751,-0.73236,-1.22060,0.03123,0.21789,0.97527,0,0,45108
224.095000,352.711553,-0.73236,-0.79339,-0.73236,0.03148,0.21984,0.97380,0,0,45109
224.100000,352.726685,-0.79339,-0.54927,-0.12206,0.03001,0.21862,0.97307,0,0,45110
224.105000,352.726685,-0.61030,-0.42721,0.73236,0.02855,0.21472,0.97234,0,0,45111
224.110000,352.726685,-0.61030,-0.36618,1.15957,0.02782,0.21301,0.96892,0,0,45112
224.115000,352.741645,-0.73236,-0.24412,1.46472,0.02586,0.21155,0.96770,0,0,45113
224.120000,352.741645,-0.67133,0.00000,1.76987,0.02538,0.20716,0.96746,0,0,45114
224.125000,352.741645,-0.42721,0.36618,1.83090,0.02245,0.20130,0.96868,0,0,45115
224.125000,352.756669,-0.06103,0.61030,1.89193,0.02196,0.19666,0.97210,0,0,45116
224.130000,352.756669,0.18309,0.91545,1.76987,0.01976,0.19056,0.97844,0,0,45117
224.135000,352.756669,0.48824,0.85442,1.46472,0.01708,0.18520,0.98112,0,0,45118
224.140000,352.771642,1.22060,0.42721,0.91545,0.01635,0.18032,0.97820,0,0,45119
224.145000,352.771642,1.95296,0.18309,0.24412,0.01903,0.17666,0.97454,0,0,45120
224.150000,352.771642,2.56326,0.24412,-0.24412,0.02025,0.17422,0.97136,0,0,45121
224.155000,352.786637,2.68532,0.30515,-0.73236,0.02074,0.17446,0.97136,0,0,45122
224.160000,352.786637,2.80738,0.54927,-1.28163,0.02318,0.17544,0.97258,0,0,45123
224.165000,352.786637,2.74635,0.79339,-1.46472,0.02538,0.17885,0.97868,0,0,45124
224.170000,352.801649,2.01399,1.03751,-1.28163,0.02782,0.18324,0.98698,0,0,45125
224.175000,352.801649,1.28163,1.15957,-1.34266,0.03001,0.18690,0.99308,0,0,45126
224.180000,352.801649,0.30515,1.46472,-1.46472,0.02904,0.19056,1.00113,0,0,45127
224.185000,352.816683,-0.42721,1.58678,-1.70884,0.02708,0.19447,1.00748,0,0,45128
224.190000,352.816683,-1.28163,1.58678,-1.76987,0.02586,0.20032,1.01772,0,0,45129
224.195000,352.816683,-1.34266,1.28163,-1.64781,0.02342,0.20374,1.02285,0,0,45130
224.200000,352.831653,-1.09854,0.67133,-1.76987,0.02172,0.20764,1.02480,0,0,45131
224.205000,352.831653,-0.61030,0.30515,-1.58678,0.01879,0.21277,1.02431,0,0,45132
224.210000,352.831653,-0.06103,-0.12206,-1.34266,0.01903,0.21667,1.01919,0,0,45133
224.215000,352.846825,0.36618,-0.30515,-0.97648,0.02098,0.21740,1.01333,0,0,45134
224.220000,352.846825,0.42721,-0.24412,-0.48824,0.02220,0.21765,1.00894,0,0,45135
224.225000,352.846825,0.30515,-0.36618,0.06103,0.02172,0.21667,1.00284,0,0,45136
224.230000,352.861879,0.12206,-0.18309,0.85442,0.02074,0.21326,0.99820,0,0,45137
224.235000,352.861879,0.18309,0.00000,1.46472,0.02074,0.20618,0.99747,0,0,45138
224.240000,352.861879,0.48824,0.42721,1.89193,0.02098,0.19788,1.00040,0,0,45139
224.245000,352.876855,0.97648,0.61030,2.13605,0.02025,0.18959,1.00479,0,0,45140
224.250000,352.876855,1.64781,0.48824,1.83090,0.01952,0.18373,1.01016,0,0,45141
224.255000,352.876855,1.52575,0.30515,1.09854,0.01781,0.18129,1.01382,0,0,45142
224.260000,352.891762,0.85442,0.24412,0.42721,0.01488,0.17910,1.01650,0,0,45143
224.265000,352.891762,-0.12206,0.24412,-0.12206,0.01244,0.17690,1.01748,0,0,45144
224.270000,352.891762,-0.97648,0.18309,-0.61030,0.01000,0.17739,1.01724,0,0,45145
224.275000,352.906806,-1.64781,0.12206,-0.85442,0.00878,0.17983,1.01553,0,0,45146
224.280000,352.906806,-1.76987,-0.18309,-0.97648,0.00927,0.18373,1.01284,0,0,45147
224.285000,352.906806,-1.64781,-0.36618,-1.28163,0.01074,0.18666,1.00772,0,0,45148
224.290000,352.921769,-1.28163,-0.48824,-1.58678,0.01293,0.18837,1.00552,0,0,45149
224.295000,352.921769,-0.85442,-0.42721,-1.58678,0.01488,0.19276,1.00455,0,0,45150
224.300000,352.921769,-0.36618,-0.36618,-1.28163,0.01562,0.19837,1.00479,0,0,45151
224.305000,352.936941,-0.12206,-0.54927,-1.03751,0.01537,0.19935,1.00748,0,0,45152
224.310000,352.936941,0.18309,-0.85442,-0.79339,0.01732,0.19764,1.00772,0,0,45153
224.315000,352.936941,0.18309,-1.40369,-0.54927,0.01781,0.19715,1.00479,0,0,45154
224.320000,352.951909,-0.06103,-1.64781,-0.54927,0.01757,0.19569,0.99991,0,0,45155
224.325000,352.951909,-0.30515,-1.64781,-0.73236,0.01708,0.19325,0.99162,0,0,45156
224.330000,352.951909,-0.30515,-1.58678,-1.03751,0.01732,0.19154,0.98503,0,0,45157
224.335000,352.966947,-0.12206,-1.34266,-1.15957,0.01659,0.19105,0.98112,0,0,45158
224.340000,352.966947,0.06103,-1.03751,-1.15957,0.01879,0.19227,0.98015,0,0,45159
224.345000,352.966947,0.36618,-0.85442,-1.09854,0.02342,0.19471,0.98088,0,0,45160
224.350000,352.981967,0.79339,-0.97648,-0.97648,0.02464,0.19764,0.98259,0,0,45161
224.355000,352.981967,1.40369,-1.03751,-0.97648,0.02660,0.20081,0.98137,0,0,45162
224.360000,352.981967,1.70884,-1.03751,-1.03751,0.02660,0.20472,0.98161,0,0,45163
224.365000,352.996726,1.64781,-0.67133,-1.03751,0.02635,0.20789,0.98405,0,0,45164
224.370000,352.996726,1.28163,-0.48824,-0.79339,0.02733,0.21082,0.98356,0,0,45165
224.375000,352.996726,0.61030,-0.36618,-0.42721,0.02489,0.21204,0.98576,0,0,45166
224.380000,353.011973,0.00000,-0.24412,-0.12206,0.02196,0.21326,0.98552,0,0,45167
224.385000,353.011973,-0.61030,-0.12206,-0.06103,0.02098,0.21277,0.98576,0,0,45168
224.390000,353.011973,-1.03751,0.00000,0.06103,0.01976,0.21399,0.98722,0,0,45169
224.395000,353.026909,-1.22060,0.00000,0.12206,0.01928,0.21521,0.98698,0,0,45170
224.400000,353.026909,-1.34266,-0.24412,0.48824,0.01903,0.21667,0.98552,0,0,45171
224.405000,353.026909,-1.28163,-0.12206,0.97648,0.01952,0.21887,0.98356,0,0,45172
224.410000,353.041792,-1.22060,0.00000,1.40369,0.01830,0.22033,0.98405,0,0,45173
224.415000,353.041792,-1.09854,-0.12206,1.76987,0.01562,0.21960,0.98503,0,0,45174
224.420000,353.041792,-0.97648,-0.18309,2.13605,0.01440,0.21521,0.98552,0,0,45175
224.425000,353.056672,-0.91545,-0.18309,2.25811,0.01440,0.21155,0.98576,0,0,45176
224.430000,353.056672,-0.67133,-0.18309,2.13605,0.01391,0.20667,0.98820,0,0,45177
224.435000,353.056672,-0.30515,-0.30515,2.13605,0.01391,0.20130,0.99210,0,0,45178
224.440000,353.071932,-0.06103,-0.48824,2.07502,0.01293,0.19569,0.99284,0,0,45179
224.445000,353.071932,0.18309,-0.85442,1.83090,0.01000,0.18837,0.99308,0,0,45180
224.450000,353.071932,0.61030,-0.97648,1.76987,0.00878,0.17983,0.99040,0,0,45181
224.455000,353.086715,1.28163,-1.28163,1.58678,0.01293,0.17153,0.98332,0,0,45182
224.460000,353.086715,1.89193,-1.40369,1.28163,0.01684,0.16568,0.97868,0,0,45183
224.465000,353.086715,2.38017,-1.52575,0.79339,0.01488,0.16568,0.97600,0,0,45184
224.470000,353.101689,2.62429,-1.52575,-0.24412,0.01244,0.17056,0.97161,0,0,45185
224.475000,353.101689,2.38017,-1.34266,-0.85442,0.01025,0.17885,0.96917,0,0,45186
224.480000,353.101689,1.76987,-0.97648,-1.40369,0.01049,0.18739,0.96892,0,0,45187
224.485000,353.116716,1.09854,-0.61030,-1.64781,0.01293,0.19325,0.96892,0,0,45188
224.490000,353.116716,0.42721,-0.24412,-1.46472,0.01464,0.19471,0.97112,0,0,45189
224.495000,353.116716,0.12206,0.30515,-1.28163,0.01488,0.19496,0.97600,0,0,45190
224.500000,353.131638,0.18309,0.30515,-1.03751,0.01513,0.19496,0.98015,0,0,45191
224.505000,353.131638,0.30515,0.12206,-0.85442,0.01440,0.19398,0.98527,0,0,45192
224.510000,353.131638,0.42721,-0.12206,-0.67133,0.01659,0.19496,0.98771,0,0,45193
224.515000,353.146890,0.36618,-0.42721,-0.61030,0.01830,0.19471,0.98820,0,0,45194
224.520000,353.146890,0.00000,-0.67133,-0.48824,0.02098,0.19252,0.98698,0,0,45195
224.525000,353.146890,-0.48824,-0.91545,-0.24412,0.02416,0.19154,0.98503,0,0,45196
224.530000,353.161892,-0.91545,-1.03751,-0.24412,0.02464,0.18837,0.98112,0,0,45197
224.535000,353.161892,-1.03751,-0.97648,-0.54927,0.02416,0.18446,0.97624,0,0,45198
224.540000,353.161892,-1.15957,-0.73236,-1.09854,0.02464,0.18959,0.96966,0,0,45199
224.545000,353.176816,-1.28163,-0.24412,-1.52575,0.02464,0.19349,0.96941,0,0,45200
224.550000,353.176816,-1.40369,0.61030,-1.40369,0.02782,0.19447,0.97576,0,0,45201
224.555000,353.176816,-0.67133,0.73236,-1.70884,0.02904,0.20325,0.97454,0,0,45202
224.560000,353.191754,-0.97648,0.48824,-1.70884,0.02635,0.20594,0.98137,0,0,45203
224.565000,353.191754,-0.67133,0.48824,-1.22060,0.02538,0.20569,0.98600,0,0,45204
224.570000,353.191754,-0.18309,0.67133,-0.85442,0.02830,0.20447,0.98991,0,0,45205
224.575000,353.206826,0.12206,0.30515,-0.79339,0.02855,0.20154,0.99235,0,0,45206
224.580000,353.206826,0.61030,-0.18309,-0.61030,0.02440,0.19886,0.99210,0,0,45207
224.585000,353.206826,1.22060,-0.54927,-0.48824,0.02489,0.19813,0.98844,0,0,45208
224.590000,353.221844,1.58678,-0.61030,-0.54927,0.02513,0.19837,0.98625,0,0,45209
224.595000,353.221844,0.73236,-0.42721,-0.67133,0.02220,0.19788,0.98576,0,0,45210
224.600000,353.221844,-0.42721,-0.24412,-0.97648,0.02294,0.19642,0.98308,0,0,45211
224.605000,353.236938,-1.40369,0.12206,-1.03751,0.02342,0.19593,0.98088,0,0,45212
224.610000,353.236938,-2.13605,0.54927,-0.85442,0.02269,0.19349,0.98283,0,0,45213
224.615000,353.236938,-2.44120,0.79339,-0.67133,0.02220,0.19130,0.98527,0,0,45214
224.620000,353.251734,-1.95296,0.54927,-0.67133,0.02074,0.19154,0.98722,0,0,45215
224.625000,353.251734,-0.61030,-0.06103,-0.67133,0.01976,0.19447,0.98747,0,0,45216
224.630000,353.251734,0.67133,-0.61030,-0.79339,0.01879,0.19788,0.98698,0,0,45217
224.635000,353.266737,1.64781,-1.09854,-0.73236,0.01976,0.20179,0.98552,0,0,45218
224.640000,353.266737,2.25811,-1.22060,-0.48824,0.02074,0.20472,0.98576,0,0,45219
224.645000,353.266737,2.07502,-0.73236,-0.12206,0.02147,0.20325,0.98552,0,0,45220
224.650000,353.281772,1.40369,-0.30515,0.06103,0.02318,0.19862,0.98698,0,0,45221
224.655000,353.281772,0.73236,0.24412,0.12206,0.02342,0.19203,0.99137,0,0,45222
224.660000,353.281772,-0.42721,0.79339,0.12206,0.02220,0.18593,0.99747,0,0,45223
224.660000,353.296707,-1.09854,0.91545,-0.30515,0.02196,0.18251,1.00040,0,0,45224
224.665000,353.296707,-2.13605,0.61030,-1.28163,0.02318,0.18154,1.00113,0,0,45225
224.670000,353.296707,-2.50223,0.30515,-1.95296,0.02489,0.18300,0.99918,0,0,45226
224.675000,353.311733,-2.19708,-0.12206,-2.13605,0.02538,0.18593,0.99454,0,0,45227
224.680000,353.311733,-1.34266,-0.54927,-2.19708,0.02489,0.18837,0.98796,0,0,45228
224.685000,353.311733,-0.06103,-1.03751,-2.44120,0.02464,0.19032,0.98088,0,0,45229
224.690000,353.326786,0.42721,-1.09854,-2.50223,0.02660,0.19178,0.97746,0,0,45230
224.695000,353.326786,0.97648,-1.03751,-2.38017,0.02879,0.19593,0.97698,0,0,45231
224.700000,353.326786,0.91545,-0.91545,-2.31914,0.02904,0.20228,0.98015,0,0,45232
224.705000,353.341787,0.12206,-0.73236,-2.38017,0.02806,0.21057,0.98186,0,0,45233
224.710000,353.341787,-0.36618,-0.61030,-2.25811,0.02684,0.21814,0.98112,0,0,45234
224.715000,353.341787,-0.54927,-0.54927,-1.95296,0.02879,0.22204,0.98112,0,0,45235
224.720000,353.356720,-0.36618,-0.42721,-1.70884,0.02928,0.22350,0.98064,0,0,45236
224.725000,353.356720,0.12206,-0.12206,-1.28163,0.03026,0.22326,0.98039,0,0,45237
224.730000,353.356720,0.61030,-0.06103,-0.67133,0.03123,0.22448,0.98112,0,0,45238
224.735000,353.371818,0.97648,-0.18309,-0.24412,0.03123,0.22521,0.98210,0,0,45239
224.740000,353.371818,1.28163,-0.30515,0.12206,0.03196,0.22619,0.97942,0,0,45240
224.745000,353.371818,1.28163,-0.54927,0.24412,0.03123,0.22643,0.97576,0,0,45241
224.750000,353.386801,1.22060,-0.30515,0.48824,0.02977,0.22472,0.97429,0,0,45242
224.755000,353.386801,0.67133,0.30515,0.79339,0.02855,0.21911,0.97258,0,0,45243
224.760000,353.386801,-0.06103,1.03751,0.91545,0.02806,0.21374,0.97258,0,0,45244
224.765000,353.401804,-1.15957,1.76987,0.85442,0.02757,0.21033,0.97820,0,0,45245
224.770000,353.401804,-1.89193,2.07502,0.91545,0.02611,0.20911,0.98405,0,0,45246
224.775000,353.401804,-2.19708,2.19708,0.97648,0.02635,0.20667,0.98844,0,0,45247
224.775000,353.416790,-2.19708,2.13605,0.91545,0.02660,0.20472,0.99064,0,0,45248
224.780000,353.416790,-1.70884,1.76987,0.85442,0.02513,0.20228,0.99357,0,0,45249
224.785000,353.416790,-1.15957,1.52575,0.79339,0.02294,0.19935,0.99430,0,0,45250
224.790000,353.431771,-0.24412,1.03751,1.03751,0.02342,0.19642,0.99552,0,0,45251
224.795000,353.431771,0.67133,0.48824,1.40369,0.02147,0.19422,0.99308,0,0,45252
224.800000,353.431771,1.70884,0.18309,1.64781,0.02147,0.19276,0.98747,0,0,45253
224.805000,353.448010,2.50223,0.06103,1.70884,0.02172,0.19252,0.98283,0,0,45254
224.810000,353.448010,2.80738,0.30515,1.76987,0.02123,0.19252,0.98332,0,0,45255
224.815000,353.448010,2.31914,0.61030,1.76987,0.01879,0.19398,0.98430,0,0,45256
224.820000,353.461766,1.40369,0.73236,1.70884,0.01879,0.19544,0.98308,0,0,45257
224.825000,353.461766,0.12206,1.03751,1.34266,0.01635,0.19544,0.97990,0,0,45258
224.830000,353.461766,-1.22060,1.40369,1.22060,0.01659,0.19544,0.97917,0,0,45259
224.835000,353.476763,-2.19708,2.01399,1.28163,0.01757,0.19569,0.98259,0,0,45260
224.840000,353.476763,-2.68532,2.56326,1.03751,0.01781,0.19715,0.98674,0,0,45261
224.845000,353.476763,-2.62429,2.56326,0.85442,0.01757,0.19691,0.99113,0,0,45262
224.850000,353.491887,-1.89193,2.31914,0.97648,0.01806,0.19715,0.99430,0,0,45263
224.855000,353.491887,-0.42721,1.70884,1.46472,0.01903,0.19642,0.99576,0,0,45264
224.860000,353.491887,0.85442,1.22060,1.89193,0.01903,0.19496,0.99869,0,0,45265
224.865000,353.506730,1.83090,0.91545,2.19708,0.01781,0.19398,1.00186,0,0,45266
224.870000,353.506730,2.13605,0.79339,2.19708,0.01659,0.19130,1.00333,0,0,45267
224.875000,353.506730,1.95296,0.67133,2.01399,0.01659,0.18715,1.00382,0,0,45268
224.880000,353.521774,1.46472,0.48824,1.52575,0.01635,0.18471,1.00430,0,0,45269
224.885000,353.521774,0.73236,0.36618,0.91545,0.01610,0.18373,1.00479,0,0,45270
224.890000,353.521774,0.12206,0.36618,0.54927,0.01391,0.18251,1.00308,0,0,45271
224.895000,353.536952,-0.79339,0.67133,0.24412,0.01293,0.18105,1.00357,0,0,45272
224.900000,353.536952,-1.58678,0.97648,0.00000,0.01488,0.18007,1.00748,0,0,45273
224.905000,353.536952,-2.19708,1.03751,-0.30515,0.01562,0.18032,1.00943,0,0,45274
224.910000,353.551948,-2.44120,0.97648,-0.48824,0.01537,0.18202,1.01138,0,0,45275
224.915000,353.551948,-2.68532,0.67133,-0.61030,0.01220,0.18276,1.01114,0,0,45276
224.920000,353.551948,-2.50223,0.42721,-0.61030,0.00878,0.18300,1.00845,0,0,45277
224.925000,353.566817,-2.25811,0.18309,-0.73236,0.00756,0.18251,1.00430,0,0,45278
224.930000,353.566817,-1.83090,-0.18309,-0.67133,0.00415,0.18300,0.99820,0,0,45279
224.935000,353.566817,-0.85442,-0.48824,-0.67133,0.00293,0.18495,0.99308,0,0,45280
224.940000,353.581913,-0.24412,-0.73236,-0.73236,0.00415,0.18715,0.98747,0,0,45281
224.945000,353.581913,0.12206,-0.54927,-0.79339,0.00415,0.18959,0.98503,0,0,45282
224.950000,353.581913,0.36618,-0.36618,-0.73236,0.00464,0.18983,0.98503,0,0,45283
224.955000,353.596880,0.97648,-0.54927,-0.79339,0.00634,0.18861,0.98454,0,0,45284
224.960000,353.596880,1.64781,-0.67133,-1.15957,0.00878,0.18959,0.98698,0,0,45285
224.965000,353.596880,2.44120,-0.85442,-1.64781,0.01171,0.19276,0.98844,0,0,45286
224.970000,353.611717,2.80738,-0.73236,-1.89193,0.01269,0.19862,0.98844,0,0,45287
224.975000,353.611717,2.38017,-0.61030,-1.76987,0.01318,0.20691,0.99162,0,0,45288
224.980000,353.611717,1.58678,-0.48824,-1.22060,0.01610,0.21326,0.99454,0,0,45289
224.985000,353.626805,0.67133,-0.54927,-0.79339,0.01854,0.21643,0.99601,0,0,45290
224.990000,353.626805,-0.30515,-0.36618,-0.61030,0.02098,0.21765,0.99723,0,0,45291
224.995000,353.626805,-1.40369,0.00000,-0.67133,0.02196,0.21740,0.99991,0,0,45292
225.000000,353.641792,-2.44120,0.30515,-0.73236,0.02269,0.21692,1.00357,0,0,45293
225.005000,353.641792,-3.11253,0.36618,-0.91545,0.02294,0.21740,1.00406,0,0,45294
225.010000,353.641792,-3.41768,0.18309,-1.03751,0.02074,0.21570,1.00211,0,0,45295
225.015000,353.661544,-3.11253,-0.12206,-1.09854,0.02269,0.21496,0.99576,0,0,45296
225.020000,353.661544,-2.38017,-0.36618,-0.91545,0.02342,0.21521,0.98966,0,0,45297
225.025000,353.661544,-1.76987,-0.30515,-0.36618,0.02294,0.21472,0.98600,0,0,45298
225.030000,353.671915,-1.03751,-0.42721,0.36618,0.02367,0.21204,0.98259,0,0,45299
225.035000,353.671915,-0.12206,-0.42721,0.91545,0.02220,0.20642,0.98039,0,0,45300
225.040000,353.671915,0.42721,-0.42721,1.22060,0.02391,0.20203,0.98161,0,0,45301
225.045000,353.686798,0.73236,-0.06103,1.09854,0.02757,0.19910,0.98527,0,0,45302
225.050000,353.686798,0.06103,0.06103,0.97648,0.02757,0.19862,0.98722,0,0,45303
225.055000,353.686798,-2.01399,0.67133,0.18309,0.02098,0.20203,0.99137,0,0,45304
225.060000,353.701768,-3.35665,0.91545,-0.54927,0.02342,0.20106,0.99088,0,0,45305
225.065000,353.701768,-2.86841,0.73236,-0.18309,0.02318,0.20057,0.98869,0,0,45306
225.070000,353.701768,-1.34266,0.24412,0.67133,0.02050,0.20179,0.98332,0,0,45307
225.075000,353.716756,0.48824,-0.30515,1.22060,0.01757,0.20276,0.97576,0,0,45308
225.080000,353.716756,2.44120,-0.42721,1.46472,0.01830,0.20179,0.97063,0,0,45309
225.085000,353.716756,3.11253,-0.24412,1.52575,0.01952,0.19764,0.96868,0,0,45310
225.090000,353.731950,2.62429,0.18309,1.64781,0.02123,0.19300,0.96868,0,0,45311
225.095000,353.731950,1.40369,0.79339,1.46472,0.02464,0.18886,0.97307,0,0,45312
225.100000,353.731950,-0.12206,1.46472,1.09854,0.02660,0.18568,0.98283,0,0,45313
225.105000,353.746768,-1.58678,2.13605,0.67133,0.02513,0.18495,0.99528,0,0,45314
225.110000,353.746768,-2.50223,2.31914,0.24412,0.02318,0.18520,1.00821,0,0,45315
225.115000,353.746768,-2.25811,1.95296,0.06103,0.02367,0.18690,1.01748,0,0,45316
225.120000,353.761781,-1.46472,1.03751,-0.30515,0.02269,0.19154,1.02334,0,0,45317
225.125000,353.761781,-0.42721,0.18309,-0.30515,0.02098,0.19715,1.02407,0,0,45318
225.130000,353.761781,0.73236,-0.67133,0.12206,0.02098,0.20276,1.01772,0,0,45319
225.135000,353.777015,1.40369,-1.34266,0.73236,0.02025,0.20642,1.00577,0,0,45320
225.140000,353.777015,1.28163,-1.52575,1.52575,0.01757,0.20984,0.99064,0,0,45321
225.145000,353.777015,0.54927,-1.28163,1.89193,0.01415,0.21082,0.97722,0,0,45322
225.150000,353.791940,0.24412,-0.85442,2.13605,0.01318,0.20886,0.96892,0,0,45323
225.155000,353.791940,0.00000,0.24412,2.62429,0.01415,0.20325,0.96746,0,0,45324
225.160000,353.791940,0.18309,1.09854,2.80738,0.01586,0.19691,0.97185,0,0,45325
225.165000,353.806713,0.54927,1.40369,2.86841,0.01659,0.18886,0.97868,0,0,45326
225.170000,353.806713,0.91545,1.46472,2.74635,0.01684,0.18032,0.98747,0,0,45327
225.175000,353.806713,1.28163,0.97648,2.50223,0.01806,0.17544,0.99528,0,0,45328
225.180000,353.821835,1.34266,0.67133,2.38017,0.01879,0.17202,1.00113,0,0,45329
225.185000,353.821835,0.91545,0.18309,2.01399,0.01830,0.16885,1.00235,0,0,45330
225.190000,353.821835,0.24412,0.00000,1.52575,0.01708,0.16763,1.00138,0,0,45331
225.195000,353.836787,-0.48824,0.18309,0.97648,0.01732,0.16568,1.00040,0,0,45332
225.200000,353.836787,-1.28163,0.42721,0.36618,0.01732,0.16494,1.00260,0,0,45333
225.205000,353.836787,-1.83090,0.24412,-0.24412,0.01732,0.16641,1.00552,0,0,45334
225.210000,353.851789,-1.83090,0.00000,-0.48824,0.01635,0.16812,1.00821,0,0,45335
225.215000,353.851789,-1.58678,-0.30515,-0.24412,0.01537,0.16934,1.01114,0,0,45336
225.220000,353.851789,-1.03751,-0.67133,-0.06103,0.01342,0.16958,1.01114,0,0,45337
225.225000,353.866882,0.00000,-1.34266,-0.30515,0.01220,0.17202,1.00650,0,0,45338
225.230000,353.866882,1.28163,-1.95296,-0.48824,0.01318,0.17544,1.00382,0,0,45339
225.235000,353.866882,2.62429,-2.25811,-0.73236,0.01537,0.18202,1.00016,0,0,45340
225.240000,353.881928,2.99047,-2.44120,-0.73236,0.01635,0.18764,0.99894,0,0,45341
225.245000,353.881928,2.44120,-2.07502,-0.85442,0.01562,0.19105,0.99698,0,0,45342
225.250000,353.881928,1.46472,-1.40369,-1.09854,0.01513,0.19178,0.99796,0,0,45343
225.255000,353.896911,-0.30515,-0.61030,-1.28163,0.01684,0.19252,1.00235,0,0,45344
225.260000,353.896911,-1.40369,-0.48824,-1.58678,0.01830,0.19300,1.00528,0,0,45345
225.265000,353.896911,-2.07502,-0.61030,-1.89193,0.01806,0.19471,1.00455,0,0,45346
225.270000,353.911773,-2.19708,-0.91545,-2.13605,0.01732,0.19666,1.00089,0,0,45347
225.275000,353.911773,-1.95296,-1.22060,-2.19708,0.01732,0.20179,0.99576,0,0,45348
225.280000,353.911773,-1.22060,-1.46472,-2.07502,0.01732,0.20569,0.99308,0,0,45349
225.285000,353.926780,-0.61030,-1.76987,-1.95296,0.01708,0.20813,0.98796,0,0,45350
225.290000,353.926780,-0.12206,-1.95296,-1.89193,0.01806,0.20838,0.97966,0,0,45351
225.295000,353.926780,0.18309,-1.76987,-1.89193,0.02123,0.20642,0.97210,0,0,45352
225.300000,353.941743,0.36618,-1.46472,-1.70884,0.02538,0.20447,0.96844,0,0,45353
225.305000,353.941743,0.54927,-1.28163,-1.09854,0.02611,0.20301,0.97088,0,0,45354
225.310000,353.941743,0.67133,-1.15957,-0.67133,0.02660,0.20374,0.97527,0,0,45355
225.315000,353.956829,0.67133,-1.09854,-0.61030,0.02611,0.20472,0.97820,0,0,45356
225.320000,353.956829,0.54927,-1.15957,-0.48824,0.02489,0.20545,0.97868,0,0,45357
225.325000,353.956829,0.42721,-1.03751,0.06103,0.02489,0.20423,0.97795,0,0,45358
225.330000,353.971944,0.42721,-0.91545,0.73236,0.02538,0.20325,0.97551,0,0,45359
225.335000,353.971944,0.61030,-0.97648,1.03751,0.02830,0.20301,0.96990,0,0,45360
225.340000,353.971944,0.24412,-0.54927,0.73236,0.03026,0.20350,0.96770,0,0,45361
225.345000,353.986923,0.06103,-0.12206,0.54927,0.02952,0.20398,0.96819,0,0,45362
225.350000,353.986923,-0.18309,0.18309,0.36618,0.02757,0.20716,0.97307,0,0,45363
225.355000,353.986923,-0.48824,0.42721,0.42721,0.02611,0.20935,0.97795,0,0,45364
225.360000,354.001804,-0.85442,0.67133,0.36618,0.02611,0.20960,0.98356,0,0,45365
225.365000,354.001804,-1.28163,0.54927,0.24412,0.02513,0.20935,0.98844,0,0,45366
225.370000,354.001804,-1.34266,0.30515,0.06103,0.02245,0.20764,0.99088,0,0,45367
225.375000,354.016916,-1.40369,0.06103,0.00000,0.02220,0.20789,0.98942,0,0,45368
225.380000,354.016916,-1.28163,0.06103,-0.18309,0.02172,0.20886,0.98576,0,0,45369
225.385000,354.016916,-1.03751,0.12206,-0.12206,0.02245,0.21008,0.98112,0,0,45370
225.390000,354.031941,-0.61030,0.12206,0.48824,0.02050,0.21057,0.97771,0,0,45371
225.395000,354.031941,-0.18309,0.06103,1.22060,0.01879,0.20984,0.97698,0,0,45372
225.400000,354.031941,0.12206,0.06103,1.83090,0.01732,0.20569,0.97624,0,0,45373
225.405000,354.046746,0.30515,0.36618,2.19708,0.01635,0.19886,0.97551,0,0,45374
225.410000,354.046746,0.73236,0.61030,2.25811,0.02245,0.18690,0.97698,0,0,45375
225.415000,354.046746,1.22060,0.67133,2.13605,0.03343,0.17397,0.98625,0,0,45376
225.420000,354.061932,0.24412,0.73236,1.83090,0.02611,0.17422,0.99332,0,0,45377
225.425000,354.061932,-1.76987,0.79339,1.03751,0.00976,0.18544,1.00186,0,0,45378
225.430000,354.061932,-2.56326,0.42721,0.00000,0.01732,0.18812,0.99674,0,0,45379
225.435000,354.076843,-2.80738,0.42721,0.24412,0.02318,0.18910,0.99454,0,0,45380
225.440000,354.076843,-2.74635,0.18309,1.22060,0.01830,0.19056,0.99235,0,0,45381
225.445000,354.076843,-1.58678,-0.06103,1.70884,0.01366,0.18812,0.98478,0,0,45382
225.450000,354.091918,0.06103,0.06103,1.40369,0.01586,0.18446,0.98454,0,0,45383
225.455000,354.091918,1.58678,0.24412,1.03751,0.01562,0.18154,0.98918,0,0,45384
225.460000,354.091918,2.31914,0.12206,1.03751,0.01440,0.18080,0.99381,0,0,45385
225.465000,354.106926,2.68532,0.06103,0.91545,0.01391,0.17958,0.99674,0,0,45386
225.470000,354.106926,2.01399,-0.06103,0.12206,0.01537,0.17958,0.99747,0,0,45387
225.475000,354.106926,0.54927,0.00000,-0.67133,0.01708,0.17958,0.99796,0,0,45388
225.480000,354.121913,-1.03751,0.12206,-1.28163,0.01952,0.17983,0.99772,0,0,45389
225.485000,354.121913,-2.44120,0.24412,-1.34266,0.02147,0.18154,0.99747,0,0,45390
225.490000,354.121913,-2.92944,0.24412,-1.34266,0.02123,0.18544,0.99650,0,0,45391
225.495000,354.136936,-2.86841,-0.06103,-1.52575,0.02098,0.18812,0.99406,0,0,45392
225.500000,354.136936,-1.52575,-0.79339,-1.52575,0.01903,0.19471,0.99332,0,0,45393
225.505000,354.136936,0.06103,-1.28163,-1.03751,0.02050,0.20008,0.98942,0,0,45394
225.510000,354.151740,1.76987,-1.70884,-0.54927,0.02245,0.20252,0.98234,0,0,45395
225.515000,354.151740,3.47871,-2.07502,0.00000,0.02367,0.20252,0.97771,0,0,45396
225.520000,354.151740,4.02798,-2.01399,0.48824,0.02440,0.20130,0.97478,0,0,45397
225.525000,354.167314,3.84489,-1.34266,0.79339,0.02294,0.19788,0.97258,0,0,45398
225.530000,354.167314,2.99047,-0.85442,0.91545,0.02147,0.19471,0.97649,0,0,45399
225.535000,354.167314,0.97648,0.18309,0.54927,0.01952,0.19325,0.98186,0,0,45400
225.540000,354.183344,-0.73236,0.97648,0.06103,0.01952,0.18910,0.98649,0,0,45401
225.545000,354.183344,-1.83090,1.28163,-0.42721,0.02050,0.18446,0.98918,0,0,45402
225.550000,354.183344,-1.89193,0.97648,-1.03751,0.01952,0.18398,0.99210,0,0,45403
225.555000,354.196868,-0.91545,0.54927,-1.52575,0.01854,0.18837,0.99308,0,0,45404
225.560000,354.196868,0.30515,0.18309,-1.58678,0.01903,0.19715,0.99186,0,0,45405
225.565000,354.196868,1.58678,-0.36618,-1.58678,0.02074,0.20374,0.98674,0,0,45406
225.570000,354.211862,2.50223,-0.73236,-1.34266,0.02245,0.20813,0.98064,0,0,45407
225.575000,354.211862,2.80738,-0.73236,-0.79339,0.02416,0.21130,0.97600,0,0,45408
225.580000,354.211862,2.25811,-0.30515,-0.30515,0.02391,0.21008,0.97210,0,0,45409
225.585000,354.226776,0.97648,0.42721,0.30515,0.02269,0.20447,0.97161,0,0,45410
225.590000,354.226776,0.06103,1.03751,0.97648,0.02440,0.19691,0.97698,0,0,45411
225.595000,354.226776,-0.48824,1.52575,1.40369,0.02708,0.19008,0.98332,0,0,45412
225.600000,354.241788,-0.85442,1.64781,1.46472,0.02635,0.18910,0.98991,0,0,45413
225.605000,354.241788,-1.22060,1.58678,1.46472,0.02294,0.18959,0.99698,0,0,45414
225.610000,354.241788,-1.03751,1.22060,1.46472,0.02172,0.18910,1.00211,0,0,45415
225.615000,354.256935,-0.48824,0.67133,1.40369,0.02050,0.18764,1.00552,0,0,45416
225.620000,354.256935,0.48824,0.06103,1.46472,0.02025,0.18642,1.00528,0,0,45417
225.625000,354.256935,1.46472,-0.36618,1.34266,0.02001,0.18446,1.00211,0,0,45418
225.630000,354.271785,1.89193,-0.61030,1.03751,0.01903,0.18324,0.99747,0,0,45419
225.635000,354.271785,2.19708,-0.91545,0.54927,0.01562,0.18520,0.99454,0,0,45420
225.640000,354.271785,2.13605,-0.79339,0.18309,0.01342,0.18617,0.99308,0,0,45421
225.645000,354.286642,1.83090,-0.48824,-0.42721,0.01440,0.18593,0.99503,0,0,45422
225.650000,354.286642,0.91545,-0.30515,-1.03751,0.01708,0.18690,0.99845,0,0,45423
225.655000,354.286642,-0.54927,-0.48824,-1.76987,0.01659,0.18983,1.00186,0,0,45424
225.660000,354.301782,-2.01399,-0.91545,-2.38017,0.01757,0.19276,1.00211,0,0,45425
225.665000,354.301782,-2.50223,-1.52575,-2.62429,0.01830,0.19520,0.99747,0,0,45426
225.670000,354.301782,-2.56326,-1.76987,-2.50223,0.01854,0.19862,0.99259,0,0,45427
225.670000,354.318035,-2.19708,-1.83090,-2.44120,0.01928,0.19984,0.98796,0,0,45428
225.675000,354.318035,-0.79339,-2.19708,-2.31914,0.02147,0.20179,0.98186,0,0,45429
225.680000,354.318035,0.61030,-2.25811,-2.01399,0.02147,0.20618,0.97942,0,0,45430
225.685000,354.331672,2.13605,-2.13605,-1.52575,0.02269,0.21008,0.97966,0,0,45431
225.690000,354.331672,2.68532,-1.89193,-1.09854,0.03001,0.20984,0.98137,0,0,45432
225.695000,354.331672,2.56326,-1.76987,-0.54927,0.03392,0.20911,0.98405,0,0,45433
225.700000,354.346917,2.01399,-1.52575,0.30515,0.03611,0.20691,0.98844,0,0,45434
225.705000,354.346917,0.97648,-1.46472,1.09854,0.03684,0.20472,0.99845,0,0,45435
225.710000,354.346917,-0.12206,-1.76987,0.85442,0.04221,0.20325,0.99650,0,0,45436
225.715000,354.361668,-1.40369,-1.58678,0.61030,0.03587,0.20057,0.99113,0,0,45437
225.720000,354.361668,-2.07502,-1.03751,0.54927,0.02879,0.20081,0.98356,0,0,45438
225.725000,354.361668,-2.07502,-0.42721,0.06103,0.02904,0.20276,0.98015,0,0,45439
225.730000,354.376927,-2.07502,0.18309,-0.42721,0.03001,0.20618,0.98088,0,0,45440
225.735000,354.376927,-1.70884,0.48824,-0.54927,0.02904,0.21082,0.98137,0,0,45441
225.740000,354.376927,-1.28163,0.48824,-0.30515,0.02879,0.21277,0.98210,0,0,45442
225.745000,354.391827,-0.54927,0.42721,0.24412,0.02708,0.21106,0.97893,0,0,45443
225.750000,354.391827,-0.12206,0.36618,0.67133,0.02879,0.20667,0.97576,0,0,45444
225.755000,354.391827,0.12206,0.30515,1.22060,0.03099,0.20301,0.97527,0,0,45445
225.760000,354.406928,0.30515,0.36618,1.83090,0.03099,0.19886,0.97478,0,0,45446
225.765000,354.406928,0.67133,0.48824,2.19708,0.03026,0.19227,0.97771,0,0,45447
225.770000,354.406928,1.15957,0.67133,2.25811,0.02879,0.18690,0.98210,0,0,45448
225.775000,354.421935,1.64781,0.79339,2.19708,0.02660,0.18251,0.98698,0,0,45449
225.780000,354.421935,1.70884,0.79339,1.76987,0.02464,0.17885,0.99308,0,0,45450
225.785000,354.421935,1.40369,0.79339,1.28163,0.02416,0.17861,0.99796,0,0,45451
225.790000,354.436799,0.85442,0.73236,0.73236,0.02513,0.18178,1.00016,0,0,45452
225.795000,354.436799,0.18309,0.61030,0.18309,0.02318,0.18373,1.00040,0,0,45453
225.800000,354.436799,-0.54927,0.48824,-0.18309,0.02318,0.18642,0.99820,0,0,45454
225.805000,354.451817,-1.40369,0.48824,-0.24412,0.02147,0.18764,0.99625,0,0,45455
225.810000,354.451817,-2.07502,0.36618,-0.18309,0.01903,0.18910,0.99162,0,0,45456
225.815000,354.451817,-1.58678,0.24412,-0.24412,0.01830,0.18910,0.98722,0,0,45457
225.820000,354.466803,-0.67133,0.30515,-0.36618,0.01928,0.18910,0.98747,0,0,45458
225.825000,354.466803,0.36618,0.24412,-0.36618,0.02074,0.19105,0.98918,0,0,45459
225.830000,354.466803,1.22060,0.12206,-0.18309,0.02001,0.19325,0.98918,0,0,45460
225.835000,354.481992,1.70884,0.06103,0.30515,0.01830,0.19642,0.98918,0,0,45461
225.840000,354.481992,1.64781,0.24412,0.67133,0.01732,0.19813,0.98844,0,0,45462
225.845000,354.481992,1.40369,0.48824,0.48824,0.01879,0.19569,0.98649,0,0,45463
225.850000,354.496932,0.73236,0.36618,0.30515,0.02172,0.19374,0.98454,0,0,45464
225.855000,354.496932,0.18309,0.73236,0.36618,0.02416,0.19422,0.98356,0,0,45465
225.860000,354.496932,-0.12206,1.03751,0.48824,0.02440,0.19618,0.98430,0,0,45466
225.865000,354.511866,0.06103,1.03751,0.48824,0.02391,0.19593,0.98698,0,0,45467
225.870000,354.511866,0.54927,0.79339,0.30515,0.02245,0.19520,0.98747,0,0,45468
225.875000,354.511866,1.09854,0.67133,-0.12206,0.02098,0.19715,0.98771,0,0,45469
225.880000,354.526956,1.40369,0.67133,-0.36618,0.02196,0.20008,0.98844,0,0,45470
225.885000,354.526956,1.28163,0.61030,-0.42721,0.02147,0.20228,0.98747,0,0,45471
225.890000,354.526956,1.03751,0.61030,-0.42721,0.02245,0.20569,0.98552,0,0,45472
225.895000,354.541805,0.73236,0.67133,-0.42721,0.02342,0.20935,0.98454,0,0,45473
225.900000,354.541805,0.18309,0.91545,-0.36618,0.02391,0.21277,0.98478,0,0,45474
225.905000,354.541805,-0.54927,1.40369,-0.18309,0.02342,0.21326,0.98381,0,0,45475
225.910000,354.556736,-0.91545,1.64781,0.06103,0.02342,0.21228,0.98283,0,0,45476
225.915000,354.556736,-0.85442,1.76987,0.36618,0.02416,0.20691,0.98381,0,0,45477
225.920000,354.556736,-0.36618,1.95296,0.73236,0.02464,0.20130,0.98649,0,0,45478
225.925000,354.571807,0.18309,1.83090,1.03751,0.02074,0.19715,0.99015,0,0,45479
225.930000,354.571807,0.54927,1.46472,0.97648,0.01684,0.19471,0.99186,0,0,45480
225.935000,354.571807,0.79339,1.34266,0.79339,0.01610,0.19276,0.99259,0,0,45481
225.940000,354.586932,1.15957,1.15957,0.67133,0.01610,0.18983,0.98893,0,0,45482
225.945000,354.586932,1.22060,1.28163,0.30515,0.01342,0.18544,0.98381,0,0,45483
225.950000,354.586932,1.09854,1.46472,0.06103,0.01244,0.18276,0.98186,0,0,45484
225.955000,354.601908,1.34266,1.64781,-0.30515,0.01342,0.18324,0.98039,0,0,45485
225.960000,354.601908,1.89193,1.46472,-0.91545,0.01659,0.18642,0.98015,0,0,45486
225.965000,354.601908,2.50223,1.46472,-1.15957,0.01854,0.19227,0.98234,0,0,45487
225.970000,354.616926,3.23459,1.58678,-1.09854,0.02074,0.19642,0.98771,0,0,45488
225.975000,354.616926,3.90592,1.52575,-0.73236,0.02391,0.20154,0.99454,0,0,45489
225.980000,354.616926,3.84489,1.34266,-0.24412,0.02220,0.20764,1.00089,0,0,45490
225.985000,354.631942,3.47871,1.15957,0.36618,0.01854,0.20935,1.00748,0,0,45491
225.990000,354.631942,3.11253,1.15957,0.79339,0.01586,0.20398,1.01333,0,0,45492
225.995000,354.631942,2.68532,1.15957,1.03751,0.01562,0.20130,1.01894,0,0,45493
226.000000,354.646746,1.95296,0.97648,1.15957,0.01537,0.20179,1.02456,0,0,45494
226.005000,354.646746,0.91545,0.54927,1.52575,0.01562,0.20325,1.02846,0,0,45495
226.010000,354.646746,0.18309,0.24412,1.70884,0.01293,0.20374,1.03066,0,0,45496
226.015000,354.662892,-0.48824,0.00000,1.58678,0.01196,0.20423,1.02919,0,0,45497
226.020000,354.662892,-0.97648,-0.36618,1.34266,0.01415,0.19910,1.02626,0,0,45498
226.025000,354.662892,-1.22060,-0.85442,0.97648,0.01757,0.19569,1.01870,0,0,45499
226.030000,354.676823,-1.34266,-1.34266,0.42721,0.01513,0.19642,1.00723,0,0,45500
226.035000,354.676823,-1.58678,-1.58678,0.06103,0.01415,0.19325,0.99723,0,0,45501
226.040000,354.676823,-1.70884,-1.28163,-0.18309,0.01708,0.19203,0.98552,0,0,45502
226.045000,354.691829,-1.95296,-1.03751,-0.48824,0.02001,0.19081,0.97990,0,0,45503
226.050000,354.691829,-1.89193,-0.91545,-0.67133,0.01903,0.18861,0.97868,0,0,45504
226.055000,354.691829,-1.22060,-0.54927,-0.61030,0.01488,0.18886,0.97942,0,0,45505
226.060000,354.706923,-0.54927,0.00000,-0.85442,0.01659,0.19081,0.98308,0,0,45506
226.065000,354.706923,-0.42721,0.36618,-1.03751,0.01879,0.19276,0.98844,0,0,45507
226.070000,354.706923,-0.42721,0.42721,-0.85442,0.01854,0.19618,0.99259,0,0,45508
226.075000,354.721957,0.00000,0.30515,-0.61030,0.01757,0.20032,0.99528,0,0,45509
226.080000,354.721957,0.67133,-0.06103,-0.42721,0.01708,0.20374,0.99723,0,0,45510
226.085000,354.721957,0.85442,-0.24412,-0.30515,0.01781,0.20642,0.99674,0,0,45511
226.090000,354.736931,0.61030,-0.30515,-0.24412,0.01708,0.20789,0.99601,0,0,45512
226.095000,354.736931,0.00000,-0.06103,-0.06103,0.01659,0.20691,0.99381,0,0,45513
226.100000,354.736931,-0.24412,0.06103,0.12206,0.01757,0.20276,0.99113,0,0,45514
226.105000,354.751913,-0.48824,0.00000,0.12206,0.01952,0.19788,0.98698,0,0,45515
226.110000,354.751913,-0.30515,-0.18309,0.06103,0.02172,0.19252,0.98210,0,0,45516
226.115000,354.751913,0.24412,-0.30515,0.06103,0.02245,0.18861,0.98186,0,0,45517
226.120000,354.766952,0.67133,-0.36618,0.00000,0.02196,0.18837,0.98405,0,0,45518
226.125000,354.766952,1.22060,-0.67133,-0.36618,0.02269,0.19300,0.98552,0,0,45519
226.130000,354.766952,0.97648,-0.67133,-0.61030,0.02367,0.20130,0.98796,0,0,45520
226.135000,354.781944,0.06103,-0.18309,-0.42721,0.02245,0.20667,0.99210,0,0,45521
226.140000,354.781944,-1.03751,0.06103,-0.24412,0.02294,0.20862,0.99625,0,0,45522
226.145000,354.781944,-2.01399,0.24412,0.00000,0.02147,0.20740,0.99747,0,0,45523
226.145000,354.796801,-2.38017,0.36618,0.12206,0.02001,0.20716,1.00040,0,0,45524
226.150000,354.796801,-2.50223,0.73236,0.30515,0.02098,0.20594,1.00723,0,0,45525
226.155000,354.796801,-2.13605,0.12206,0.24412,0.02294,0.20862,1.01089,0,0,45526
226.160000,354.811944,-1.70884,-0.54927,0.18309,0.02147,0.20984,1.00894,0,0,45527
226.165000,354.811944,-1.03751,-1.28163,0.30515,0.01830,0.21033,1.00235,0,0,45528
226.170000,354.811944,-0.30515,-1.52575,0.30515,0.02074,0.20838,0.99332,0,0,45529
226.175000,354.826917,-0.06103,-1.34266,0.48824,0.02611,0.20325,0.98576,0,0,45530
226.180000,354.826917,-0.30515,-1.03751,0.54927,0.02684,0.19862,0.97942,0,0,45531
226.185000,354.826917,-0.73236,-0.61030,0.30515,0.02513,0.19422,0.97673,0,0,45532
226.190000,354.841807,-1.09854,-0.30515,0.06103,0.02611,0.18983,0.97624,0,0,45533
226.195000,354.841807,-1.46472,-0.12206,0.00000,0.02830,0.18495,0.98112,0,0,45534
226.200000,354.841807,-1.40369,-0.36618,0.00000,0.02708,0.18251,0.98356,0,0,45535
226.205000,354.856658,-1.09854,-0.73236,-0.24412,0.02391,0.18202,0.98454,0,0,45536
226.210000,354.856658,-0.79339,-1.03751,-0.54927,0.02245,0.18446,0.98356,0,0,45537
226.215000,354.856658,-0.48824,-1.09854,-0.79339,0.02098,0.18934,0.98088,0,0,45538
226.220000,354.871927,-0.12206,-0.73236,-0.85442,0.02098,0.19569,0.98015,0,0,45539
226.225000,354.871927,-0.06103,-0.24412,-0.48824,0.02220,0.20203,0.98161,0,0,45540
226.230000,354.871927,-0.18309,-0.36618,-0.18309,0.02074,0.20618,0.98527,0,0,45541
226.235000,354.886934,0.06103,-0.61030,-0.12206,0.01952,0.20813,0.98600,0,0,45542
226.240000,354.886934,0.36618,-0.79339,-0.24412,0.01830,0.20935,0.98576,0,0,45543
226.245000,354.886934,0.91545,-1.28163,-0.42721,0.01952,0.20935,0.98454,0,0,45544
226.250000,354.901844,1.52575,-1.22060,-0.36618,0.02245,0.20911,0.98308,0,0,45545
226.255000,354.901844,1.70884,-1.22060,-0.30515,0.02440,0.20935,0.98161,0,0,45546
226.260000,354.901844,1.95296,-1.34266,-0.24412,0.02367,0.20886,0.98064,0,0,45547
226.265000,354.916775,2.19708,-1.40369,-0.18309,0.02342,0.20764,0.97820,0,0,45548
226.270000,354.916775,2.38017,-1.22060,-0.42721,0.02489,0.20740,0.97405,0,0,45549
226.275000,354.916775,2.31914,-0.79339,-0.48824,0.02440,0.20691,0.97039,0,0,45550
226.280000,354.931926,1.64781,-0.12206,-0.48824,0.02586,0.20594,0.97088,0,0,45551
226.285000,354.931926,0.42721,0.48824,-0.54927,0.02952,0.20642,0.97283,0,0,45552
226.290000,354.931926,-1.09854,1.03751,-0.67133,0.03074,0.20838,0.97234,0,0,45553
226.295000,354.946885,-2.19708,1.40369,-0.61030,0.03099,0.20984,0.97210,0,0,45554
226.300000,354.946885,-3.84489,2.19708,-0.12206,0.03196,0.21033,0.97844,0,0,45555
226.305000,354.946885,-4.82137,2.62429,0.36618,0.03343,0.20984,0.98649,0,0,45556
226.310000,354.961689,-5.18755,2.56326,0.61030,0.03245,0.21033,0.99186,0,0,45557
226.315000,354.961689,-4.63828,2.19708,0.67133,0.03026,0.21228,0.99601,0,0,45558
226.320000,354.961689,-3.47871,1.83090,1.28163,0.02928,0.21472,1.00113,0,0,45559
226.320000,354.976675,-2.56326,1.52575,1.58678,0.03123,0.21716,1.00284,0,0,45560
226.325000,354.976675,-1.83090,1.22060,2.07502,0.03148,0.21814,1.00406,0,0,45561
226.330000,354.976675,-1.46472,0.85442,2.31914,0.02855,0.21667,1.00552,0,0,45562
226.335000,354.991704,-0.67133,0.36618,2.74635,0.02489,0.21057,1.00430,0,0,45563
226.340000,354.991704,0.00000,0.12206,2.80738,0.02220,0.20350,1.00186,0,0,45564
226.345000,354.991704,0.54927,-0.24412,2.74635,0.02172,0.19691,0.99674,0,0,45565
226.350000,355.006687,0.73236,-0.48824,2.62429,0.02245,0.19203,0.99308,0,0,45566
226.355000,355.006687,0.91545,-0.48824,2.50223,0.02391,0.18251,0.98747,0,0,45567
226.360000,355.006687,1.58678,-0.54927,2.19708,0.02074,0.17885,0.98161,0,0,45568
226.365000,355.021708,2.25811,-0.61030,2.01399,0.01708,0.17690,0.97795,0,0,45569
226.370000,355.021708,3.17356,-0.54927,1.46472,0.01781,0.17592,0.97380,0,0,45570
226.375000,355.021708,3.35665,-0.18309,0.91545,0.01952,0.17666,0.97478,0,0,45571
226.380000,355.036756,3.17356,0.18309,0.48824,0.01854,0.17983,0.97820,0,0,45572
226.385000,355.036756,2.68532,0.48824,0.18309,0.01854,0.18495,0.98527,0,0,45573
226.390000,355.036756,2.07502,0.48824,0.18309,0.01952,0.18690,0.98820,0,0,45574
226.395000,355.051731,1.15957,0.61030,0.42721,0.02123,0.19081,0.98844,0,0,45575
226.400000,355.051731,0.06103,1.22060,0.36618,0.02025,0.19666,0.99259,0,0,45576
226.405000,355.051731,-1.15957,1.89193,0.24412,0.01903,0.20008,0.99942,0,0,45577
226.410000,355.067847,-2.19708,2.07502,0.30515,0.01903,0.20032,1.00357,0,0,45578
226.415000,355.067847,-2.86841,1.89193,0.36618,0.01952,0.19740,1.00650,0,0,45579
226.420000,355.067847,-3.35665,1.76987,0.42721,0.02050,0.19471,1.01162,0,0,45580
226.425000,355.081709,-3.35665,1.64781,0.18309,0.01903,0.19740,1.01382,0,0,45581
226.430000,355.081709,-2.99047,1.03751,0.18309,0.01879,0.20130,1.01114,0,0,45582
226.435000,355.081709,-2.38017,0.54927,0.67133,0.01903,0.20276,1.01162,0,0,45583
226.440000,355.096624,-1.89193,0.18309,1.09854,0.01928,0.20252,1.00992,0,0,45584
226.445000,355.096624,-0.48824,-0.67133,1.52575,0.02050,0.20081,1.00626,0,0,45585
226.450000,355.096624,0.48824,-0.97648,1.83090,0.01806,0.19959,1.00162,0,0,45586
226.455000,355.111618,0.91545,-0.97648,1.89193,0.01732,0.19398,0.99698,0,0,45587
226.460000,355.111618,1.15957,-0.79339,1.76987,0.01879,0.18715,0.99650,0,0,45588
226.465000,355.111618,0.85442,-0.67133,1.46472,0.01708,0.18105,0.99576,0,0,45589
226.465000,355.126477,0.54927,-0.54927,1.15957,0.01562,0.17690,0.99601,0,0,45590
226.470000,355.126477,0.24412,-0.48824,0.67133,0.01415,0.17397,0.99625,0,0,45591
226.475000,355.126477,0.18309,-0.61030,0.24412,0.01366,0.17592,0.99650,0,0,45592
226.480000,355.141522,0.06103,-0.79339,0.06103,0.01440,0.17934,0.99503,0,0,45593
226.485000,355.141522,-0.18309,-0.91545,-0.18309,0.01293,0.18276,0.99259,0,0,45594
226.490000,355.141522,-0.30515,-0.85442,-0.48824,0.01342,0.18349,0.98796,0,0,45595
226.495000,355.156527,-0.61030,-0.61030,-0.48824,0.01537,0.18422,0.98625,0,0,45596
226.500000,355.156527,-0.91545,-0.48824,-0.24412,0.01635,0.18276,0.98503,0,0,45597
226.505000,355.156527,-0.85442,-0.61030,-0.12206,0.01635,0.18056,0.98210,0,0,45598
226.510000,355.171522,-0.67133,-0.61030,-0.42721,0.01659,0.17958,0.98088,0,0,45599
226.515000,355.171522,-0.36618,-0.48824,-1.03751,0.01781,0.17934,0.98356,0,0,45600
226.520000,355.171522,0.06103,-0.54927,-1.34266,0.01781,0.18129,0.98576,0,0,45601
226.525000,355.186503,0.48824,-0.85442,-1.46472,0.01854,0.18398,0.98600,0,0,45602
226.530000,355.186503,1.03751,-1.22060,-1.58678,0.01830,0.19032,0.98600,0,0,45603
226.535000,355.186503,1.40369,-1.70884,-1.46472,0.01806,0.19642,0.98381,0,0,45604
226.540000,355.201610,1.83090,-1.58678,-1.09854,0.01976,0.19886,0.98015,0,0,45605
226.545000,355.201610,1.83090,-1.46472,-0.73236,0.02269,0.19788,0.97600,0,0,45606
226.550000,355.201610,1.58678,-1.09854,-0.54927,0.02416,0.19764,0.97283,0,0,45607
226.555000,355.217096,1.28163,-0.79339,-0.36618,0.02440,0.19642,0.97136,0,0,45608
226.560000,355.217096,0.61030,-0.36618,-0.36618,0.02586,0.19276,0.97185,0,0,45609
226.565000,355.217096,0.18309,-0.12206,-0.30515,0.02440,0.19203,0.97600,0,0,45610
226.570000,355.231530,-0.06103,0.06103,-0.61030,0.02416,0.19374,0.97966,0,0,45611
226.575000,355.231530,-0.30515,0.06103,-0.73236,0.02611,0.19740,0.98283,0,0,45612
226.580000,355.231530,-0.48824,0.12206,-0.73236,0.02635,0.20252,0.98405,0,0,45613
226.585000,355.246526,-0.85442,0.18309,-0.30515,0.02562,0.20447,0.98478,0,0,45614
226.590000,355.246526,-1.34266,0.06103,0.24412,0.02342,0.20447,0.98454,0,0,45615
226.595000,355.246526,-1.52575,0.00000,0.42721,0.02269,0.20106,0.97990,0,0,45616
226.600000,355.261511,-1.40369,0.06103,0.54927,0.02367,0.19788,0.97795,0,0,45617
226.605000,355.261511,-0.73236,0.00000,0.73236,0.02489,0.19447,0.97673,0,0,45618
226.610000,355.261511,0.61030,-0.12206,1.09854,0.02635,0.18861,0.97795,0,0,45619
226.610000,355.276534,1.28163,-0.24412,1.28163,0.02635,0.18617,0.97966,0,0,45620
226.615000,355.276534,2.19708,-0.42721,1.22060,0.02538,0.18398,0.98015,0,0,45621
226.620000,355.276534,2.50223,-0.48824,0.79339,0.02440,0.18276,0.98015,0,0,45622
226.625000,355.291555,1.64781,-0.18309,0.00000,0.02367,0.18202,0.98161,0,0,45623
226.630000,355.291555,0.61030,0.30515,-0.54927,0.02318,0.18129,0.98576,0,0,45624
226.635000,355.291555,-0.61030,0.48824,-1.28163,0.02367,0.18398,0.99259,0,0,45625
226.640000,355.306512,-1.46472,0.61030,-1.76987,0.02464,0.18739,0.99601,0,0,45626
226.645000,355.306512,-2.38017,0.36618,-2.44120,0.02757,0.19276,0.99747,0,0,45627
226.650000,355.306512,-2.56326,0.06103,-2.38017,0.02928,0.20325,0.99503,0,0,45628
226.655000,355.321522,-2.31914,-0.24412,-1.76987,0.03001,0.21301,0.99113,0,0,45629
226.660000,355.321522,-1.83090,-0.36618,-1.22060,0.03026,0.21862,0.98332,0,0,45630
226.665000,355.321522,-1.34266,-0.30515,-0.79339,0.03148,0.22009,0.97624,0,0,45631
226.670000,355.336513,-0.91545,-0.06103,-0.48824,0.03172,0.21936,0.97307,0,0,45632
226.675000,355.336513,-0.12206,0.18309,0.18309,0.03148,0.21667,0.97210,0,0,45633
226.680000,355.336513,0.36618,0.30515,0.61030,0.03172,0.21496,0.97356,0,0,45634
226.685000,355.351527,0.67133,0.42721,0.79339,0.02879,0.21326,0.97624,0,0,45635
226.690000,355.351527,0.97648,0.30515,0.67133,0.02513,0.21423,0.98283,0,0,45636
226.695000,355.351527,1.22060,0.30515,0.67133,0.02196,0.21423,0.98625,0,0,45637
226.700000,355.366517,1.34266,0.42721,0.73236,0.02074,0.21423,0.98674,0,0,45638
226.705000,355.366517,1.09854,0.61030,1.34266,0.02001,0.21179,0.98747,0,0,45639
226.710000,355.366517,0.54927,0.97648,2.07502,0.01854,0.20740,0.99186,0,0,45640
226.715000,355.381527,-0.18309,1.64781,2.25811,0.01854,0.20081,0.99259,0,0,45641
226.720000,355.381527,-1.03751,1.52575,1.95296,0.02025,0.19642,0.99186,0,0,45642
226.725000,355.381527,-1.95296,1.52575,2.01399,0.01854,0.19276,0.99454,0,0,45643
226.725000,355.396502,-1.95296,1.46472,2.07502,0.01757,0.19008,0.99430,0,0,45644
226.730000,355.396502,-1.40369,1.28163,1.95296,0.01757,0.18446,0.99528,0,0,45645
226.735000,355.396502,0.06103,0.79339,1.52575,0.01708,0.18080,0.99601,0,0,45646
226.740000,355.411510,1.52575,0.24412,1.15957,0.01586,0.17836,0.99674,0,0,45647
226.745000,355.411510,3.05150,-0.24412,0.79339,0.01513,0.17739,0.99698,0,0,45648
226.750000,355.411510,3.72283,-0.48824,0.61030,0.01537,0.17739,0.99820,0,0,45649
226.755000,355.426698,3.78386,-0.61030,0.54927,0.01513,0.17690,0.99845,0,0,45650
226.760000,355.426698,3.41768,-0.79339,0.30515,0.01537,0.17592,0.99845,0,0,45651
226.765000,355.426698,2.19708,-0.85442,-0.48824,0.01440,0.17690,0.99674,0,0,45652
226.770000,355.441703,1.09854,-0.61030,-1.09854,0.01318,0.18080,0.99528,0,0,45653
226.775000,355.441703,0.06103,-0.30515,-1.64781,0.01513,0.18617,0.99625,0,0,45654
226.780000,355.441703,-0.42721,-0.18309,-1.83090,0.01854,0.18886,0.99674,0,0,45655
226.785000,355.456699,-0.48824,-0.36618,-1.83090,0.02123,0.19105,0.99674,0,0,45656
226.790000,355.456699,-0.24412,-0.85442,-1.64781,0.02050,0.19447,0.99430,0,0,45657
226.795000,355.456699,0.12206,-1.03751,-1.34266,0.02196,0.19788,0.99113,0,0,45658
226.800000,355.471714,0.48824,-1.03751,-1.15957,0.02367,0.20106,0.98771,0,0,45659
226.805000,355.471714,0.85442,-0.73236,-1.03751,0.02489,0.20472,0.98576,0,0,45660
226.810000,355.471714,0.54927,-0.48824,-0.85442,0.02733,0.21008,0.98844,0,0,45661
226.815000,355.486820,0.18309,-0.36618,-0.79339,0.02879,0.21399,0.98966,0,0,45662
226.820000,355.486820,-0.67133,-0.06103,-0.73236,0.02782,0.21692,0.99113,0,0,45663
226.825000,355.486820,-2.50223,0.48824,-0.30515,0.02342,0.21887,0.99235,0,0,45664
226.830000,355.501986,-3.35665,0.79339,0.06103,0.01928,0.22058,0.99308,0,0,45665
226.835000,355.501986,-3.29562,0.85442,0.30515,0.01830,0.21887,0.99332,0,0,45666
226.840000,355.501986,-2.44120,0.42721,0.54927,0.01806,0.21692,0.99235,0,0,45667
226.840000,355.516773,-1.95296,0.18309,0.73236,0.01854,0.21472,0.98991,0,0,45668
226.845000,355.516773,-0.79339,-0.30515,1.03751,0.02196,0.20984,0.98234,0,0,45669
226.850000,355.516773,-0.30515,-0.36618,1.46472,0.02367,0.20398,0.97478,0,0,45670
226.855000,355.531855,-0.36618,0.18309,1.83090,0.02196,0.19666,0.97258,0,0,45671
226.860000,355.531855,-0.36618,0.67133,1.76987,0.02172,0.19032,0.97136,0,0,45672
226.865000,355.531855,-0.36618,1.34266,1.34266,0.02391,0.18398,0.97551,0,0,45673
226.870000,355.548336,-0.30515,1.58678,1.22060,0.02440,0.18007,0.98259,0,0,45674
226.875000,355.548336,-0.18309,1.52575,1.09854,0.02391,0.17544,0.99332,0,0,45675
226.880000,355.548336,0.12206,1.09854,0.67133,0.02294,0.17397,0.99918,0,0,45676
226.885000,355.561818,0.73236,0.36618,-0.30515,0.02245,0.17739,1.00260,0,0,45677
226.890000,355.561818,1.09854,-0.12206,-0.91545,0.01903,0.18446,1.00284,0,0,45678
226.895000,355.561818,1.28163,-0.42721,-1.40369,0.01903,0.18886,1.00040,0,0,45679
226.900000,355.576956,1.22060,-0.42721,-1.34266,0.02001,0.18934,0.99820,0,0,45680
226.905000,355.576956,0.97648,-0.36618,-1.09854,0.02050,0.19203,0.99894,0,0,45681
226.910000,355.576956,0.61030,-0.42721,-0.73236,0.01976,0.19666,0.99894,0,0,45682
226.915000,355.591790,0.24412,-0.24412,-0.73236,0.02098,0.19910,0.99845,0,0,45683
226.920000,355.591790,0.00000,0.06103,-0.42721,0.02172,0.20032,1.00211,0,0,45684
226.925000,355.591790,-0.12206,0.06103,0.30515,0.02196,0.19886,1.00528,0,0,45685
226.930000,355.606768,-0.06103,-0.24412,0.85442,0.02367,0.19544,1.00455,0,0,45686
226.935000,355.606768,0.00000,-0.67133,0.97648,0.02001,0.19105,0.99942,0,0,45687
226.940000,355.606768,0.18309,-0.73236,0.85442,0.01342,0.18861,0.99357,0,0,45688
226.945000,355.621791,0.91545,-0.54927,0.73236,0.02025,0.18422,0.99113,0,0,45689
226.950000,355.621791,2.13605,-0.36618,0.79339,0.03270,0.17934,0.99186,0,0,45690
226.955000,355.621791,2.99047,-0.36618,0.85442,0.03270,0.18300,0.99820,0,0,45691
226.960000,355.636913,3.23459,-0.36618,0.85442,0.02977,0.18886,1.00308,0,0,45692
226.965000,355.636913,3.11253,0.00000,0.67133,0.02855,0.19666,1.01236,0,0,45693
226.970000,355.636913,2.31914,0.36618,0.54927,0.02733,0.20374,1.02260,0,0,45694
226.975000,355.651829,0.97648,0.30515,0.61030,0.02391,0.20862,1.02944,0,0,45695
226.980000,355.651829,0.06103,0.30515,0.54927,0.02098,0.21008,1.03407,0,0,45696
226.985000,355.651829,-0.61030,0.36618,0.36618,0.02098,0.21204,1.03627,0,0,45697
226.990000,355.666913,-0.97648,0.06103,0.18309,0.02367,0.21423,1.03627,0,0,45698
226.995000,355.666913,-1.76987,-0.48824,0.54927,0.02367,0.21667,1.03505,0,0,45699
227.000000,355.666913,-2.19708,-0.85442,1.28163,0.02098,0.21570,1.03139,0,0,45700
227.005000,355.681780,-2.74635,-1.22060,1.46472,0.02025,0.21155,1.02236,0,0,45701
227.010000,355.681780,-2.99047,-1.64781,1.40369,0.01830,0.20642,1.01162,0,0,45702
227.015000,355.681780,-2.68532,-1.83090,1.70884,0.01513,0.19813,1.00064,0,0,45703
227.020000,355.696810,-1.40369,-1.95296,1.95296,0.01220,0.18959,0.99186,0,0,45704
227.025000,355.696810,0.18309,-2.13605,1.83090,0.01244,0.17934,0.98381,0,0,45705
227.030000,355.696810,1.52575,-2.38017,1.52575,0.01171,0.17178,0.97795,0,0,45706
227.035000,355.711715,2.44120,-2.38017,1.28163,0.00976,0.16470,0.97405,0,0,45707
227.040000,355.711715,2.92944,-2.19708,0.91545,0.01122,0.15714,0.96966,0,0,45708
227.045000,355.711715,3.23459,-1.83090,0.06103,0.01391,0.15104,0.96819,0,0,45709
227.050000,355.726797,2.68532,-1.46472,-0.67133,0.01513,0.15055,0.96844,0,0,45710
227.055000,355.726797,1.83090,-1.03751,-1.34266,0.01513,0.15445,0.97088,0,0,45711
227.060000,355.726797,0.79339,-0.67133,-2.07502,0.01415,0.16128,0.97502,0,0,45712
227.065000,355.741914,-0.12206,-0.48824,-2.74635,0.01440,0.16787,0.97893,0,0,45713
227.070000,355.741914,-0.91545,-0.30515,-3.41768,0.01757,0.17519,0.98186,0,0,45714
227.075000,355.741914,-1.15957,-0.30515,-3.60077,0.02074,0.18056,0.98454,0,0,45715
227.075000,355.758091,-1.09854,-0.36618,-3.66180,0.02220,0.18568,0.98527,0,0,45716
227.080000,355.758091,-1.15957,-0.54927,-3.72283,0.02416,0.19764,0.98552,0,0,45717
227.085000,355.758091,-1.34266,-0.79339,-3.72283,0.02635,0.20667,0.98332,0,0,45718
227.090000,355.771728,-1.58678,-0.85442,-3.47871,0.03245,0.21033,0.97942,0,0,45719
227.095000,355.771728,-1.64781,-0.97648,-2.62429,0.03782,0.20960,0.97722,0,0,45720
227.100000,355.771728,-1.52575,-1.22060,-1.95296,0.03660,0.20911,0.97527,0,0,45721
227.105000,355.786911,-1.22060,-1.46472,-1.58678,0.03367,0.21082,0.96917,0,0,45722
227.110000,355.786911,-0.48824,-1.64781,-1.40369,0.03074,0.20984,0.96502,0,0,45723
227.115000,355.786911,0.30515,-1.64781,-1.34266,0.02830,0.21423,0.96234,0,0,45724
227.120000,355.801947,0.79339,-1.40369,-1.09854,0.03148,0.21692,0.96234,0,0,45725
227.125000,355.801947,0.73236,-1.03751,-0.61030,0.03562,0.21374,0.96136,0,0,45726
227.130000,355.801947,0.73236,-1.09854,0.06103,0.03416,0.20813,0.95941,0,0,45727
227.135000,355.816848,0.73236,-1.22060,0.30515,0.03172,0.20179,0.95453,0,0,45728
227.140000,355.816848,0.48824,-0.73236,0.18309,0.03196,0.19593,0.94916,0,0,45729
227.145000,355.816848,0.12206,-0.18309,-0.24412,0.03587,0.19056,0.94843,0,0,45730
227.150000,355.831781,-0.24412,0.36618,-0.54927,0.03709,0.18910,0.95233,0,0,45731
227.155000,355.831781,-0.48824,0.73236,-0.73236,0.03904,0.18837,0.95843,0,0,45732
227.160000,355.831781,-0.91545,0.79339,-0.97648,0.04026,0.18983,0.96209,0,0,45733
227.165000,355.846803,-1.09854,0.85442,-1.09854,0.03953,0.19398,0.96526,0,0,45734
227.170000,355.846803,-0.85442,1.09854,-1.09854,0.03587,0.19618,0.96844,0,0,45735
227.175000,355.846803,-0.54927,1.28163,-1.15957,0.03318,0.20008,0.97185,0,0,45736
227.180000,355.861913,-0.48824,1.15957,-1.15957,0.03148,0.20398,0.97380,0,0,45737
227.185000,355.861913,-0.24412,1.09854,-1.03751,0.03001,0.20838,0.97307,0,0,45738
227.190000,355.861913,0.06103,1.34266,-0.54927,0.02855,0.21228,0.97405,0,0,45739
227.195000,355.876746,0.48824,1.46472,0.00000,0.02733,0.21204,0.97454,0,0,45740
227.200000,355.876746,1.15957,1.46472,0.54927,0.02586,0.20838,0.97649,0,0,45741
227.205000,355.876746,1.83090,1.52575,0.79339,0.02538,0.20252,0.97698,0,0,45742
227.210000,355.891946,2.19708,1.46472,0.79339,0.02635,0.19666,0.97649,0,0,45743
227.215000,355.891946,1.52575,1.89193,0.79339,0.02538,0.19227,0.97698,0,0,45744
227.220000,355.891946,0.06103,2.31914,1.15957,0.02342,0.18812,0.98088,0,0,45745
227.225000,355.906949,-1.15957,2.56326,1.22060,0.02391,0.18373,0.98698,0,0,45746
227.230000,355.906949,-1.64781,2.44120,0.73236,0.02391,0.18056,0.99406,0,0,45747
227.235000,355.906949,-1.58678,2.31914,-0.24412,0.02318,0.18007,1.00284,0,0,45748
227.240000,355.921972,-1.03751,1.83090,-0.73236,0.02391,0.18300,1.01211,0,0,45749
227.245000,355.921972,-0.06103,0.97648,-1.22060,0.02489,0.18886,1.01602,0,0,45750
227.250000,355.921972,0.91545,0.00000,-1.52575,0.02440,0.19691,1.01406,0,0,45751
227.255000,355.936690,1.95296,-0.79339,-1.52575,0.02245,0.20081,1.00870,0,0,45752
227.260000,355.936690,2.99047,-1.28163,-1.22060,0.02123,0.20472,0.99772,0,0,45753
227.265000,355.936690,3.47871,-1.28163,-0.97648,0.01976,0.20862,0.98844,0,0,45754
227.270000,355.951918,3.47871,-0.97648,-0.91545,0.01879,0.21204,0.98186,0,0,45755
227.275000,355.951918,3.23459,-0.48824,-0.79339,0.01854,0.21496,0.97649,0,0,45756
227.280000,355.951918,2.56326,0.06103,-0.42721,0.02001,0.21545,0.97405,0,0,45757
227.285000,355.966920,1.83090,0.48824,0.00000,0.01952,0.21667,0.97478,0,0,45758
227.290000,355.966920,0.54927,1.40369,0.73236,0.01976,0.21692,0.97917,0,0,45759
227.295000,355.966920,-0.12206,2.01399,1.15957,0.02074,0.21082,0.98722,0,0,45760
227.300000,355.981939,-0.67133,2.13605,1.22060,0.02050,0.20545,0.99552,0,0,45761
227.305000,355.981939,-0.30515,1.95296,0.97648,0.01976,0.20325,1.00186,0,0,45762
227.310000,355.981939,0.18309,1.40369,0.97648,0.02172,0.20325,1.00577,0,0,45763
227.315000,355.996928,0.18309,0.97648,1.09854,0.02220,0.20325,1.00918,0,0,45764
227.320000,355.996928,-0.42721,0.91545,1.09854,0.02001,0.20496,1.00992,0,0,45765
227.325000,355.996928,-1.34266,0.97648,0.79339,0.01757,0.20691,1.00748,0,0,45766
227.330000,356.011950,-2.31914,0.97648,0.48824,0.01684,0.20789,1.00601,0,0,45767
227.335000,356.011950,-2.68532,0.91545,0.36618,0.01244,0.20691,1.00235,0,0,45768
227.340000,356.011950,-2.19708,0.91545,0.42721,0.01025,0.20472,1.00064,0,0,45769
227.345000,356.026766,-1.28163,0.73236,0.48824,0.01171,0.20106,1.00016,0,0,45770
227.350000,356.026766,-0.06103,0.24412,0.36618,0.01586,0.19593,0.99796,0,0,45771
227.355000,356.026766,1.34266,-0.36618,0.36618,0.01684,0.19276,0.99259,0,0,45772
227.360000,356.041949,2.50223,-0.54927,0.54927,0.01879,0.18861,0.98625,0,0,45773
227.365000,356.041949,3.23459,-0.36618,0.73236,0.02050,0.18373,0.98308,0,0,45774
227.370000,356.041949,3.05150,-0.30515,0.85442,0.01830,0.18007,0.98405,0,0,45775
227.375000,356.056796,2.31914,-0.18309,0.30515,0.01659,0.17617,0.98478,0,0,45776
227.380000,356.056796,1.09854,0.06103,-0.48824,0.01513,0.17470,0.98649,0,0,45777
227.385000,356.056796,-0.06103,0.42721,-1.09854,0.01537,0.17714,0.98966,0,0,45778
227.390000,356.071730,-0.54927,0.48824,-1.34266,0.01684,0.18007,0.99113,0,0,45779
227.395000,356.071730,-0.85442,0.12206,-1.58678,0.01684,0.18324,0.99088,0,0,45780
227.400000,356.071730,-0.97648,-0.06103,-1.89193,0.01537,0.18544,0.99088,0,0,45781
227.405000,356.086776,-0.54927,-0.30515,-2.07502,0.01806,0.18788,0.98796,0,0,45782
227.410000,356.086776,-0.06103,-0.48824,-2.13605,0.02367,0.19276,0.98283,0,0,45783
227.415000,356.086776,0.18309,-0.61030,-1.89193,0.02440,0.20130,0.97893,0,0,45784
227.420000,356.101941,0.12206,-0.42721,-1.52575,0.02440,0.20886,0.98088,0,0,45785
227.425000,356.101941,0.06103,0.00000,-1.28163,0.02489,0.21594,0.98332,0,0,45786
227.430000,356.101941,0.06103,0.42721,-1.03751,0.02464,0.21936,0.98796,0,0,45787
227.435000,356.116957,-0.06103,0.67133,-0.67133,0.02538,0.22106,0.99406,0,0,45788
227.440000,356.116957,0.00000,0.79339,-0.24412,0.02342,0.22253,1.00113,0,0,45789
227.445000,356.116957,0.30515,0.67133,0.06103,0.02220,0.22204,1.00601,0,0,45790
227.450000,356.131917,0.54927,0.48824,0.24412,0.02074,0.22131,1.00967,0,0,45791
227.455000,356.131917,0.54927,0.36618,0.42721,0.02196,0.22131,1.01187,0,0,45792
227.460000,356.131917,0.30515,0.00000,0.48824,0.02147,0.22180,1.00918,0,0,45793
227.465000,356.146781,0.12206,-0.36618,0.67133,0.01976,0.21862,1.00284,0,0,45794
227.470000,356.146781,0.18309,-0.42721,0.61030,0.01952,0.21204,0.99308,0,0,45795
227.475000,356.146781,0.18309,-0.36618,0.67133,0.01928,0.20520,0.98381,0,0,45796
227.480000,356.161931,-0.06103,-0.12206,0.73236,0.02050,0.19715,0.97868,0,0,45797
227.485000,356.161931,-0.12206,0.12206,0.73236,0.02245,0.19203,0.97380,0,0,45798
227.490000,356.161931,-0.06103,0.12206,0.54927,0.02464,0.18861,0.97161,0,0,45799
227.495000,356.176921,0.00000,0.54927,0.30515,0.02782,0.18739,0.97502,0,0,45800
227.500000,356.176921,0.12206,0.61030,0.06103,0.02855,0.18861,0.98112,0,0,45801
227.505000,356.176921,0.24412,0.73236,-0.42721,0.02855,0.19178,0.98698,0,0,45802
227.510000,356.191953,0.06103,0.61030,-0.30515,0.02538,0.19764,0.99454,0,0,45803
227.515000,356.191953,0.06103,0.24412,0.00000,0.02196,0.20228,1.00016,0,0,45804
227.520000,356.191953,0.18309,-0.18309,0.06103,0.02074,0.20496,0.99894,0,0,45805
227.525000,356.206852,0.18309,-0.42721,-0.06103,0.01952,0.20642,0.99674,0,0,45806
227.530000,356.206852,0.24412,-0.54927,-0.42721,0.01757,0.20886,0.99162,0,0,45807
227.535000,356.206852,0.36618,-0.73236,-0.54927,0.02025,0.21106,0.98503,0,0,45808
227.540000,356.221914,0.00000,-0.67133,-0.54927,0.02586,0.21399,0.97722,0,0,45809
227.545000,356.221914,-0.67133,-0.36618,-0.24412,0.02635,0.21643,0.97112,0,0,45810
227.550000,356.221914,-1.40369,0.06103,0.24412,0.02757,0.21667,0.96795,0,0,45811
227.555000,356.236750,-1.83090,0.36618,0.61030,0.02928,0.21570,0.96673,0,0,45812
227.560000,356.236750,-2.31914,0.67133,1.03751,0.02928,0.21448,0.96673,0,0,45813
227.565000,356.236750,-2.38017,1.15957,1.15957,0.02660,0.21472,0.96990,0,0,45814
227.570000,356.251705,-1.95296,1.52575,1.28163,0.02611,0.21277,0.97624,0,0,45815
227.575000,356.251705,-1.03751,1.15957,1.40369,0.02708,0.21008,0.98186,0,0,45816
227.580000,356.251705,0.18309,0.67133,1.64781,0.02562,0.20886,0.98283,0,0,45817
227.580000,356.266860,1.09854,0.30515,1.83090,0.02586,0.20716,0.98234,0,0,45818
227.585000,356.266860,2.38017,0.06103,2.01399,0.02684,0.20301,0.98552,0,0,45819
227.590000,356.266860,2.19708,-0.06103,1.95296,0.02928,0.19959,0.98576,0,0,45820
227.595000,356.281737,0.12206,0.42721,1.40369,0.02611,0.20008,0.98722,0,0,45821
227.600000,356.281737,-1.03751,0.61030,0.73236,0.02782,0.19666,0.98405,0,0,45822
227.605000,356.281737,-1.34266,0.42721,0.73236,0.02562,0.19422,0.98015,0,0,45823
227.610000,356.296879,-1.34266,0.48824,0.79339,0.01879,0.19496,0.97380,0,0,45824
227.615000,356.296879,-0.97648,0.85442,0.48824,0.01732,0.19447,0.96795,0,0,45825
227.620000,356.296879,-0.18309,1.52575,0.00000,0.01952,0.19252,0.96990,0,0,45826
227.625000,356.311922,0.42721,1.76987,0.06103,0.01976,0.19227,0.97478,0,0,45827
227.630000,356.311922,1.58678,1.52575,0.54927,0.01976,0.19252,0.97868,0,0,45828
227.635000,356.311922,1.83090,1.22060,0.54927,0.02050,0.19178,0.97576,0,0,45829
227.640000,356.326820,1.28163,1.22060,0.30515,0.01806,0.19300,0.97600,0,0,45830
227.645000,356.326820,0.91545,1.58678,0.24412,0.01708,0.19374,0.97893,0,0,45831
227.650000,356.326820,1.15957,1.95296,0.30515,0.02318,0.19300,0.98356,0,0,45832
227.655000,356.341911,1.46472,1.95296,0.36618,0.02782,0.19496,0.98966,0,0,45833
227.660000,356.341911,1.58678,1.64781,0.85442,0.02830,0.19862,0.99869,0,0,45834
227.665000,356.341911,1.58678,1.34266,1.34266,0.02708,0.20179,1.00333,0,0,45835
227.670000,356.356772,1.40369,1.09854,1.40369,0.02489,0.20179,1.00626,0,0,45836
227.675000,356.356772,1.15957,0.97648,1.40369,0.02123,0.20032,1.00845,0,0,45837
227.680000,356.356772,0.85442,0.54927,1.58678,0.01903,0.19910,1.00699,0,0,45838
227.685000,356.371810,0.48824,0.24412,1.58678,0.01952,0.19691,1.00528,0,0,45839
227.690000,356.371810,0.06103,-0.06103,1.34266,0.01708,0.19666,0.99991,0,0,45840
227.695000,356.371810,-0.36618,-0.18309,0.97648,0.01464,0.19618,0.99381,0,0,45841
227.700000,356.386885,-0.54927,0.06103,0.67133,0.01415,0.19569,0.99064,0,0,45842
227.705000,356.386885,0.00000,0.00000,0.61030,0.01562,0.19569,0.98625,0,0,45843
227.710000,356.386885,0.54927,0.06103,0.67133,0.01879,0.19349,0.98356,0,0,45844
227.715000,356.401891,1.09854,0.30515,0.85442,0.02074,0.18861,0.98430,0,0,45845
227.720000,356.401891,1.40369,0.73236,1.03751,0.02098,0.18349,0.98771,0,0,45846
227.725000,356.401891,1.58678,0.85442,0.85442,0.02050,0.18300,0.99259,0,0,45847
227.730000,356.416711,1.40369,1.03751,0.79339,0.01928,0.18471,1.00113,0,0,45848
227.735000,356.416711,0.97648,1.22060,0.42721,0.01903,0.18715,1.01016,0,0,45849
227.740000,356.416711,0.12206,1.03751,-0.12206,0.01806,0.19056,1.01699,0,0,45850
227.745000,356.431920,-0.97648,0.85442,-0.61030,0.01488,0.19447,1.01846,0,0,45851
227.750000,356.431920,-2.19708,0.73236,-1.03751,0.01122,0.19715,1.01870,0,0,45852
227.755000,356.431920,-3.17356,0.61030,-1.09854,0.01074,0.19837,1.01894,0,0,45853
227.760000,356.446805,-3.23459,0.48824,-1.15957,0.01098,0.19837,1.01699,0,0,45854
227.765000,356.446805,-2.99047,0.36618,-1.28163,0.00952,0.19886,1.01236,0,0,45855
227.770000,356.446805,-2.07502,0.00000,-1.46472,0.00927,0.20032,1.00699,0,0,45856
227.775000,356.461824,-1.03751,-0.36618,-1.40369,0.01293,0.20252,1.00113,0,0,45857
227.780000,356.461824,0.06103,-0.85442,-1.03751,0.01562,0.20301,0.99381,0,0,45858
227.785000,356.461824,0.61030,-0.91545,-0.48824,0.01562,0.20106,0.98820,0,0,45859
227.790000,356.476781,0.73236,-0.48824,0.00000,0.01806,0.19691,0.98600,0,0,45860
227.795000,356.476781,0.61030,-0.18309,0.54927,0.01757,0.19520,0.98747,0,0,45861
227.800000,356.476781,0.12206,0.06103,0.73236,0.01659,0.19374,0.98796,0,0,45862
227.805000,356.491824,-0.48824,0.54927,0.67133,0.01854,0.18983,0.99113,0,0,45863
227.810000,356.491824,-0.79339,0.67133,0.36618,0.01952,0.18593,0.99552,0,0,45864
227.815000,356.491824,-0.97648,0.67133,0.06103,0.01879,0.18520,0.99674,0,0,45865
227.820000,356.506800,-0.97648,0.36618,0.00000,0.01781,0.18666,0.99528,0,0,45866
227.825000,356.506800,-0.67133,0.12206,0.06103,0.01635,0.18666,0.99308,0,0,45867
227.830000,356.506800,-0.12206,-0.06103,-0.18309,0.01806,0.18666,0.99137,0,0,45868
227.835000,356.521882,0.18309,-0.24412,-0.42721,0.02025,0.18544,0.98942,0,0,45869
227.840000,356.521882,0.42721,-0.30515,-0.54927,0.02123,0.18690,0.98869,0,0,45870
227.845000,356.521882,0.73236,-0.24412,-0.67133,0.02123,0.18983,0.99308,0,0,45871
227.850000,356.536953,0.91545,-0.18309,-0.85442,0.02123,0.19276,1.00064,0,0,45872
227.855000,356.536953,0.79339,-0.36618,-1.22060,0.02269,0.19666,1.00650,0,0,45873
227.860000,356.536953,0.06103,-0.54927,-1.34266,0.02220,0.19910,1.01162,0,0,45874
227.865000,356.551818,-0.73236,-0.73236,-1.40369,0.02098,0.20154,1.01284,0,0,45875
227.870000,356.551818,-1.15957,-1.03751,-1.52575,0.01903,0.20472,1.00870,0,0,45876
227.875000,356.551818,-1.09854,-1.46472,-1.70884,0.01903,0.20496,1.00211,0,0,45877
227.880000,356.566925,-0.73236,-1.70884,-1.70884,0.01976,0.20350,0.99503,0,0,45878
227.885000,356.566925,0.00000,-1.89193,-1.46472,0.02050,0.20228,0.98674,0,0,45879
227.890000,356.566925,0.67133,-2.13605,-1.28163,0.02123,0.20252,0.97917,0,0,45880
227.895000,356.581833,1.28163,-2.07502,-0.97648,0.02172,0.20423,0.97405,0,0,45881
227.900000,356.581833,1.52575,-1.52575,-0.61030,0.02464,0.20374,0.97112,0,0,45882
227.905000,356.581833,1.28163,-1.03751,-0.30515,0.02855,0.20106,0.97185,0,0,45883
227.910000,356.596952,0.73236,-0.61030,-0.12206,0.02708,0.19959,0.97600,0,0,45884
227.915000,356.596952,0.06103,0.06103,-0.30515,0.02416,0.20057,0.98283,0,0,45885
227.920000,356.596952,-0.54927,0.67133,-0.61030,0.02294,0.20350,0.99162,0,0,45886
227.925000,356.611909,-1.34266,0.97648,-0.85442,0.02342,0.20789,1.00113,0,0,45887
227.930000,356.611909,-2.38017,0.97648,-0.97648,0.02123,0.21130,1.00723,0,0,45888
227.935000,356.611909,-2.80738,0.54927,-0.73236,0.02050,0.21301,1.00967,0,0,45889
227.940000,356.626863,-2.74635,-0.06103,-0.42721,0.01879,0.21594,1.00626,0,0,45890
227.945000,356.626863,-2.38017,-0.54927,-0.30515,0.01781,0.21692,0.99894,0,0,45891
227.950000,356.626863,-1.83090,-0.67133,-0.12206,0.01684,0.21521,0.99015,0,0,45892
227.955000,356.641950,-1.03751,-0.79339,0.12206,0.01757,0.21228,0.97771,0,0,45893
227.960000,356.641950,0.30515,-1.03751,0.48824,0.01879,0.20545,0.96624,0,0,45894
227.965000,356.641950,1.09854,-1.03751,0.79339,0.01830,0.19984,0.95575,0,0,45895
227.970000,356.656937,1.46472,-0.73236,1.22060,0.01708,0.19691,0.95111,0,0,45896
227.975000,356.656937,1.46472,-0.30515,1.76987,0.01806,0.19203,0.95062,0,0,45897
227.980000,356.656937,1.34266,-0.06103,1.83090,0.01830,0.18642,0.95233,0,0,45898
227.985000,356.671730,1.46472,0.12206,1.58678,0.01659,0.18154,0.95502,0,0,45899
227.990000,356.671730,1.76987,0.06103,1.46472,0.01879,0.17788,0.95672,0,0,45900
227.995000,356.671730,1.83090,0.30515,1.22060,0.02025,0.17641,0.96038,0,0,45901
228.000000,356.687039,1.34266,0.67133,0.79339,0.01976,0.17739,0.96575,0,0,45902
228.005000,356.687039,0.36618,0.91545,0.18309,0.01903,0.18178,0.97380,0,0,45903
228.010000,356.687039,-0.42721,0.91545,-0.06103,0.01879,0.18568,0.97966,0,0,45904
228.015000,356.701790,-0.97648,0.79339,-0.42721,0.01659,0.19227,0.98308,0,0,45905
228.020000,356.701790,-1.34266,0.73236,-0.91545,0.01610,0.19935,0.98308,0,0,45906
228.025000,356.701790,-1.40369,0.67133,-1.15957,0.01464,0.20594,0.98112,0,0,45907
228.030000,356.716925,-1.22060,0.79339,-0.85442,0.01342,0.21106,0.97844,0,0,45908
228.035000,356.716925,-0.97648,0.91545,-0.36618,0.01318,0.21545,0.97722,0,0,45909
228.040000,356.716925,-0.61030,0.85442,0.06103,0.01318,0.21594,0.97527,0,0,45910
228.045000,356.731902,-0.12206,0.67133,0.54927,0.01318,0.21301,0.97258,0,0,45911
228.050000,356.731902,0.36618,0.67133,1.03751,0.01318,0.20716,0.97088,0,0,45912
228.055000,356.731902,0.97648,0.91545,1.46472,0.01293,0.19862,0.97039,0,0,45913
228.060000,356.746857,1.52575,0.79339,1.46472,0.01318,0.19178,0.97088,0,0,45914
228.065000,356.746857,2.01399,0.79339,1.15957,0.01610,0.18715,0.97185,0,0,45915
228.070000,356.746857,2.13605,0.79339,0.79339,0.01757,0.18593,0.97502,0,0,45916
228.075000,356.761906,1.95296,1.03751,0.48824,0.01781,0.18739,0.97966,0,0,45917
228.080000,356.761906,1.40369,1.28163,0.36618,0.01903,0.18861,0.98625,0,0,45918
228.085000,356.761906,0.61030,1.22060,-0.12206,0.01952,0.18959,0.98966,0,0,45919
228.090000,356.776740,-0.30515,1.15957,-0.54927,0.01659,0.19130,0.99235,0,0,45920
228.095000,356.776740,-0.91545,0.73236,-0.67133,0.01708,0.19349,0.99088,0,0,45921
228.100000,356.776740,-1.22060,0.67133,-0.85442,0.01732,0.19569,0.98771,0,0,45922
228.105000,356.791851,-0.61030,0.61030,-1.03751,0.01586,0.19862,0.98625,0,0,45923
228.110000,356.791851,0.12206,0.67133,-1.15957,0.01415,0.19959,0.98698,0,0,45924
228.115000,356.791851,1.03751,0.42721,-1.15957,0.01464,0.20423,0.98625,0,0,45925
228.120000,356.806951,1.70884,0.18309,-0.79339,0.01708,0.20960,0.98478,0,0,45926
228.125000,356.806951,2.25811,0.00000,-0.18309,0.01830,0.21082,0.98234,0,0,45927
228.130000,356.806951,2.80738,0.24412,0.42721,0.02172,0.20911,0.98112,0,0,45928
228.135000,356.821719,2.74635,0.36618,0.36618,0.02294,0.20813,0.98137,0,0,45929
228.140000,356.821719,2.31914,0.36618,0.30515,0.02147,0.20618,0.98332,0,0,45930
228.145000,356.821719,1.95296,0.42721,0.30515,0.02025,0.20545,0.98576,0,0,45931
228.150000,356.836896,1.58678,0.42721,0.30515,0.02220,0.20667,0.98771,0,0,45932
228.155000,356.836896,0.85442,0.54927,0.24412,0.02391,0.20935,0.98918,0,0,45933
228.160000,356.836896,0.42721,0.67133,0.00000,0.02245,0.20764,0.98844,0,0,45934
228.165000,356.851723,0.18309,0.85442,-0.18309,0.02074,0.20569,0.98674,0,0,45935
228.170000,356.851723,0.18309,0.91545,-0.12206,0.02025,0.20472,0.98600,0,0,45936
228.175000,356.851723,0.30515,0.85442,0.12206,0.02001,0.20398,0.98576,0,0,45937
228.180000,356.866717,0.61030,0.67133,0.18309,0.02220,0.20325,0.98430,0,0,45938
228.185000,356.866717,0.97648,0.54927,0.24412,0.02513,0.20520,0.98332,0,0,45939
228.190000,356.866717,0.54927,1.03751,0.18309,0.02489,0.20789,0.98478,0,0,45940
228.195000,356.881693,-0.36618,1.76987,0.36618,0.02440,0.20862,0.98771,0,0,45941
228.200000,356.881693,-1.70884,2.25811,0.24412,0.02513,0.20862,0.99332,0,0,45942
228.205000,356.881693,-2.38017,2.38017,0.24412,0.02416,0.20960,0.99650,0,0,45943
228.210000,356.896680,-2.56326,2.38017,0.24412,0.02147,0.20984,1.00016,0,0,45944
228.215000,356.896680,-2.19708,2.13605,0.61030,0.01757,0.20886,1.00674,0,0,45945
228.220000,356.896680,-1.03751,1.70884,0.91545,0.01562,0.20667,1.00943,0,0,45946
228.225000,356.911683,0.36618,1.03751,1.03751,0.01513,0.20472,1.00821,0,0,45947
228.230000,356.911683,2.31914,0.06103,1.22060,0.01464,0.20447,1.00504,0,0,45948
228.235000,356.911683,3.66180,-0.61030,1.52575,0.01244,0.20496,1.00113,0,0,45949
228.240000,356.926882,4.45519,-1.03751,1.70884,0.01098,0.20569,0.99747,0,0,45950
228.245000,356.926882,4.51622,-0.97648,1.58678,0.00927,0.20594,0.99235,0,0,45951
228.250000,356.926882,4.08901,-0.54927,1.46472,0.00952,0.20350,0.98844,0,0,45952
228.255000,356.941715,3.05150,-0.06103,1.46472,0.01244,0.19862,0.98698,0,0,45953
228.260000,356.941715,1.28163,0.61030,1.15957,0.01318,0.19422,0.98771,0,0,45954
228.265000,356.941715,-0.18309,1.22060,0.67133,0.01244,0.19252,0.99332,0,0,45955
228.270000,356.956717,-1.40369,1.64781,0.12206,0.01440,0.19105,0.99772,0,0,45956
228.275000,356.956717,-2.01399,1.76987,-0.30515,0.01830,0.19056,1.00211,0,0,45957
228.280000,356.956717,-2.13605,1.70884,-0.54927,0.01781,0.19300,1.00845,0,0,45958
228.285000,356.971659,-1.52575,1.52575,-0.48824,0.01684,0.19666,1.01382,0,0,45959
228.290000,356.971659,-0.79339,1.22060,-0.67133,0.01684,0.20276,1.01870,0,0,45960
228.295000,356.971659,-0.36618,0.61030,-0.42721,0.01684,0.20813,1.02016,0,0,45961
228.300000,356.986725,-0.24412,0.24412,-0.61030,0.01537,0.21252,1.01992,0,0,45962
228.305000,356.986725,-0.48824,-0.12206,-0.54927,0.01342,0.21399,1.01699,0,0,45963
228.310000,356.986725,-0.48824,-0.30515,-0.36618,0.01196,0.21448,1.01309,0,0,45964
228.315000,357.001672,-0.42721,-0.48824,-0.06103,0.01269,0.21106,1.00723,0,0,45965
228.320000,357.001672,-0.30515,-0.54927,0.12206,0.01293,0.20642,1.00016,0,0,45966
228.325000,357.001672,-0.24412,-0.48824,0.36618,0.01244,0.20301,0.99552,0,0,45967
228.330000,357.016610,-0.06103,-0.36618,0.54927,0.01464,0.19959,0.98893,0,0,45968
228.335000,357.016610,0.18309,-0.24412,0.73236,0.01562,0.19544,0.98844,0,0,45969
228.340000,357.016610,0.61030,-0.36618,0.97648,0.01391,0.19056,0.98893,0,0,45970
228.345000,357.031545,0.97648,-0.54927,1.09854,0.01244,0.18812,0.98698,0,0,45971
228.350000,357.031545,1.03751,-0.48824,1.22060,0.01171,0.18666,0.98747,0,0,45972
228.355000,357.031545,1.34266,-0.30515,1.15957,0.01293,0.18520,0.98844,0,0,45973
228.360000,357.046524,1.89193,-0.36618,0.85442,0.01269,0.18568,0.99015,0,0,45974
228.365000,357.046524,2.50223,-0.30515,0.61030,0.01074,0.18886,0.99210,0,0,45975
228.370000,357.046524,2.74635,-0.48824,0.24412,0.01049,0.19252,0.99479,0,0,45976
228.375000,357.061510,2.07502,-0.30515,-0.06103,0.01269,0.19740,0.99894,0,0,45977
228.380000,357.061510,0.36618,0.30515,-0.48824,0.01586,0.20472,1.00211,0,0,45978
228.385000,357.061510,-1.70884,1.03751,-0.85442,0.01830,0.20813,1.00430,0,0,45979
228.390000,357.076473,-4.08901,1.40369,-0.79339,0.01757,0.21155,1.00626,0,0,45980
228.395000,357.076473,-5.12652,1.34266,-0.54927,0.01635,0.21399,1.00918,0,0,45981
228.400000,357.076473,-5.12652,1.09854,-0.36618,0.01513,0.21521,1.01284,0,0,45982
228.405000,357.091517,-3.90592,0.67133,0.06103,0.01318,0.21448,1.01358,0,0,45983
228.410000,357.091517,-2.13605,0.00000,0.30515,0.01415,0.21423,1.00918,0,0,45984
228.415000,357.091517,-0.48824,-0.67133,0.67133,0.01562,0.21423,1.00455,0,0,45985
228.420000,357.106512,1.03751,-1.22060,1.52575,0.01586,0.21155,1.00138,0,0,45986
228.425000,357.106512,2.13605,-1.46472,2.13605,0.01488,0.20667,0.99381,0,0,45987
228.430000,357.106512,2.44120,-1.52575,2.13605,0.01220,0.19959,0.98747,0,0,45988
228.435000,357.121512,2.25811,-1.40369,1.89193,0.01196,0.19105,0.98478,0,0,45989
228.440000,357.121512,1.76987,-1.15957,1.52575,0.01098,0.18202,0.98405,0,0,45990
228.445000,357.121512,1.03751,-0.85442,1.09854,0.00805,0.17739,0.98308,0,0,45991
228.450000,357.136518,0.42721,-0.73236,0.54927,0.00756,0.17397,0.97917,0,0,45992
228.455000,357.136518,-0.48824,-0.36618,-0.48824,0.01049,0.17153,0.97722,0,0,45993
228.460000,357.136518,-1.09854,-0.12206,-1.15957,0.01244,0.17031,0.97722,0,0,45994
228.465000,357.151514,-1.46472,0.00000,-1.76987,0.01513,0.17251,0.97698,0,0,45995
228.470000,357.151514,-1.64781,0.24412,-2.38017,0.01537,0.17690,0.97844,0,0,45996
228.475000,357.151514,-1.52575,0.48824,-2.74635,0.01610,0.18251,0.98234,0,0,45997
228.480000,357.166515,-0.97648,0.36618,-2.62429,0.01806,0.18959,0.98918,0,0,45998
228.485000,357.166515,0.12206,-0.12206,-2.19708,0.02001,0.19422,0.99113,0,0,45999
228.490000,357.166515,1.40369,-0.79339,-2.07502,0.01928,0.20130,0.98869,0,0,46000
228.495000,357.181525,2.01399,-1.28163,-1.83090,0.01757,0.20935,0.98722,0,0,46001
228.500000,357.181525,1.46472,-0.97648,-1.40369,0.01732,0.21618,0.98698,0,0,46002
228.505000,357.181525,0.48824,-0.61030,-0.85442,0.01879,0.21862,0.98600,0,0,46003
228.510000,357.196498,-0.54927,-0.30515,-0.30515,0.01976,0.21740,0.98844,0,0,46004
228.515000,357.196498,-1.22060,-0.06103,0.00000,0.02050,0.21399,0.99210,0,0,46005
228.520000,357.196498,-1.22060,0.00000,0.18309,0.02196,0.20862,0.99332,0,0,46006
228.525000,357.211494,-0.67133,-0.24412,0.36618,0.02416,0.20374,0.99406,0,0,46007
228.530000,357.211494,0.79339,-0.73236,0.36618,0.02294,0.20106,0.99747,0,0,46008
228.535000,357.211494,2.31914,-1.34266,0.18309,0.01879,0.20325,0.99796,0,0,46009
228.540000,357.226538,3.72283,-2.07502,-0.30515,0.01806,0.20764,0.99430,0,0,46010
228.545000,357.226538,4.45519,-2.56326,-0.67133,0.02001,0.21252,0.98722,0,0,46011
228.550000,357.226538,4.51622,-2.62429,-0.54927,0.01732,0.21984,0.98088,0,0,46012
228.555000,357.241543,4.27210,-2.31914,-0.06103,0.01610,0.22497,0.97527,0,0,46013
228.560000,357.241543,3.90592,-1.89193,0.06103,0.01952,0.22619,0.96990,0,0,46014
228.565000,357.241543,3.17356,-1.34266,0.00000,0.02367,0.22692,0.96746,0,0,46015
228.570000,357.256530,2.38017,-0.79339,0.06103,0.02294,0.22594,0.96990,0,0,46016
228.575000,357.256530,1.95296,-0.12206,0.24412,0.02172,0.22399,0.97283,0,0,46017
228.580000,357.256530,1.52575,0.42721,0.61030,0.02220,0.22106,0.97795,0,0,46018
228.585000,357.271535,1.03751,0.73236,0.67133,0.02245,0.21887,0.98430,0,0,46019
228.590000,357.271535,0.00000,0.73236,0.48824,0.02098,0.21545,0.98722,0,0,46020
228.595000,357.271535,-1.28163,0.85442,0.30515,0.01952,0.21350,0.98674,0,0,46021
228.600000,357.286474,-2.38017,0.85442,0.48824,0.01781,0.21106,0.98527,0,0,46022
228.605000,357.286474,-2.62429,0.91545,0.67133,0.01342,0.20642,0.98552,0,0,46023
228.610000,357.286474,-2.44120,0.79339,0.79339,0.01342,0.19886,0.98356,0,0,46024
228.615000,357.301520,-1.95296,0.61030,0.73236,0.01342,0.19008,0.98112,0,0,46025
228.620000,357.301520,-1.09854,0.36618,0.61030,0.00952,0.18422,0.97844,0,0,46026
228.625000,357.301520,-0.36618,0.24412,0.48824,0.00732,0.18056,0.97795,0,0,46027
228.630000,357.316542,0.42721,-0.06103,0.24412,0.00708,0.17885,0.97771,0,0,46028
228.635000,357.316542,0.85442,-0.18309,-0.12206,0.01000,0.17763,0.97454,0,0,46029
228.640000,357.316542,0.97648,-0.24412,-0.30515,0.01269,0.17763,0.97405,0,0,46030
228.645000,357.331520,0.79339,-0.06103,-0.24412,0.01220,0.17934,0.97527,0,0,46031
228.650000,357.331520,0.61030,0.00000,-0.30515,0.01147,0.18202,0.97624,0,0,46032
228.655000,357.331520,0.36618,0.00000,-0.61030,0.01098,0.18764,0.97722,0,0,46033
228.660000,357.346528,0.12206,0.24412,-0.61030,0.01000,0.19471,0.97820,0,0,46034
228.665000,357.346528,0.00000,0.36618,-0.54927,0.01122,0.20252,0.97942,0,0,46035
228.670000,357.346528,-0.18309,0.48824,-0.48824,0.01074,0.20911,0.97990,0,0,46036
228.675000,357.361495,-0.48824,0.54927,-0.36618,0.01147,0.21545,0.98015,0,0,46037
228.680000,357.361495,-0.67133,0.61030,-0.24412,0.01415,0.21570,0.98332,0,0,46038
228.685000,357.361495,-0.91545,0.54927,-0.18309,0.01513,0.21277,0.98430,0,0,46039
228.690000,357.376528,-1.28163,0.67133,-0.12206,0.01806,0.20764,0.98478,0,0,46040
228.695000,357.376528,-1.03751,0.79339,-0.24412,0.02098,0.20252,0.98259,0,0,46041
228.700000,357.376528,-1.22060,0.73236,-0.36618,0.02513,0.19910,0.98234,0,0,46042
228.705000,357.391728,-1.64781,0.73236,-0.48824,0.02733,0.19691,0.98210,0,0,46043
228.710000,357.391728,-1.58678,0.79339,-0.79339,0.02757,0.19715,0.98186,0,0,46044
228.715000,357.391728,-1.46472,0.79339,-0.97648,0.02464,0.20130,0.98332,0,0,46045
228.720000,357.406722,-0.97648,0.85442,-0.79339,0.02172,0.20252,0.98674,0,0,46046
228.725000,357.406722,-0.18309,0.85442,-0.30515,0.02025,0.20228,0.99259,0,0,46047
228.730000,357.406722,0.30515,0.85442,0.06103,0.01976,0.20325,0.99625,0,0,46048
228.735000,357.421593,0.61030,0.61030,0.36618,0.01854,0.20496,0.99820,0,0,46049
228.740000,357.421593,0.73236,0.30515,0.67133,0.01708,0.20569,1.00064,0,0,46050
228.745000,357.421593,0.73236,0.18309,0.79339,0.01562,0.20276,1.00308,0,0,46051
228.750000,357.436721,0.85442,0.12206,0.73236,0.01562,0.20008,1.00357,0,0,46052
228.755000,357.436721,1.09854,-0.30515,0.42721,0.01659,0.19618,1.00064,0,0,46053
228.760000,357.436721,1.46472,-0.67133,0.12206,0.01732,0.19349,0.99625,0,0,46054
228.765000,357.451729,1.95296,-0.97648,-0.24412,0.01732,0.19520,0.99162,0,0,46055
228.770000,357.451729,2.07502,-0.79339,-0.48824,0.01684,0.19813,0.98844,0,0,46056
228.775000,357.451729,1.95296,-0.54927,-0.54927,0.01732,0.20057,0.98869,0,0,46057
228.780000,357.466807,1.70884,-0.36618,-0.61030,0.01684,0.20130,0.98991,0,0,46058
228.785000,357.466807,1.40369,-0.12206,-0.61030,0.01537,0.19984,0.99235,0,0,46059
228.790000,357.466807,1.03751,-0.06103,-0.67133,0.01586,0.19959,0.99503,0,0,46060
228.795000,357.481716,0.48824,0.12206,-0.79339,0.01586,0.20228,0.99576,0,0,46061
228.800000,357.481716,0.00000,0.24412,-1.03751,0.01440,0.20398,0.99698,0,0,46062
228.805000,357.481716,-0.30515,0.12206,-1.09854,0.01440,0.20472,0.99894,0,0,46063
228.810000,357.496750,-0.30515,-0.18309,-1.22060,0.01488,0.20740,1.00040,0,0,46064
228.815000,357.496750,-0.24412,-0.54927,-1.46472,0.01659,0.21130,0.99601,0,0,46065
228.820000,357.496750,-0.42721,-0.85442,-1.58678,0.01659,0.21448,0.99357,0,0,46066
228.825000,357.511847,-0.36618,-0.91545,-1.58678,0.01684,0.21643,0.99210,0,0,46067
228.830000,357.511847,-0.24412,-1.03751,-1.58678,0.01806,0.21814,0.98820,0,0,46068
228.835000,357.511847,-0.12206,-0.97648,-1.46472,0.02074,0.21887,0.98430,0,0,46069
228.840000,357.526951,-0.18309,-0.91545,-1.09854,0.02318,0.21911,0.98015,0,0,46070
228.845000,357.526951,-0.24412,-0.73236,-0.24412,0.02440,0.21887,0.97429,0,0,46071
228.850000,357.526951,-0.30515,-0.36618,0.36618,0.02489,0.21667,0.97454,0,0,46072
228.855000,357.541909,-0.30515,0.12206,0.67133,0.02562,0.21179,0.97624,0,0,46073
228.860000,357.541909,0.06103,0.24412,0.48824,0.02440,0.20960,0.97893,0,0,46074
228.865000,357.541909,0.54927,0.12206,0.24412,0.02318,0.20960,0.98332,0,0,46075
228.865000,357.556790,0.85442,0.12206,0.06103,0.02294,0.21130,0.98356,0,0,46076
228.870000,357.556790,1.28163,0.00000,-0.06103,0.02318,0.21448,0.98454,0,0,46077
228.875000,357.556790,1.09854,-0.18309,0.18309,0.02318,0.21643,0.98600,0,0,46078
228.880000,357.571953,0.73236,-0.42721,0.61030,0.02294,0.21838,0.98405,0,0,46079
228.885000,357.571953,0.30515,-0.36618,0.54927,0.02196,0.21838,0.97990,0,0,46080
228.890000,357.571953,-0.18309,-0.18309,0.42721,0.02074,0.21594,0.97746,0,0,46081
228.895000,357.586727,-0.36618,0.06103,0.24412,0.02074,0.21399,0.97454,0,0,46082
228.900000,357.586727,-0.54927,0.24412,0.24412,0.01976,0.21277,0.97039,0,0,46083
228.905000,357.586727,-0.48824,0.36618,0.48824,0.01903,0.21350,0.97112,0,0,46084
228.910000,357.601768,-0.06103,0.54927,0.61030,0.02123,0.21277,0.96966,0,0,46085
228.915000,357.601768,0.30515,0.85442,0.48824,0.02416,0.21155,0.96746,0,0,46086
228.920000,357.601768,0.54927,1.15957,0.48824,0.02464,0.21155,0.96819,0,0,46087
228.925000,357.616824,0.67133,1.15957,0.61030,0.02440,0.21179,0.97014,0,0,46088
228.930000,357.616824,0.73236,1.15957,0.73236,0.02220,0.21277,0.97527,0,0,46089
228.935000,357.616824,0.48824,1.28163,0.61030,0.02098,0.21350,0.98064,0,0,46090
228.940000,357.631934,0.30515,1.40369,0.54927,0.02025,0.21301,0.98698,0,0,46091
228.945000,357.631934,0.18309,1.09854,0.67133,0.01830,0.21448,0.99162,0,0,46092
228.950000,357.631934,0.24412,0.91545,0.85442,0.01781,0.21740,0.99040,0,0,46093
228.955000,357.646788,0.06103,1.03751,1.15957,0.01806,0.21570,0.98991,0,0,46094
228.960000,357.646788,-0.24412,1.34266,1.52575,0.01879,0.21008,0.99064,0,0,46095
228.965000,357.646788,-0.61030,1.70884,1.76987,0.02074,0.20520,0.99137,0,0,46096
228.970000,357.661696,-0.79339,1.64781,1.64781,0.02025,0.19984,0.99235,0,0,46097
228.975000,357.661696,-0.79339,1.40369,1.52575,0.01928,0.19471,0.99162,0,0,46098
228.980000,357.661696,-0.67133,1.09854,1.40369,0.01684,0.19154,0.99210,0,0,46099
228.985000,357.676799,-0.54927,0.85442,1.15957,0.01513,0.18812,0.99406,0,0,46100
228.990000,357.676799,-0.18309,0.67133,0.54927,0.01513,0.18788,0.99357,0,0,46101
228.995000,357.676799,0.06103,0.61030,0.12206,0.01757,0.19032,0.99162,0,0,46102
229.000000,357.691751,0.06103,0.79339,0.24412,0.01830,0.19276,0.99503,0,0,46103
229.005000,357.691751,0.24412,1.09854,0.67133,0.01708,0.19740,1.00089,0,0,46104
229.010000,357.691751,0.36618,1.09854,0.85442,0.01464,0.20106,1.00504,0,0,46105
229.015000,357.706943,0.48824,0.91545,0.85442,0.01342,0.20374,1.00626,0,0,46106
229.020000,357.706943,0.42721,0.91545,0.73236,0.01122,0.20764,1.01040,0,0,46107
229.025000,357.706943,0.36618,0.67133,0.73236,0.01122,0.20740,1.01211,0,0,46108
229.030000,357.721920,0.18309,0.36618,1.09854,0.01025,0.20740,1.01089,0,0,46109
229.035000,357.721920,-0.06103,0.00000,1.15957,0.00878,0.20618,1.00894,0,0,46110
229.040000,357.721920,-0.30515,-0.06103,1.15957,0.00976,0.20301,1.00674,0,0,46111
229.040000,357.736960,-0.36618,0.00000,1.09854,0.00927,0.19984,1.00455,0,0,46112
229.045000,357.736960,-0.12206,-0.06103,0.85442,0.00976,0.19569,1.00040,0,0,46113
229.050000,357.736960,0.24412,-0.06103,0.54927,0.01196,0.19252,0.99820,0,0,46114
229.055000,357.751794,0.67133,-0.12206,0.24412,0.01415,0.19081,1.00064,0,0,46115
229.060000,357.751794,1.09854,-0.24412,0.06103,0.01586,0.18983,1.00284,0,0,46116
229.065000,357.751794,1.09854,-0.42721,-0.18309,0.01562,0.19032,1.00113,0,0,46117
229.070000,357.766829,0.61030,-0.48824,0.06103,0.01415,0.19081,1.00211,0,0,46118
229.075000,357.766829,-0.06103,-0.24412,0.24412,0.01318,0.18910,1.00308,0,0,46119
229.080000,357.766829,-0.73236,-0.06103,0.12206,0.01196,0.18861,1.00284,0,0,46120
229.085000,357.781846,-1.40369,0.12206,-0.42721,0.00927,0.19008,1.00235,0,0,46121
229.090000,357.781846,-1.64781,0.00000,-0.79339,0.00708,0.18910,1.00186,0,0,46122
229.095000,357.781846,-1.64781,-0.24412,-1.15957,0.00732,0.19056,0.99869,0,0,46123
229.100000,357.796905,-1.40369,-0.48824,-1.40369,0.00830,0.19325,0.99479,0,0,46124
229.105000,357.796905,-0.91545,-0.85442,-1.46472,0.01000,0.19520,0.98820,0,0,46125
229.110000,357.796905,-0.54927,-0.91545,-1.46472,0.01074,0.19715,0.98552,0,0,46126
229.115000,357.811775,-0.18309,-0.73236,-1.34266,0.00976,0.20008,0.98503,0,0,46127
229.120000,357.811775,0.00000,-0.61030,-1.28163,0.01196,0.19813,0.98430,0,0,46128
229.125000,357.811775,-0.06103,-0.48824,-1.15957,0.01244,0.19740,0.98649,0,0,46129
229.130000,357.826788,-0.18309,-0.42721,-0.91545,0.01220,0.19691,0.98844,0,0,46130
229.135000,357.826788,-0.12206,-0.54927,-0.85442,0.01293,0.19618,0.98991,0,0,46131
229.140000,357.826788,-0.18309,-0.67133,-0.85442,0.01342,0.19569,0.99235,0,0,46132
229.145000,357.841938,-0.42721,-0.85442,-0.91545,0.01269,0.19666,0.99235,0,0,46133
229.150000,357.841938,-0.48824,-0.85442,-1.09854,0.01391,0.19813,0.99015,0,0,46134
229.155000,357.841938,-0.48824,-0.85442,-1.34266,0.01415,0.19984,0.98893,0,0,46135
229.160000,357.856875,-0.61030,-0.79339,-1.52575,0.01366,0.20130,0.98820,0,0,46136
229.165000,357.856875,-0.61030,-0.85442,-1.34266,0.01562,0.20228,0.98820,0,0,46137
229.170000,357.856875,-0.42721,-1.09854,-1.28163,0.01659,0.20398,0.98649,0,0,46138
229.175000,357.871916,-0.42721,-1.09854,-1.09854,0.01635,0.20569,0.98478,0,0,46139
229.180000,357.871916,-0.42721,-0.97648,-1.15957,0.01610,0.20496,0.98259,0,0,46140
229.185000,357.871916,-0.12206,-0.91545,-1.28163,0.01684,0.20301,0.98161,0,0,46141
229.190000,357.886827,0.00000,-0.91545,-1.22060,0.01732,0.20301,0.98137,0,0,46142
229.195000,357.886827,0.42721,-1.15957,-0.79339,0.01586,0.20423,0.97990,0,0,46143
229.200000,357.886827,0.79339,-1.15957,-0.61030,0.01635,0.20325,0.97673,0,0,46144
229.205000,357.901935,0.73236,-0.97648,-0.54927,0.01708,0.20106,0.97527,0,0,46145
229.210000,357.901935,0.30515,-0.85442,-0.30515,0.01732,0.19740,0.97210,0,0,46146
229.215000,357.901935,-0.06103,-0.67133,-0.30515,0.01854,0.19276,0.96746,0,0,46147
229.215000,357.916948,-0.30515,-0.36618,-0.36618,0.01708,0.19105,0.96600,0,0,46148
229.220000,357.916948,-0.54927,0.00000,-0.54927,0.01562,0.18934,0.96673,0,0,46149
229.225000,357.916948,-0.79339,0.18309,-0.73236,0.01635,0.18959,0.96770,0,0,46150
229.230000,357.931791,-0.97648,0.36618,-0.85442,0.01586,0.19178,0.96966,0,0,46151
229.235000,357.931791,-0.73236,0.54927,-0.79339,0.01562,0.19374,0.97161,0,0,46152
229.240000,357.931791,-0.18309,0.54927,-1.03751,0.01708,0.19691,0.97258,0,0,46153
229.245000,357.946753,0.18309,0.54927,-1.15957,0.01732,0.19910,0.97356,0,0,46154
229.250000,357.946753,1.15957,0.30515,-1.15957,0.01659,0.20276,0.97600,0,0,46155
229.255000,357.946753,1.76987,0.06103,-1.22060,0.01903,0.20472,0.97624,0,0,46156
229.260000,357.961781,2.38017,-0.18309,-1.15957,0.01976,0.20520,0.97673,0,0,46157
229.265000,357.961781,2.62429,-0.18309,-0.91545,0.02050,0.20716,0.97820,0,0,46158
229.270000,357.961781,2.68532,-0.06103,-0.48824,0.01976,0.20911,0.97868,0,0,46159
229.275000,357.976715,2.31914,0.12206,-0.18309,0.01830,0.21130,0.97820,0,0,46160
229.280000,357.976715,1.58678,0.48824,-0.24412,0.01830,0.21301,0.97844,0,0,46161
229.285000,357.976715,0.85442,1.03751,-0.30515,0.01976,0.21130,0.98088,0,0,46162
229.290000,357.991879,0.06103,1.34266,-0.30515,0.01952,0.20960,0.98405,0,0,46163
229.295000,357.991879,-0.42721,1.52575,-0.06103,0.01732,0.20960,0.98820,0,0,46164
229.300000,357.991879,-0.61030,1.46472,0.06103,0.01391,0.20813,0.99284,0,0,46165
229.305000,358.006907,-0.48824,1.34266,0.06103,0.01366,0.20618,0.99503,0,0,46166
229.310000,358.006907,-0.48824,0.91545,-0.24412,0.01440,0.20642,0.99747,0,0,46167
229.315000,358.006907,-0.42721,0.54927,-0.36618,0.01659,0.20789,0.99796,0,0,46168
229.320000,358.021901,-0.24412,0.24412,-0.30515,0.01781,0.20911,0.99796,0,0,46169
229.325000,358.021901,-0.24412,0.12206,0.00000,0.01610,0.21057,0.99698,0,0,46170
229.330000,358.021901,-0.24412,0.18309,0.36618,0.01342,0.20764,0.99601,0,0,46171
229.335000,358.036793,-0.24412,-0.06103,0.42721,0.01293,0.20325,0.99601,0,0,46172
229.340000,358.036793,-0.18309,-0.12206,0.30515,0.01049,0.20081,0.99674,0,0,46173
229.345000,358.036793,0.00000,-0.24412,0.12206,0.00854,0.19618,0.99772,0,0,46174
229.350000,358.051874,0.30515,-0.42721,0.00000,0.00805,0.19130,0.99528,0,0,46175
229.355000,358.051874,0.48824,-0.73236,-0.61030,0.00878,0.18837,0.98918,0,0,46176
229.360000,358.051874,0.42721,-1.03751,-1.34266,0.00927,0.18544,0.98186,0,0,46177
229.365000,358.067976,0.36618,-1.03751,-1.83090,0.00976,0.18446,0.97771,0,0,46178
229.370000,358.067976,0.48824,-1.03751,-2.38017,0.01293,0.18666,0.97112,0,0,46179
229.375000,358.067976,0.12206,-1.15957,-2.92944,0.01440,0.19227,0.96600,0,0,46180
229.380000,358.081801,-0.30515,-1.03751,-3.35665,0.01610,0.19886,0.96112,0,0,46181
229.385000,358.081801,-0.91545,-0.36618,-3.60077,0.01684,0.20423,0.95721,0,0,46182
229.390000,358.081801,-1.03751,0.24412,-3.47871,0.01708,0.20911,0.95770,0,0,46183
229.395000,358.096931,-0.73236,0.54927,-3.29562,0.01635,0.21423,0.95941,0,0,46184
229.400000,358.096931,-0.48824,0.85442,-2.80738,0.01928,0.21789,0.96112,0,0,46185
229.405000,358.096931,-0.73236,1.09854,-2.19708,0.02050,0.22131,0.96746,0,0,46186
229.410000,358.111852,-0.79339,1.34266,-1.64781,0.02196,0.22253,0.97307,0,0,46187
229.415000,358.111852,-0.30515,1.28163,-0.97648,0.02660,0.21960,0.97380,0,0,46188
229.420000,358.111852,0.06103,1.03751,-0.06103,0.02562,0.21667,0.97502,0,0,46189
229.425000,358.126942,0.30515,0.97648,0.48824,0.02391,0.21350,0.97380,0,0,46190
229.430000,358.126942,0.85442,1.09854,0.42721,0.02172,0.20716,0.97283,0,0,46191
229.435000,358.126942,0.79339,1.46472,-0.12206,0.02050,0.20447,0.97600,0,0,46192
229.440000,358.141848,0.24412,1.95296,-0.48824,0.02123,0.20447,0.98137,0,0,46193
229.445000,358.141848,-0.18309,2.19708,-0.79339,0.02220,0.20764,0.98991,0,0,46194
229.450000,358.141848,-0.73236,2.13605,-0.97648,0.02123,0.21179,0.99698,0,0,46195
229.450000,358.156770,-1.03751,1.95296,-1.09854,0.02050,0.21496,1.00064,0,0,46196
229.455000,358.156770,-1.03751,1.52575,-0.85442,0.02172,0.21838,1.00382,0,0,46197
229.460000,358.156770,-0.42721,1.22060,-0.48824,0.02123,0.22228,1.00479,0,0,46198
229.465000,358.172030,0.54927,0.73236,-0.18309,0.01830,0.22692,1.00382,0,0,46199
229.470000,358.172030,1.03751,0.67133,-0.06103,0.01708,0.22838,1.00406,0,0,46200
229.475000,358.172030,1.28163,0.85442,0.24412,0.01757,0.22765,1.00504,0,0,46201
229.480000,358.186893,1.15957,0.73236,0.36618,0.01781,0.22546,1.00284,0,0,46202
229.485000,358.186893,0.61030,0.48824,0.79339,0.01610,0.21862,0.99772,0,0,46203
229.490000,358.186893,-0.42721,0.48824,1.03751,0.01147,0.21082,0.99259,0,0,46204
229.495000,358.201920,-1.09854,0.73236,0.73236,0.01074,0.20130,0.98796,0,0,46205
229.500000,358.201920,-1.46472,1.28163,0.18309,0.01171,0.19471,0.98893,0,0,46206
229.505000,358.201920,-1.40369,1.46472,-0.18309,0.01122,0.19496,0.99284,0,0,46207
229.510000,358.216931,-0.91545,1.34266,-0.30515,0.01098,0.19544,0.99601,0,0,46208
229.515000,358.216931,-0.12206,1.03751,-0.18309,0.01074,0.19349,0.99723,0,0,46209
229.520000,358.216931,0.85442,0.73236,-0.06103,0.00952,0.19178,0.99625,0,0,46210
229.525000,358.231957,1.64781,0.54927,0.00000,0.00878,0.19325,0.99869,0,0,46211
229.530000,358.231957,2.07502,0.36618,-0.06103,0.00830,0.19520,1.00186,0,0,46212
229.535000,358.231957,2.19708,0.36618,-0.24412,0.00878,0.19788,1.00284,0,0,46213
229.540000,358.246702,1.95296,0.48824,-0.36618,0.00878,0.20203,1.00430,0,0,46214
229.545000,358.246702,1.52575,0.24412,-0.36618,0.00854,0.20496,1.00601,0,0,46215
229.550000,358.246702,1.03751,-0.24412,-0.42721,0.00952,0.20667,1.00308,0,0,46216
229.555000,358.261747,0.61030,-0.36618,-0.42721,0.01074,0.20691,0.99820,0,0,46217
229.560000,358.261747,0.73236,-0.12206,-0.48824,0.01122,0.20569,0.99601,0,0,46218
229.565000,358.261747,1.03751,0.06103,-0.48824,0.01366,0.20325,0.99869,0,0,46219
229.570000,358.276800,1.28163,0.24412,-0.61030,0.01488,0.20374,1.00211,0,0,46220
229.575000,358.276800,1.22060,0.12206,-0.85442,0.01488,0.20642,1.00577,0,0,46221
229.580000,358.276800,0.48824,-0.12206,-0.91545,0.01293,0.20935,1.00796,0,0,46222
229.585000,358.291778,-0.06103,-0.12206,-0.61030,0.01220,0.21155,1.00918,0,0,46223
229.590000,358.291778,-0.67133,-0.18309,-0.24412,0.00976,0.21252,1.00967,0,0,46224
229.595000,358.291778,-1.40369,-0.18309,-0.06103,0.00854,0.21252,1.00870,0,0,46225
229.600000,358.306920,-1.64781,-0.18309,-0.12206,0.00903,0.21277,1.00772,0,0,46226
229.605000,358.306920,-2.13605,-0.42721,-0.36618,0.00927,0.21204,1.00357,0,0,46227
229.610000,358.306920,-1.76987,-0.67133,-0.42721,0.00830,0.21179,0.99747,0,0,46228
229.615000,358.321641,-1.03751,-0.91545,-0.48824,0.00805,0.21130,0.99064,0,0,46229
229.620000,358.321641,-0.36618,-0.91545,-0.36618,0.00976,0.20911,0.98674,0,0,46230
229.625000,358.321641,0.54927,-0.97648,-0.18309,0.01244,0.20301,0.98186,0,0,46231
229.630000,358.336897,1.22060,-1.09854,-0.12206,0.01610,0.20057,0.97795,0,0,46232
229.635000,358.336897,1.58678,-1.03751,0.00000,0.01952,0.20081,0.97746,0,0,46233
229.640000,358.336897,1.76987,-0.73236,0.24412,0.02220,0.20276,0.97771,0,0,46234
229.645000,358.351898,1.52575,-0.42721,0.36618,0.02562,0.20447,0.97820,0,0,46235
229.650000,358.351898,0.36618,0.00000,0.18309,0.02708,0.20545,0.97990,0,0,46236
229.655000,358.351898,-0.91545,0.67133,0.00000,0.02489,0.20960,0.98527,0,0,46237
229.660000,358.366759,-1.70884,0.91545,-0.12206,0.02147,0.21399,0.99015,0,0,46238
229.665000,358.366759,-1.89193,0.85442,0.12206,0.01781,0.21618,0.99552,0,0,46239
229.670000,358.366759,-1.70884,0.79339,0.24412,0.01513,0.21594,0.99942,0,0,46240
229.675000,358.382079,-0.79339,0.42721,0.18309,0.01318,0.21399,0.99869,0,0,46241
229.680000,358.382079,0.00000,0.00000,0.12206,0.01049,0.21374,0.99625,0,0,46242
229.685000,358.382079,0.48824,-0.24412,0.12206,0.00732,0.21667,0.99430,0,0,46243
229.685000,358.396815,0.61030,-0.18309,0.24412,0.00634,0.21838,0.99210,0,0,46244
229.690000,358.396815,0.24412,0.00000,0.67133,0.00659,0.21862,0.98844,0,0,46245
229.695000,358.396815,-0.06103,0.12206,1.28163,0.00537,0.21448,0.98722,0,0,46246
229.700000,358.411824,-0.24412,0.36618,1.76987,0.00366,0.20862,0.98844,0,0,46247
229.705000,358.411824,-0.18309,0.54927,1.83090,0.00317,0.20154,0.99040,0,0,46248
229.710000,358.411824,-0.06103,0.54927,1.52575,0.00317,0.19496,0.99503,0,0,46249
229.715000,358.426909,0.00000,0.36618,1.22060,0.00366,0.19056,0.99772,0,0,46250
229.720000,358.426909,0.12206,0.00000,0.85442,0.00366,0.18788,0.99942,0,0,46251
229.725000,358.426909,0.06103,-0.36618,0.48824,0.00366,0.18788,0.99942,0,0,46252
229.730000,358.441739,-0.36618,-0.85442,-0.12206,0.00317,0.18788,0.99772,0,0,46253
229.735000,358.441739,-0.79339,-0.91545,-0.61030,0.00317,0.18959,0.99210,0,0,46254
229.740000,358.441739,-1.09854,-0.85442,-0.85442,0.00342,0.18886,0.98796,0,0,46255
229.745000,358.456958,-1.15957,-0.91545,-0.79339,0.00464,0.18812,0.98747,0,0,46256
229.750000,358.456958,-0.67133,-1.09854,-0.67133,0.00756,0.18837,0.98454,0,0,46257
229.755000,358.456958,0.06103,-1.40369,-1.03751,0.00756,0.18934,0.98064,0,0,46258
229.760000,358.471922,0.91545,-1.46472,-1.03751,0.00488,0.19008,0.97942,0,0,46259
229.765000,358.471922,1.58678,-1.46472,-1.09854,0.00512,0.19325,0.97795,0,0,46260
229.770000,358.471922,1.83090,-1.40369,-1.03751,0.00659,0.19666,0.97820,0,0,46261
229.775000,358.486762,1.70884,-1.28163,-1.09854,0.00781,0.19862,0.98015,0,0,46262
229.780000,358.486762,0.85442,-0.61030,-1.34266,0.00952,0.20203,0.98161,0,0,46263
229.785000,358.486762,-0.24412,-0.30515,-1.76987,0.00976,0.20423,0.98381,0,0,46264
229.790000,358.501949,-0.97648,-0.30515,-1.89193,0.01318,0.20447,0.98308,0,0,46265
229.795000,358.501949,-1.40369,-0.42721,-1.76987,0.01293,0.20374,0.98308,0,0,46266
229.800000,358.501949,-1.34266,-0.61030,-1.76987,0.01342,0.20594,0.97868,0,0,46267
229.800000,358.516877,-1.03751,-0.79339,-1.76987,0.01342,0.20984,0.97478,0,0,46268
229.805000,358.516877,-0.48824,-1.03751,-1.52575,0.01293,0.21423,0.96648,0,0,46269
229.810000,358.516877,0.06103,-0.97648,-1.15957,0.01659,0.21667,0.95794,0,0,46270
229.815000,358.531935,0.24412,-0.54927,-0.79339,0.01854,0.21692,0.95062,0,0,46271
229.820000,358.531935,-0.06103,0.12206,0.12206,0.01781,0.21838,0.94745,0,0,46272
229.825000,358.531935,-0.48824,0.73236,0.97648,0.01708,0.21716,0.94965,0,0,46273
229.830000,358.546785,-0.73236,1.15957,1.34266,0.01830,0.21374,0.95404,0,0,46274
229.835000,358.546785,-0.85442,1.76987,1.34266,0.02074,0.20789,0.96234,0,0,46275
229.840000,358.546785,-0.79339,1.95296,1.03751,0.02147,0.20325,0.97258,0,0,46276
229.845000,358.561919,-0.48824,1.76987,0.85442,0.02098,0.20130,0.98356,0,0,46277
229.850000,358.561919,-0.06103,1.28163,0.42721,0.01830,0.20374,0.99015,0,0,46278
229.855000,358.561919,0.12206,0.48824,0.12206,0.01562,0.20667,0.99308,0,0,46279
229.860000,358.576800,0.36618,0.12206,0.06103,0.01293,0.21033,0.99162,0,0,46280
229.865000,358.576800,0.61030,-0.30515,0.12206,0.01122,0.21301,0.98625,0,0,46281
229.870000,358.576800,0.79339,-0.48824,0.24412,0.00976,0.21374,0.97990,0,0,46282
229.875000,358.591947,1.22060,-0.30515,0.24412,0.00830,0.21204,0.97307,0,0,46283
229.880000,358.591947,1.83090,-0.18309,0.12206,0.00927,0.20886,0.96722,0,0,46284
229.885000,358.591947,2.31914,0.12206,0.12206,0.01244,0.20520,0.96526,0,0,46285
229.890000,358.606706,2.38017,0.54927,0.36618,0.01391,0.20228,0.96746,0,0,46286
229.895000,358.606706,2.38017,0.91545,0.67133,0.01610,0.19886,0.97405,0,0,46287
229.900000,358.606706,2.13605,1.03751,0.67133,0.01830,0.19496,0.98088,0,0,46288
229.905000,358.621921,1.46472,1.03751,0.24412,0.01903,0.19300,0.98796,0,0,46289
229.910000,358.621921,0.67133,1.22060,0.00000,0.01854,0.19593,0.99576,0,0,46290
229.915000,358.621921,-0.42721,1.22060,0.06103,0.01903,0.19935,1.00406,0,0,46291
229.920000,358.636804,-1.15957,1.09854,-0.12206,0.01830,0.20203,1.00796,0,0,46292
229.925000,358.636804,-2.07502,1.03751,-0.61030,0.01659,0.20520,1.01040,0,0,46293
229.930000,358.636804,-2.86841,0.91545,-1.22060,0.01488,0.20691,1.01114,0,0,46294
229.935000,358.651737,-2.68532,0.54927,-1.46472,0.01537,0.21082,1.00748,0,0,46295
229.940000,358.651737,-2.13605,0.18309,-1.52575,0.01659,0.21692,1.00186,0,0,46296
229.945000,358.651737,-1.34266,-0.18309,-1.28163,0.01757,0.22302,0.99601,0,0,46297
229.950000,358.666684,-0.73236,-0.36618,-0.79339,0.01854,0.22741,0.98893,0,0,46298
229.955000,358.666684,-0.18309,-0.42721,0.12206,0.01854,0.22814,0.98088,0,0,46299
229.960000,358.666684,0.30515,-0.24412,1.15957,0.01903,0.22326,0.97429,0,0,46300
229.965000,358.681716,0.54927,0.36618,1.70884,0.01928,0.21643,0.97039,0,0,46301
229.970000,358.681716,0.54927,0.61030,1.46472,0.01903,0.20838,0.96941,0,0,46302
229.975000,358.681716,0.48824,0.97648,1.03751,0.01879,0.20350,0.97258,0,0,46303
229.980000,358.696724,0.42721,1.22060,0.42721,0.01854,0.20398,0.98015,0,0,46304
229.985000,358.696724,-0.24412,1.40369,-0.24412,0.01757,0.20545,0.98820,0,0,46305
229.990000,358.696724,-1.58678,1.58678,-0.67133,0.02074,0.20789,0.99259,0,0,46306
229.995000,358.711595,-3.11253,1.76987,-0.97648,0.02123,0.21204,0.99918,0,0,46307
230.000000,358.711595,-3.41768,1.46472,-1.09854,0.02074,0.21570,1.00040,0,0,46308
230.005000,358.711595,-2.31914,0.73236,-0.85442,0.01659,0.21960,0.99454,0,0,46309
230.010000,358.726684,-0.54927,0.18309,-0.12206,0.01244,0.22228,0.98942,0,0,46310
230.015000,358.726684,1.58678,-0.06103,0.61030,0.01318,0.22180,0.98405,0,0,46311
230.020000,358.726684,2.56326,-0.18309,1.03751,0.01562,0.22131,0.98088,0,0,46312
230.025000,358.741697,2.99047,-0.06103,1.52575,0.01659,0.22058,0.97966,0,0,46313
230.030000,358.741697,2.74635,0.61030,2.07502,0.01586,0.21667,0.98210,0,0,46314
230.035000,358.741697,1.95296,1.46472,2.31914,0.01440,0.21033,0.98991,0,0,46315
230.040000,358.756697,1.09854,1.89193,2.31914,0.01366,0.20374,0.99942,0,0,46316
230.045000,358.756697,0.06103,2.01399,2.07502,0.01269,0.19813,1.00870,0,0,46317
230.050000,358.756697,-0.18309,1.95296,1.70884,0.00976,0.19642,1.01382,0,0,46318
230.055000,358.771606,-0.12206,1.52575,1.52575,0.00683,0.19398,1.01846,0,0,46319
230.060000,358.771606,0.24412,0.79339,1.28163,0.00610,0.19325,1.02090,0,0,46320
230.065000,358.771606,0.54927,0.24412,0.85442,0.00561,0.19471,1.01821,0,0,46321
230.070000,358.786645,0.67133,-0.18309,0.54927,0.00439,0.19764,1.01406,0,0,46322
230.075000,358.786645,0.73236,-0.42721,0.36618,0.00342,0.19959,1.00674,0,0,46323
230.080000,358.786645,0.42721,-0.42721,0.42721,0.00268,0.19764,0.99869,0,0,46324
230.085000,358.801705,0.00000,-0.06103,0.36618,0.00293,0.19422,0.99406,0,0,46325
230.090000,358.801705,-0.48824,0.06103,0.42721,0.00464,0.19008,0.99040,0,0,46326
230.095000,358.801705,-0.54927,-0.06103,0.48824,0.00537,0.18446,0.99088,0,0,46327
230.100000,358.816725,0.00000,-0.30515,0.48824,0.00634,0.17934,0.99113,0,0,46328
230.105000,358.816725,1.09854,-0.73236,0.36618,0.00805,0.17641,0.99015,0,0,46329
230.110000,358.816725,2.56326,-1.40369,0.42721,0.00781,0.17617,0.99113,0,0,46330
230.115000,358.831674,3.23459,-1.70884,0.61030,0.00659,0.17812,0.99381,0,0,46331
230.120000,358.831674,3.84489,-2.07502,0.61030,0.00708,0.18300,0.99503,0,0,46332
230.125000,358.831674,3.84489,-2.13605,0.24412,0.00439,0.18983,0.99357,0,0,46333
230.130000,358.846677,3.41768,-1.89193,-0.18309,0.00171,0.19886,0.99406,0,0,46334
230.135000,358.846677,2.86841,-1.70884,-0.06103,0.00073,0.20691,0.99332,0,0,46335
230.140000,358.846677,2.01399,-1.28163,-0.12206,0.00098,0.21301,0.99332,0,0,46336
230.145000,358.861759,1.28163,-0.85442,-0.06103,-0.00024,0.21521,0.99479,0,0,46337
230.150000,358.861759,1.03751,-0.73236,0.06103,0.00366,0.21301,0.99454,0,0,46338
230.155000,358.861759,1.22060,-0.79339,0.18309,0.01220,0.20569,0.99332,0,0,46339
230.160000,358.876754,1.28163,-0.73236,0.48824,0.01659,0.19886,0.99406,0,0,46340
230.165000,358.876754,1.09854,-0.54927,0.36618,0.01635,0.19666,0.99552,0,0,46341
230.170000,358.876754,0.73236,-0.18309,-0.18309,0.01708,0.19691,0.99796,0,0,46342
230.175000,358.891733,0.12206,0.00000,-0.73236,0.01659,0.20032,0.99991,0,0,46343
230.180000,358.891733,-1.03751,0.18309,-0.91545,0.01610,0.20472,1.00308,0,0,46344
230.185000,358.891733,-2.68532,0.36618,-0.54927,0.01513,0.20154,1.00382,0,0,46345
230.190000,358.906754,-3.84489,0.48824,-0.61030,0.01318,0.19593,1.00113,0,0,46346
230.195000,358.906754,-4.57725,0.48824,-0.85442,0.01171,0.19081,0.99674,0,0,46347
230.200000,358.906754,-4.63828,0.54927,-1.15957,0.01293,0.18715,0.99528,0,0,46348
230.205000,358.921637,-4.39416,0.67133,-1.52575,0.01781,0.18642,0.99796,0,0,46349
230.210000,358.921637,-3.53974,0.54927,-1.83090,0.02050,0.18861,1.00138,0,0,46350
230.215000,358.921637,-2.38017,0.00000,-2.01399,0.01928,0.19374,1.00235,0,0,46351
230.220000,358.936566,-1.22060,-0.36618,-1.95296,0.01757,0.20008,1.00357,0,0,46352
230.225000,358.936566,-0.12206,-0.85442,-1.70884,0.01879,0.20301,1.00260,0,0,46353
230.230000,358.936566,0.54927,-1.40369,-1.46472,0.01952,0.20374,0.99723,0,0,46354
230.235000,358.951568,0.67133,-1.70884,-1.22060,0.01952,0.20472,0.99259,0,0,46355
230.240000,358.951568,0.61030,-1.64781,-0.91545,0.01757,0.20520,0.98820,0,0,46356
230.245000,358.951568,0.61030,-1.76987,-0.97648,0.01732,0.20447,0.98454,0,0,46357
230.250000,358.966622,0.48824,-1.46472,-1.15957,0.01830,0.20594,0.98356,0,0,46358
230.255000,358.966622,0.36618,-1.28163,-1.09854,0.01732,0.20862,0.98625,0,0,46359
230.260000,358.966622,-0.12206,-0.97648,-1.58678,0.01854,0.21155,0.98796,0,0,46360
230.265000,358.981552,-1.09854,-0.79339,-2.13605,0.01879,0.21423,0.98991,0,0,46361
230.270000,358.981552,-1.89193,-0.61030,-2.44120,0.01757,0.21960,0.98966,0,0,46362
230.275000,358.981552,-2.56326,-0.67133,-2.50223,0.01708,0.22424,0.98893,0,0,46363
230.280000,358.996592,-2.92944,-0.61030,-2.25811,0.01659,0.22790,0.98771,0,0,46364
230.285000,358.996592,-2.99047,-0.79339,-2.19708,0.01806,0.23058,0.98527,0,0,46365
230.290000,358.996592,-2.68532,-0.79339,-2.19708,0.01928,0.23302,0.98088,0,0,46366
230.295000,359.011614,-2.01399,-0.67133,-1.89193,0.02220,0.23326,0.97820,0,0,46367
230.300000,359.011614,-1.09854,-0.61030,-1.28163,0.02318,0.23424,0.97746,0,0,46368
230.305000,359.011614,0.00000,-0.91545,-0.73236,0.02269,0.23375,0.97771,0,0,46369
230.310000,359.026612,1.09854,-1.22060,-0.36618,0.02220,0.23302,0.97600,0,0,46370
230.315000,359.026612,2.01399,-1.22060,0.18309,0.02220,0.23156,0.97502,0,0,46371
230.320000,359.026612,2.25811,-0.79339,0.73236,0.02269,0.22765,0.97502,0,0,46372
230.325000,359.041600,2.50223,-0.48824,1.15957,0.02196,0.22058,0.97771,0,0,46373
230.330000,359.041600,2.44120,-0.48824,1.52575,0.02025,0.21350,0.98112,0,0,46374
230.335000,359.041600,2.07502,-0.36618,2.01399,0.01903,0.20691,0.98259,0,0,46375
230.340000,359.056594,1.22060,-0.30515,2.38017,0.01806,0.20154,0.98625,0,0,46376
230.345000,359.056594,-0.06103,0.00000,2.25811,0.01610,0.19447,0.98991,0,0,46377
230.350000,359.056594,-1.22060,0.12206,2.01399,0.01196,0.18788,0.99259,0,0,46378
230.355000,359.071567,-1.70884,0.12206,1.46472,0.01000,0.18495,0.99137,0,0,46379
230.360000,359.071567,-1.40369,-0.30515,0.73236,0.00927,0.18227,0.98869,0,0,46380
230.365000,359.071567,-0.91545,-0.67133,0.61030,0.00854,0.18080,0.98844,0,0,46381
230.370000,359.086518,-0.12206,-1.03751,0.36618,0.00756,0.18032,0.98674,0,0,46382
230.375000,359.086518,0.67133,-1.40369,-0.24412,0.00683,0.17934,0.98283,0,0,46383
230.380000,359.086518,1.34266,-1.52575,-0.85442,0.00634,0.17934,0.98039,0,0,46384
230.385000,359.101505,1.58678,-1.58678,-1.15957,0.00781,0.18154,0.97746,0,0,46385
230.390000,359.101505,1.64781,-1.46472,-1.70884,0.00830,0.18642,0.97332,0,0,46386
230.395000,359.101505,1.52575,-1.22060,-1.76987,0.00610,0.19056,0.97356,0,0,46387
230.400000,359.116569,1.46472,-0.97648,-1.70884,0.00634,0.19618,0.97551,0,0,46388
230.405000,359.116569,1.40369,-0.91545,-1.76987,0.00732,0.20179,0.97649,0,0,46389
230.410000,359.116569,1.40369,-0.97648,-1.76987,0.00927,0.20764,0.97868,0,0,46390
230.415000,359.131584,1.15957,-0.85442,-1.70884,0.01049,0.21204,0.97893,0,0,46391
230.420000,359.131584,0.61030,-0.67133,-1.40369,0.01269,0.21374,0.98015,0,0,46392
230.425000,359.131584,0.12206,-0.54927,-0.97648,0.01342,0.21252,0.98039,0,0,46393
230.430000,359.146582,0.00000,-0.61030,-0.61030,0.01318,0.21204,0.98015,0,0,46394
230.435000,359.146582,0.24412,-0.73236,-0.18309,0.01366,0.21106,0.97698,0,0,46395
230.440000,359.146582,0.54927,-1.03751,0.00000,0.01391,0.21008,0.97380,0,0,46396
230.445000,359.161580,0.91545,-1.22060,0.06103,0.01318,0.20838,0.97112,0,0,46397
230.450000,359.161580,1.28163,-1.40369,0.12206,0.01366,0.20667,0.96478,0,0,46398
230.455000,359.161580,1.34266,-1.22060,0.18309,0.01415,0.20374,0.95843,0,0,46399
230.460000,359.176586,1.34266,-0.97648,0.18309,0.01562,0.20130,0.95453,0,0,46400
230.465000,359.176586,0.91545,-0.30515,0.06103,0.01830,0.19618,0.95404,0,0,46401
230.470000,359.176586,0.61030,0.42721,-0.24412,0.01854,0.19349,0.95843,0,0,46402
230.475000,359.191497,0.00000,0.73236,-0.85442,0.01879,0.19496,0.96331,0,0,46403
230.480000,359.191497,-0.48824,0.67133,-1.34266,0.01806,0.19935,0.97112,0,0,46404
230.485000,359.191497,-0.36618,0.36618,-1.64781,0.01757,0.20447,0.97576,0,0,46405
230.490000,359.221571,-0.12206,0.06103,-1.83090,0.01854,0.20813,0.97576,0,0,46406
230.495000,359.221571,0.00000,-0.06103,-1.83090,0.01806,0.21155,0.97283,0,0,46407
230.500000,359.221571,0.06103,0.12206,-1.46472,0.01830,0.21228,0.97283,0,0,46408
230.505000,359.222772,0.00000,0.36618,-1.15957,0.01928,0.21106,0.97356,0,0,46409
230.510000,359.222772,-0.30515,0.48824,-1.03751,0.02001,0.21008,0.97332,0,0,46410
230.515000,359.222772,-0.61030,0.36618,-1.15957,0.02098,0.20911,0.97307,0,0,46411
230.520000,359.237759,-0.91545,0.42721,-1.34266,0.02050,0.21008,0.97136,0,0,46412
230.525000,359.237759,-1.46472,0.54927,-1.34266,0.01976,0.21301,0.97039,0,0,46413
230.530000,359.237759,-2.07502,0.85442,-0.97648,0.01781,0.21692,0.96966,0,0,46414
230.535000,359.251564,-2.31914,1.15957,-0.48824,0.01757,0.21838,0.97112,0,0,46415
230.540000,359.251564,-2.07502,1.46472,-0.12206,0.01659,0.21594,0.97576,0,0,46416
230.545000,359.251564,-1.03751,1.34266,0.12206,0.01513,0.21252,0.97942,0,0,46417
230.550000,359.266567,-0.12206,0.97648,0.24412,0.01513,0.21008,0.98259,0,0,46418
230.555000,359.266567,1.03751,0.42721,0.12206,0.01440,0.20813,0.98308,0,0,46419
230.560000,359.266567,1.52575,0.12206,-0.12206,0.01562,0.20935,0.98112,0,0,46420
230.565000,359.281555,1.58678,0.18309,-0.54927,0.01562,0.21155,0.97795,0,0,46421
230.570000,359.281555,1.46472,0.36618,-0.61030,0.01513,0.21448,0.97673,0,0,46422
230.575000,359.281555,1.34266,0.61030,-0.24412,0.01366,0.21643,0.97649,0,0,46423
230.580000,359.297739,1.34266,0.85442,0.12206,0.01415,0.21887,0.97746,0,0,46424
230.585000,359.297739,1.28163,1.09854,0.36618,0.01440,0.21911,0.98161,0,0,46425
230.590000,359.297739,1.40369,1.03751,0.54927,0.01415,0.21765,0.98381,0,0,46426
230.595000,359.311545,1.64781,0.91545,0.67133,0.01440,0.21643,0.98527,0,0,46427
230.600000,359.311545,1.89193,0.73236,0.54927,0.01318,0.21545,0.98649,0,0,46428
230.605000,359.311545,2.13605,0.67133,0.30515,0.01244,0.21496,0.98649,0,0,46429
230.610000,359.326448,1.89193,0.85442,0.12206,0.01440,0.21521,0.98503,0,0,46430
230.615000,359.326448,0.91545,1.40369,0.30515,0.01903,0.21448,0.98625,0,0,46431
230.620000,359.326448,0.18309,1.58678,0.67133,0.02318,0.21179,0.98747,0,0,46432
230.625000,359.341513,-0.73236,1.64781,0.79339,0.02294,0.21130,0.98722,0,0,46433
230.630000,359.341513,-1.58678,1.89193,0.30515,0.02196,0.21228,0.98991,0,0,46434
230.635000,359.341513,-2.19708,2.13605,-0.30515,0.02196,0.21545,0.99576,0,0,46435
230.640000,359.357613,-1.89193,2.38017,-0.42721,0.02294,0.22131,1.00235,0,0,46436
230.645000,359.357613,-1.58678,2.19708,-0.36618,0.02098,0.22668,1.00699,0,0,46437
230.650000,359.357613,-1.09854,1.76987,0.00000,0.01928,0.23180,1.00821,0,0,46438
230.655000,359.371631,-0.48824,1.15957,0.30515,0.01952,0.23497,1.00723,0,0,46439
230.660000,359.371631,0.42721,0.97648,1.22060,0.01684,0.23473,1.00748,0,0,46440
230.665000,359.371631,1.09854,0.85442,1.95296,0.01513,0.23131,1.00772,0,0,46441
230.670000,359.386701,1.40369,0.73236,2.25811,0.01464,0.22643,1.00723,0,0,46442
230.675000,359.386701,1.28163,0.67133,2.44120,0.01391,0.21984,1.00723,0,0,46443
230.680000,359.386701,0.85442,0.61030,2.56326,0.01415,0.21472,1.00626,0,0,46444
230.685000,359.401682,0.61030,0.67133,2.56326,0.01244,0.21033,1.00699,0,0,46445
230.690000,359.401682,0.00000,0.67133,2.25811,0.01147,0.20447,1.00626,0,0,46446
230.695000,359.401682,-0.42721,0.61030,1.70884,0.01049,0.20130,1.00455,0,0,46447
230.700000,359.416595,-0.97648,0.67133,0.97648,0.00903,0.19984,1.00064,0,0,46448
230.705000,359.416595,-1.52575,0.97648,0.54927,0.00903,0.19715,0.99772,0,0,46449
230.710000,359.416595,-2.07502,1.22060,0.12206,0.01147,0.19520,0.99625,0,0,46450
230.715000,359.431827,-2.38017,1.15957,0.12206,0.01171,0.19740,0.99796,0,0,46451
230.720000,359.431827,-2.62429,1.09854,0.24412,0.01049,0.20081,1.00040,0,0,46452
230.725000,359.431827,-2.62429,1.15957,0.12206,0.01098,0.20301,1.00064,0,0,46453
230.730000,359.446932,-2.62429,1.22060,-0.06103,0.01098,0.20520,1.00186,0,0,46454
230.735000,359.446932,-2.56326,1.15957,-0.06103,0.01098,0.20935,1.00479,0,0,46455
230.740000,359.446932,-1.70884,0.79339,0.18309,0.01220,0.21204,1.00577,0,0,46456
230.745000,359.461825,-0.54927,0.48824,0.36618,0.01342,0.21350,1.00699,0,0,46457
230.750000,359.461825,0.42721,0.24412,0.42721,0.01269,0.21496,1.00821,0,0,46458
230.755000,359.461825,1.40369,-0.24412,0.54927,0.01293,0.21594,1.00699,0,0,46459
230.760000,359.476944,2.19708,-0.42721,0.85442,0.01196,0.21643,1.00674,0,0,46460
230.765000,359.476944,2.62429,-0.61030,1.09854,0.01025,0.21594,1.00528,0,0,46461
230.770000,359.476944,2.74635,-0.79339,1.34266,0.01049,0.21350,1.00357,0,0,46462
230.775000,359.491761,2.68532,-0.85442,1.46472,0.01122,0.20935,1.00138,0,0,46463
230.780000,359.491761,2.01399,-0.79339,1.64781,0.01196,0.20472,1.00138,0,0,46464
230.785000,359.491761,0.61030,-0.54927,1.76987,0.01147,0.20398,1.00089,0,0,46465
230.790000,359.506809,-0.61030,-0.30515,1.58678,0.01049,0.20325,0.99991,0,0,46466
230.795000,359.506809,-1.46472,-0.06103,1.40369,0.01074,0.20057,0.99894,0,0,46467
230.800000,359.506809,-1.95296,0.12206,1.46472,0.01074,0.19837,0.99820,0,0,46468
230.805000,359.521775,-1.89193,0.12206,1.64781,0.00903,0.19618,0.99747,0,0,46469
230.810000,359.521775,-1.03751,-0.18309,1.70884,0.00586,0.18959,0.99503,0,0,46470
230.815000,359.521775,-0.06103,-0.36618,1.52575,0.00512,0.18398,0.99088,0,0,46471
230.820000,359.536930,0.79339,-0.61030,1.46472,0.00537,0.18007,0.98869,0,0,46472
230.825000,359.536930,1.40369,-0.73236,1.34266,0.00366,0.18032,0.98527,0,0,46473
230.830000,359.536930,1.46472,-0.61030,0.91545,0.00146,0.18324,0.98430,0,0,46474
230.835000,359.551860,0.91545,-0.24412,0.30515,0.00098,0.18593,0.98674,0,0,46475
230.840000,359.551860,0.18309,0.12206,-0.12206,0.00268,0.18788,0.99113,0,0,46476
230.845000,359.551860,-0.54927,0.30515,-0.36618,0.00415,0.18666,0.99747,0,0,46477
230.850000,359.566810,-1.03751,0.24412,-0.30515,0.00195,0.18446,1.00406,0,0,46478
230.855000,359.566810,-0.79339,-0.18309,-0.36618,-0.00098,0.17910,1.00772,0,0,46479
230.860000,359.566810,-0.30515,-0.61030,-0.67133,0.00195,0.17373,1.00772,0,0,46480
230.865000,359.581810,0.97648,-1.46472,-1.22060,0.00610,0.17178,1.00455,0,0,46481
230.870000,359.581810,1.89193,-2.01399,-1.34266,0.00708,0.17446,1.00089,0,0,46482
230.875000,359.581810,2.62429,-2.50223,-1.46472,0.00878,0.17958,0.99796,0,0,46483
230.880000,359.596722,2.92944,-2.80738,-1.52575,0.00781,0.18398,0.99528,0,0,46484
230.885000,359.596722,2.56326,-2.80738,-1.70884,0.00683,0.18788,0.98796,0,0,46485
230.890000,359.596722,1.83090,-2.50223,-1.89193,0.00830,0.19325,0.98283,0,0,46486
230.895000,359.611957,0.97648,-1.95296,-1.95296,0.00878,0.19813,0.98137,0,0,46487
230.900000,359.611957,0.73236,-1.64781,-1.83090,0.00927,0.20325,0.98015,0,0,46488
230.905000,359.611957,1.34266,-1.58678,-1.52575,0.01049,0.20838,0.97820,0,0,46489
230.910000,359.626861,1.70884,-1.64781,-1.15957,0.01196,0.21228,0.97722,0,0,46490
230.915000,359.626861,2.13605,-1.46472,-0.42721,0.01293,0.21472,0.97698,0,0,46491
230.920000,359.626861,1.95296,-1.28163,-0.24412,0.01586,0.21521,0.97966,0,0,46492
230.925000,359.656833,1.15957,-0.91545,0.06103,0.01781,0.21350,0.98234,0,0,46493
230.930000,359.656833,0.24412,-0.67133,0.30515,0.01732,0.21155,0.98552,0,0,46494
230.935000,359.656833,-0.97648,-0.48824,0.48824,0.01732,0.20813,0.98820,0,0,46495
230.940000,359.658377,-1.89193,-0.54927,0.12206,0.01562,0.20350,0.98820,0,0,46496
230.945000,359.658377,-2.50223,-0.30515,-0.48824,0.01488,0.19959,0.98674,0,0,46497
230.950000,359.658377,-3.17356,-0.24412,-1.03751,0.01464,0.19813,0.98527,0,0,46498
230.955000,359.671879,-3.29562,-0.54927,-1.40369,0.01342,0.19788,0.98332,0,0,46499
230.960000,359.671879,-2.74635,-0.85442,-1.58678,0.01293,0.19764,0.97820,0,0,46500
230.965000,359.671879,-2.25811,-0.91545,-1.83090,0.01293,0.19618,0.97380,0,0,46501
230.970000,359.686923,-1.95296,-0.97648,-1.95296,0.01196,0.19520,0.96990,0,0,46502
230.975000,359.686923,-1.22060,-1.09854,-2.19708,0.01366,0.19349,0.96575,0,0,46503
230.980000,359.686923,-0.06103,-1.28163,-2.31914,0.01586,0.19496,0.96331,0,0,46504
230.985000,359.701722,0.54927,-1.34266,-2.31914,0.01830,0.19618,0.96234,0,0,46505
230.990000,359.701722,1.15957,-1.15957,-2.13605,0.01952,0.19837,0.96282,0,0,46506
230.995000,359.701722,1.09854,-0.79339,-1.83090,0.02001,0.20325,0.96648,0,0,46507
231.000000,359.716637,0.61030,-0.36618,-1.46472,0.01952,0.20911,0.97307,0,0,46508
231.005000,359.716637,0.12206,0.00000,-1.34266,0.02001,0.21277,0.98039,0,0,46509
231.010000,359.716637,-0.48824,0.12206,-1.46472,0.01976,0.21594,0.98356,0,0,46510
231.015000,359.731694,-0.91545,0.06103,-1.46472,0.02123,0.21740,0.98600,0,0,46511
231.020000,359.731694,-0.91545,0.06103,-1.15957,0.02074,0.21936,0.98527,0,0,46512
231.025000,359.731694,-0.67133,0.06103,-0.73236,0.02025,0.21887,0.98576,0,0,46513
231.030000,359.746763,-0.24412,-0.12206,-0.48824,0.02050,0.21594,0.98186,0,0,46514
231.035000,359.746763,0.36618,-0.42721,-0.36618,0.02098,0.21301,0.97478,0,0,46515
231.040000,359.746763,0.61030,-0.42721,-0.18309,0.02098,0.20838,0.97063,0,0,46516
231.045000,359.761605,0.79339,0.00000,-0.12206,0.02220,0.20398,0.96746,0,0,46517
231.050000,359.761605,0.30515,0.42721,0.00000,0.02074,0.20008,0.97234,0,0,46518
231.055000,359.761605,-0.42721,0.91545,0.06103,0.02074,0.19691,0.97844,0,0,46519
231.060000,359.776720,-1.70884,0.97648,-0.36618,0.02001,0.19544,0.98259,0,0,46520
231.065000,359.776720,-2.74635,1.09854,-0.85442,0.01586,0.19764,0.98698,0,0,46521
231.070000,359.776720,-3.17356,1.09854,-1.34266,0.01586,0.20228,0.98966,0,0,46522
231.075000,359.791649,-2.92944,0.73236,-1.76987,0.01659,0.20911,0.98918,0,0,46523
231.080000,359.791649,-2.13605,0.24412,-1.83090,0.01708,0.21594,0.98649,0,0,46524
231.085000,359.791649,-0.79339,-0.12206,-1.64781,0.01830,0.22033,0.98064,0,0,46525
231.090000,359.806625,0.36618,-0.30515,-1.22060,0.02025,0.22058,0.97454,0,0,46526
231.095000,359.806625,1.46472,-0.30515,-0.61030,0.02269,0.22082,0.97014,0,0,46527
231.100000,359.806625,2.31914,-0.12206,-0.18309,0.02342,0.22106,0.96868,0,0,46528
231.105000,359.821734,2.62429,0.06103,0.18309,0.02367,0.21765,0.96844,0,0,46529
231.110000,359.821734,2.19708,0.54927,0.79339,0.02416,0.21350,0.97063,0,0,46530
231.115000,359.821734,1.22060,0.91545,0.97648,0.02269,0.20740,0.97600,0,0,46531
231.120000,359.836657,0.67133,1.03751,0.79339,0.02245,0.20130,0.97990,0,0,46532
231.125000,359.836657,0.24412,1.28163,0.61030,0.02269,0.19544,0.98478,0,0,46533
231.130000,359.836657,0.18309,1.28163,0.42721,0.02123,0.19300,0.99064,0,0,46534
231.135000,359.851677,0.48824,0.97648,0.30515,0.01928,0.19300,0.99601,0,0,46535
231.140000,359.851677,0.97648,0.48824,0.00000,0.01684,0.19569,0.99942,0,0,46536
231.145000,359.851677,1.22060,0.06103,-0.54927,0.01684,0.19984,0.99845,0,0,46537
231.150000,359.866740,0.79339,-0.18309,-0.73236,0.01659,0.20472,0.99674,0,0,46538
231.155000,359.866740,0.12206,-0.24412,-0.54927,0.01513,0.20862,0.99528,0,0,46539
231.160000,359.866740,-0.54927,-0.36618,-0.36618,0.01415,0.20911,0.99235,0,0,46540
231.165000,359.881751,-0.85442,-0.30515,-0.30515,0.01269,0.21033,0.98820,0,0,46541
231.170000,359.881751,-0.67133,-0.30515,-0.36618,0.01098,0.21130,0.98234,0,0,46542
231.175000,359.881751,0.00000,-0.42721,-0.42721,0.01342,0.20960,0.97746,0,0,46543
231.180000,359.896656,0.79339,-0.48824,-0.36618,0.01488,0.20886,0.97454,0,0,46544
231.185000,359.896656,1.76987,-0.12206,-0.42721,0.01440,0.20984,0.97185,0,0,46545
231.190000,359.896656,1.95296,0.30515,-0.48824,0.01537,0.21155,0.97185,0,0,46546
231.195000,359.911682,1.64781,0.67133,-0.48824,0.01562,0.21301,0.97649,0,0,46547
231.200000,359.911682,0.97648,1.03751,-0.36618,0.01610,0.21228,0.98259,0,0,46548
231.205000,359.911682,0.00000,1.34266,-0.24412,0.01513,0.20935,0.98893,0,0,46549
231.210000,359.926695,-0.54927,1.40369,-0.18309,0.01488,0.20764,0.99284,0,0,46550
231.215000,359.926695,-1.15957,1.46472,-0.18309,0.01586,0.20716,0.99820,0,0,46551
231.220000,359.926695,-1.34266,1.34266,-0.18309,0.01440,0.20667,1.00016,0,0,46552
231.225000,359.941672,-1.15957,1.09854,-0.24412,0.01318,0.20569,1.00016,0,0,46553
231.230000,359.941672,-0.67133,0.61030,-0.30515,0.01342,0.20691,0.99942,0,0,46554
231.235000,359.941672,0.18309,0.12206,-0.30515,0.01293,0.20886,0.99650,0,0,46555
231.240000,359.956718,0.79339,-0.18309,0.06103,0.01171,0.21082,0.99162,0,0,46556
231.245000,359.956718,1.15957,-0.12206,0.12206,0.01244,0.20935,0.98942,0,0,46557
231.250000,359.956718,1.03751,0.12206,0.18309,0.01586,0.20789,0.98942,0,0,46558
231.255000,359.971639,0.24412,0.48824,-0.06103,0.01537,0.20618,0.99064,0,0,46559
231.260000,359.971639,-0.54927,1.03751,-0.36618,0.01488,0.20520,0.99454,0,0,46560
231.265000,359.971639,-1.22060,1.22060,-0.61030,0.01610,0.20716,1.00113,0,0,46561
231.270000,359.986624,-1.64781,1.15957,-0.91545,0.01635,0.21106,1.00650,0,0,46562
231.275000,359.986624,-1.70884,0.79339,-1.09854,0.01513,0.21374,1.01065,0,0,46563
231.280000,359.986624,-0.97648,-0.06103,-1.03751,0.01366,0.21618,1.00845,0,0,46564
231.285000,360.001713,0.12206,-0.67133,-0.85442,0.01366,0.21960,1.00479,0,0,46565
231.290000,360.001713,1.22060,-0.97648,-0.48824,0.01342,0.22302,0.99918,0,0,46566
231.295000,360.001713,1.83090,-0.97648,-0.12206,0.01366,0.22399,0.99430,0,0,46567
231.300000,360.016686,1.89193,-0.73236,0.30515,0.01562,0.22350,0.99259,0,0,46568
231.305000,360.016686,1.40369,-0.42721,0.73236,0.01635,0.22155,0.99137,0,0,46569
231.310000,360.016686,0.54927,0.00000,0.97648,0.01586,0.21716,0.99137,0,0,46570
231.315000,360.031708,-0.48824,0.30515,1.03751,0.01513,0.21399,0.99308,0,0,46571
231.320000,360.031708,-1.22060,0.48824,0.97648,0.01440,0.21155,0.99698,0,0,46572
231.325000,360.031708,-1.52575,0.42721,0.85442,0.01488,0.21082,0.99772,0,0,46573
231.330000,360.046742,-1.70884,0.36618,0.54927,0.01415,0.20911,0.99796,0,0,46574
231.335000,360.046742,-1.34266,0.18309,0.30515,0.01244,0.20789,0.99503,0,0,46575
231.340000,360.046742,-0.67133,-0.12206,0.00000,0.01196,0.20764,0.99015,0,0,46576
231.345000,360.061945,-0.18309,-0.30515,-0.12206,0.01220,0.21008,0.98552,0,0,46577
231.350000,360.061945,0.06103,-0.24412,-0.12206,0.01440,0.21179,0.98308,0,0,46578
231.355000,360.061945,0.24412,-0.30515,-0.12206,0.01708,0.21350,0.98210,0,0,46579
231.360000,360.076771,0.48824,-0.36618,-0.12206,0.01830,0.21570,0.98234,0,0,46580
231.365000,360.076771,0.42721,-0.12206,0.00000,0.01879,0.21643,0.98381,0,0,46581
231.370000,360.076771,0.48824,0.06103,0.00000,0.01879,0.21521,0.98503,0,0,46582
231.375000,360.091804,0.36618,0.18309,0.42721,0.01928,0.21301,0.98844,0,0,46583
231.380000,360.091804,0.30515,0.24412,0.97648,0.02025,0.21033,0.99528,0,0,46584
231.385000,360.091804,0.30515,0.18309,1.28163,0.01732,0.20838,0.99820,0,0,46585
231.390000,360.106874,0.36618,-0.06103,1.40369,0.01440,0.20520,0.99918,0,0,46586
231.395000,360.106874,0.42721,-0.36618,1.34266,0.01220,0.20203,1.00016,0,0,46587
231.400000,360.106874,0.54927,-0.54927,1.09854,0.01025,0.20228,1.00064,0,0,46588
231.405000,360.121685,0.61030,-0.67133,0.85442,0.00830,0.20203,0.99918,0,0,46589
231.410000,360.121685,0.61030,-0.85442,0.73236,0.00683,0.20008,0.99942,0,0,46590
231.415000,360.121685,0.73236,-1.22060,0.67133,0.00512,0.19837,0.99845,0,0,46591
231.420000,360.136861,1.03751,-1.40369,0.48824,0.00317,0.19813,0.99552,0,0,46592
231.425000,360.136861,1.40369,-1.58678,0.30515,0.00366,0.19544,0.99235,0,0,46593
231.430000,360.136861,2.01399,-1.76987,0.12206,0.00512,0.19398,0.98918,0,0,46594
231.435000,360.151778,2.44120,-2.01399,0.00000,0.00586,0.19349,0.98430,0,0,46595
231.440000,360.151778,2.31914,-2.25811,-0.18309,0.00854,0.19447,0.97795,0,0,46596
231.445000,360.151778,1.95296,-1.89193,-0.36618,0.01025,0.19618,0.97258,0,0,46597
231.450000,360.166781,1.09854,-1.34266,-0.54927,0.01122,0.19959,0.97210,0,0,46598
231.455000,360.166781,0.06103,-0.42721,-0.85442,0.01196,0.20496,0.97551,0,0,46599
231.460000,360.166781,-0.85442,0.18309,-0.79339,0.01391,0.21082,0.98039,0,0,46600
231.465000,360.181824,-1.58678,0.61030,-0.85442,0.01537,0.21618,0.98625,0,0,46601
231.470000,360.181824,-2.07502,0.85442,-0.73236,0.01513,0.21838,0.99235,0,0,46602
231.475000,360.181824,-2.07502,0.73236,-0.42721,0.01708,0.21765,0.99552,0,0,46603
231.480000,360.196962,-1.64781,0.36618,-0.18309,0.01952,0.21570,0.99698,0,0,46604
231.485000,360.196962,-0.91545,-0.42721,0.30515,0.02098,0.21521,0.99430,0,0,46605
231.490000,360.196962,-0.48824,-0.85442,0.61030,0.02172,0.21570,0.98991,0,0,46606
231.495000,360.211808,-0.42721,-0.97648,0.85442,0.02001,0.21399,0.98478,0,0,46607
231.500000,360.211808,-0.42721,-0.97648,0.91545,0.01830,0.21252,0.97698,0,0,46608
231.505000,360.211808,-0.30515,-1.03751,0.91545,0.01610,0.21106,0.97234,0,0,46609
231.510000,360.226921,-0.18309,-1.09854,0.91545,0.01562,0.20911,0.96770,0,0,46610
231.515000,360.226921,0.12206,-1.03751,1.03751,0.01562,0.20642,0.96234,0,0,46611
231.520000,360.226921,0.24412,-0.73236,1.03751,0.01635,0.20374,0.96038,0,0,46612
231.525000,360.241813,0.54927,-0.30515,0.91545,0.01318,0.20081,0.96160,0,0,46613
231.530000,360.241813,1.03751,-0.06103,0.61030,0.01269,0.19715,0.96356,0,0,46614
231.535000,360.241813,1.52575,0.24412,0.18309,0.01391,0.19618,0.96746,0,0,46615
231.540000,360.256728,1.58678,0.18309,-0.24412,0.01610,0.19618,0.97234,0,0,46616
231.545000,360.256728,1.09854,0.42721,-0.54927,0.01415,0.19788,0.97795,0,0,46617
231.550000,360.256728,0.73236,0.61030,-0.61030,0.01366,0.20081,0.98161,0,0,46618
231.555000,360.271819,0.18309,0.73236,-0.85442,0.01635,0.20398,0.98234,0,0,46619
231.560000,360.271819,-0.24412,0.73236,-0.79339,0.01830,0.20618,0.98405,0,0,46620
231.565000,360.271819,-0.67133,0.97648,-0.61030,0.01879,0.20935,0.98771,0,0,46621
231.570000,360.286850,-0.91545,0.97648,-0.30515,0.01976,0.21082,0.98991,0,0,46622
231.575000,360.286850,-0.85442,0.67133,-0.12206,0.01854,0.21179,0.99284,0,0,46623
231.580000,360.286850,-0.42721,0.36618,0.24412,0.01708,0.21277,0.99235,0,0,46624
231.585000,360.302007,0.18309,-0.06103,0.67133,0.01732,0.21350,0.99162,0,0,46625
231.590000,360.302007,0.61030,-0.42721,1.09854,0.01732,0.21130,0.98966,0,0,46626
231.595000,360.302007,0.85442,-0.54927,1.34266,0.01684,0.20740,0.98722,0,0,46627
231.600000,360.316940,0.61030,-0.54927,1.15957,0.01806,0.20154,0.98308,0,0,46628
231.605000,360.316940,-0.12206,-0.30515,0.85442,0.01879,0.19569,0.98186,0,0,46629
231.610000,360.316940,-0.79339,-0.06103,0.48824,0.01854,0.19520,0.98161,0,0,46630
231.615000,360.331944,-1.15957,0.24412,0.06103,0.01635,0.19593,0.98283,0,0,46631
231.620000,360.331944,-1.28163,0.61030,-0.36618,0.01562,0.19691,0.98576,0,0,46632
231.625000,360.331944,-0.97648,0.73236,-0.97648,0.01610,0.19935,0.99015,0,0,46633
231.630000,360.346788,-0.61030,0.42721,-1.15957,0.01488,0.20374,0.99332,0,0,46634
231.635000,360.346788,-0.06103,0.00000,-1.28163,0.01440,0.20813,0.99284,0,0,46635
231.640000,360.346788,0.24412,-0.18309,-1.40369,0.01440,0.21301,0.98893,0,0,46636
231.645000,360.361969,0.12206,-0.06103,-1.15957,0.01586,0.21862,0.98747,0,0,46637
231.650000,360.361969,-0.12206,0.24412,-0.91545,0.01659,0.22204,0.98796,0,0,46638
231.655000,360.361969,-0.42721,0.36618,-0.48824,0.01610,0.22180,0.98503,0,0,46639
231.660000,360.376853,-0.97648,0.42721,0.12206,0.01684,0.21936,0.98308,0,0,46640
231.665000,360.376853,-1.46472,0.54927,0.48824,0.01732,0.21643,0.98161,0,0,46641
231.670000,360.376853,-1.46472,0.61030,0.67133,0.01659,0.21301,0.97966,0,0,46642
231.675000,360.391687,-0.97648,0.73236,0.79339,0.01659,0.20911,0.98039,0,0,46643
231.680000,360.391687,-0.12206,0.61030,0.85442,0.01806,0.20569,0.98186,0,0,46644
231.685000,360.391687,0.61030,0.48824,0.85442,0.01928,0.20325,0.98356,0,0,46645
231.690000,360.406737,1.15957,0.54927,0.85442,0.01903,0.20081,0.98503,0,0,46646
231.695000,360.406737,1.34266,0.67133,0.85442,0.01708,0.20130,0.98991,0,0,46647
231.700000,360.406737,1.34266,0.61030,0.85442,0.01440,0.20179,0.99284,0,0,46648
231.705000,360.421727,1.22060,0.36618,0.79339,0.01440,0.20301,0.99430,0,0,46649
231.710000,360.421727,0.97648,0.06103,0.48824,0.01537,0.20350,0.99332,0,0,46650
231.715000,360.421727,0.54927,0.18309,0.24412,0.01440,0.20203,0.99259,0,0,46651
231.720000,360.436677,0.12206,0.18309,-0.06103,0.01318,0.20032,0.99162,0,0,46652
231.725000,360.436677,-0.18309,0.24412,-0.42721,0.01196,0.20032,0.98844,0,0,46653
231.730000,360.436677,-0.24412,0.48824,-0.54927,0.01293,0.20106,0.98649,0,0,46654
231.735000,360.451675,-0.36618,0.48824,-0.48824,0.01464,0.20081,0.98674,0,0,46655
231.740000,360.451675,-0.73236,0.36618,-0.42721,0.01562,0.20203,0.98649,0,0,46656
231.745000,360.451675,-0.97648,0.24412,-0.73236,0.01562,0.20520,0.98430,0,0,46657
231.750000,360.466678,-0.97648,0.18309,-1.03751,0.01488,0.20911,0.98381,0,0,46658
231.755000,360.466678,-0.85442,0.42721,-1.03751,0.01562,0.21448,0.98332,0,0,46659
231.760000,360.466678,-0.48824,0.54927,-0.79339,0.01513,0.21667,0.98405,0,0,46660
231.765000,360.481949,-0.06103,0.48824,-0.48824,0.01732,0.21765,0.98478,0,0,46661
231.770000,360.481949,0.18309,0.36618,-0.18309,0.01903,0.21789,0.98771,0,0,46662
231.775000,360.481949,-0.18309,0.67133,0.30515,0.01903,0.21838,0.98918,0,0,46663
231.780000,360.496620,-0.42721,0.85442,0.73236,0.01879,0.21667,0.99137,0,0,46664
231.785000,360.496620,-0.54927,0.73236,1.15957,0.01854,0.21228,0.99210,0,0,46665
231.790000,360.496620,-0.54927,0.61030,1.22060,0.01757,0.20740,0.99088,0,0,46666
231.795000,360.511719,-0.30515,0.36618,1.15957,0.01830,0.20301,0.99040,0,0,46667
231.800000,360.511719,0.00000,0.12206,1.28163,0.01708,0.20008,0.99137,0,0,46668
231.805000,360.511719,0.42721,0.00000,1.52575,0.01610,0.19691,0.99284,0,0,46669
231.810000,360.526669,0.73236,-0.18309,1.40369,0.01708,0.19471,0.99137,0,0,46670
231.815000,360.526669,0.73236,-0.36618,1.03751,0.01659,0.19227,0.98698,0,0,46671
231.820000,360.526669,0.42721,0.00000,0.54927,0.01464,0.19056,0.98600,0,0,46672
231.825000,360.541612,0.30515,0.36618,0.12206,0.01293,0.19032,0.98820,0,0,46673
231.830000,360.541612,0.61030,0.30515,-0.24412,0.01220,0.19178,0.99040,0,0,46674
231.835000,360.541612,0.67133,0.12206,-0.54927,0.01196,0.19374,0.99357,0,0,46675
231.840000,360.556602,0.85442,0.06103,-0.85442,0.01293,0.19593,0.99528,0,0,46676
231.845000,360.556602,1.15957,-0.18309,-1.03751,0.01342,0.19910,0.99381,0,0,46677
231.850000,360.556602,1.09854,-0.12206,-1.34266,0.01391,0.20423,0.99284,0,0,46678
231.855000,360.571530,0.30515,0.00000,-1.70884,0.01293,0.20838,0.99381,0,0,46679
231.860000,360.571530,-0.54927,0.24412,-1.89193,0.01415,0.21057,0.99479,0,0,46680
231.865000,360.571530,-1.22060,0.12206,-1.95296,0.01708,0.21179,0.99332,0,0,46681
231.870000,360.586513,-1.46472,0.06103,-1.70884,0.01903,0.20960,0.99088,0,0,46682
231.875000,360.586513,-1.34266,0.00000,-1.03751,0.01830,0.20960,0.99137,0,0,46683
231.880000,360.586513,-0.85442,-0.18309,-0.48824,0.01854,0.20911,0.98869,0,0,46684
231.885000,360.601516,-0.24412,-0.48824,-0.36618,0.01830,0.20911,0.98405,0,0,46685
231.890000,360.601516,0.18309,-0.61030,-0.30515,0.01708,0.21057,0.97673,0,0,46686
231.895000,360.601516,0.61030,-0.67133,-0.12206,0.01659,0.21252,0.97112,0,0,46687
231.900000,360.616520,1.03751,-0.54927,0.24412,0.01732,0.21472,0.96844,0,0,46688
231.905000,360.616520,1.52575,-0.30515,0.61030,0.01806,0.21570,0.96844,0,0,46689
231.910000,360.616520,1.52575,0.00000,0.67133,0.01757,0.21667,0.97112,0,0,46690
231.915000,360.631519,0.97648,0.48824,0.61030,0.01732,0.21643,0.97478,0,0,46691
231.920000,360.631519,0.36618,1.03751,0.48824,0.01757,0.21301,0.98137,0,0,46692
231.925000,360.631519,-0.18309,1.46472,0.18309,0.02025,0.20838,0.98722,0,0,46693
231.930000,360.646565,-0.61030,1.52575,0.06103,0.02050,0.20398,0.99332,0,0,46694
231.935000,360.646565,-0.67133,1.09854,0.12206,0.02098,0.19935,0.99747,0,0,46695
231.940000,360.646565,-0.12206,0.67133,0.12206,0.02025,0.19788,0.99796,0,0,46696
231.945000,360.661729,0.36618,0.30515,0.00000,0.01781,0.20130,0.99454,0,0,46697
231.950000,360.661729,1.22060,-0.12206,0.06103,0.01513,0.20325,0.99040,0,0,46698
231.955000,360.661729,1.52575,-0.12206,0.00000,0.01318,0.20398,0.98820,0,0,46699
231.960000,360.676663,0.97648,0.12206,-0.24412,0.01000,0.20447,0.98552,0,0,46700
231.965000,360.676663,0.30515,0.30515,-0.67133,0.00830,0.20398,0.98478,0,0,46701
231.970000,360.676663,-0.30515,0.54927,-0.97648,0.00781,0.20350,0.98771,0,0,46702
231.975000,360.691735,-0.73236,0.61030,-1.22060,0.00830,0.20374,0.99137,0,0,46703
231.980000,360.691735,-0.67133,0.24412,-1.46472,0.00976,0.20423,0.99210,0,0,46704
231.985000,360.691735,-0.42721,-0.06103,-1.40369,0.01049,0.20667,0.99210,0,0,46705
231.990000,360.706889,-0.12206,-0.24412,-0.97648,0.01000,0.21033,0.99064,0,0,46706
231.995000,360.706889,0.00000,-0.24412,-0.36618,0.01147,0.21057,0.99088,0,0,46707
232.000000,360.706889,0.24412,-0.30515,0.24412,0.01293,0.20911,0.99088,0,0,46708
232.005000,360.721908,0.54927,-0.30515,0.42721,0.01391,0.20642,0.98893,0,0,46709
232.010000,360.721908,0.67133,-0.06103,0.30515,0.01293,0.20325,0.98722,0,0,46710
232.015000,360.721908,0.79339,0.06103,-0.06103,0.01513,0.20301,0.98747,0,0,46711
232.020000,360.736920,1.03751,0.06103,-0.18309,0.01806,0.20276,0.98942,0,0,46712
232.025000,360.736920,1.28163,-0.24412,-0.48824,0.01830,0.20398,0.99162,0,0,46713
232.030000,360.736920,1.40369,-0.67133,-0.73236,0.01732,0.20569,0.99308,0,0,46714
232.035000,360.751951,1.09854,-0.67133,-1.22060,0.01659,0.20838,0.99454,0,0,46715
232.040000,360.751951,0.61030,-0.54927,-1.64781,0.01610,0.21106,0.99381,0,0,46716
232.045000,360.751951,-0.06103,-0.61030,-2.01399,0.01318,0.21399,0.99357,0,0,46717
232.050000,360.767025,-0.97648,-0.42721,-2.38017,0.01366,0.21887,0.99186,0,0,46718
232.055000,360.767025,-1.76987,-0.12206,-2.68532,0.01391,0.22253,0.99088,0,0,46719
232.060000,360.767025,-2.13605,0.00000,-2.56326,0.01366,0.22546,0.98796,0,0,46720
232.065000,360.781890,-2.07502,0.00000,-2.07502,0.01440,0.22790,0.98552,0,0,46721
232.070000,360.781890,-1.46472,-0.12206,-1.40369,0.01610,0.23009,0.98430,0,0,46722
232.075000,360.781890,-0.18309,-0.48824,-0.67133,0.01659,0.23034,0.98112,0,0,46723
232.080000,360.796918,0.67133,-0.73236,-0.12206,0.01659,0.22716,0.97746,0,0,46724
232.085000,360.796918,1.89193,-0.79339,0.97648,0.01781,0.22302,0.97380,0,0,46725
232.090000,360.796918,2.56326,-0.85442,1.64781,0.01684,0.21911,0.96990,0,0,46726
232.095000,360.811889,2.80738,-0.79339,1.89193,0.01610,0.21448,0.96819,0,0,46727
232.100000,360.811889,2.68532,-0.24412,2.01399,0.01537,0.20838,0.96868,0,0,46728
232.105000,360.811889,2.01399,0.42721,1.83090,0.01635,0.20350,0.97161,0,0,46729
232.110000,360.826920,0.97648,0.91545,1.46472,0.01562,0.20032,0.97698,0,0,46730
232.115000,360.826920,-0.30515,1.28163,0.91545,0.01293,0.19715,0.98356,0,0,46731
232.120000,360.826920,-1.46472,1.64781,0.48824,0.01098,0.19593,0.99113,0,0,46732
232.125000,360.841935,-2.01399,1.70884,0.12206,0.01025,0.19520,0.99772,0,0,46733
232.130000,360.841935,-1.76987,1.40369,-0.24412,0.01049,0.19544,1.00260,0,0,46734
232.135000,360.841935,-1.03751,0.91545,-0.36618,0.00927,0.19666,1.00552,0,0,46735
232.140000,360.856980,-0.24412,0.36618,-0.54927,0.00732,0.19715,1.00406,0,0,46736
232.145000,360.856980,0.67133,-0.48824,-0.91545,0.00781,0.19910,0.99967,0,0,46737
232.150000,360.856980,1.09854,-0.85442,-0.73236,0.00830,0.20008,0.99552,0,0,46738
232.155000,360.871925,1.52575,-0.97648,-0.67133,0.01025,0.19984,0.99137,0,0,46739
232.160000,360.871925,1.64781,-0.97648,-0.73236,0.01000,0.20032,0.98722,0,0,46740
232.165000,360.871925,1.76987,-0.85442,-1.03751,0.00903,0.20032,0.98722,0,0,46741
232.170000,360.886766,2.13605,-0.91545,-1.34266,0.00927,0.20228,0.98698,0,0,46742
232.175000,360.886766,2.44120,-1.03751,-1.58678,0.01074,0.20594,0.98674,0,0,46743
232.180000,360.886766,2.44120,-1.09854,-1.46472,0.01366,0.20911,0.98259,0,0,46744
232.185000,360.901768,2.31914,-1.15957,-1.03751,0.01586,0.21399,0.97893,0,0,46745
232.190000,360.901768,2.19708,-0.91545,-0.24412,0.01659,0.21789,0.97746,0,0,46746
232.195000,360.901768,2.01399,-0.36618,0.79339,0.01562,0.22033,0.98088,0,0,46747
232.200000,360.916846,1.64781,0.12206,1.64781,0.01488,0.21862,0.98698,0,0,46748
232.205000,360.916846,0.73236,0.79339,1.89193,0.01366,0.21472,0.99064,0,0,46749
232.210000,360.916846,-0.42721,1.28163,1.70884,0.01000,0.21130,0.99747,0,0,46750
232.215000,360.931788,-1.58678,1.83090,1.40369,0.00854,0.20813,1.00723,0,0,46751
232.220000,360.931788,-2.62429,2.13605,1.03751,0.00878,0.20594,1.01772,0,0,46752
232.225000,360.931788,-3.78386,2.07502,0.42721,0.00683,0.20374,1.02651,0,0,46753
232.230000,360.946742,-4.51622,1.76987,-0.18309,0.00390,0.20350,1.02895,0,0,46754
232.235000,360.946742,-4.69931,0.91545,-0.54927,0.00342,0.20228,1.02797,0,0,46755
232.240000,360.946742,-4.27210,0.30515,-0.61030,0.00317,0.20057,1.02480,0,0,46756
232.245000,360.961812,-3.96695,-0.30515,-0.61030,0.00220,0.19886,1.01675,0,0,46757
232.250000,360.961812,-3.60077,-0.91545,-0.73236,0.00122,0.19666,1.00723,0,0,46758
232.255000,360.961812,-3.17356,-1.34266,-0.85442,0.00049,0.19398,0.99845,0,0,46759
232.260000,360.976850,-2.50223,-1.58678,-1.22060,0.00122,0.19227,0.98893,0,0,46760
232.265000,360.976850,-1.83090,-1.70884,-1.70884,0.00146,0.19081,0.98039,0,0,46761
232.270000,360.976850,-1.15957,-1.64781,-2.01399,0.00220,0.19081,0.97380,0,0,46762
232.275000,360.991975,-0.30515,-1.70884,-2.01399,0.00537,0.19008,0.96966,0,0,46763
232.280000,360.991975,1.09854,-1.70884,-1.64781,0.00781,0.19154,0.97014,0,0,46764
232.285000,360.991975,2.13605,-1.83090,-1.28163,0.00976,0.19374,0.97210,0,0,46765
232.290000,361.006949,2.80738,-1.95296,-1.15957,0.01196,0.19569,0.97478,0,0,46766
232.295000,361.006949,3.05150,-1.95296,-1.09854,0.01391,0.19788,0.97771,0,0,46767
232.300000,361.006949,2.99047,-1.89193,-0.79339,0.01391,0.19764,0.97844,0,0,46768
232.305000,361.021964,2.80738,-1.89193,-0.85442,0.01318,0.19788,0.97771,0,0,46769
232.310000,361.021964,2.01399,-1.64781,-1.34266,0.01464,0.20057,0.97454,0,0,46770
232.315000,361.021964,0.97648,-1.40369,-1.64781,0.01684,0.20569,0.97014,0,0,46771
232.320000,361.036800,0.24412,-0.91545,-1.64781,0.01976,0.20935,0.96697,0,0,46772
232.325000,361.036800,-0.24412,-0.42721,-1.52575,0.02245,0.21448,0.96795,0,0,46773
232.330000,361.036800,-0.48824,0.18309,-1.40369,0.02489,0.21887,0.97258,0,0,46774
232.335000,361.052010,-1.22060,0.67133,-1.58678,0.02684,0.22082,0.97746,0,0,46775
232.340000,361.052010,-1.46472,0.67133,-1.70884,0.02904,0.22302,0.98161,0,0,46776
232.345000,361.052010,-1.40369,0.61030,-1.83090,0.02879,0.22570,0.98430,0,0,46777
232.350000,361.066870,-1.28163,0.73236,-1.70884,0.02879,0.22912,0.98918,0,0,46778
232.355000,361.066870,-1.09854,0.79339,-1.52575,0.02733,0.23253,0.99650,0,0,46779
232.360000,361.066870,-0.61030,0.54927,-1.34266,0.02538,0.23424,0.99942,0,0,46780
232.365000,361.082018,0.12206,0.06103,-1.03751,0.02416,0.23497,0.99918,0,0,46781
232.370000,361.082018,0.73236,-0.48824,-0.54927,0.02367,0.23473,0.99723,0,0,46782
232.375000,361.082018,1.34266,-0.85442,0.24412,0.02269,0.23180,0.99528,0,0,46783
232.380000,361.096997,1.52575,-0.97648,0.67133,0.02050,0.22936,0.99210,0,0,46784
232.385000,361.096997,1.52575,-0.85442,0.79339,0.01732,0.22741,0.99162,0,0,46785
232.390000,361.096997,1.28163,-0.61030,0.79339,0.01562,0.22253,0.99137,0,0,46786
232.395000,361.111959,0.61030,-0.36618,0.85442,0.01440,0.21838,0.99332,0,0,46787
232.400000,361.111959,-0.12206,-0.36618,0.79339,0.01293,0.21521,0.99381,0,0,46788
232.405000,361.111959,-0.61030,-0.36618,0.73236,0.01244,0.21155,0.99357,0,0,46789
232.410000,361.126807,-0.79339,-0.42721,0.61030,0.01244,0.20911,0.99430,0,0,46790
232.415000,361.126807,-0.73236,-0.54927,0.42721,0.01147,0.20691,0.99284,0,0,46791
232.420000,361.126807,-0.36618,-0.73236,0.24412,0.01220,0.20398,0.98991,0,0,46792
232.425000,361.141919,0.24412,-0.79339,0.00000,0.01440,0.20179,0.98991,0,0,46793
232.430000,361.141919,1.09854,-1.09854,-0.36618,0.01562,0.20301,0.98966,0,0,46794
232.435000,361.141919,1.52575,-1.22060,-0.18309,0.01366,0.20545,0.98796,0,0,46795
232.440000,361.156740,1.64781,-1.34266,0.30515,0.01244,0.20740,0.98649,0,0,46796
232.445000,361.156740,1.40369,-1.22060,0.67133,0.01293,0.20984,0.98356,0,0,46797
232.450000,361.156740,0.79339,-1.15957,0.54927,0.01220,0.21057,0.97868,0,0,46798
232.455000,361.171840,-0.36618,-0.54927,0.67133,0.01147,0.20935,0.97746,0,0,46799
232.460000,361.171840,-1.09854,0.18309,0.73236,0.01318,0.20545,0.97966,0,0,46800
232.465000,361.171840,-1.15957,0.30515,0.48824,0.01806,0.20203,0.98186,0,0,46801
232.470000,361.186764,-0.97648,0.18309,0.06103,0.01928,0.20179,0.98454,0,0,46802
232.475000,361.186764,-0.54927,-0.18309,-0.18309,0.01879,0.20496,0.98600,0,0,46803
232.480000,361.186764,-0.18309,-0.30515,-0.36618,0.02050,0.20764,0.98527,0,0,46804
232.485000,361.201780,-0.12206,-0.30515,-0.61030,0.02050,0.21130,0.98064,0,0,46805
232.490000,361.201780,-0.48824,-0.18309,-0.67133,0.01928,0.21326,0.97746,0,0,46806
232.495000,361.201780,-1.03751,0.00000,-0.48824,0.01879,0.21374,0.97454,0,0,46807
232.500000,361.216942,-1.28163,0.18309,-0.18309,0.01781,0.21130,0.97185,0,0,46808
232.505000,361.216942,-1.09854,0.42721,0.24412,0.01732,0.20764,0.97136,0,0,46809
232.510000,361.216942,-0.61030,0.42721,0.61030,0.01781,0.20350,0.97258,0,0,46810
232.515000,361.231918,0.00000,0.30515,1.03751,0.01586,0.20057,0.97502,0,0,46811
232.520000,361.231918,0.61030,0.18309,1.22060,0.01391,0.19935,0.97600,0,0,46812
232.525000,361.231918,1.09854,0.00000,1.03751,0.01415,0.19910,0.97746,0,0,46813
232.530000,361.246673,1.34266,0.06103,0.85442,0.01415,0.19862,0.98015,0,0,46814
232.535000,361.246673,1.34266,0.18309,0.85442,0.01318,0.19935,0.98576,0,0,46815
232.540000,361.246673,1.46472,-0.12206,0.91545,0.01171,0.20130,0.98844,0,0,46816
232.545000,361.261777,1.34266,-0.30515,0.61030,0.01122,0.20447,0.98991,0,0,46817
232.550000,361.261777,0.91545,-0.36618,0.06103,0.01293,0.20691,0.99308,0,0,46818
232.555000,361.261777,0.30515,-0.30515,0.12206,0.01440,0.20813,0.99528,0,0,46819
232.560000,361.276847,-0.36618,-0.42721,0.24412,0.01269,0.20886,0.99503,0,0,46820
232.565000,361.276847,-0.97648,-0.48824,0.12206,0.01074,0.20740,0.99088,0,0,46821
232.570000,361.276847,-1.28163,-0.48824,-0.18309,0.00952,0.20716,0.98722,0,0,46822
232.575000,361.291719,-1.15957,-0.48824,-0.42721,0.00952,0.20716,0.98454,0,0,46823
232.580000,361.291719,-0.73236,-0.42721,-0.61030,0.01171,0.20545,0.98015,0,0,46824
232.585000,361.291719,-0.36618,-0.54927,-0.79339,0.01342,0.20447,0.97502,0,0,46825
232.590000,361.306778,0.00000,-0.67133,-0.97648,0.01464,0.20398,0.97063,0,0,46826
232.595000,361.306778,0.30515,-0.67133,-0.97648,0.01562,0.20325,0.96575,0,0,46827
232.600000,361.306778,0.54927,-0.30515,-0.67133,0.01488,0.20228,0.96234,0,0,46828
232.605000,361.321744,0.67133,-0.12206,-0.61030,0.01513,0.20228,0.96063,0,0,46829
232.610000,361.321744,0.61030,0.24412,-1.03751,0.01635,0.20325,0.96209,0,0,46830
232.615000,361.321744,0.18309,0.54927,-1.46472,0.01928,0.20569,0.96697,0,0,46831
232.620000,361.336949,-0.24412,0.67133,-1.70884,0.02050,0.20886,0.97039,0,0,46832
232.625000,361.336949,-0.54927,0.48824,-1.76987,0.02245,0.21301,0.97136,0,0,46833
232.630000,361.336949,-1.34266,0.54927,-1.46472,0.02391,0.21692,0.97185,0,0,46834
232.635000,361.351889,-1.64781,0.85442,-1.09854,0.02440,0.21984,0.97210,0,0,46835
232.640000,361.351889,-1.95296,1.09854,-0.97648,0.02513,0.22180,0.97356,0,0,46836
232.645000,361.351889,-1.83090,1.28163,-0.91545,0.02391,0.22424,0.97576,0,0,46837
232.650000,361.366669,-1.64781,1.28163,-0.42721,0.02220,0.22668,0.97771,0,0,46838
232.655000,361.366669,-1.15957,1.09854,-0.06103,0.02196,0.22863,0.97990,0,0,46839
232.660000,361.366669,-0.54927,1.03751,0.12206,0.02318,0.22985,0.98283,0,0,46840
232.665000,361.381991,0.12206,0.97648,0.36618,0.02318,0.23034,0.98747,0,0,46841
232.670000,361.381991,0.42721,1.22060,0.79339,0.02245,0.22814,0.99162,0,0,46842
232.675000,361.381991,0.67133,1.09854,1.40369,0.02220,0.22424,0.99601,0,0,46843
232.680000,361.396955,0.73236,0.85442,1.52575,0.02074,0.22131,0.99918,0,0,46844
232.685000,361.396955,0.61030,0.67133,1.34266,0.01732,0.21838,0.99942,0,0,46845
232.690000,361.396955,0.36618,0.61030,1.03751,0.01684,0.21448,0.99869,0,0,46846
232.695000,361.411749,0.30515,0.48824,0.79339,0.01684,0.21082,0.99772,0,0,46847
232.700000,361.411749,0.36618,0.30515,0.67133,0.01562,0.20740,0.99430,0,0,46848
232.705000,361.411749,0.79339,0.12206,0.30515,0.01537,0.20545,0.98771,0,0,46849
232.710000,361.426996,1.22060,-0.24412,0.00000,0.01537,0.20423,0.98186,0,0,46850
232.715000,361.426996,1.15957,0.06103,-0.06103,0.01732,0.20447,0.97868,0,0,46851
232.720000,361.426996,0.67133,0.54927,0.06103,0.01952,0.20447,0.98210,0,0,46852
232.725000,361.441926,0.00000,1.03751,0.18309,0.02001,0.20398,0.98820,0,0,46853
232.730000,361.441926,-0.91545,1.52575,-0.06103,0.01879,0.20691,0.99772,0,0,46854
232.735000,361.441926,-1.40369,1.70884,-0.12206,0.01659,0.21057,1.00479,0,0,46855
232.740000,361.456753,-1.46472,1.52575,-0.06103,0.01586,0.21155,1.00992,0,0,46856
232.745000,361.456753,-1.09854,1.03751,0.00000,0.01635,0.21423,1.01382,0,0,46857
232.750000,361.456753,-0.42721,0.36618,0.06103,0.01440,0.21814,1.01284,0,0,46858
232.755000,361.471981,0.61030,0.06103,0.00000,0.01269,0.22058,1.01162,0,0,46859
232.760000,361.471981,1.09854,-0.12206,0.18309,0.01342,0.21984,1.00967,0,0,46860
232.765000,361.471981,1.22060,-0.24412,0.54927,0.01488,0.21984,1.00650,0,0,46861
232.770000,361.486944,1.03751,-0.30515,0.67133,0.01610,0.21814,1.00528,0,0,46862
232.775000,361.486944,0.48824,-0.18309,0.79339,0.01513,0.21399,1.00382,0,0,46863
232.780000,361.486944,0.18309,0.00000,0.79339,0.01537,0.20862,1.00455,0,0,46864
232.785000,361.501789,0.18309,0.00000,0.79339,0.01708,0.20398,1.00650,0,0,46865
232.790000,361.501789,0.36618,-0.06103,0.61030,0.01830,0.20154,1.01138,0,0,46866
232.795000,361.501789,0.67133,-0.24412,0.24412,0.01854,0.20228,1.01382,0,0,46867
232.800000,361.516780,0.97648,-0.73236,-0.06103,0.01952,0.20350,1.01406,0,0,46868
232.805000,361.516780,1.15957,-1.52575,-0.12206,0.01903,0.20520,1.01309,0,0,46869
232.810000,361.516780,1.03751,-1.76987,-0.24412,0.01610,0.20740,1.01016,0,0,46870
232.815000,361.532028,0.85442,-1.95296,-0.36618,0.01513,0.20984,1.00577,0,0,46871
232.820000,361.532028,0.97648,-1.95296,-0.36618,0.01440,0.21301,1.00064,0,0,46872
232.825000,361.532028,1.03751,-1.76987,-0.61030,0.01635,0.21814,0.99869,0,0,46873
232.830000,361.546964,1.09854,-1.70884,-0.61030,0.01635,0.22106,0.99845,0,0,46874
232.835000,361.546964,0.73236,-1.52575,-0.67133,0.01342,0.22448,0.99625,0,0,46875
232.840000,361.546964,-0.18309,-1.09854,-0.73236,0.01147,0.22838,0.99503,0,0,46876
232.845000,361.561790,-1.22060,-0.61030,-0.61030,0.01342,0.22814,0.99503,0,0,46877
232.850000,361.561790,-1.64781,-0.54927,-0.12206,0.01488,0.22668,0.99332,0,0,46878
232.855000,361.561790,-1.70884,-0.61030,0.42721,0.01537,0.22448,0.99210,0,0,46879
232.860000,361.576823,-1.15957,-0.73236,1.09854,0.01562,0.21814,0.99113,0,0,46880
232.865000,361.576823,-0.85442,-0.61030,1.46472,0.01757,0.21228,0.99137,0,0,46881
232.870000,361.576823,-0.67133,-0.54927,1.70884,0.01830,0.20447,0.99406,0,0,46882
232.875000,361.591929,-0.54927,-0.73236,1.89193,0.01806,0.20081,0.99381,0,0,46883
232.880000,361.591929,-0.67133,-1.03751,1.95296,0.01781,0.19544,0.99381,0,0,46884
232.885000,361.591929,-0.85442,-1.09854,1.83090,0.01928,0.19105,0.99259,0,0,46885
232.890000,361.606810,-0.91545,-1.28163,1.52575,0.01757,0.19105,0.99162,0,0,46886
232.895000,361.606810,-0.91545,-1.46472,1.09854,0.01586,0.19105,0.98918,0,0,46887
232.900000,361.606810,-0.79339,-1.46472,0.67133,0.01391,0.19032,0.98698,0,0,46888
232.905000,361.621796,-0.67133,-1.46472,0.30515,0.01415,0.19056,0.98625,0,0,46889
232.910000,361.621796,-0.30515,-1.40369,0.00000,0.01342,0.19227,0.98625,0,0,46890
232.915000,361.621796,0.00000,-1.70884,0.12206,0.01269,0.19276,0.98649,0,0,46891
232.920000,361.636826,0.54927,-2.13605,0.24412,0.01415,0.19349,0.98308,0,0,46892
232.925000,361.636826,1.03751,-2.19708,0.12206,0.01684,0.19349,0.97771,0,0,46893
232.930000,361.636826,1.58678,-1.95296,-0.12206,0.01635,0.19398,0.97527,0,0,46894
232.935000,361.651826,2.07502,-1.58678,-0.36618,0.01464,0.19398,0.97429,0,0,46895
232.940000,361.651826,2.31914,-1.52575,-0.36618,0.01488,0.19398,0.97551,0,0,46896
232.945000,361.651826,2.62429,-1.40369,-0.54927,0.01488,0.19593,0.97698,0,0,46897
232.950000,361.666856,2.62429,-1.64781,-0.67133,0.01635,0.19837,0.97917,0,0,46898
232.955000,361.666856,2.13605,-1.70884,-0.30515,0.01610,0.20106,0.98015,0,0,46899
232.960000,361.666856,1.46472,-1.76987,0.00000,0.01586,0.20325,0.97990,0,0,46900
232.965000,361.681980,0.48824,-1.58678,-0.06103,0.01513,0.20276,0.97917,0,0,46901
232.970000,361.681980,-0.48824,-1.40369,-0.18309,0.01586,0.20081,0.97966,0,0,46902
232.975000,361.681980,-1.34266,-1.03751,-0.48824,0.01635,0.19886,0.97990,0,0,46903
232.980000,361.696680,-2.07502,-0.79339,-0.73236,0.01659,0.19935,0.98015,0,0,46904
232.985000,361.696680,-2.44120,-0.91545,-0.85442,0.01659,0.20203,0.97893,0,0,46905
232.990000,361.696680,-2.38017,-1.03751,-0.79339,0.01757,0.20350,0.97771,0,0,46906
232.995000,361.711826,-2.07502,-1.09854,-0.67133,0.01830,0.20520,0.97356,0,0,46907
233.000000,361.711826,-1.58678,-1.15957,-0.54927,0.01708,0.20789,0.96722,0,0,46908
233.005000,361.711826,-1.09854,-0.97648,-0.24412,0.01659,0.20838,0.96282,0,0,46909
233.010000,361.726757,-0.79339,-0.79339,0.00000,0.01928,0.20594,0.95819,0,0,46910
233.015000,361.726757,-0.54927,-0.48824,-0.18309,0.02318,0.20179,0.95599,0,0,46911
233.020000,361.726757,-0.48824,-0.24412,-0.36618,0.02538,0.19935,0.95575,0,0,46912
233.025000,361.741819,-0.61030,-0.18309,-0.54927,0.02440,0.20057,0.95648,0,0,46913
233.030000,361.741819,-0.54927,-0.18309,-0.61030,0.02489,0.20252,0.95794,0,0,46914
233.035000,361.741819,-0.30515,-0.18309,-0.85442,0.02586,0.20374,0.95819,0,0,46915
233.040000,361.756972,-0.12206,0.12206,-0.85442,0.02660,0.20276,0.95892,0,0,46916
233.045000,361.756972,0.24412,0.24412,-0.54927,0.02635,0.20130,0.96160,0,0,46917
233.050000,361.756972,0.73236,0.30515,-0.12206,0.02440,0.19886,0.96209,0,0,46918
233.055000,361.771944,1.28163,0.18309,0.12206,0.02367,0.19691,0.96014,0,0,46919
233.060000,361.771944,1.46472,0.30515,0.12206,0.02294,0.19642,0.95990,0,0,46920
233.065000,361.771944,1.40369,0.30515,0.00000,0.02440,0.19691,0.95965,0,0,46921
233.070000,361.786730,0.91545,0.42721,-0.18309,0.02513,0.19764,0.96185,0,0,46922
233.075000,361.786730,0.18309,0.73236,-0.42721,0.02294,0.19984,0.96697,0,0,46923
233.080000,361.786730,-0.54927,1.03751,-0.91545,0.02098,0.20374,0.97210,0,0,46924
233.085000,361.801990,-0.91545,1.03751,-1.28163,0.01976,0.20886,0.97502,0,0,46925
233.090000,361.801990,-0.79339,0.97648,-1.40369,0.01806,0.21423,0.97771,0,0,46926
233.095000,361.801990,-0.12206,0.79339,-1.15957,0.01830,0.21814,0.98112,0,0,46927
233.100000,361.816968,0.73236,0.61030,-0.85442,0.01928,0.22106,0.98405,0,0,46928
233.105000,361.816968,1.40369,0.00000,-0.54927,0.02098,0.22448,0.98430,0,0,46929
233.110000,361.816968,1.64781,-0.24412,-0.30515,0.02269,0.22594,0.98259,0,0,46930
233.115000,361.831753,1.46472,-0.12206,0.18309,0.02489,0.22619,0.98161,0,0,46931
233.120000,361.831753,0.97648,0.18309,0.61030,0.02635,0.22472,0.98332,0,0,46932
233.125000,361.831753,0.30515,0.48824,0.73236,0.02416,0.22106,0.98503,0,0,46933
233.130000,361.846875,-0.24412,0.79339,0.54927,0.02464,0.21570,0.98698,0,0,46934
233.135000,361.846875,-0.48824,0.97648,0.18309,0.02782,0.21204,0.98918,0,0,46935
233.140000,361.846875,-0.48824,1.22060,0.18309,0.02708,0.21008,0.99454,0,0,46936
233.145000,361.861896,-0.42721,0.85442,0.24412,0.02538,0.21179,0.99650,0,0,46937
233.150000,361.861896,-0.61030,0.73236,-0.06103,0.02464,0.21374,0.99552,0,0,46938
233.155000,361.861896,-1.40369,0.67133,-0.12206,0.02269,0.21472,0.99576,0,0,46939
233.160000,361.876932,-1.89193,0.79339,-0.18309,0.01903,0.21594,0.99552,0,0,46940
233.165000,361.876932,-2.25811,1.03751,-0.30515,0.01757,0.21838,0.99503,0,0,46941
233.170000,361.876932,-2.19708,1.09854,-0.42721,0.01610,0.22155,0.99332,0,0,46942
233.175000,361.891818,-1.83090,1.15957,-0.24412,0.01488,0.22277,0.99235,0,0,46943
233.180000,361.891818,-1.09854,1.09854,0.12206,0.01659,0.22253,0.99162,0,0,46944
233.185000,361.891818,-0.48824,1.09854,0.61030,0.01952,0.21862,0.99015,0,0,46945
233.190000,361.906827,0.24412,0.97648,1.15957,0.01952,0.21423,0.99162,0,0,46946
233.195000,361.906827,0.97648,0.61030,1.52575,0.01830,0.21130,0.99162,0,0,46947
233.200000,361.906827,1.70884,0.18309,1.52575,0.01659,0.20716,0.98893,0,0,46948
233.205000,361.921924,2.31914,0.12206,1.40369,0.01757,0.20374,0.98527,0,0,46949
233.210000,361.921924,2.86841,0.48824,1.28163,0.01708,0.20228,0.98698,0,0,46950
233.215000,361.921924,2.80738,0.67133,1.52575,0.01562,0.20032,0.99113,0,0,46951
233.220000,361.936972,2.50223,0.79339,1.40369,0.01586,0.20008,0.99601,0,0,46952
233.225000,361.936972,1.83090,0.79339,0.97648,0.01440,0.19959,0.99967,0,0,46953
233.230000,361.936972,0.85442,0.97648,0.18309,0.01318,0.19788,1.00113,0,0,46954
233.235000,361.951667,-0.18309,0.97648,-0.18309,0.01415,0.19935,1.00357,0,0,46955
233.240000,361.951667,-0.91545,1.09854,-0.30515,0.01464,0.20081,1.00601,0,0,46956
233.245000,361.951667,-1.46472,0.73236,-0.42721,0.01537,0.20252,1.00577,0,0,46957
233.250000,361.966996,-1.70884,0.67133,-0.73236,0.01635,0.20423,1.00162,0,0,46958
233.255000,361.966996,-1.22060,0.18309,-0.73236,0.01488,0.20618,0.99698,0,0,46959
233.260000,361.966996,-0.61030,0.00000,-0.42721,0.01342,0.20716,0.99503,0,0,46960
233.265000,361.981835,0.00000,-0.18309,-0.12206,0.01269,0.20764,0.99040,0,0,46961
233.270000,361.981835,0.54927,-0.24412,-0.12206,0.01244,0.20911,0.98698,0,0,46962
233.275000,361.981835,0.85442,-0.24412,-0.30515,0.01220,0.21057,0.98576,0,0,46963
233.280000,361.999596,1.03751,-0.06103,-0.42721,0.01391,0.21204,0.98820,0,0,46964
233.285000,361.999596,0.91545,-0.06103,-0.36618,0.01610,0.21374,0.99308,0,0,46965
233.290000,361.999596,0.73236,-0.18309,-0.24412,0.01806,0.21448,0.99601,0,0,46966
233.295000,362.012146,0.54927,-0.30515,-0.30515,0.01732,0.21448,0.99723,0,0,46967
233.300000,362.012146,0.30515,-0.42721,-0.48824,0.01708,0.21179,0.99601,0,0,46968
233.305000,362.012146,-0.06103,-0.24412,-0.61030,0.01854,0.20960,0.99503,0,0,46969
233.310000,362.026948,-0.61030,0.18309,-0.48824,0.01879,0.20935,0.99552,0,0,46970
233.315000,362.026948,-1.28163,0.36618,-0.42721,0.01952,0.20691,0.99601,0,0,46971
233.320000,362.026948,-1.64781,0.48824,-0.42721,0.02050,0.20472,0.99625,0,0,46972
233.325000,362.041832,-1.83090,0.54927,-0.36618,0.02050,0.20374,0.99869,0,0,46973
233.330000,362.041832,-1.46472,0.30515,-0.24412,0.02123,0.20325,0.99869,0,0,46974
233.335000,362.041832,-0.73236,0.12206,-0.30515,0.02269,0.20374,0.99796,0,0,46975
233.340000,362.056806,0.30515,-0.18309,-0.48824,0.02123,0.20716,0.99796,0,0,46976
233.345000,362.056806,1.03751,-0.48824,-0.42721,0.01879,0.21277,0.99747,0,0,46977
233.350000,362.056806,1.34266,-0.79339,-0.36618,0.01854,0.21594,0.99576,0,0,46978
233.355000,362.071885,1.03751,-0.73236,-0.54927,0.02074,0.21643,0.99162,0,0,46979
233.360000,362.071885,0.54927,-0.54927,-0.61030,0.02220,0.21496,0.98820,0,0,46980
233.365000,362.071885,0.00000,-0.24412,-0.54927,0.02147,0.21301,0.98698,0,0,46981
233.370000,362.086830,-0.36618,0.00000,-0.36618,0.02391,0.21399,0.98918,0,0,46982
233.375000,362.086830,-0.54927,0.06103,-0.12206,0.02562,0.21448,0.99454,0,0,46983
233.380000,362.086830,-0.36618,0.00000,0.18309,0.02757,0.21326,1.00064,0,0,46984
233.385000,362.101810,-0.06103,-0.06103,0.54927,0.02977,0.21350,1.00406,0,0,46985
233.390000,362.101810,0.24412,-0.18309,0.91545,0.02952,0.21155,1.00894,0,0,46986
233.395000,362.101810,0.67133,-0.36618,1.03751,0.02928,0.21033,1.01187,0,0,46987
233.400000,362.116871,1.09854,-0.67133,0.91545,0.02660,0.21106,1.01284,0,0,46988
233.405000,362.116871,1.34266,-1.22060,0.67133,0.02391,0.21179,1.01089,0,0,46989
233.410000,362.116871,1.52575,-1.46472,0.36618,0.02050,0.21301,1.01089,0,0,46990
233.415000,362.131948,1.58678,-1.58678,0.00000,0.01635,0.21496,1.00845,0,0,46991
233.420000,362.131948,1.34266,-1.64781,-0.24412,0.01830,0.21716,1.00430,0,0,46992
233.425000,362.131948,0.97648,-1.58678,-0.36618,0.02196,0.21838,1.00186,0,0,46993
233.430000,362.147024,0.61030,-1.64781,-0.30515,0.01952,0.22180,0.99796,0,0,46994
233.435000,362.147024,0.73236,-1.76987,0.00000,0.01342,0.22643,0.99210,0,0,46995
233.440000,362.147024,0.85442,-2.01399,0.06103,0.01122,0.22912,0.98649,0,0,46996
233.445000,362.161858,0.54927,-1.89193,0.30515,0.01440,0.22863,0.98112,0,0,46997
233.450000,362.161858,0.00000,-1.40369,0.73236,0.02025,0.22302,0.97698,0,0,46998
233.455000,362.161858,-0.61030,-0.97648,1.03751,0.02318,0.21838,0.97380,0,0,46999
233.460000,362.176972,-1.28163,-0.42721,1.15957,0.02220,0.21399,0.97405,0,0,47000
233.465000,362.176972,-1.95296,0.06103,1.22060,0.02220,0.20886,0.97649,0,0,47001
233.470000,362.176972,-2.19708,0.18309,1.15957,0.02416,0.20423,0.97917,0,0,47002
233.475000,362.191994,-1.95296,0.00000,1.28163,0.02367,0.19910,0.98234,0,0,47003
233.480000,362.191994,-0.91545,-0.42721,1.03751,0.02172,0.19520,0.98234,0,0,47004
233.485000,362.191994,0.24412,-0.73236,0.61030,0.01928,0.19325,0.98186,0,0,47005
233.490000,362.207134,1.46472,-0.97648,0.24412,0.01781,0.19422,0.98283,0,0,47006
233.495000,362.207134,2.19708,-1.09854,-0.12206,0.01806,0.19642,0.98234,0,0,47007
233.500000,362.207134,2.01399,-1.09854,-0.30515,0.01806,0.19910,0.97990,0,0,47008
233.505000,362.221941,1.09854,-0.85442,-0.36618,0.01757,0.20081,0.98308,0,0,47009
233.510000,362.221941,-0.24412,-0.24412,-0.36618,0.01830,0.20130,0.98674,0,0,47010
233.515000,362.221941,-1.28163,0.00000,-0.42721,0.02123,0.19788,0.99015,0,0,47011
233.520000,362.236975,-1.64781,0.12206,-0.54927,0.02123,0.19471,0.99796,0,0,47012
233.525000,362.236975,-1.46472,0.06103,-0.85442,0.02196,0.19398,1.00308,0,0,47013
233.530000,362.236975,-0.73236,-0.61030,-0.73236,0.02220,0.19642,1.00504,0,0,47014
233.535000,362.251744,-0.61030,-1.03751,-0.67133,0.02098,0.20008,1.00528,0,0,47015
233.540000,362.251744,-0.85442,-1.15957,-0.61030,0.02172,0.20179,1.00113,0,0,47016
233.545000,362.251744,-0.97648,-1.58678,-0.67133,0.02147,0.20374,0.99381,0,0,47017
233.550000,362.266824,-1.22060,-1.89193,-0.73236,0.02147,0.20716,0.98674,0,0,47018
233.555000,362.266824,-1.40369,-1.83090,-0.67133,0.02342,0.21082,0.97893,0,0,47019
233.560000,362.266824,-1.28163,-1.64781,-0.79339,0.02538,0.21374,0.97454,0,0,47020
233.565000,362.281987,-1.15957,-1.40369,-0.79339,0.02757,0.21423,0.97258,0,0,47021
233.570000,362.281987,-0.97648,-1.03751,-0.61030,0.02782,0.21277,0.97112,0,0,47022
233.575000,362.281987,-0.79339,-0.91545,-0.24412,0.02733,0.21155,0.96941,0,0,47023
233.580000,362.296792,-0.54927,-0.97648,0.12206,0.02733,0.20984,0.96966,0,0,47024
233.585000,362.296792,-0.12206,-0.97648,0.18309,0.02782,0.20691,0.96673,0,0,47025
233.590000,362.296792,0.30515,-0.79339,0.12206,0.02635,0.20520,0.96478,0,0,47026
233.595000,362.311920,0.67133,-0.61030,0.18309,0.02538,0.20325,0.96258,0,0,47027
233.600000,362.311920,1.03751,-0.61030,0.30515,0.02513,0.20008,0.95770,0,0,47028
233.605000,362.311920,1.15957,-0.36618,0.67133,0.02464,0.19886,0.95526,0,0,47029
233.610000,362.326864,0.91545,0.12206,0.73236,0.02367,0.19837,0.95697,0,0,47030
233.615000,362.326864,0.54927,0.48824,0.54927,0.02245,0.19740,0.95965,0,0,47031
233.620000,362.326864,-0.06103,0.85442,0.30515,0.02196,0.19788,0.96307,0,0,47032
233.625000,362.341854,-0.36618,1.09854,0.30515,0.02123,0.20008,0.96917,0,0,47033
233.630000,362.341854,-0.24412,0.97648,0.42721,0.01976,0.20398,0.97527,0,0,47034
233.635000,362.341854,-0.12206,0.61030,0.30515,0.01830,0.20691,0.98186,0,0,47035
233.640000,362.356786,-0.06103,0.42721,0.18309,0.01879,0.20838,0.98283,0,0,47036
233.645000,362.356786,-0.06103,0.24412,0.06103,0.02025,0.20862,0.98259,0,0,47037
233.650000,362.356786,-0.12206,0.24412,-0.06103,0.02001,0.20740,0.98137,0,0,47038
233.655000,362.371828,-0.24412,0.24412,-0.18309,0.01903,0.20789,0.98088,0,0,47039
233.660000,362.371828,-0.30515,0.06103,-0.24412,0.01854,0.20789,0.98039,0,0,47040
233.665000,362.371828,-0.12206,-0.06103,0.06103,0.01854,0.20618,0.97746,0,0,47041
233.670000,362.386746,0.30515,-0.24412,0.48824,0.01952,0.20350,0.97673,0,0,47042
233.675000,362.386746,0.97648,-0.30515,0.85442,0.01806,0.20130,0.97722,0,0,47043
233.680000,362.386746,1.64781,-0.36618,0.79339,0.01854,0.19959,0.97527,0,0,47044
233.685000,362.401996,1.89193,-0.48824,0.48824,0.01830,0.19862,0.97258,0,0,47045
233.690000,362.401996,1.76987,-0.42721,0.18309,0.01757,0.19886,0.97063,0,0,47046
233.695000,362.401996,1.46472,-0.30515,0.06103,0.01854,0.19910,0.96917,0,0,47047
233.700000,362.416935,1.03751,-0.30515,0.12206,0.02025,0.19764,0.96697,0,0,47048
233.705000,362.416935,0.48824,-0.24412,0.12206,0.01879,0.19886,0.96478,0,0,47049
233.710000,362.416935,0.30515,-0.18309,-0.18309,0.01732,0.20252,0.96380,0,0,47050
233.715000,362.431851,0.30515,-0.12206,-0.48824,0.01635,0.20520,0.96160,0,0,47051
233.720000,362.431851,0.73236,0.18309,-0.67133,0.01781,0.20740,0.96014,0,0,47052
233.725000,362.431851,1.34266,0.54927,-0.67133,0.02123,0.20618,0.96087,0,0,47053
233.730000,362.446832,1.40369,0.79339,-0.67133,0.02586,0.20423,0.96258,0,0,47054
233.735000,362.446832,0.73236,1.03751,-0.79339,0.02708,0.20496,0.96551,0,0,47055
233.740000,362.446832,0.36618,1.15957,-0.97648,0.02660,0.20618,0.96892,0,0,47056
233.745000,362.461859,-0.06103,1.34266,-0.97648,0.02562,0.20789,0.97405,0,0,47057
233.750000,362.461859,0.12206,1.22060,-1.09854,0.02513,0.21155,0.97771,0,0,47058
233.755000,362.461859,0.42721,1.03751,-1.28163,0.02464,0.21350,0.97795,0,0,47059
233.760000,362.476726,0.36618,0.91545,-1.22060,0.02269,0.21716,0.97844,0,0,47060
233.765000,362.476726,0.30515,1.03751,-1.09854,0.02050,0.22277,0.98064,0,0,47061
233.770000,362.476726,0.24412,1.09854,-0.91545,0.02025,0.22594,0.97990,0,0,47062
233.775000,362.491837,0.18309,1.03751,-0.73236,0.02147,0.23009,0.97917,0,0,47063
233.780000,362.491837,0.12206,1.15957,-0.12206,0.02513,0.23156,0.97600,0,0,47064
233.785000,362.491837,0.12206,1.46472,0.48824,0.02660,0.22985,0.97332,0,0,47065
233.790000,362.506801,0.12206,1.83090,1.22060,0.02562,0.22668,0.97429,0,0,47066
233.795000,362.506801,0.30515,2.07502,1.70884,0.02269,0.22058,0.97722,0,0,47067
233.800000,362.506801,0.54927,2.01399,1.70884,0.02416,0.21423,0.97917,0,0,47068
233.805000,362.521979,0.54927,2.19708,1.52575,0.02586,0.20886,0.98308,0,0,47069
233.810000,362.521979,0.24412,2.44120,1.28163,0.02635,0.20520,0.98649,0,0,47070
233.815000,362.521979,-0.12206,2.44120,1.09854,0.02562,0.20423,0.99259,0,0,47071
233.820000,362.536976,-0.36618,2.19708,0.85442,0.02269,0.20569,0.99869,0,0,47072
233.825000,362.536976,-0.48824,1.95296,0.42721,0.02098,0.20813,1.00430,0,0,47073
233.830000,362.536976,-0.54927,1.40369,0.00000,0.02025,0.21057,1.00650,0,0,47074
233.835000,362.551935,-0.54927,1.40369,-0.24412,0.01854,0.21374,1.00821,0,0,47075
233.840000,362.551935,-0.12206,0.73236,-0.24412,0.01928,0.21521,1.00601,0,0,47076
233.845000,362.551935,0.36618,0.48824,-0.12206,0.01830,0.21667,1.00186,0,0,47077
233.850000,362.566987,0.85442,0.30515,0.12206,0.01635,0.21740,0.99723,0,0,47078
233.855000,362.566987,1.22060,0.30515,0.36618,0.01562,0.21594,0.99552,0,0,47079
233.860000,362.566987,1.46472,0.42721,0.36618,0.01635,0.21570,0.99357,0,0,47080
233.865000,362.581812,1.52575,0.30515,0.18309,0.01732,0.21399,0.99088,0,0,47081
233.870000,362.581812,1.58678,0.06103,-0.18309,0.01830,0.21179,0.98820,0,0,47082
233.875000,362.581812,1.46472,0.36618,-0.48824,0.01854,0.21204,0.98625,0,0,47083
233.880000,362.596835,0.79339,0.73236,-0.54927,0.02074,0.21228,0.98503,0,0,47084
233.885000,362.596835,-0.06103,1.03751,-0.61030,0.02074,0.21277,0.98747,0,0,47085
233.890000,362.596835,-1.03751,1.34266,-0.97648,0.01928,0.21277,0.99088,0,0,47086
233.895000,362.611980,-1.83090,1.46472,-1.28163,0.01781,0.21472,0.99357,0,0,47087
233.900000,362.611980,-2.13605,1.22060,-1.28163,0.01781,0.21740,0.99357,0,0,47088
233.905000,362.611980,-1.64781,0.91545,-1.03751,0.01732,0.21984,0.99357,0,0,47089
233.910000,362.626807,-0.79339,0.73236,-0.85442,0.01830,0.22253,0.99235,0,0,47090
233.915000,362.626807,0.18309,0.36618,-0.61030,0.02074,0.22521,0.98844,0,0,47091
233.920000,362.626807,0.67133,0.18309,-0.30515,0.02416,0.22985,0.98503,0,0,47092
233.925000,362.641842,0.79339,0.24412,0.24412,0.02782,0.23351,0.98332,0,0,47093
233.930000,362.641842,0.67133,0.48824,0.97648,0.02757,0.23570,0.97990,0,0,47094
233.935000,362.641842,0.00000,0.85442,1.40369,0.02586,0.23546,0.97917,0,0,47095
233.940000,362.656869,-0.97648,1.58678,1.64781,0.02464,0.23229,0.98259,0,0,47096
233.945000,362.656869,-1.40369,1.89193,1.64781,0.02489,0.22692,0.98698,0,0,47097
233.950000,362.656869,-1.34266,2.01399,1.76987,0.02660,0.22277,0.99186,0,0,47098
233.955000,362.671824,-0.73236,1.76987,1.89193,0.02660,0.22009,0.99576,0,0,47099
233.960000,362.671824,-0.18309,1.28163,1.83090,0.02562,0.21618,0.99576,0,0,47100
233.965000,362.671824,0.30515,1.09854,1.76987,0.02342,0.21350,0.99479,0,0,47101
233.970000,362.686830,0.30515,1.34266,1.64781,0.02245,0.21057,0.99454,0,0,47102
233.975000,362.686830,-0.12206,1.70884,1.46472,0.02294,0.21033,0.99772,0,0,47103
233.980000,362.686830,-0.61030,1.89193,1.64781,0.02318,0.20984,1.00284,0,0,47104
233.985000,362.701812,-1.15957,1.89193,1.76987,0.02025,0.21082,1.00748,0,0,47105
233.990000,362.701812,-1.58678,1.70884,1.52575,0.01757,0.21130,1.01040,0,0,47106
233.995000,362.701812,-1.76987,1.40369,1.28163,0.01537,0.21033,1.01162,0,0,47107
234.000000,362.716819,-1.46472,0.97648,1.03751,0.01318,0.20911,1.01260,0,0,47108
234.005000,362.716819,-0.48824,0.42721,1.03751,0.01244,0.20984,1.00918,0,0,47109
234.010000,362.716819,0.30515,0.00000,1.15957,0.01415,0.20886,1.00650,0,0,47110
234.015000,362.731868,1.03751,-0.36618,1.28163,0.01464,0.20862,1.00284,0,0,47111
234.020000,362.731868,1.40369,-0.24412,1.28163,0.01171,0.20789,1.00040,0,0,47112
234.025000,362.731868,1.40369,-0.06103,1.15957,0.01049,0.20594,0.99918,0,0,47113
234.025000,362.746866,1.03751,0.06103,1.09854,0.00952,0.20447,1.00016,0,0,47114
234.030000,362.746866,0.61030,0.12206,1.15957,0.01049,0.20081,1.00357,0,0,47115
234.035000,362.746866,0.06103,0.00000,1.03751,0.01220,0.19569,1.00455,0,0,47116
234.040000,362.761950,-0.67133,-0.18309,0.79339,0.01342,0.19203,1.00308,0,0,47117
234.045000,362.761950,-1.03751,-0.36618,0.79339,0.01244,0.19227,1.00064,0,0,47118
234.050000,362.761950,-1.15957,-0.42721,0.61030,0.01171,0.19227,0.99674,0,0,47119
234.055000,362.776958,-1.22060,-0.54927,0.24412,0.01220,0.19105,0.99088,0,0,47120
234.060000,362.776958,-1.09854,-0.67133,-0.06103,0.01415,0.19130,0.98576,0,0,47121
234.065000,362.776958,-0.97648,-0.73236,-0.18309,0.01366,0.19276,0.98161,0,0,47122
234.070000,362.791739,-0.73236,-0.54927,-0.36618,0.01220,0.19520,0.97893,0,0,47123
234.075000,362.791739,-0.67133,-0.36618,-0.73236,0.01147,0.19886,0.97868,0,0,47124
234.080000,362.791739,-0.61030,-0.18309,-0.97648,0.01122,0.20081,0.97893,0,0,47125
234.085000,362.806758,-0.61030,-0.18309,-1.15957,0.01269,0.20301,0.97868,0,0,47126
234.090000,362.806758,-0.42721,-0.12206,-1.09854,0.01562,0.20520,0.98137,0,0,47127
234.095000,362.806758,-0.06103,-0.18309,-1.15957,0.01854,0.20642,0.98405,0,0,47128
234.100000,362.821773,0.24412,-0.24412,-1.09854,0.01903,0.20667,0.98625,0,0,47129
234.105000,362.821773,0.73236,-0.48824,-1.09854,0.02050,0.20691,0.98869,0,0,47130
234.110000,362.821773,1.28163,-0.67133,-1.03751,0.02245,0.20691,0.98991,0,0,47131
234.115000,362.836828,1.46472,-0.85442,-0.97648,0.02367,0.20813,0.98844,0,0,47132
234.120000,362.836828,0.61030,-1.03751,-0.79339,0.02074,0.21106,0.98161,0,0,47133
234.125000,362.836828,-0.48824,-0.79339,-0.73236,0.02025,0.21179,0.97478,0,0,47134
234.130000,362.851767,-1.28163,-0.30515,-0.30515,0.02196,0.21130,0.96966,0,0,47135
234.135000,362.851767,-1.95296,0.18309,0.24412,0.01976,0.21033,0.96795,0,0,47136
234.140000,362.851767,-1.89193,0.61030,0.61030,0.01830,0.20862,0.96844,0,0,47137
234.145000,362.866920,-1.70884,1.15957,0.54927,0.01781,0.20642,0.97088,0,0,47138
234.150000,362.866920,-1.34266,1.22060,0.48824,0.01684,0.20569,0.97649,0,0,47139
234.155000,362.866920,-0.73236,1.03751,0.36618,0.01513,0.20520,0.98112,0,0,47140
234.160000,362.882037,-0.18309,0.91545,0.36618,0.01562,0.20398,0.98527,0,0,47141
234.165000,362.882037,0.36618,0.61030,0.54927,0.01708,0.20252,0.98844,0,0,47142
234.170000,362.882037,0.79339,0.06103,0.48824,0.01586,0.20081,0.98600,0,0,47143
234.175000,362.896816,1.09854,-0.30515,0.36618,0.01562,0.20106,0.98137,0,0,47144
234.180000,362.896816,1.22060,-0.24412,0.12206,0.01464,0.20106,0.97795,0,0,47145
234.185000,362.896816,0.97648,0.12206,0.06103,0.01415,0.20008,0.97844,0,0,47146
234.190000,362.911866,0.48824,0.24412,0.12206,0.01586,0.19984,0.98064,0,0,47147
234.195000,362.911866,0.00000,0.36618,0.06103,0.01684,0.19959,0.98088,0,0,47148
234.200000,362.911866,-0.24412,0.42721,-0.12206,0.01659,0.19837,0.98186,0,0,47149
234.205000,362.926738,-0.42721,0.48824,-0.12206,0.01488,0.19569,0.98430,0,0,47150
234.210000,362.926738,-0.24412,0.24412,-0.12206,0.01513,0.19398,0.98552,0,0,47151
234.215000,362.926738,-0.24412,-0.06103,-0.30515,0.01464,0.19422,0.98210,0,0,47152
234.220000,362.942123,-0.18309,-0.24412,-0.30515,0.01366,0.19569,0.97576,0,0,47153
234.225000,362.942123,-0.12206,-0.12206,-0.48824,0.01342,0.19691,0.97136,0,0,47154
234.230000,362.942123,-0.12206,0.12206,-0.30515,0.01269,0.19862,0.97112,0,0,47155
234.235000,362.957037,-0.42721,0.54927,-0.18309,0.01244,0.19984,0.97234,0,0,47156
234.240000,362.957037,-0.73236,0.67133,-0.42721,0.00976,0.20081,0.97088,0,0,47157
234.245000,362.957037,-0.79339,0.91545,-0.73236,0.00903,0.20374,0.96941,0,0,47158
234.250000,362.971997,-0.54927,1.28163,-0.91545,0.00903,0.20472,0.97258,0,0,47159
234.255000,362.971997,-0.06103,1.34266,-0.91545,0.00927,0.20496,0.97649,0,0,47160
234.260000,362.971997,0.42721,1.15957,-0.79339,0.01049,0.20472,0.97746,0,0,47161
234.265000,362.988378,1.09854,0.73236,-0.73236,0.01196,0.20301,0.98088,0,0,47162
234.270000,362.988378,1.70884,0.36618,-0.48824,0.01196,0.20179,0.98356,0,0,47163
234.275000,362.988378,1.89193,0.30515,-0.30515,0.01220,0.20032,0.98381,0,0,47164
234.280000,363.001814,1.83090,0.36618,-0.18309,0.01269,0.19740,0.98576,0,0,47165
234.285000,363.001814,1.52575,0.36618,-0.42721,0.01293,0.19520,0.98844,0,0,47166
234.290000,363.001814,0.85442,0.54927,-0.85442,0.01171,0.19666,0.99284,0,0,47167
234.295000,363.017010,0.00000,0.79339,-1.28163,0.01269,0.19837,0.99894,0,0,47168
234.300000,363.017010,-0.79339,0.97648,-1.76987,0.01244,0.20130,1.00455,0,0,47169
234.305000,363.017010,-1.22060,0.85442,-2.19708,0.01074,0.20716,1.00650,0,0,47170
234.310000,363.031733,-1.64781,0.48824,-2.31914,0.01025,0.21277,1.00650,0,0,47171
234.315000,363.031733,-1.76987,0.12206,-2.44120,0.01000,0.21838,1.00235,0,0,47172
234.320000,363.031733,-1.34266,-0.24412,-2.56326,0.01147,0.22155,0.99357,0,0,47173
234.325000,363.046804,-0.30515,-0.30515,-2.01399,0.01293,0.22277,0.98722,0,0,47174
234.330000,363.046804,0.30515,0.12206,-1.03751,0.01586,0.22155,0.98186,0,0,47175
234.335000,363.046804,1.28163,0.06103,-0.42721,0.01952,0.21789,0.97820,0,0,47176
234.340000,363.062019,2.13605,0.12206,-0.18309,0.02294,0.21545,0.97551,0,0,47177
234.345000,363.062019,2.31914,0.30515,0.00000,0.02245,0.21374,0.97600,0,0,47178
234.350000,363.062019,1.83090,0.73236,0.36618,0.02172,0.21204,0.97990,0,0,47179
234.355000,363.076997,1.15957,1.03751,0.61030,0.02050,0.20935,0.98674,0,0,47180
234.360000,363.076997,0.48824,1.15957,0.67133,0.01757,0.20813,0.99674,0,0,47181
234.365000,363.076997,0.18309,1.22060,0.42721,0.01488,0.20789,1.00406,0,0,47182
234.370000,363.091872,-0.18309,1.09854,0.12206,0.01391,0.20789,1.01065,0,0,47183
234.375000,363.091872,-0.61030,0.91545,-0.12206,0.01464,0.20789,1.01358,0,0,47184
234.380000,363.091872,-0.73236,0.61030,-0.24412,0.01440,0.20838,1.01309,0,0,47185
234.385000,363.106990,-0.97648,0.30515,-0.30515,0.01415,0.20862,1.01040,0,0,47186
234.390000,363.106990,-1.46472,-0.12206,-0.42721,0.01537,0.20862,1.00479,0,0,47187
234.395000,363.106990,-1.89193,-0.18309,-0.73236,0.01537,0.20813,0.99869,0,0,47188
234.400000,363.121860,-2.25811,0.00000,-1.09854,0.01610,0.20764,0.99186,0,0,47189
234.405000,363.121860,-2.13605,0.30515,-1.15957,0.01488,0.20594,0.98820,0,0,47190
234.410000,363.121860,-1.58678,0.42721,-1.22060,0.01537,0.20447,0.98942,0,0,47191
234.415000,363.136759,-1.03751,0.36618,-1.15957,0.01464,0.20398,0.99162,0,0,47192
234.420000,363.136759,-0.24412,0.18309,-0.97648,0.01440,0.20325,0.99552,0,0,47193
234.425000,363.136759,0.30515,-0.18309,-0.85442,0.01391,0.20276,1.00064,0,0,47194
234.430000,363.151842,1.03751,-0.36618,-0.67133,0.01391,0.20276,1.00162,0,0,47195
234.435000,363.151842,1.76987,-0.61030,-0.61030,0.01513,0.20545,1.00430,0,0,47196
234.440000,363.151842,2.19708,-1.03751,-0.30515,0.01537,0.20911,1.00650,0,0,47197
234.445000,363.166994,2.25811,-1.22060,-0.24412,0.01610,0.21277,1.00504,0,0,47198
234.450000,363.166994,1.83090,-1.34266,-0.42721,0.01757,0.21618,1.00186,0,0,47199
234.455000,363.166994,0.61030,-0.97648,-0.54927,0.01830,0.21740,1.00113,0,0,47200
234.460000,363.182060,-0.30515,-0.73236,-0.30515,0.01976,0.21887,0.99796,0,0,47201
234.465000,363.182060,-1.22060,-0.61030,-0.18309,0.02050,0.21984,0.99552,0,0,47202
234.470000,363.182060,-1.52575,-0.42721,-0.06103,0.02123,0.21960,0.99406,0,0,47203
234.470000,363.197188,-1.52575,-0.36618,0.00000,0.02147,0.21911,0.99357,0,0,47204
234.475000,363.197188,-1.34266,-0.48824,0.18309,0.02342,0.22180,0.99332,0,0,47205
234.480000,363.197188,-0.79339,-0.67133,0.30515,0.02416,0.22570,0.99137,0,0,47206
234.485000,363.212037,-0.42721,-0.91545,0.18309,0.02464,0.22716,0.98576,0,0,47207
234.490000,363.212037,-0.24412,-0.79339,0.18309,0.02342,0.22521,0.98064,0,0,47208
234.495000,363.212037,-0.42721,-0.42721,0.30515,0.02074,0.22009,0.97527,0,0,47209
234.500000,363.227233,-0.79339,-0.30515,0.30515,0.01732,0.23424,0.96185,0,0,47210
234.505000,363.227233,-1.83090,0.42721,0.79339,0.01732,0.22863,0.97356,0,0,47211
234.510000,363.227233,-1.70884,1.95296,1.89193,0.02245,0.22082,0.97771,0,0,47212
234.515000,363.242012,-0.97648,1.70884,1.52575,0.02269,0.22302,0.97405,0,0,47213
234.520000,363.242012,-0.67133,0.97648,1.46472,0.01732,0.21594,0.97795,0,0,47214
234.525000,363.242012,0.61030,0.97648,2.01399,0.01562,0.21374,0.98161,0,0,47215
234.530000,363.256823,1.34266,0.67133,2.07502,0.01732,0.21374,0.98478,0,0,47216
234.535000,363.256823,1.70884,0.36618,1.89193,0.01635,0.21130,0.98844,0,0,47217
234.540000,363.256823,1.58678,0.36618,1.70884,0.01122,0.21057,0.99235,0,0,47218
234.545000,363.272157,1.09854,0.24412,1.64781,0.01122,0.20716,0.99503,0,0,47219
234.550000,363.272157,0.42721,0.06103,1.52575,0.00927,0.20447,0.99601,0,0,47220
234.555000,363.272157,-0.54927,0.06103,1.03751,0.00708,0.19959,0.99845,0,0,47221
234.560000,363.286780,-0.91545,0.06103,0.67133,0.00634,0.19398,0.99894,0,0,47222
234.565000,363.286780,-1.34266,-0.12206,-0.06103,0.00854,0.19130,0.99772,0,0,47223
234.570000,363.286780,-1.58678,-0.18309,-0.48824,0.00903,0.19105,0.99674,0,0,47224
234.575000,363.301734,-1.64781,-0.18309,-0.79339,0.01000,0.19081,0.99650,0,0,47225
234.580000,363.301734,-1.34266,-0.30515,-1.28163,0.00878,0.19422,0.99381,0,0,47226
234.585000,363.301734,-0.79339,-0.73236,-1.83090,0.00903,0.19862,0.98893,0,0,47227
234.590000,363.316891,-0.18309,-1.15957,-2.25811,0.01147,0.20106,0.98308,0,0,47228
234.595000,363.316891,0.61030,-1.34266,-2.31914,0.01220,0.20569,0.97698,0,0,47229
234.600000,363.316891,1.28163,-1.34266,-1.89193,0.01269,0.20984,0.97014,0,0,47230
234.605000,363.331938,1.70884,-1.22060,-1.28163,0.01318,0.21155,0.96502,0,0,47231
234.610000,363.331938,1.83090,-0.79339,-0.79339,0.01269,0.21130,0.95892,0,0,47232
234.615000,363.331938,1.34266,0.00000,-0.36618,0.01293,0.20813,0.95721,0,0,47233
234.620000,363.346841,0.73236,0.48824,-0.36618,0.01391,0.20594,0.95868,0,0,47234
234.625000,363.346841,0.24412,0.97648,-0.30515,0.01513,0.20472,0.96429,0,0,47235
234.630000,363.346841,0.06103,0.97648,-0.24412,0.01562,0.20130,0.97136,0,0,47236
234.635000,363.361828,-0.24412,0.85442,-0.42721,0.01610,0.20008,0.97917,0,0,47237
234.640000,363.361828,-0.24412,0.85442,-0.79339,0.01610,0.20130,0.98625,0,0,47238
234.645000,363.361828,-0.12206,0.67133,-1.28163,0.01806,0.20398,0.98942,0,0,47239
234.650000,363.377138,-0.36618,0.48824,-1.70884,0.02050,0.20740,0.98942,0,0,47240
234.655000,363.377138,-0.73236,0.42721,-2.01399,0.02050,0.21252,0.98771,0,0,47241
234.660000,363.377138,-1.15957,0.67133,-1.95296,0.01854,0.21594,0.98600,0,0,47242
234.665000,363.392092,-1.15957,0.85442,-1.70884,0.01781,0.21667,0.98234,0,0,47243
234.670000,363.392092,-0.79339,0.85442,-1.34266,0.01586,0.21545,0.97966,0,0,47244
234.675000,363.392092,-0.24412,0.67133,-0.85442,0.01562,0.21228,0.97844,0,0,47245
234.680000,363.406740,0.54927,0.73236,-0.48824,0.01513,0.20740,0.97990,0,0,47246
234.685000,363.406740,1.40369,0.97648,-0.30515,0.01513,0.20301,0.98625,0,0,47247
234.690000,363.406740,1.64781,0.85442,-0.18309,0.01415,0.20130,0.99186,0,0,47248
234.695000,363.421989,1.58678,0.73236,0.00000,0.01415,0.20081,0.99650,0,0,47249
234.700000,363.421989,1.15957,0.42721,0.42721,0.01147,0.20154,1.00357,0,0,47250
234.705000,363.421989,0.79339,0.36618,0.79339,0.00781,0.20325,1.00723,0,0,47251
234.710000,363.436976,0.12206,0.42721,0.67133,0.00708,0.20228,1.00845,0,0,47252
234.715000,363.436976,-1.09854,0.73236,0.73236,0.00903,0.19862,1.01211,0,0,47253
234.720000,363.436976,-1.52575,0.61030,0.85442,0.00903,0.19837,1.01480,0,0,47254
234.725000,363.452005,-0.91545,0.06103,0.97648,0.00952,0.20032,1.01455,0,0,47255
234.730000,363.452005,-0.24412,-0.61030,0.79339,0.01122,0.20350,1.00918,0,0,47256
234.735000,363.452005,0.48824,-0.97648,0.42721,0.01220,0.20716,1.00333,0,0,47257
234.735000,363.467056,1.15957,-1.28163,0.24412,0.01171,0.20911,0.99698,0,0,47258
234.740000,363.467056,2.19708,-1.34266,0.30515,0.01122,0.21448,0.99064,0,0,47259
234.745000,363.467056,2.56326,-0.79339,0.48824,0.01196,0.21716,0.99088,0,0,47260
234.750000,363.481747,2.38017,-0.48824,0.36618,0.01220,0.21643,0.99210,0,0,47261
234.755000,363.481747,1.58678,-0.30515,0.24412,0.01269,0.21496,0.99430,0,0,47262
234.760000,363.481747,0.67133,-0.24412,0.24412,0.01488,0.21326,0.99601,0,0,47263
234.765000,363.496746,0.18309,-0.30515,0.00000,0.01684,0.21155,0.99820,0,0,47264
234.770000,363.496746,0.18309,-0.42721,-0.42721,0.01488,0.21057,0.99918,0,0,47265
234.775000,363.496746,0.67133,-0.73236,-0.97648,0.01147,0.21472,0.99991,0,0,47266
234.780000,363.511692,0.97648,-0.97648,-1.15957,0.01122,0.21838,1.00040,0,0,47267
234.785000,363.511692,1.28163,-1.34266,-0.91545,0.01391,0.22228,0.99869,0,0,47268
234.790000,363.511692,0.97648,-1.58678,-0.61030,0.01293,0.22619,0.99674,0,0,47269
234.795000,363.526821,0.42721,-1.52575,-0.24412,0.00952,0.22887,0.99528,0,0,47270
234.800000,363.526821,-0.12206,-1.28163,0.06103,0.00927,0.22790,0.99332,0,0,47271
234.805000,363.526821,-1.28163,-0.73236,0.18309,0.00903,0.22497,0.99284,0,0,47272
234.810000,363.541789,-2.07502,-0.61030,0.36618,0.00732,0.21862,0.99332,0,0,47273
234.815000,363.541789,-2.44120,-0.91545,0.12206,0.00756,0.21350,0.99088,0,0,47274
234.820000,363.541789,-1.95296,-1.22060,-0.24412,0.00805,0.20911,0.98771,0,0,47275
234.825000,363.556742,-1.15957,-1.70884,-0.54927,0.00878,0.20569,0.98210,0,0,47276
234.830000,363.556742,0.12206,-2.07502,-0.18309,0.00708,0.20520,0.97746,0,0,47277
234.835000,363.556742,0.97648,-2.19708,0.36618,0.00805,0.20520,0.97210,0,0,47278
234.840000,363.571747,1.46472,-1.95296,0.48824,0.00927,0.20252,0.96990,0,0,47279
234.845000,363.571747,1.64781,-1.46472,0.30515,0.01049,0.19862,0.96892,0,0,47280
234.850000,363.571747,1.52575,-1.03751,0.24412,0.01196,0.19471,0.97014,0,0,47281
234.855000,363.586763,1.34266,-0.91545,0.18309,0.01464,0.19081,0.97088,0,0,47282
234.860000,363.586763,1.34266,-0.67133,-0.48824,0.01586,0.19056,0.97283,0,0,47283
234.865000,363.586763,1.40369,-0.61030,-1.22060,0.01610,0.19471,0.97600,0,0,47284
234.870000,363.601760,1.52575,-0.73236,-1.70884,0.01854,0.20032,0.97917,0,0,47285
234.875000,363.601760,1.52575,-0.91545,-2.07502,0.02196,0.20618,0.98137,0,0,47286
234.880000,363.601760,1.15957,-1.09854,-2.25811,0.02318,0.21179,0.98186,0,0,47287
234.885000,363.616625,0.54927,-1.09854,-2.19708,0.02245,0.21448,0.98332,0,0,47288
234.890000,363.616625,-0.06103,-0.97648,-1.89193,0.02123,0.21789,0.98454,0,0,47289
234.895000,363.616625,-0.54927,-0.91545,-1.64781,0.02269,0.22106,0.98332,0,0,47290
234.900000,363.631795,-0.91545,-1.03751,-1.40369,0.02245,0.22302,0.98088,0,0,47291
234.905000,363.631795,-1.09854,-0.91545,-0.97648,0.02147,0.22204,0.97868,0,0,47292
234.910000,363.631795,-0.91545,-0.85442,-0.73236,0.02342,0.22180,0.97673,0,0,47293
234.915000,363.646680,-0.85442,-0.79339,-0.48824,0.02562,0.22204,0.97527,0,0,47294
234.920000,363.646680,-0.85442,-0.61030,-0.06103,0.02684,0.22302,0.97356,0,0,47295
234.925000,363.646680,-0.91545,-0.30515,0.67133,0.02684,0.22375,0.97332,0,0,47296
234.930000,363.661712,-1.09854,0.06103,1.09854,0.02708,0.22180,0.97380,0,0,47297
234.935000,363.661712,-1.22060,0.18309,1.22060,0.02562,0.22106,0.97234,0,0,47298
234.940000,363.661712,-0.97648,0.18309,1.15957,0.02391,0.21960,0.97112,0,0,47299
234.945000,363.676858,-0.24412,0.12206,1.28163,0.02269,0.21692,0.97307,0,0,47300
234.950000,363.676858,0.73236,0.00000,1.64781,0.02220,0.21570,0.97454,0,0,47301
234.955000,363.676858,1.28163,0.12206,1.95296,0.02001,0.21374,0.97624,0,0,47302
234.960000,363.691960,1.46472,0.24412,2.07502,0.01903,0.21130,0.97966,0,0,47303
234.965000,363.691960,1.40369,0.18309,1.95296,0.01781,0.20716,0.98430,0,0,47304
234.970000,363.691960,1.09854,0.12206,1.52575,0.01830,0.20618,0.98747,0,0,47305
234.975000,363.706989,0.42721,0.12206,1.09854,0.01928,0.20276,0.99040,0,0,47306
234.980000,363.706989,-0.79339,0.12206,0.67133,0.01854,0.19959,0.99308,0,0,47307
234.985000,363.706989,-1.64781,0.24412,0.30515,0.01830,0.19837,0.99454,0,0,47308
234.990000,363.721807,-2.13605,0.24412,-0.06103,0.01708,0.19788,0.99406,0,0,47309
234.995000,363.721807,-2.56326,0.18309,-0.48824,0.01635,0.19764,0.99308,0,0,47310
235.000000,363.721807,-2.44120,0.12206,-0.85442,0.01562,0.19910,0.99528,0,0,47311
235.005000,363.736794,-2.19708,0.00000,-0.97648,0.01586,0.20130,0.99650,0,0,47312
235.010000,363.736794,-1.58678,-0.36618,-1.03751,0.01562,0.20740,0.99674,0,0,47313
235.015000,363.736794,-0.97648,-0.73236,-0.97648,0.01415,0.20960,0.99601,0,0,47314
235.020000,363.751995,-0.18309,-1.22060,-1.03751,0.01415,0.20911,0.99113,0,0,47315
235.025000,363.751995,0.67133,-1.70884,-0.61030,0.01562,0.20960,0.98698,0,0,47316
235.030000,363.751995,1.15957,-1.83090,-0.30515,0.01757,0.20935,0.98478,0,0,47317
235.035000,363.766995,1.34266,-1.83090,-0.30515,0.01854,0.21179,0.97868,0,0,47318
235.040000,363.766995,0.91545,-1.52575,-0.24412,0.01928,0.21130,0.97917,0,0,47319
235.045000,363.766995,0.36618,-0.85442,0.00000,0.02196,0.21252,0.98356,0,0,47320
235.050000,363.781827,0.12206,-0.73236,0.12206,0.02635,0.20813,0.98966,0,0,47321
235.055000,363.781827,-0.24412,-1.15957,0.18309,0.02684,0.20472,0.99162,0,0,47322
235.060000,363.781827,-0.67133,-1.46472,0.06103,0.02172,0.20594,0.99528,0,0,47323
235.065000,363.796902,-1.58678,-1.64781,-0.06103,0.02123,0.20081,1.00577,0,0,47324
235.070000,363.796902,-2.44120,-1.83090,-0.42721,0.01952,0.20520,1.01016,0,0,47325
235.075000,363.796902,-3.41768,-2.44120,-0.91545,0.02220,0.21057,1.01138,0,0,47326
235.080000,363.811821,-4.08901,-3.17356,-0.91545,0.02220,0.20911,1.00138,0,0,47327
235.085000,363.811821,-3.53974,-3.47871,-0.48824,0.01806,0.20667,0.98991,0,0,47328
235.090000,363.811821,-2.56326,-3.60077,-0.54927,0.01806,0.20472,0.98186,0,0,47329
235.095000,363.826872,-1.76987,-3.66180,-0.73236,0.01976,0.20642,0.98478,0,0,47330
235.100000,363.826872,-1.09854,-4.15004,-0.85442,0.02611,0.20520,0.98869,0,0,47331
235.105000,363.826872,0.06103,-5.18755,-0.42721,0.02904,0.20179,0.97893,0,0,47332
235.110000,363.841996,0.54927,-5.30961,-0.36618,0.02147,0.20008,0.96990,0,0,47333
235.115000,363.841996,1.46472,-4.76034,-0.61030,0.01854,0.19788,0.96624,0,0,47334
235.120000,363.841996,2.07502,-4.63828,-0.85442,0.02513,0.19862,0.96624,0,0,47335
235.125000,363.856797,2.31914,-4.57725,-0.91545,0.03148,0.20398,0.96282,0,0,47336
235.130000,363.856797,1.76987,-4.51622,-0.79339,0.03099,0.20496,0.96551,0,0,47337
235.135000,363.856797,1.58678,-4.45519,-0.91545,0.02074,0.20862,0.96429,0,0,47338
235.140000,363.871965,2.07502,-3.60077,-1.22060,0.02318,0.21423,0.96600,0,0,47339
235.145000,363.871965,2.07502,-2.80738,-0.91545,0.03001,0.21301,0.96551,0,0,47340
235.150000,363.871965,2.62429,-1.95296,-0.54927,0.02879,0.21326,0.95477,0,0,47341
235.155000,363.886970,3.35665,-1.09854,-0.18309,0.03221,0.21496,0.98283,0,0,47342
235.160000,363.886970,2.68532,-1.64781,0.48824,0.04929,0.20935,0.99430,0,0,47343
235.165000,363.886970,1.89193,-2.74635,0.61030,0.03709,0.21155,0.98112,0,0,47344
235.170000,363.901710,1.09854,-2.80738,0.00000,0.01806,0.22009,0.97893,0,0,47345
235.175000,363.901710,-0.12206,-2.44120,-0.42721,0.02001,0.22619,0.97868,0,0,47346
235.180000,363.901710,-1.09854,-1.52575,-0.18309,0.02782,0.23034,0.98552,0,0,47347
235.180000,363.916812,-2.07502,-1.15957,0.67133,0.03831,0.23229,0.99259,0,0,47348
235.185000,363.916812,-3.47871,-0.67133,2.92944,0.04246,0.23351,0.98430,0,0,47349
235.190000,363.916812,-4.39416,0.30515,4.39416,0.02464,0.21252,0.97356,0,0,47350
235.195000,363.931857,-4.02798,0.61030,0.91545,0.01610,0.20423,0.97917,0,0,47351
235.200000,363.931857,-1.40369,0.30515,-2.19708,0.01903,0.20813,0.97380,0,0,47352
235.205000,363.931857,-0.85442,0.48824,-0.30515,0.03245,0.21130,0.97356,0,0,47353
235.210000,363.946828,-0.42721,0.91545,-0.06103,0.03440,0.21179,0.97356,0,0,47354
235.215000,363.946828,0.42721,0.97648,-0.30515,0.02660,0.21008,0.97673,0,0,47355
235.220000,363.946828,1.03751,0.48824,-0.54927,0.02440,0.20984,0.97820,0,0,47356
235.225000,363.961943,1.52575,0.18309,-0.36618,0.02635,0.20862,0.97478,0,0,47357
235.230000,363.961943,1.52575,0.48824,-0.24412,0.02611,0.20789,0.97185,0,0,47358
235.235000,363.961943,1.09854,1.15957,-0.18309,0.02416,0.20984,0.97624,0,0,47359
235.240000,363.976976,0.61030,1.83090,0.00000,0.02440,0.21033,0.98234,0,0,47360
235.245000,363.976976,-0.24412,2.38017,0.18309,0.02611,0.21179,0.99162,0,0,47361
235.250000,363.976976,-0.85442,2.38017,0.06103,0.02562,0.21399,0.99967,0,0,47362
235.255000,363.991999,-1.64781,2.31914,0.24412,0.02269,0.21618,1.00845,0,0,47363
235.260000,363.991999,-2.13605,2.25811,0.36618,0.02269,0.21594,1.01553,0,0,47364
235.265000,363.991999,-2.50223,2.13605,0.30515,0.02269,0.21618,1.01797,0,0,47365
235.270000,364.006774,-2.80738,2.01399,0.18309,0.02050,0.21545,1.01772,0,0,47366
235.275000,364.006774,-3.41768,1.76987,0.12206,0.01928,0.21448,1.01284,0,0,47367
235.280000,364.006774,-3.60077,1.58678,0.12206,0.01976,0.21082,1.00870,0,0,47368
235.285000,364.021984,-3.35665,1.46472,0.12206,0.01903,0.20740,1.00211,0,0,47369
235.290000,364.021984,-2.80738,1.22060,0.18309,0.01732,0.20691,0.99772,0,0,47370
235.295000,364.021984,-2.19708,0.73236,0.61030,0.01708,0.20374,0.99406,0,0,47371
235.295000,364.036775,-1.95296,0.54927,0.79339,0.01830,0.19984,0.98991,0,0,47372
235.300000,364.036775,-1.70884,0.61030,0.85442,0.01903,0.19642,0.98308,0,0,47373
235.305000,364.036775,-1.76987,0.85442,0.61030,0.02050,0.19227,0.97893,0,0,47374
235.310000,364.051984,-1.76987,1.40369,0.42721,0.02269,0.18861,0.98039,0,0,47375
235.315000,364.051984,-1.15957,1.46472,0.24412,0.02220,0.18593,0.98600,0,0,47376
235.320000,364.051984,-0.36618,0.79339,0.00000,0.02147,0.18593,0.98966,0,0,47377
235.325000,364.066854,0.48824,0.30515,-0.18309,0.02025,0.18959,0.99259,0,0,47378
235.330000,364.066854,1.52575,-0.24412,-0.30515,0.01879,0.19618,0.99357,0,0,47379
235.335000,364.066854,2.25811,-0.61030,-0.42721,0.02074,0.20252,0.99186,0,0,47380
235.340000,364.081962,2.07502,-0.42721,-0.61030,0.02391,0.20838,0.99162,0,0,47381
235.345000,364.081962,0.79339,0.12206,-0.91545,0.02342,0.21179,0.99137,0,0,47382
235.350000,364.081962,-0.42721,0.61030,-0.91545,0.02245,0.21374,0.99528,0,0,47383
235.355000,364.096712,-1.40369,0.97648,-0.85442,0.02196,0.21496,0.99967,0,0,47384
235.360000,364.096712,-1.89193,1.09854,-0.91545,0.02172,0.21545,1.00211,0,0,47385
235.365000,364.096712,-1.95296,0.91545,-0.85442,0.02416,0.21570,1.00382,0,0,47386
235.370000,364.112004,-1.83090,0.61030,-0.54927,0.02538,0.21350,1.00455,0,0,47387
235.375000,364.112004,-1.58678,0.24412,-0.24412,0.02318,0.21155,1.00430,0,0,47388
235.380000,364.112004,-1.28163,0.00000,-0.12206,0.02172,0.21228,1.00333,0,0,47389
235.385000,364.126842,-1.28163,-0.12206,-0.06103,0.02245,0.21252,1.00113,0,0,47390
235.390000,364.126842,-1.40369,-0.24412,0.12206,0.02440,0.21423,0.99796,0,0,47391
235.395000,364.126842,-1.15957,-0.54927,0.54927,0.02342,0.21399,0.99308,0,0,47392
235.400000,364.141963,-1.09854,-0.67133,0.91545,0.02367,0.21106,0.98454,0,0,47393
235.405000,364.141963,-1.76987,-0.73236,0.73236,0.02586,0.20447,0.97405,0,0,47394
235.410000,364.141963,-2.92944,-0.30515,0.48824,0.02318,0.19910,0.97063,0,0,47395
235.415000,364.157130,-3.11253,0.54927,0.18309,0.02269,0.19398,0.96941,0,0,47396
235.420000,364.157130,-2.07502,0.79339,0.18309,0.02733,0.18983,0.97210,0,0,47397
235.425000,364.157130,-0.97648,0.24412,0.12206,0.02782,0.18812,0.97576,0,0,47398
235.430000,364.172136,0.30515,-0.42721,-0.18309,0.02806,0.18934,0.97429,0,0,47399
235.435000,364.172136,1.28163,-0.67133,-0.54927,0.03001,0.19471,0.97454,0,0,47400
235.440000,364.172136,1.58678,-0.54927,-0.79339,0.02879,0.19959,0.97673,0,0,47401
235.445000,364.186894,1.28163,-0.24412,-1.15957,0.02708,0.20228,0.97771,0,0,47402
235.450000,364.186894,0.54927,0.18309,-1.52575,0.02782,0.20423,0.98137,0,0,47403
235.455000,364.186894,-0.12206,0.42721,-1.58678,0.02806,0.20740,0.98430,0,0,47404
235.460000,364.201947,-0.73236,0.42721,-1.15957,0.02757,0.21228,0.98869,0,0,47405
235.465000,364.201947,-0.73236,0.12206,-0.61030,0.02879,0.21423,0.98893,0,0,47406
235.470000,364.201947,-0.54927,0.00000,-0.30515,0.02977,0.21594,0.98674,0,0,47407
235.475000,364.217138,-0.54927,0.00000,-0.06103,0.03148,0.21716,0.98210,0,0,47408
235.480000,364.217138,-0.54927,0.12206,0.24412,0.03074,0.21521,0.97966,0,0,47409
235.485000,364.217138,-0.30515,0.12206,0.67133,0.03050,0.21179,0.97942,0,0,47410
235.490000,364.231841,0.12206,0.24412,0.79339,0.02952,0.20813,0.97868,0,0,47411
235.495000,364.231841,0.12206,0.24412,0.36618,0.02806,0.20667,0.97698,0,0,47412
235.500000,364.231841,-0.18309,0.18309,0.06103,0.02757,0.20447,0.97600,0,0,47413
235.500000,364.246820,-0.48824,0.30515,-0.06103,0.02733,0.20179,0.97576,0,0,47414
235.505000,364.246820,-0.91545,0.61030,0.00000,0.02513,0.19837,0.97649,0,0,47415
235.510000,364.246820,-1.09854,0.79339,0.06103,0.02318,0.19398,0.98088,0,0,47416
235.515000,364.261872,-0.67133,0.79339,0.12206,0.02220,0.19252,0.98552,0,0,47417
235.520000,364.261872,-0.36618,0.85442,-0.18309,0.02220,0.19300,0.99040,0,0,47418
235.525000,364.261872,-0.24412,0.79339,-0.30515,0.02001,0.19447,0.99235,0,0,47419
235.530000,364.276849,0.12206,0.48824,-0.36618,0.02220,0.19544,0.99454,0,0,47420
235.535000,364.276849,0.42721,0.12206,-0.24412,0.02196,0.19642,0.99454,0,0,47421
235.540000,364.276849,0.54927,-0.30515,-0.24412,0.02172,0.19862,0.99576,0,0,47422
235.545000,364.291811,0.61030,-0.36618,-0.24412,0.02196,0.20154,0.99479,0,0,47423
235.550000,364.291811,0.61030,-0.36618,-0.30515,0.02294,0.20325,0.99210,0,0,47424
235.555000,364.291811,0.54927,-0.54927,-0.30515,0.02220,0.20423,0.98747,0,0,47425
235.560000,364.306833,0.36618,-0.48824,-0.06103,0.02123,0.20374,0.98283,0,0,47426
235.565000,364.306833,0.00000,-0.12206,0.12206,0.02196,0.20106,0.98283,0,0,47427
235.570000,364.306833,-0.18309,0.06103,0.06103,0.02172,0.19862,0.97990,0,0,47428
235.575000,364.321821,-0.30515,0.12206,-0.24412,0.02074,0.19862,0.97722,0,0,47429
235.580000,364.321821,-0.24412,0.18309,-0.48824,0.01928,0.20154,0.97576,0,0,47430
235.585000,364.321821,-0.24412,0.48824,-0.67133,0.01976,0.20398,0.97624,0,0,47431
235.590000,364.337007,-0.36618,0.85442,-0.73236,0.02001,0.20545,0.97917,0,0,47432
235.595000,364.337007,-0.73236,1.40369,-0.48824,0.01952,0.20520,0.98527,0,0,47433
235.600000,364.337007,-0.97648,1.58678,-0.36618,0.01830,0.20423,0.99064,0,0,47434
235.605000,364.352102,-1.34266,1.46472,-0.12206,0.01879,0.19935,0.99454,0,0,47435
235.610000,364.352102,-1.28163,1.28163,-0.12206,0.01854,0.19544,0.99454,0,0,47436
235.615000,364.352102,-1.15957,0.97648,-0.24412,0.01854,0.19325,0.99454,0,0,47437
235.620000,364.366814,-1.09854,0.91545,-0.30515,0.01879,0.19276,0.99552,0,0,47438
235.625000,364.366814,-1.03751,0.79339,-0.42721,0.01928,0.19178,0.99576,0,0,47439
235.630000,364.366814,-1.15957,0.61030,-0.61030,0.01854,0.19203,0.99454,0,0,47440
235.635000,364.381789,-1.52575,0.54927,-0.91545,0.01830,0.19374,0.99064,0,0,47441
235.640000,364.381789,-1.76987,0.73236,-1.15957,0.01781,0.19374,0.98747,0,0,47442
235.645000,364.381789,-1.76987,0.91545,-1.34266,0.01464,0.19569,0.98698,0,0,47443
235.650000,364.397144,-1.70884,1.03751,-1.46472,0.01342,0.19764,0.98869,0,0,47444
235.655000,364.397144,-1.09854,0.73236,-1.40369,0.01513,0.20472,0.99064,0,0,47445
235.660000,364.397144,-0.36618,0.42721,-0.97648,0.01708,0.20813,0.99113,0,0,47446
235.665000,364.412050,0.36618,0.12206,-0.18309,0.01464,0.20618,0.99308,0,0,47447
235.670000,364.412050,1.28163,-0.24412,0.42721,0.01513,0.20228,0.99284,0,0,47448
235.675000,364.412050,1.58678,-0.61030,0.36618,0.01879,0.19593,0.99015,0,0,47449
235.675000,364.426934,1.70884,-0.91545,0.12206,0.02001,0.19081,0.98820,0,0,47450
235.680000,364.426934,1.52575,-1.09854,-0.54927,0.02220,0.18837,0.98454,0,0,47451
235.685000,364.426934,1.15957,-1.03751,-1.15957,0.02660,0.18861,0.98283,0,0,47452
235.690000,364.441798,0.85442,-0.67133,-1.58678,0.03026,0.19276,0.98576,0,0,47453
235.695000,364.441798,0.54927,-0.48824,-1.76987,0.03099,0.19691,0.98796,0,0,47454
235.700000,364.441798,0.12206,-0.48824,-1.95296,0.02879,0.20032,0.98991,0,0,47455
235.705000,364.456673,-0.24412,-0.36618,-2.07502,0.02660,0.20301,0.99137,0,0,47456
235.710000,364.456673,-0.79339,-0.30515,-2.44120,0.02367,0.20764,0.99332,0,0,47457
235.715000,364.456673,-1.40369,-0.18309,-2.86841,0.02269,0.21496,0.99259,0,0,47458
235.720000,364.472013,-1.64781,-0.06103,-2.80738,0.02440,0.22009,0.98991,0,0,47459
235.725000,364.472013,-1.40369,-0.06103,-2.44120,0.02733,0.22350,0.98796,0,0,47460
235.730000,364.472013,-0.61030,0.12206,-1.52575,0.03148,0.22521,0.98844,0,0,47461
235.735000,364.487007,-0.12206,0.24412,-1.03751,0.03416,0.22424,0.99137,0,0,47462
235.740000,364.487007,0.30515,0.30515,-0.73236,0.03636,0.21984,0.99576,0,0,47463
235.745000,364.487007,0.36618,0.30515,-0.36618,0.03367,0.21716,0.99747,0,0,47464
235.750000,364.501820,0.18309,0.18309,-0.06103,0.03001,0.21496,0.99820,0,0,47465
235.755000,364.501820,0.06103,-0.06103,0.24412,0.02806,0.21277,0.99503,0,0,47466
235.760000,364.501820,-0.30515,-0.12206,0.48824,0.02635,0.21033,0.98820,0,0,47467
235.765000,364.516788,-0.91545,0.12206,0.48824,0.02416,0.20691,0.98478,0,0,47468
235.770000,364.516788,-1.09854,0.42721,0.61030,0.02782,0.20276,0.97893,0,0,47469
235.775000,364.516788,-0.36618,0.12206,1.34266,0.02586,0.19886,0.97551,0,0,47470
235.780000,364.531913,0.18309,0.18309,1.83090,0.02098,0.19642,0.97454,0,0,47471
235.785000,364.531913,1.03751,0.24412,1.76987,0.01757,0.19325,0.97649,0,0,47472
235.790000,364.531913,1.64781,0.36618,1.03751,0.01513,0.19374,0.97795,0,0,47473
235.795000,364.546657,1.70884,0.42721,0.48824,0.01440,0.19569,0.98064,0,0,47474
235.800000,364.546657,1.34266,0.67133,0.42721,0.01488,0.19691,0.98332,0,0,47475
235.805000,364.546657,0.54927,0.97648,0.36618,0.01415,0.19642,0.98869,0,0,47476
235.810000,364.561937,-0.97648,1.52575,0.48824,0.01440,0.19642,0.99772,0,0,47477
235.815000,364.561937,-1.95296,1.70884,0.54927,0.01366,0.19471,1.00479,0,0,47478
235.820000,364.561937,-2.44120,1.58678,0.36618,0.01293,0.19227,1.01016,0,0,47479
235.820000,364.576991,-2.44120,1.40369,0.12206,0.01293,0.19105,1.01089,0,0,47480
235.825000,364.576991,-1.64781,0.61030,-0.30515,0.01488,0.19374,1.01114,0,0,47481
235.830000,364.576991,-0.61030,-0.06103,-0.36618,0.01488,0.19862,1.00821,0,0,47482
235.835000,364.591807,0.24412,-0.79339,-0.24412,0.01635,0.20228,1.00089,0,0,47483
235.840000,364.591807,0.61030,-1.09854,-0.06103,0.01635,0.20325,0.99430,0,0,47484
235.845000,364.591807,0.67133,-1.03751,0.18309,0.01415,0.20252,0.98991,0,0,47485
235.850000,364.606844,0.54927,-0.73236,0.42721,0.01196,0.19935,0.98869,0,0,47486
235.855000,364.606844,0.18309,-0.42721,0.61030,0.01244,0.19447,0.98966,0,0,47487
235.860000,364.606844,-0.18309,-0.36618,0.54927,0.01220,0.18983,0.99015,0,0,47488
235.865000,364.621812,-0.36618,-0.48824,0.30515,0.01318,0.18446,0.98869,0,0,47489
235.870000,364.621812,-0.12206,-0.85442,0.42721,0.01464,0.17958,0.98527,0,0,47490
235.875000,364.621812,0.36618,-1.03751,0.61030,0.01586,0.17592,0.98186,0,0,47491
235.880000,364.636998,0.97648,-1.15957,0.24412,0.01610,0.17300,0.97746,0,0,47492
235.885000,364.636998,1.28163,-1.28163,-0.61030,0.01684,0.17153,0.97429,0,0,47493
235.890000,364.636998,1.46472,-1.09854,-1.28163,0.01610,0.17275,0.97234,0,0,47494
235.895000,364.651826,1.52575,-0.67133,-1.58678,0.01635,0.17617,0.97429,0,0,47495
235.900000,364.651826,1.52575,-0.54927,-1.95296,0.01610,0.18080,0.97722,0,0,47496
235.905000,364.651826,1.52575,-0.61030,-2.13605,0.01781,0.18593,0.98137,0,0,47497
235.910000,364.667156,1.22060,-0.61030,-2.31914,0.01732,0.19178,0.98698,0,0,47498
235.915000,364.667156,0.85442,-0.67133,-2.38017,0.01708,0.20008,0.99015,0,0,47499
235.920000,364.667156,0.36618,-0.73236,-2.50223,0.01757,0.20618,0.99406,0,0,47500
235.925000,364.681751,0.12206,-0.73236,-2.56326,0.01903,0.20984,0.99796,0,0,47501
235.930000,364.681751,0.00000,-0.79339,-2.56326,0.02098,0.21326,0.99845,0,0,47502
235.935000,364.681751,0.00000,-1.03751,-2.44120,0.02367,0.21545,0.99576,0,0,47503
235.940000,364.696791,0.12206,-1.22060,-2.19708,0.02586,0.21618,0.99284,0,0,47504
235.945000,364.696791,0.36618,-1.34266,-1.83090,0.02757,0.21692,0.98820,0,0,47505
235.950000,364.696791,0.48824,-1.40369,-1.40369,0.02830,0.21618,0.98381,0,0,47506
235.955000,364.711809,0.48824,-1.40369,-1.03751,0.02904,0.21472,0.97502,0,0,47507
235.960000,364.711809,0.73236,-1.15957,-0.85442,0.02904,0.21204,0.96722,0,0,47508
235.965000,364.711809,0.85442,-0.79339,-0.97648,0.02830,0.20960,0.96404,0,0,47509
235.970000,364.727034,1.09854,-0.06103,-1.03751,0.02928,0.20740,0.96453,0,0,47510
235.975000,364.727034,1.09854,0.42721,-1.15957,0.02904,0.20764,0.96966,0,0,47511
235.980000,364.727034,0.67133,1.09854,-1.28163,0.02782,0.21057,0.97795,0,0,47512
235.985000,364.741793,0.54927,1.09854,-1.40369,0.02782,0.21130,0.98649,0,0,47513
235.990000,364.741793,0.36618,1.09854,-1.22060,0.02855,0.21155,0.99381,0,0,47514
235.995000,364.741793,0.00000,0.91545,-1.09854,0.02928,0.21106,0.99845,0,0,47515
236.000000,364.756760,-0.18309,0.48824,-0.79339,0.02830,0.21130,0.99894,0,0,47516
236.005000,364.756760,-0.18309,0.00000,-0.36618,0.02830,0.21179,0.99796,0,0,47517
236.010000,364.756760,-0.12206,-0.06103,0.00000,0.02708,0.21423,0.99650,0,0,47518
236.015000,364.771866,0.00000,0.00000,0.18309,0.02708,0.21545,0.99284,0,0,47519
236.020000,364.771866,-0.12206,-0.06103,0.42721,0.02830,0.21374,0.98893,0,0,47520
236.025000,364.771866,-0.30515,0.00000,0.79339,0.02733,0.21204,0.98674,0,0,47521
236.030000,364.787060,-0.48824,0.18309,1.09854,0.02586,0.20838,0.98552,0,0,47522
236.035000,364.787060,-0.61030,0.42721,1.22060,0.02538,0.20472,0.98503,0,0,47523
236.040000,364.787060,-0.61030,0.73236,1.09854,0.02464,0.20228,0.98674,0,0,47524
236.045000,364.803013,-0.48824,0.91545,0.91545,0.02318,0.20081,0.98893,0,0,47525
236.050000,364.803013,-0.24412,0.97648,0.54927,0.02147,0.19862,0.99186,0,0,47526
236.055000,364.803013,-0.06103,0.91545,0.18309,0.02025,0.19715,0.99528,0,0,47527
236.060000,364.816970,0.24412,0.67133,0.00000,0.02025,0.19569,0.99698,0,0,47528
236.065000,364.816970,0.85442,0.36618,-0.18309,0.02098,0.19569,0.99820,0,0,47529
236.070000,364.816970,1.40369,-0.12206,0.00000,0.02196,0.19715,0.99991,0,0,47530
236.075000,364.831830,1.46472,-0.18309,0.06103,0.02318,0.19740,0.99845,0,0,47531
236.080000,364.831830,1.34266,0.12206,0.00000,0.02245,0.19691,0.99576,0,0,47532
236.085000,364.831830,0.54927,0.30515,0.06103,0.02074,0.19740,0.99869,0,0,47533
236.090000,364.846704,0.18309,0.36618,0.00000,0.02025,0.19910,1.00284,0,0,47534
236.095000,364.846704,0.12206,0.06103,-0.30515,0.01879,0.20350,1.00601,0,0,47535
236.100000,364.846704,-0.12206,-0.06103,-0.61030,0.01781,0.20813,1.00821,0,0,47536
236.105000,364.863377,-0.18309,-0.54927,-0.61030,0.01781,0.21008,1.00796,0,0,47537
236.110000,364.863377,-0.24412,-0.73236,-0.30515,0.01928,0.21179,1.00723,0,0,47538
236.115000,364.863377,-0.12206,-0.91545,0.24412,0.01976,0.21057,1.00626,0,0,47539
236.120000,364.877034,0.18309,-0.91545,0.48824,0.01976,0.20813,1.00382,0,0,47540
236.125000,364.877034,0.18309,-1.15957,0.61030,0.01976,0.20252,1.00162,0,0,47541
236.130000,364.877034,0.30515,-1.34266,0.73236,0.02074,0.19642,0.99796,0,0,47542
236.135000,364.892029,0.54927,-1.52575,0.48824,0.02098,0.19227,0.99454,0,0,47543
236.140000,364.892029,0.79339,-1.46472,0.24412,0.02196,0.19032,0.99064,0,0,47544
236.145000,364.892029,0.91545,-1.34266,-0.06103,0.02318,0.18983,0.98625,0,0,47545
236.150000,364.907140,0.79339,-1.15957,-0.12206,0.02245,0.19154,0.98478,0,0,47546
236.155000,364.907140,0.54927,-0.91545,-0.24412,0.02050,0.19618,0.98503,0,0,47547
236.160000,364.907140,0.30515,-0.73236,-0.36618,0.02025,0.19813,0.98576,0,0,47548
236.165000,364.921875,-0.06103,-0.42721,-0.48824,0.02245,0.19837,0.98478,0,0,47549
236.170000,364.921875,-0.42721,-0.24412,-0.73236,0.02074,0.20081,0.98625,0,0,47550
236.175000,364.921875,-0.79339,-0.18309,-0.91545,0.01879,0.20691,0.98576,0,0,47551
236.175000,364.936846,-1.09854,0.12206,-0.73236,0.02025,0.20374,0.99284,0,0,47552
236.180000,364.936846,-0.91545,0.36618,-0.42721,0.02196,0.20691,0.99601,0,0,47553
236.185000,364.936846,-0.48824,-0.18309,-0.42721,0.02098,0.20984,0.99674,0,0,47554
236.190000,364.951862,-0.24412,-0.73236,-0.06103,0.02098,0.20838,0.99747,0,0,47555
236.195000,364.951862,0.42721,-0.79339,0.12206,0.02098,0.20911,0.99772,0,0,47556
236.200000,364.951862,0.54927,-0.85442,0.12206,0.02098,0.20984,0.99576,0,0,47557
236.205000,364.967140,0.42721,-0.91545,0.06103,0.01854,0.20960,0.99406,0,0,47558
236.210000,364.967140,0.30515,-0.91545,0.12206,0.01806,0.20764,0.99357,0,0,47559
236.215000,364.967140,0.24412,-1.03751,0.12206,0.02172,0.20447,0.99015,0,0,47560
236.220000,364.981698,0.06103,-0.97648,0.12206,0.02294,0.20130,0.98966,0,0,47561
236.225000,364.981698,-0.06103,-0.85442,0.12206,0.02147,0.19642,0.99088,0,0,47562
236.230000,364.981698,0.12206,-0.97648,-0.12206,0.02001,0.19374,0.99210,0,0,47563
236.235000,364.996925,0.30515,-1.15957,-0.54927,0.02172,0.19008,0.98966,0,0,47564
236.240000,364.996925,0.48824,-1.34266,-0.73236,0.02367,0.18617,0.98576,0,0,47565
236.245000,364.996925,0.79339,-1.64781,-0.54927,0.02416,0.18349,0.98308,0,0,47566
236.250000,365.011954,0.85442,-1.64781,-0.61030,0.02416,0.18495,0.97771,0,0,47567
236.255000,365.011954,0.61030,-1.40369,-0.97648,0.02513,0.18886,0.97478,0,0,47568
236.260000,365.011954,-0.12206,-0.85442,-1.28163,0.02489,0.19447,0.97624,0,0,47569
236.265000,365.027176,-1.09854,-0.30515,-1.52575,0.02611,0.19837,0.97990,0,0,47570
236.270000,365.027176,-1.95296,0.12206,-1.83090,0.02977,0.20008,0.98552,0,0,47571
236.275000,365.027176,-2.19708,0.24412,-1.89193,0.03099,0.20154,0.98942,0,0,47572
236.280000,365.042047,-1.64781,0.12206,-1.70884,0.03099,0.20154,0.99406,0,0,47573
236.285000,365.042047,-0.67133,-0.48824,-1.64781,0.03172,0.20472,0.99625,0,0,47574
236.290000,365.042047,0.61030,-1.22060,-1.83090,0.02952,0.20764,0.99406,0,0,47575
236.295000,365.056808,2.01399,-2.01399,-1.89193,0.02684,0.21301,0.98820,0,0,47576
236.300000,365.056808,2.74635,-2.50223,-1.40369,0.02733,0.21814,0.97820,0,0,47577
236.305000,365.056808,3.05150,-2.56326,-0.61030,0.02904,0.22009,0.96795,0,0,47578
236.310000,365.072029,3.17356,-2.56326,0.36618,0.02928,0.21887,0.95868,0,0,47579
236.315000,365.072029,3.29562,-2.31914,0.91545,0.02782,0.21496,0.95184,0,0,47580
236.320000,365.072029,3.66180,-2.01399,1.15957,0.02806,0.20764,0.94770,0,0,47581
236.325000,365.087027,4.08901,-1.52575,1.15957,0.02830,0.20179,0.94721,0,0,47582
236.330000,365.087027,4.27210,-1.03751,1.15957,0.02830,0.19837,0.95087,0,0,47583
236.335000,365.087027,4.33313,-0.85442,0.97648,0.02367,0.19813,0.95697,0,0,47584
236.340000,365.102156,4.51622,-0.73236,0.36618,0.02074,0.20032,0.96526,0,0,47585
236.345000,365.102156,4.27210,-0.48824,-0.36618,0.02367,0.20423,0.97307,0,0,47586
236.350000,365.102156,3.11253,-0.12206,-0.85442,0.02538,0.21008,0.97649,0,0,47587
236.355000,365.117695,2.31914,0.00000,-0.85442,0.02318,0.21667,0.97795,0,0,47588
236.360000,365.117695,1.70884,0.18309,-0.73236,0.02172,0.22204,0.97844,0,0,47589
236.365000,365.117695,1.22060,0.48824,-0.36618,0.02269,0.22790,0.98112,0,0,47590
236.370000,365.131826,0.79339,0.79339,-0.12206,0.02294,0.23107,0.98234,0,0,47591
236.375000,365.131826,0.18309,0.91545,-0.06103,0.02489,0.23082,0.98332,0,0,47592
236.380000,365.131826,-0.06103,0.91545,0.67133,0.02562,0.23009,0.98478,0,0,47593
236.385000,365.146842,-0.12206,0.73236,1.34266,0.02464,0.22643,0.98381,0,0,47594
236.390000,365.146842,0.36618,0.42721,1.76987,0.02294,0.21887,0.98064,0,0,47595
236.395000,365.146842,0.61030,0.42721,2.07502,0.01976,0.21082,0.97771,0,0,47596
236.400000,365.161852,1.34266,0.30515,2.13605,0.01830,0.20325,0.97600,0,0,47597
236.405000,365.161852,2.86841,0.06103,2.25811,0.02050,0.19349,0.97332,0,0,47598
236.410000,365.161852,4.69931,-0.30515,2.62429,0.02074,0.18568,0.97210,0,0,47599
236.415000,365.176842,5.49270,-0.54927,2.86841,0.01854,0.18154,0.97332,0,0,47600
236.420000,365.176842,5.73682,-0.30515,2.31914,0.01684,0.17422,0.97624,0,0,47601
236.425000,365.176842,5.24858,-0.12206,1.52575,0.01806,0.16738,0.98064,0,0,47602
236.430000,365.192113,4.27210,0.06103,0.48824,0.01537,0.16250,0.98600,0,0,47603
236.435000,365.192113,3.78386,0.06103,-0.42721,0.01586,0.16177,0.98844,0,0,47604
236.440000,365.192113,3.72283,-0.24412,-1.58678,0.01659,0.16397,0.98844,0,0,47605
236.445000,365.206931,3.66180,-0.67133,-2.74635,0.01781,0.16934,0.98722,0,0,47606
236.450000,365.206931,2.99047,-0.91545,-3.84489,0.02025,0.18056,0.98600,0,0,47607
236.455000,365.206931,2.01399,-0.85442,-4.33313,0.02318,0.19398,0.98844,0,0,47608
236.460000,365.222192,0.67133,-0.73236,-4.76034,0.02586,0.20545,0.98918,0,0,47609
236.465000,365.222192,-0.61030,-0.67133,-4.76034,0.02684,0.21570,0.98796,0,0,47610
236.470000,365.222192,-1.46472,-0.61030,-4.69931,0.02782,0.22399,0.98454,0,0,47611
236.475000,365.236857,-1.83090,-0.30515,-4.45519,0.02879,0.23131,0.98112,0,0,47612
236.480000,365.236857,-1.95296,0.24412,-4.08901,0.02757,0.23936,0.98088,0,0,47613
236.485000,365.236857,-1.95296,0.61030,-3.72283,0.02489,0.24595,0.98259,0,0,47614
236.490000,365.251958,-1.83090,0.91545,-3.17356,0.02025,0.25034,0.98430,0,0,47615
236.495000,365.251958,-1.76987,1.22060,-1.95296,0.02245,0.24742,0.99137,0,0,47616
236.500000,365.251958,-1.58678,1.46472,-1.09854,0.02879,0.24058,0.99040,0,0,47617
236.505000,365.266898,-1.46472,1.40369,-0.54927,0.02733,0.24010,0.98600,0,0,47618
236.510000,365.266898,-1.46472,0.79339,0.24412,0.02684,0.22790,0.98259,0,0,47619
236.515000,365.266898,-0.79339,0.79339,0.54927,0.02806,0.21960,0.97210,0,0,47620
236.520000,365.282176,0.12206,1.09854,0.06103,0.02708,0.22009,0.96014,0,0,47621
236.525000,365.282176,-0.79339,1.83090,0.00000,0.02635,0.21643,0.95892,0,0,47622
236.530000,365.282176,-1.70884,2.92944,0.12206,0.03026,0.21228,0.96404,0,0,47623
236.535000,365.296981,-2.19708,3.66180,0.00000,0.03367,0.21179,0.96648,0,0,47624
236.540000,365.296981,-1.95296,4.02798,-0.30515,0.03440,0.20764,0.97649,0,0,47625
236.545000,365.296981,-1.09854,3.84489,-0.06103,0.03123,0.20472,0.98356,0,0,47626
236.550000,365.312009,-0.12206,3.17356,0.79339,0.03562,0.20179,0.99430,0,0,47627
236.555000,365.312009,0.73236,2.50223,1.15957,0.03904,0.20228,1.00016,0,0,47628
236.560000,365.312009,1.34266,1.89193,0.79339,0.03538,0.20569,1.00406,0,0,47629
236.560000,365.326893,1.28163,1.52575,0.54927,0.03343,0.20691,1.00577,0,0,47630
236.565000,365.326893,0.73236,1.34266,0.30515,0.03245,0.20960,1.00357,0,0,47631
236.570000,365.326893,-0.24412,1.22060,0.06103,0.03026,0.21082,1.00138,0,0,47632
236.575000,365.342139,-1.58678,1.40369,-0.18309,0.02855,0.21106,0.99942,0,0,47633
236.580000,365.342139,-2.50223,1.52575,-0.61030,0.02684,0.21277,0.99772,0,0,47634
236.585000,365.342139,-2.80738,1.46472,-1.09854,0.02489,0.21399,0.99772,0,0,47635
236.590000,365.356849,-2.50223,1.34266,-1.22060,0.02416,0.21545,0.99772,0,0,47636
236.595000,365.356849,-1.34266,0.97648,-1.15957,0.02196,0.21667,0.99918,0,0,47637
236.600000,365.356849,0.30515,0.42721,-0.67133,0.02318,0.21521,0.99869,0,0,47638
236.605000,365.372002,1.46472,-0.12206,-0.30515,0.02635,0.21399,0.99357,0,0,47639
236.610000,365.372002,2.13605,-0.42721,0.06103,0.02513,0.21594,0.98796,0,0,47640
236.615000,365.372002,2.25811,-0.36618,0.67133,0.02367,0.21960,0.98405,0,0,47641
236.620000,365.387037,2.13605,-0.06103,0.97648,0.02440,0.22082,0.98259,0,0,47642
236.625000,365.387037,1.76987,0.36618,0.97648,0.02538,0.22180,0.98283,0,0,47643
236.630000,365.387037,0.97648,0.85442,0.79339,0.02391,0.22253,0.98405,0,0,47644
236.635000,365.402003,0.12206,1.09854,0.61030,0.02416,0.22204,0.98771,0,0,47645
236.640000,365.402003,-0.36618,1.15957,0.73236,0.02416,0.22228,0.99210,0,0,47646
236.645000,365.402003,-0.48824,0.97648,0.67133,0.02489,0.22204,0.99210,0,0,47647
236.650000,365.416841,-0.67133,0.91545,0.54927,0.02660,0.22155,0.99064,0,0,47648
236.655000,365.416841,-0.85442,0.85442,0.48824,0.02660,0.22399,0.98893,0,0,47649
236.660000,365.416841,-0.91545,0.97648,0.79339,0.02586,0.22497,0.98771,0,0,47650
236.665000,365.431809,-0.91545,1.28163,0.97648,0.02586,0.22375,0.98844,0,0,47651
236.670000,365.431809,-0.79339,1.52575,1.09854,0.02416,0.21960,0.98918,0,0,47652
236.675000,365.431809,-0.42721,1.46472,0.91545,0.02367,0.21643,0.99015,0,0,47653
236.675000,365.447118,-0.24412,1.34266,0.79339,0.02245,0.21374,0.99088,0,0,47654
236.680000,365.447118,0.06103,1.22060,0.61030,0.02074,0.21204,0.99210,0,0,47655
236.685000,365.447118,0.42721,0.73236,0.30515,0.01952,0.21252,0.99186,0,0,47656
236.690000,365.461919,0.36618,0.61030,-0.06103,0.01976,0.21448,0.99040,0,0,47657
236.695000,365.461919,0.24412,0.48824,-0.36618,0.01830,0.21472,0.98796,0,0,47658
236.700000,365.461919,0.30515,0.48824,-0.48824,0.01781,0.21521,0.98600,0,0,47659
236.705000,365.476872,0.48824,0.42721,-0.30515,0.02001,0.21301,0.98381,0,0,47660
236.710000,365.476872,1.09854,0.00000,0.18309,0.02147,0.20960,0.98283,0,0,47661
236.715000,365.476872,1.83090,-0.06103,0.42721,0.02123,0.20691,0.98308,0,0,47662
236.720000,365.491849,2.44120,0.06103,0.54927,0.02123,0.20569,0.98259,0,0,47663
236.725000,365.491849,2.68532,0.24412,0.48824,0.01952,0.20667,0.98747,0,0,47664
236.730000,365.491849,2.56326,0.30515,0.42721,0.01854,0.20838,0.99406,0,0,47665
236.735000,365.507088,2.07502,0.36618,0.18309,0.01879,0.21033,0.99576,0,0,47666
236.740000,365.507088,0.67133,0.54927,-0.12206,0.02172,0.20984,0.98820,0,0,47667
236.745000,365.507088,-2.31914,1.15957,-0.18309,0.01903,0.20545,0.98649,0,0,47668
236.750000,365.521775,-6.59124,2.62429,0.06103,0.01171,0.20472,0.99113,0,0,47669
236.755000,365.521775,-8.84935,3.53974,-0.48824,0.01708,0.20569,0.98332,0,0,47670
236.760000,365.521775,-12.93836,4.39416,-1.89193,0.01903,0.20740,0.98698,0,0,47671
236.765000,365.536731,-15.44059,5.30961,-1.89193,0.01684,0.20496,0.99284,0,0,47672
236.770000,365.536731,-16.96634,6.59124,-1.64781,0.01757,0.20081,0.99942,0,0,47673
236.775000,365.536731,-16.78325,6.77433,-1.70884,0.01781,0.19788,1.01162,0,0,47674
236.780000,365.551912,-13.54866,4.69931,-2.25811,0.01318,0.19764,1.01650,0,0,47675
236.785000,365.551912,-10.13098,2.86841,-2.31914,0.01220,0.20130,1.01284,0,0,47676
236.790000,365.551912,-6.28609,1.46472,-2.19708,0.01269,0.20740,1.01040,0,0,47677
236.795000,365.566850,-1.89193,0.30515,-1.64781,0.01293,0.21399,1.00699,0,0,47678
236.800000,365.566850,2.13605,-0.85442,-0.97648,0.01269,0.21960,1.00235,0,0,47679
236.805000,365.566850,5.37064,-2.13605,-0.06103,0.01342,0.22009,0.99430,0,0,47680
236.810000,365.581936,6.34712,-2.50223,0.54927,0.01342,0.21814,0.98478,0,0,47681
236.815000,365.581936,6.04197,-2.13605,0.91545,0.01464,0.21277,0.97893,0,0,47682
236.820000,365.581936,4.76034,-1.22060,1.03751,0.01830,0.20545,0.97478,0,0,47683
236.825000,365.596759,2.80738,-0.18309,1.15957,0.01976,0.19593,0.97746,0,0,47684
236.830000,365.596759,0.06103,0.61030,1.46472,0.01854,0.18886,0.98625,0,0,47685
236.835000,365.596759,-1.15957,0.48824,1.22060,0.01781,0.18568,0.99284,0,0,47686
236.840000,365.612108,-1.40369,-0.06103,0.54927,0.01732,0.18349,0.99235,0,0,47687
236.845000,365.612108,-1.28163,-0.54927,-0.18309,0.01806,0.18471,0.98698,0,0,47688
236.850000,365.612108,-0.97648,-0.97648,-0.85442,0.01806,0.18959,0.97795,0,0,47689
236.855000,365.626782,-0.42721,-1.22060,-1.28163,0.01708,0.19569,0.96770,0,0,47690
236.860000,365.626782,0.12206,-1.09854,-1.46472,0.01757,0.20130,0.95819,0,0,47691
236.865000,365.626782,0.48824,-0.54927,-1.15957,0.01952,0.20545,0.95355,0,0,47692
236.870000,365.641843,0.79339,-0.12206,-0.79339,0.02001,0.20911,0.95331,0,0,47693
236.875000,365.641843,0.97648,0.42721,-0.06103,0.02123,0.21350,0.95965,0,0,47694
236.880000,365.641843,1.09854,0.91545,0.61030,0.02245,0.21472,0.96697,0,0,47695
236.885000,365.657042,1.15957,1.58678,1.46472,0.02269,0.21399,0.97332,0,0,47696
236.890000,365.657042,0.79339,1.89193,2.19708,0.02074,0.21155,0.98649,0,0,47697
236.895000,365.657042,0.67133,1.76987,2.74635,0.01806,0.20740,0.99869,0,0,47698
236.900000,365.671993,0.73236,1.34266,2.56326,0.01928,0.20325,1.00626,0,0,47699
236.905000,365.671993,0.30515,0.79339,1.70884,0.01854,0.20154,1.01016,0,0,47700
236.910000,365.671993,-0.12206,0.61030,1.09854,0.01830,0.20276,1.01016,0,0,47701
236.915000,365.686819,-0.61030,0.61030,0.79339,0.01879,0.20447,1.00943,0,0,47702
236.920000,365.686819,-1.70884,0.79339,0.48824,0.01928,0.20813,1.00918,0,0,47703
236.925000,365.686819,-3.05150,0.61030,0.18309,0.01708,0.21326,1.00870,0,0,47704
236.930000,365.702177,-3.29562,0.42721,-0.12206,0.01610,0.21570,1.00552,0,0,47705
236.935000,365.702177,-2.44120,0.12206,-0.30515,0.01562,0.21570,1.00138,0,0,47706
236.940000,365.702177,-1.22060,-0.36618,-0.42721,0.01635,0.21448,0.99479,0,0,47707
236.940000,365.717165,0.00000,-0.73236,-0.42721,0.01610,0.21350,0.99064,0,0,47708
236.945000,365.717165,1.70884,-1.09854,-0.30515,0.01732,0.21033,0.98430,0,0,47709
236.950000,365.717165,3.35665,-1.40369,0.18309,0.01854,0.20740,0.97576,0,0,47710
236.955000,365.731763,3.84489,-1.28163,0.97648,0.01976,0.20203,0.97136,0,0,47711
236.960000,365.731763,3.78386,-1.03751,1.70884,0.01830,0.19837,0.97088,0,0,47712
236.965000,365.731763,3.17356,-0.61030,1.64781,0.01708,0.19496,0.97307,0,0,47713
236.970000,365.747179,2.38017,-0.12206,1.03751,0.01610,0.19154,0.97624,0,0,47714
236.975000,365.747179,1.58678,0.36618,0.36618,0.01562,0.19032,0.98186,0,0,47715
236.980000,365.747179,1.22060,0.36618,0.18309,0.01708,0.18983,0.98869,0,0,47716
236.985000,365.761871,0.85442,0.06103,0.24412,0.01732,0.19105,0.99454,0,0,47717
236.990000,365.761871,0.48824,-0.36618,0.12206,0.01562,0.19349,0.99698,0,0,47718
236.995000,365.761871,-0.18309,-0.61030,-0.12206,0.01537,0.19715,0.99357,0,0,47719
237.000000,365.776828,-0.85442,-0.67133,-0.24412,0.01464,0.20106,0.98893,0,0,47720
237.005000,365.776828,-2.50223,-0.06103,-0.36618,0.01440,0.20520,0.98454,0,0,47721
237.010000,365.776828,-3.84489,0.61030,-0.54927,0.01488,0.20764,0.98332,0,0,47722
237.015000,365.791967,-4.94343,1.09854,-0.85442,0.01635,0.20960,0.98283,0,0,47723
237.020000,365.791967,-5.61476,1.40369,-1.15957,0.01659,0.21204,0.98137,0,0,47724
237.025000,365.791967,-5.61476,1.34266,-1.22060,0.01586,0.21277,0.97942,0,0,47725
237.030000,365.807161,-5.12652,1.28163,-1.22060,0.01562,0.21155,0.97917,0,0,47726
237.035000,365.807161,-4.21107,1.34266,-0.97648,0.01684,0.21033,0.98088,0,0,47727
237.040000,365.807161,-2.99047,1.09854,-0.73236,0.01879,0.20813,0.98015,0,0,47728
237.045000,365.821846,-1.15957,0.42721,-0.61030,0.02172,0.20447,0.97673,0,0,47729
237.050000,365.821846,0.06103,0.12206,-0.36618,0.02172,0.20179,0.97624,0,0,47730
237.055000,365.821846,1.58678,-0.18309,0.18309,0.02269,0.20130,0.97380,0,0,47731
237.060000,365.836835,2.25811,-0.42721,0.54927,0.02416,0.20106,0.96941,0,0,47732
237.065000,365.836835,2.74635,-0.24412,0.85442,0.02318,0.19959,0.96673,0,0,47733
237.070000,365.836835,2.86841,0.18309,0.97648,0.02147,0.19642,0.96722,0,0,47734
237.075000,365.852188,2.56326,0.61030,0.97648,0.02147,0.19593,0.97161,0,0,47735
237.080000,365.852188,1.83090,0.73236,0.61030,0.02074,0.19642,0.97673,0,0,47736
237.085000,365.852188,1.22060,0.79339,0.18309,0.02074,0.19715,0.98039,0,0,47737
237.090000,365.866844,0.42721,0.85442,-0.12206,0.02123,0.19764,0.98576,0,0,47738
237.095000,365.866844,-0.42721,0.97648,-0.48824,0.02147,0.19984,0.98869,0,0,47739
237.100000,365.866844,-1.70884,1.15957,-0.97648,0.02123,0.20374,0.98771,0,0,47740
237.105000,365.882163,-3.35665,1.52575,-1.40369,0.02220,0.20716,0.98308,0,0,47741
237.110000,365.882163,-6.16403,2.38017,-1.64781,0.02220,0.20886,0.97624,0,0,47742
237.115000,365.882163,-9.45965,3.53974,-1.58678,0.01879,0.20886,0.97551,0,0,47743
237.120000,365.897145,-11.83982,4.51622,-1.58678,0.01757,0.20862,0.97698,0,0,47744
237.125000,365.897145,-15.07441,5.85888,-2.19708,0.01562,0.20789,0.98576,0,0,47745
237.130000,365.897145,-16.35604,6.46918,-2.31914,0.01366,0.20691,0.99332,0,0,47746
237.135000,365.911777,-15.13544,5.91991,-1.83090,0.01147,0.20569,0.99430,0,0,47747
237.140000,365.911777,-12.81630,5.06549,-0.91545,0.00830,0.20106,0.99918,0,0,47748
237.145000,365.911777,-9.21553,4.27210,0.18309,0.00634,0.19154,1.00845,0,0,47749
237.150000,365.926968,-5.91991,3.60077,0.91545,0.00683,0.18642,1.01431,0,0,47750
237.155000,365.926968,-0.06103,1.70884,1.58678,0.00805,0.18178,1.01650,0,0,47751
237.160000,365.926968,3.96695,-0.24412,2.07502,0.00586,0.17861,1.01382,0,0,47752
237.165000,365.941993,7.20154,-1.76987,2.50223,0.00146,0.17812,1.00870,0,0,47753
237.170000,365.941993,7.99493,-1.58678,2.38017,0.00049,0.17861,1.00406,0,0,47754
237.175000,365.941993,7.50669,-1.15957,1.95296,0.00195,0.17812,1.00504,0,0,47755
237.175000,365.956878,6.71330,-0.91545,1.83090,0.00244,0.17690,1.00674,0,0,47756
237.180000,365.956878,5.18755,-0.48824,1.64781,0.00366,0.17397,1.01089,0,0,47757
237.185000,365.956878,3.78386,-0.42721,1.09854,0.00537,0.17031,1.01480,0,0,47758
237.190000,365.971957,2.62429,-0.67133,0.42721,0.00756,0.16934,1.01382,0,0,47759
237.195000,365.971957,1.15957,-0.73236,-0.48824,0.00634,0.17056,1.01333,0,0,47760
237.200000,365.971957,-0.12206,-0.48824,-1.28163,0.00781,0.17470,1.01089,0,0,47761
237.205000,365.986963,-1.15957,-0.30515,-1.95296,0.00878,0.18032,1.01040,0,0,47762
237.210000,365.986963,-2.74635,-0.12206,-2.68532,0.00830,0.19130,1.00894,0,0,47763
237.215000,365.986963,-4.15004,-0.06103,-2.62429,0.00756,0.19935,1.00894,0,0,47764
237.220000,366.001910,-4.39416,-0.06103,-2.38017,0.01122,0.20716,1.00650,0,0,47765
237.225000,366.001910,-3.90592,-0.12206,-2.13605,0.01415,0.21472,1.00430,0,0,47766
237.230000,366.001910,-2.86841,-0.24412,-1.46472,0.01537,0.21862,1.00333,0,0,47767
237.235000,366.016913,-1.70884,-0.54927,-0.79339,0.01464,0.22009,1.00113,0,0,47768
237.240000,366.016913,0.30515,-1.03751,0.48824,0.01415,0.21984,0.99894,0,0,47769
237.245000,366.016913,1.83090,-1.15957,1.28163,0.01415,0.21740,0.99796,0,0,47770
237.250000,366.032063,2.80738,-1.40369,1.83090,0.01269,0.21277,0.99674,0,0,47771
237.255000,366.032063,3.29562,-1.40369,2.13605,0.01098,0.20618,0.99625,0,0,47772
237.260000,366.032063,3.53974,-1.09854,2.19708,0.01000,0.19764,0.99430,0,0,47773
237.265000,366.047181,3.41768,-0.91545,2.31914,0.00952,0.19252,0.99601,0,0,47774
237.270000,366.047181,2.86841,-0.85442,2.62429,0.00903,0.18617,0.99796,0,0,47775
237.275000,366.047181,1.46472,-0.73236,2.25811,0.00927,0.18056,0.99772,0,0,47776
237.280000,366.062179,0.48824,-0.73236,1.52575,0.00830,0.17641,0.99772,0,0,47777
237.285000,366.062179,-0.06103,-0.48824,0.73236,0.00878,0.17592,0.99845,0,0,47778
237.290000,366.062179,-0.24412,-0.79339,0.00000,0.01000,0.17690,0.99723,0,0,47779
237.290000,366.077139,-0.18309,-0.91545,-0.18309,0.01049,0.17763,0.99528,0,0,47780
237.295000,366.077139,-0.12206,-1.40369,-0.42721,0.01049,0.18007,0.98869,0,0,47781
237.300000,366.077139,0.24412,-1.58678,-0.73236,0.00976,0.18373,0.98234,0,0,47782
237.305000,366.091863,0.67133,-1.40369,-0.97648,0.00878,0.18715,0.98015,0,0,47783
237.310000,366.091863,0.85442,-1.09854,-1.09854,0.01074,0.18739,0.97966,0,0,47784
237.315000,366.091863,1.03751,-1.09854,-1.15957,0.01391,0.18934,0.97942,0,0,47785
237.320000,366.107188,1.03751,-1.09854,-1.28163,0.01440,0.19154,0.97966,0,0,47786
237.325000,366.107188,0.97648,-0.91545,-1.28163,0.01366,0.19252,0.98186,0,0,47787
237.330000,366.107188,1.03751,-0.85442,-1.22060,0.01537,0.19105,0.98625,0,0,47788
237.335000,366.121879,1.28163,-1.03751,-1.28163,0.01830,0.19154,0.99210,0,0,47789
237.340000,366.121879,2.01399,-1.46472,-1.34266,0.02001,0.19447,0.99454,0,0,47790
237.345000,366.121879,3.05150,-2.13605,-1.58678,0.02245,0.19837,0.99137,0,0,47791
237.350000,366.136993,3.17356,-2.44120,-1.34266,0.02294,0.20057,0.98991,0,0,47792
237.355000,366.136993,3.47871,-2.86841,-0.91545,0.02050,0.20325,0.98771,0,0,47793
237.360000,366.136993,4.08901,-2.99047,-0.42721,0.02172,0.20472,0.97868,0,0,47794
237.365000,366.151962,4.33313,-3.05150,0.12206,0.02025,0.20569,0.97771,0,0,47795
237.370000,366.151962,4.69931,-3.11253,0.36618,0.02074,0.20911,0.97405,0,0,47796
237.375000,366.151962,4.82137,-3.11253,0.06103,0.02538,0.20935,0.96551,0,0,47797
237.380000,366.167177,4.08901,-2.99047,-0.30515,0.02586,0.21130,0.95965,0,0,47798
237.385000,366.167177,2.25811,-2.07502,-0.42721,0.02464,0.21545,0.95380,0,0,47799
237.390000,366.167177,1.03751,-0.91545,-0.24412,0.02611,0.21740,0.95380,0,0,47800
237.395000,366.181873,0.24412,0.00000,-0.12206,0.02904,0.21692,0.95697,0,0,47801
237.400000,366.181873,0.00000,0.24412,-0.06103,0.02928,0.21374,0.95941,0,0,47802
237.405000,366.181873,-0.06103,0.24412,-0.06103,0.02660,0.21082,0.96234,0,0,47803
237.405000,366.197180,0.06103,0.30515,0.06103,0.02391,0.20886,0.96307,0,0,47804
237.410000,366.197180,-0.18309,0.73236,0.30515,0.02318,0.20691,0.96307,0,0,47805
237.415000,366.197180,-0.85442,1.09854,0.42721,0.02538,0.20618,0.96453,0,0,47806
237.420000,366.211842,-2.01399,1.46472,0.30515,0.02416,0.20520,0.96502,0,0,47807
237.425000,366.211842,-2.92944,2.07502,0.12206,0.02123,0.20447,0.96648,0,0,47808
237.430000,366.211842,-3.72283,2.56326,0.42721,0.01976,0.20374,0.97283,0,0,47809
237.435000,366.227156,-3.90592,2.62429,0.73236,0.01879,0.20228,0.97820,0,0,47810
237.440000,366.227156,-3.17356,2.31914,1.03751,0.01635,0.19935,0.98527,0,0,47811
237.445000,366.227156,-2.13605,1.89193,0.97648,0.01415,0.19862,0.98942,0,0,47812
237.450000,366.241763,-0.48824,1.28163,0.91545,0.01196,0.19837,0.99015,0,0,47813
237.455000,366.241763,0.85442,0.54927,0.97648,0.01244,0.19715,0.98747,0,0,47814
237.460000,366.241763,1.52575,0.24412,1.03751,0.01293,0.19691,0.98649,0,0,47815
237.465000,366.257133,1.64781,0.06103,1.03751,0.01318,0.19764,0.98552,0,0,47816
237.470000,366.257133,1.28163,0.00000,0.91545,0.01269,0.19910,0.98503,0,0,47817
237.475000,366.257133,0.36618,0.30515,0.79339,0.01147,0.20081,0.98381,0,0,47818
237.480000,366.271846,-0.18309,0.73236,0.79339,0.01000,0.20130,0.98381,0,0,47819
237.485000,366.271846,-0.54927,1.34266,1.09854,0.01000,0.19788,0.98674,0,0,47820
237.490000,366.271846,-0.67133,1.46472,1.22060,0.01000,0.19422,0.99235,0,0,47821
237.495000,366.286852,-0.54927,1.34266,1.22060,0.00927,0.19276,0.99650,0,0,47822
237.500000,366.286852,-0.30515,1.03751,1.09854,0.00854,0.19105,1.00138,0,0,47823
237.505000,366.286852,0.06103,0.36618,0.79339,0.00781,0.19105,0.99991,0,0,47824
237.510000,366.301895,0.30515,-0.12206,0.79339,0.00756,0.18812,0.99479,0,0,47825
237.515000,366.301895,0.36618,-0.30515,1.03751,0.00732,0.18520,0.98796,0,0,47826
237.520000,366.301895,0.36618,-0.24412,1.09854,0.00659,0.18276,0.98259,0,0,47827
237.520000,366.316800,0.18309,-0.18309,1.09854,0.00561,0.18129,0.97868,0,0,47828
237.525000,366.316800,-0.06103,0.18309,0.79339,0.00634,0.18080,0.97380,0,0,47829
237.530000,366.316800,-0.24412,0.48824,0.36618,0.00830,0.18032,0.97210,0,0,47830
237.535000,366.331949,-0.42721,0.67133,0.12206,0.01025,0.18032,0.97185,0,0,47831
237.540000,366.331949,0.00000,1.03751,-0.24412,0.01147,0.18007,0.97527,0,0,47832
237.545000,366.331949,0.79339,0.97648,-0.54927,0.01196,0.18080,0.98186,0,0,47833
237.550000,366.346787,1.58678,1.03751,-0.79339,0.01196,0.18324,0.99040,0,0,47834
237.555000,366.346787,2.38017,0.48824,-1.03751,0.01098,0.18788,0.99747,0,0,47835
237.560000,366.346787,2.80738,0.00000,-1.22060,0.01049,0.19227,1.00040,0,0,47836
237.565000,366.361853,3.17356,-0.42721,-1.40369,0.01196,0.19593,0.99991,0,0,47837
237.570000,366.361853,3.47871,-0.73236,-1.52575,0.01318,0.20057,0.99625,0,0,47838
237.575000,366.361853,3.47871,-0.85442,-1.64781,0.01440,0.20423,0.99186,0,0,47839
237.580000,366.377172,3.17356,-0.97648,-1.70884,0.01440,0.20594,0.98698,0,0,47840
237.585000,366.377172,2.62429,-0.85442,-1.70884,0.01293,0.21033,0.98088,0,0,47841
237.590000,366.377172,2.07502,-0.61030,-1.83090,0.01440,0.21350,0.97868,0,0,47842
237.595000,366.391866,0.48824,0.18309,-1.76987,0.01928,0.21570,0.97624,0,0,47843
237.600000,366.391866,-0.97648,0.97648,-1.52575,0.02342,0.21643,0.97698,0,0,47844
237.605000,366.391866,-2.31914,1.83090,-0.85442,0.02294,0.21594,0.98283,0,0,47845
237.610000,366.407166,-2.56326,2.19708,-0.24412,0.02098,0.21448,0.98966,0,0,47846
237.615000,366.407166,-2.19708,2.13605,0.00000,0.01976,0.21374,0.99479,0,0,47847
237.620000,366.407166,-1.52575,1.64781,-0.06103,0.01952,0.21277,0.99698,0,0,47848
237.625000,366.421884,-0.91545,1.22060,-0.24412,0.01903,0.21423,0.99967,0,0,47849
237.630000,366.421884,-0.54927,1.03751,-0.12206,0.01928,0.21618,0.99918,0,0,47850
237.635000,366.421884,-0.54927,0.79339,0.30515,0.01952,0.21765,0.99869,0,0,47851
237.640000,366.437170,-1.15957,0.73236,0.79339,0.02001,0.21814,0.99845,0,0,47852
237.645000,366.437170,-1.58678,0.97648,1.15957,0.01976,0.21277,0.99723,0,0,47853
237.650000,366.437170,-1.76987,0.97648,1.40369,0.01708,0.20716,0.99406,0,0,47854
237.655000,366.451846,-1.76987,0.91545,1.22060,0.01562,0.20179,0.99137,0,0,47855
237.660000,366.451846,-0.91545,0.61030,0.67133,0.01366,0.19740,0.98844,0,0,47856
237.665000,366.451846,0.06103,0.48824,0.36618,0.01318,0.19544,0.98796,0,0,47857
237.670000,366.466814,1.34266,0.24412,0.30515,0.01366,0.19398,0.98649,0,0,47858
237.675000,366.466814,2.99047,-0.12206,0.67133,0.01269,0.19422,0.98552,0,0,47859
237.680000,366.466814,3.90592,-0.36618,1.09854,0.01318,0.19374,0.98381,0,0,47860
237.685000,366.481839,4.39416,-0.36618,1.40369,0.01562,0.19154,0.98308,0,0,47861
237.690000,366.481839,4.27210,-0.12206,1.46472,0.01464,0.19008,0.98430,0,0,47862
237.695000,366.481839,3.60077,0.12206,1.22060,0.01220,0.18934,0.98966,0,0,47863
237.700000,366.497187,2.68532,0.36618,0.67133,0.01269,0.18934,0.99747,0,0,47864
237.705000,366.497187,1.22060,0.54927,-0.06103,0.01440,0.19081,1.00552,0,0,47865
237.710000,366.497187,0.06103,0.61030,-0.54927,0.01464,0.19471,1.01114,0,0,47866
237.715000,366.512211,-1.03751,0.48824,-0.91545,0.01610,0.20057,1.01358,0,0,47867
237.720000,366.512211,-1.95296,0.12206,-1.22060,0.01562,0.20667,1.01382,0,0,47868
237.725000,366.512211,-2.25811,0.00000,-1.40369,0.01464,0.21204,1.01089,0,0,47869
237.730000,366.526796,-2.44120,0.00000,-1.34266,0.01342,0.21716,1.00870,0,0,47870
237.735000,366.526796,-2.13605,-0.06103,-1.09854,0.01415,0.22155,1.00699,0,0,47871
237.740000,366.526796,-1.52575,-0.12206,-0.85442,0.01513,0.22228,1.00528,0,0,47872
237.745000,366.541731,-0.85442,-0.30515,-0.61030,0.01464,0.22155,1.00186,0,0,47873
237.750000,366.541731,0.12206,-0.67133,-0.24412,0.01488,0.22033,0.99967,0,0,47874
237.755000,366.541731,0.85442,-0.85442,0.42721,0.01488,0.21911,0.99576,0,0,47875
237.760000,366.556847,1.28163,-0.79339,0.91545,0.01391,0.21594,0.99308,0,0,47876
237.765000,366.556847,1.28163,-0.42721,1.09854,0.01415,0.21179,0.99162,0,0,47877
237.770000,366.556847,0.85442,0.00000,1.15957,0.01318,0.20886,0.99186,0,0,47878
237.775000,366.571789,0.12206,0.36618,1.03751,0.01220,0.20740,0.99430,0,0,47879
237.780000,366.571789,-0.61030,0.61030,0.97648,0.01318,0.20594,0.99698,0,0,47880
237.785000,366.571789,-1.22060,0.67133,0.79339,0.01440,0.20447,0.99845,0,0,47881
237.790000,366.587184,-1.28163,0.48824,0.73236,0.01586,0.20325,1.00016,0,0,47882
237.795000,366.587184,-0.97648,0.30515,0.79339,0.01537,0.20154,1.00284,0,0,47883
237.800000,366.587184,-0.42721,0.00000,0.73236,0.01513,0.20032,1.00235,0,0,47884
237.805000,366.602110,0.06103,-0.24412,0.48824,0.01537,0.19984,1.00016,0,0,47885
237.810000,366.602110,0.36618,-0.36618,0.18309,0.01562,0.20008,0.99845,0,0,47886
237.815000,366.602110,0.54927,-0.36618,0.12206,0.01732,0.20008,0.99869,0,0,47887
237.820000,366.616800,0.42721,-0.42721,0.18309,0.01659,0.19984,1.00113,0,0,47888
237.825000,366.616800,0.18309,-0.36618,0.06103,0.01415,0.19788,1.00235,0,0,47889
237.830000,366.616800,-0.18309,-0.48824,-0.36618,0.01318,0.19593,1.00211,0,0,47890
237.835000,366.631685,-0.73236,-0.67133,-0.30515,0.01391,0.19471,1.00430,0,0,47891
237.840000,366.631685,-1.46472,-0.85442,-0.06103,0.01318,0.19520,1.00430,0,0,47892
237.845000,366.631685,-1.89193,-1.09854,0.06103,0.01318,0.19666,1.00064,0,0,47893
237.850000,366.646724,-2.44120,-1.34266,-0.30515,0.01366,0.19959,0.99552,0,0,47894
237.855000,366.646724,-2.38017,-1.28163,-0.91545,0.01196,0.20374,0.99040,0,0,47895
237.860000,366.646724,-1.70884,-1.58678,-0.91545,0.01098,0.21008,0.98503,0,0,47896
237.865000,366.662186,-0.91545,-1.64781,-0.79339,0.01196,0.21472,0.97868,0,0,47897
237.870000,366.662186,-0.12206,-1.52575,-0.61030,0.01366,0.21618,0.97283,0,0,47898
237.875000,366.662186,0.48824,-1.28163,-0.24412,0.01708,0.21594,0.96844,0,0,47899
237.880000,366.676848,0.73236,-1.03751,0.30515,0.01708,0.21399,0.96551,0,0,47900
237.885000,366.676848,1.03751,-0.61030,0.91545,0.01488,0.21082,0.96600,0,0,47901
237.890000,366.676848,0.97648,-0.18309,1.15957,0.01391,0.20691,0.96868,0,0,47902
237.895000,366.691899,0.54927,0.30515,1.15957,0.01562,0.20276,0.97185,0,0,47903
237.900000,366.691899,-0.12206,0.73236,0.97648,0.01659,0.20179,0.97576,0,0,47904
237.905000,366.691899,-1.28163,1.09854,0.91545,0.01732,0.20154,0.97990,0,0,47905
237.910000,366.707064,-2.31914,1.58678,0.91545,0.01586,0.20057,0.98552,0,0,47906
237.915000,366.707064,-3.17356,1.83090,0.97648,0.01318,0.19837,0.99064,0,0,47907
237.920000,366.707064,-3.41768,1.76987,1.03751,0.01269,0.19788,0.99430,0,0,47908
237.925000,366.722036,-3.11253,1.34266,1.22060,0.01196,0.19642,0.99454,0,0,47909
237.930000,366.722036,-2.31914,0.73236,1.34266,0.01074,0.19447,0.99381,0,0,47910
237.935000,366.722036,-1.46472,0.30515,1.46472,0.01049,0.19130,0.99137,0,0,47911
237.940000,366.737055,-0.42721,-0.06103,1.52575,0.01000,0.18812,0.98796,0,0,47912
237.945000,366.737055,0.91545,-0.54927,1.76987,0.01049,0.18398,0.98527,0,0,47913
237.950000,366.737055,1.70884,-1.03751,1.89193,0.01122,0.17983,0.98283,0,0,47914
237.955000,366.752082,2.44120,-1.28163,1.89193,0.01025,0.17958,0.97942,0,0,47915
237.960000,366.752082,2.56326,-1.09854,1.76987,0.01025,0.17812,0.97917,0,0,47916
237.965000,366.752082,2.38017,-0.85442,1.40369,0.00854,0.17812,0.97942,0,0,47917
237.970000,366.767134,2.13605,-0.54927,0.91545,0.00781,0.17836,0.98186,0,0,47918
237.975000,366.767134,2.13605,-0.18309,0.54927,0.00854,0.18105,0.98478,0,0,47919
237.980000,366.767134,2.13605,0.06103,0.18309,0.00878,0.18446,0.99088,0,0,47920
237.985000,366.782129,2.07502,0.00000,-0.12206,0.00805,0.18690,0.99674,0,0,47921
237.990000,366.782129,2.07502,-0.30515,-0.61030,0.00561,0.19081,0.99942,0,0,47922
237.995000,366.782129,1.70884,-0.42721,-1.03751,0.00610,0.19569,0.99845,0,0,47923
238.000000,366.796852,0.79339,-0.18309,-1.15957,0.00610,0.19813,0.99991,0,0,47924
238.005000,366.796852,-0.85442,0.06103,-1.03751,0.00708,0.19984,1.00260,0,0,47925
238.010000,366.796852,-1.89193,0.06103,-0.91545,0.00952,0.20057,1.00333,0,0,47926
238.015000,366.811866,-2.56326,-0.12206,-1.03751,0.01196,0.19788,1.00162,0,0,47927
238.020000,366.811866,-2.80738,-0.36618,-0.97648,0.01488,0.19593,0.99918,0,0,47928
238.025000,366.811866,-2.31914,-0.61030,-0.91545,0.01513,0.19398,0.99650,0,0,47929
238.030000,366.826912,-1.52575,-0.91545,-0.79339,0.01415,0.19154,0.99357,0,0,47930
238.035000,366.826912,-0.42721,-1.09854,-0.91545,0.01440,0.19056,0.98942,0,0,47931
238.040000,366.826912,0.61030,-1.46472,-0.97648,0.01586,0.19008,0.98600,0,0,47932
238.045000,366.841927,1.22060,-1.40369,-0.91545,0.01659,0.18983,0.98503,0,0,47933
238.050000,366.841927,1.46472,-1.40369,-0.85442,0.01684,0.19056,0.98332,0,0,47934
238.055000,366.841927,1.22060,-1.28163,-1.09854,0.01684,0.19105,0.98137,0,0,47935
238.060000,366.856907,0.73236,-1.28163,-1.52575,0.01659,0.19447,0.98015,0,0,47936
238.065000,366.856907,-0.06103,-0.91545,-1.83090,0.01562,0.19740,0.97844,0,0,47937
238.070000,366.856907,-0.61030,-0.73236,-1.89193,0.01806,0.20130,0.97624,0,0,47938
238.075000,366.872154,-1.03751,-0.42721,-1.70884,0.02001,0.20374,0.97551,0,0,47939
238.080000,366.872154,-1.09854,-0.24412,-1.40369,0.02098,0.20642,0.97624,0,0,47940
238.085000,366.872154,-1.09854,-0.06103,-1.15957,0.02172,0.20862,0.97771,0,0,47941
238.090000,366.886773,-1.15957,0.06103,-0.91545,0.02123,0.21057,0.97698,0,0,47942
238.095000,366.886773,-1.09854,0.12206,-0.61030,0.02123,0.21204,0.97746,0,0,47943
238.100000,366.886773,-1.03751,0.12206,-0.18309,0.02147,0.21350,0.98015,0,0,47944
238.105000,366.902156,-0.97648,0.30515,0.18309,0.02050,0.21545,0.98430,0,0,47945
238.110000,366.902156,-0.79339,0.48824,0.42721,0.01928,0.21643,0.98747,0,0,47946
238.115000,366.902156,-0.61030,0.48824,0.54927,0.01928,0.21594,0.98918,0,0,47947
238.120000,366.916723,-0.36618,0.18309,0.67133,0.01928,0.21423,0.98869,0,0,47948
238.125000,366.916723,-0.12206,0.00000,0.73236,0.01830,0.21277,0.98844,0,0,47949
238.130000,366.916723,-0.06103,-0.12206,0.91545,0.01879,0.21033,0.98918,0,0,47950
238.135000,366.931707,0.12206,-0.24412,1.15957,0.01708,0.20984,0.98722,0,0,47951
238.140000,366.931707,-0.06103,-0.24412,1.40369,0.01537,0.20618,0.98454,0,0,47952
238.145000,366.931707,-0.12206,0.00000,1.52575,0.01391,0.20106,0.98308,0,0,47953
238.150000,366.947066,0.00000,0.18309,1.40369,0.01147,0.19764,0.98161,0,0,47954
238.155000,366.947066,0.30515,0.12206,1.15957,0.01049,0.19447,0.98454,0,0,47955
238.160000,366.947066,0.54927,0.12206,0.73236,0.01171,0.19105,0.98796,0,0,47956
238.165000,366.962013,0.85442,0.00000,0.42721,0.01366,0.18837,0.98942,0,0,47957
238.170000,366.962013,1.28163,-0.36618,0.30515,0.01293,0.19008,0.99064,0,0,47958
238.175000,366.962013,1.70884,-0.79339,0.06103,0.01244,0.19081,0.98796,0,0,47959
238.180000,366.976888,1.64781,-0.91545,-0.12206,0.01318,0.19300,0.98430,0,0,47960
238.185000,366.976888,1.22060,-0.79339,-0.24412,0.01220,0.19496,0.98015,0,0,47961
238.190000,366.976888,0.73236,-0.61030,-0.18309,0.01342,0.19496,0.97746,0,0,47962
238.195000,366.991982,0.30515,-0.36618,-0.18309,0.01513,0.19642,0.97551,0,0,47963
238.200000,366.991982,0.12206,-0.12206,-0.30515,0.01488,0.19837,0.97576,0,0,47964
238.205000,366.991982,0.30515,0.00000,-0.48824,0.01415,0.20032,0.97600,0,0,47965
238.210000,367.007168,0.73236,-0.12206,-0.30515,0.01488,0.20179,0.97576,0,0,47966
238.215000,367.007168,0.91545,-0.12206,0.12206,0.01732,0.20325,0.97527,0,0,47967
238.220000,367.007168,0.91545,-0.06103,0.48824,0.01757,0.20520,0.97502,0,0,47968
238.225000,367.021831,0.85442,-0.12206,0.61030,0.01586,0.20545,0.97210,0,0,47969
238.230000,367.021831,0.42721,0.12206,0.61030,0.01635,0.20594,0.96917,0,0,47970
238.235000,367.021831,0.12206,0.61030,0.61030,0.01732,0.20496,0.96917,0,0,47971
238.240000,367.036883,-0.18309,0.97648,0.79339,0.02025,0.20032,0.96966,0,0,47972
238.245000,367.036883,-0.61030,1.34266,1.03751,0.02342,0.19691,0.97234,0,0,47973
238.250000,367.036883,-0.91545,1.64781,1.40369,0.02172,0.19520,0.97673,0,0,47974
238.255000,367.051843,-0.85442,1.76987,1.28163,0.02074,0.19300,0.98161,0,0,47975
238.260000,367.051843,-0.85442,1.76987,1.15957,0.02074,0.18983,0.98796,0,0,47976
238.265000,367.051843,-0.79339,1.58678,0.97648,0.01928,0.18983,0.99210,0,0,47977
238.270000,367.066903,-0.85442,1.34266,0.61030,0.01903,0.18837,0.99454,0,0,47978
238.275000,367.066903,-0.97648,1.22060,0.24412,0.01879,0.18666,0.99698,0,0,47979
238.280000,367.066903,-1.28163,1.15957,-0.18309,0.01684,0.18666,0.99845,0,0,47980
238.285000,367.082205,-1.52575,1.15957,-0.42721,0.01513,0.18544,1.00162,0,0,47981
238.290000,367.082205,-1.46472,0.97648,-0.54927,0.01391,0.18544,1.00284,0,0,47982
238.295000,367.082205,-1.34266,0.48824,-0.61030,0.01244,0.18593,1.00284,0,0,47983
238.300000,367.097135,-0.97648,0.12206,-0.79339,0.01049,0.18764,0.99967,0,0,47984
238.305000,367.097135,-0.06103,-0.30515,-1.09854,0.00976,0.19032,0.99528,0,0,47985
238.310000,367.097135,0.85442,-0.67133,-1.15957,0.01025,0.19252,0.99088,0,0,47986
238.315000,367.112205,1.58678,-0.73236,-1.09854,0.01098,0.19422,0.98527,0,0,47987
238.320000,367.112205,1.89193,-0.73236,-0.79339,0.01318,0.19520,0.98356,0,0,47988
238.325000,367.112205,1.76987,-0.42721,-0.54927,0.01757,0.19471,0.98308,0,0,47989
238.330000,367.128430,1.28163,-0.24412,-0.36618,0.01806,0.19496,0.98332,0,0,47990
238.335000,367.128430,0.61030,0.06103,-0.24412,0.01562,0.19422,0.98649,0,0,47991
238.340000,367.128430,0.00000,0.30515,-0.36618,0.01366,0.19276,0.99162,0,0,47992
238.345000,367.141996,-0.61030,0.67133,-0.97648,0.01318,0.19374,0.99576,0,0,47993
238.350000,367.141996,-1.22060,0.85442,-1.52575,0.01440,0.19544,0.99698,0,0,47994
238.355000,367.141996,-1.40369,0.73236,-1.28163,0.01440,0.19691,1.00016,0,0,47995
238.360000,367.157035,-1.28163,0.54927,-0.67133,0.01488,0.20032,1.00333,0,0,47996
238.365000,367.157035,-0.85442,0.00000,-0.36618,0.01440,0.20228,1.00089,0,0,47997
238.370000,367.157035,-0.24412,-0.48824,-0.30515,0.01586,0.20179,0.99845,0,0,47998
238.375000,367.172184,0.42721,-0.61030,-0.36618,0.01464,0.20057,0.99528,0,0,47999
238.380000,367.172184,1.46472,-0.91545,-0.36618,0.01464,0.19935,0.99113,0,0,48000
238.385000,367.172184,2.13605,-1.09854,-0.42721,0.01610,0.19984,0.98918,0,0,48001
238.390000,367.186870,2.44120,-0.91545,-0.67133,0.01562,0.19886,0.98381,0,0,48002
238.395000,367.186870,2.31914,-0.54927,-1.03751,0.01854,0.19910,0.97942,0,0,48003
238.400000,367.186870,1.95296,-0.06103,-1.09854,0.02123,0.20057,0.98088,0,0,48004
238.405000,367.202083,1.40369,0.30515,-0.85442,0.02269,0.20350,0.98454,0,0,48005
238.410000,367.202083,0.42721,0.85442,-0.54927,0.02123,0.20642,0.99235,0,0,48006
238.415000,367.202083,-0.36618,1.03751,-0.61030,0.01952,0.21033,1.00064,0,0,48007
238.420000,367.216817,-0.97648,1.03751,-0.85442,0.01830,0.21252,1.00772,0,0,48008
238.425000,367.216817,-1.34266,0.85442,-1.03751,0.02050,0.21374,1.01236,0,0,48009
238.430000,367.216817,-1.64781,0.48824,-1.03751,0.02196,0.21594,1.01309,0,0,48010
238.435000,367.231778,-2.01399,0.24412,-1.22060,0.02098,0.21814,1.01065,0,0,48011
238.440000,367.231778,-2.31914,0.18309,-0.91545,0.02074,0.21887,1.00821,0,0,48012
238.445000,367.231778,-2.38017,0.12206,-0.48824,0.02074,0.21936,1.00601,0,0,48013
238.450000,367.246705,-2.31914,-0.24412,0.00000,0.01928,0.22058,1.00357,0,0,48014
238.455000,367.246705,-2.13605,-0.30515,0.18309,0.01732,0.22033,1.00016,0,0,48015
238.460000,367.246705,-1.64781,-0.30515,0.42721,0.01879,0.21570,0.99772,0,0,48016
238.465000,367.261750,-0.97648,-0.24412,0.54927,0.01830,0.21057,0.99552,0,0,48017
238.470000,367.261750,-0.30515,-0.06103,0.91545,0.01879,0.20472,0.99162,0,0,48018
238.475000,367.261750,0.42721,0.30515,1.34266,0.01708,0.19886,0.99357,0,0,48019
238.480000,367.277151,0.73236,0.30515,1.64781,0.01586,0.19398,0.99772,0,0,48020
238.485000,367.277151,0.85442,0.00000,1.64781,0.01513,0.18934,0.99820,0,0,48021
238.490000,367.277151,0.79339,-0.24412,1.28163,0.01269,0.18300,1.00113,0,0,48022
238.495000,367.291864,0.67133,-0.30515,0.79339,0.01196,0.18080,1.00406,0,0,48023
238.500000,367.291864,0.61030,-0.48824,0.30515,0.01122,0.17983,1.00430,0,0,48024
238.505000,367.291864,0.24412,-0.85442,-0.06103,0.01147,0.17958,1.00089,0,0,48025
238.510000,367.306791,-0.30515,-1.03751,-0.12206,0.00952,0.18129,0.99698,0,0,48026
238.515000,367.306791,-0.61030,-1.15957,-0.24412,0.00708,0.18154,0.99332,0,0,48027
238.520000,367.306791,-0.79339,-1.03751,-0.54927,0.00610,0.18227,0.98918,0,0,48028
238.525000,367.321883,-0.91545,-0.97648,-0.91545,0.00781,0.18495,0.98796,0,0,48029
238.530000,367.321883,-0.73236,-0.91545,-1.52575,0.01171,0.18812,0.98552,0,0,48030
238.535000,367.321883,-0.61030,-0.91545,-1.83090,0.01488,0.19130,0.98210,0,0,48031
238.540000,367.337036,-0.67133,-0.85442,-1.83090,0.01854,0.19618,0.98112,0,0,48032
238.545000,367.337036,-0.36618,-0.67133,-1.34266,0.02147,0.20032,0.98137,0,0,48033
238.550000,367.337036,0.06103,-0.85442,-0.73236,0.02050,0.20301,0.97990,0,0,48034
238.555000,367.351854,0.79339,-0.97648,-0.61030,0.01976,0.20496,0.97698,0,0,48035
238.560000,367.351854,0.91545,-1.03751,-0.48824,0.02074,0.20716,0.97527,0,0,48036
238.565000,367.351854,0.79339,-1.03751,-0.48824,0.02050,0.20911,0.97454,0,0,48037
238.570000,367.366846,0.67133,-0.85442,-0.42721,0.02074,0.21106,0.97332,0,0,48038
238.575000,367.366846,0.42721,-0.42721,-0.12206,0.02025,0.21399,0.97405,0,0,48039
238.580000,367.366846,0.30515,0.00000,0.30515,0.02025,0.21448,0.97990,0,0,48040
238.585000,367.381991,0.12206,0.36618,0.73236,0.02001,0.21057,0.98552,0,0,48041
238.590000,367.381991,0.12206,0.42721,0.97648,0.01854,0.20716,0.99040,0,0,48042
238.595000,367.381991,0.12206,0.30515,1.03751,0.01684,0.20374,0.99454,0,0,48043
238.600000,367.397244,0.00000,0.12206,0.97648,0.01806,0.19984,0.99698,0,0,48044
238.605000,367.397244,-0.36618,0.06103,0.91545,0.01879,0.19618,0.99918,0,0,48045
238.610000,367.397244,-0.73236,0.06103,0.85442,0.01684,0.19349,0.99796,0,0,48046
238.615000,367.411915,-1.28163,0.30515,0.54927,0.01610,0.19056,0.99454,0,0,48047
238.620000,367.411915,-2.07502,0.42721,0.54927,0.01635,0.18739,0.99576,0,0,48048
238.625000,367.411915,-2.38017,0.30515,0.42721,0.01635,0.18446,0.99625,0,0,48049
238.630000,367.426713,-2.31914,0.18309,0.06103,0.01488,0.18032,0.99259,0,0,48050
238.635000,367.426713,-1.64781,0.00000,-0.61030,0.01269,0.18056,0.98820,0,0,48051
238.640000,367.426713,-0.79339,-0.30515,-1.03751,0.01074,0.18251,0.98649,0,0,48052
238.645000,367.442172,0.12206,-0.61030,-1.15957,0.01220,0.18422,0.98454,0,0,48053
238.650000,367.442172,0.67133,-0.85442,-1.28163,0.01342,0.18739,0.97844,0,0,48054
238.655000,367.442172,1.09854,-1.22060,-1.40369,0.01098,0.19130,0.97307,0,0,48055
238.660000,367.457043,1.15957,-1.03751,-1.22060,0.00927,0.19276,0.97136,0,0,48056
238.665000,367.457043,1.22060,-0.85442,-0.91545,0.00903,0.19422,0.96990,0,0,48057
238.670000,367.457043,1.46472,-0.67133,-0.61030,0.00756,0.19422,0.97063,0,0,48058
238.675000,367.471832,1.64781,-0.48824,-0.61030,0.00854,0.19349,0.97283,0,0,48059
238.680000,367.471832,1.70884,-0.30515,-0.73236,0.00927,0.19032,0.97502,0,0,48060
238.685000,367.471832,1.76987,-0.18309,-0.85442,0.01000,0.18886,0.97820,0,0,48061
238.690000,367.487079,1.64781,-0.18309,-0.79339,0.01098,0.18861,0.98210,0,0,48062
238.695000,367.487079,1.28163,-0.36618,-0.79339,0.01244,0.18812,0.98234,0,0,48063
238.700000,367.487079,0.73236,-0.36618,-0.97648,0.01318,0.18788,0.97917,0,0,48064
238.705000,367.501918,0.24412,-0.30515,-1.40369,0.01269,0.18886,0.97502,0,0,48065
238.710000,367.501918,-0.36618,-0.12206,-1.83090,0.01293,0.19252,0.97332,0,0,48066
238.715000,367.501918,-0.73236,0.18309,-2.07502,0.01366,0.19715,0.97185,0,0,48067
238.720000,367.517160,-0.85442,0.30515,-2.07502,0.01635,0.20154,0.97478,0,0,48068
238.725000,367.517160,-0.48824,0.48824,-1.95296,0.01781,0.20618,0.97942,0,0,48069
238.730000,367.517160,0.30515,0.48824,-1.70884,0.01635,0.20960,0.98356,0,0,48070
238.735000,367.531850,0.91545,0.24412,-1.46472,0.01513,0.21008,0.98722,0,0,48071
238.740000,367.531850,1.34266,0.06103,-1.03751,0.01562,0.21033,0.99088,0,0,48072
238.745000,367.531850,1.52575,-0.36618,-0.67133,0.01610,0.20960,0.99430,0,0,48073
238.750000,367.546830,1.70884,-0.73236,-0.42721,0.01708,0.20960,0.99284,0,0,48074
238.755000,367.546830,1.52575,-1.09854,-0.48824,0.01781,0.20911,0.99015,0,0,48075
238.760000,367.546830,1.28163,-1.15957,-0.54927,0.01806,0.20740,0.98478,0,0,48076
238.765000,367.562050,0.91545,-1.03751,-0.48824,0.01952,0.20520,0.97746,0,0,48077
238.770000,367.562050,0.30515,-0.79339,-0.36618,0.02123,0.20374,0.97356,0,0,48078
238.775000,367.562050,-0.24412,-0.54927,-0.12206,0.02050,0.20447,0.97136,0,0,48079
238.780000,367.577008,-0.61030,-0.18309,-0.30515,0.02025,0.20374,0.96917,0,0,48080
238.785000,367.577008,-0.48824,0.00000,-0.24412,0.02098,0.20203,0.96795,0,0,48081
238.790000,367.577008,-0.12206,0.18309,-0.18309,0.02001,0.20106,0.96795,0,0,48082
238.795000,367.591814,0.61030,0.36618,-0.12206,0.01928,0.20057,0.96844,0,0,48083
238.800000,367.591814,1.46472,0.42721,-0.06103,0.02001,0.19886,0.96941,0,0,48084
238.805000,367.591814,2.01399,0.54927,-0.18309,0.02001,0.19910,0.97039,0,0,48085
238.810000,367.606850,2.13605,0.54927,-0.24412,0.02294,0.20106,0.97185,0,0,48086
238.815000,367.606850,1.70884,0.67133,-0.06103,0.02611,0.20106,0.97307,0,0,48087
238.820000,367.606850,0.73236,0.97648,0.24412,0.02635,0.20081,0.97502,0,0,48088
238.825000,367.621934,-0.18309,1.15957,0.36618,0.02391,0.20276,0.97624,0,0,48089
238.830000,367.621934,-1.09854,1.40369,0.30515,0.02147,0.20301,0.97844,0,0,48090
238.835000,367.621934,-1.46472,1.58678,-0.12206,0.01952,0.20447,0.97844,0,0,48091
238.840000,367.637194,-1.52575,1.58678,-0.24412,0.02025,0.20520,0.98015,0,0,48092
238.845000,367.637194,-1.40369,1.76987,-0.30515,0.02196,0.20667,0.98308,0,0,48093
238.850000,367.637194,-0.97648,1.76987,-0.18309,0.02269,0.20813,0.98698,0,0,48094
238.855000,367.651952,-0.24412,1.40369,-0.12206,0.02098,0.21057,0.98893,0,0,48095
238.860000,367.651952,0.36618,1.34266,-0.06103,0.01708,0.21399,0.99186,0,0,48096
238.865000,367.651952,0.73236,1.28163,0.06103,0.01586,0.21326,0.99235,0,0,48097
238.870000,367.666698,0.67133,1.34266,0.00000,0.01757,0.21130,0.99210,0,0,48098
238.875000,367.666698,0.18309,1.46472,0.18309,0.01732,0.20862,0.99357,0,0,48099
238.880000,367.666698,-0.36618,1.64781,0.48824,0.01635,0.20520,0.99650,0,0,48100
238.885000,367.681844,-0.54927,1.76987,0.67133,0.01562,0.20032,0.99942,0,0,48101
238.890000,367.681844,-0.48824,1.70884,0.67133,0.01464,0.19593,1.00479,0,0,48102
238.895000,367.681844,-0.30515,1.46472,0.54927,0.01366,0.19496,1.00796,0,0,48103
238.900000,367.696754,-0.12206,1.15957,0.36618,0.01342,0.19496,1.00699,0,0,48104
238.905000,367.696754,-0.12206,0.79339,0.48824,0.01196,0.19569,1.00626,0,0,48105
238.910000,367.696754,0.06103,0.67133,0.97648,0.01049,0.19520,1.00430,0,0,48106
238.915000,367.711989,0.48824,0.54927,1.15957,0.00805,0.19105,1.00235,0,0,48107
238.920000,367.711989,0.73236,0.61030,0.91545,0.00561,0.18593,1.00284,0,0,48108
238.925000,367.711989,1.03751,0.61030,0.42721,0.00708,0.18276,1.00284,0,0,48109
238.925000,367.727180,1.03751,0.48824,0.18309,0.00854,0.18202,1.00211,0,0,48110
238.930000,367.727180,0.79339,0.12206,-0.18309,0.00781,0.18251,1.00235,0,0,48111
238.935000,367.727180,0.42721,0.06103,-0.61030,0.00854,0.18568,1.00138,0,0,48112
238.940000,367.741789,0.36618,-0.12206,-1.28163,0.01049,0.19008,0.99967,0,0,48113
238.945000,367.741789,0.42721,-0.12206,-1.89193,0.01122,0.19569,0.99918,0,0,48114
238.950000,367.741789,0.79339,-0.18309,-1.89193,0.01074,0.20106,0.99723,0,0,48115
238.955000,367.756865,1.09854,-0.24412,-1.70884,0.01147,0.20447,0.99698,0,0,48116
238.960000,367.756865,1.28163,-0.12206,-1.46472,0.01342,0.20838,0.99747,0,0,48117
238.965000,367.756865,1.28163,-0.06103,-0.79339,0.01318,0.20935,0.99723,0,0,48118
238.970000,367.771844,1.40369,-0.06103,-0.30515,0.01366,0.20838,0.99747,0,0,48119
238.975000,367.771844,1.09854,-0.12206,-0.24412,0.01610,0.20716,0.99650,0,0,48120
238.980000,367.771844,0.12206,-0.18309,-0.42721,0.01684,0.20716,0.99430,0,0,48121
238.985000,367.786767,-0.73236,-0.12206,-0.54927,0.01562,0.20716,0.99308,0,0,48122
238.990000,367.786767,-2.07502,0.18309,-0.67133,0.01366,0.20594,0.99284,0,0,48123
238.995000,367.786767,-2.80738,0.54927,-0.85442,0.01391,0.20496,0.99479,0,0,48124
239.000000,367.801762,-2.68532,0.61030,-1.15957,0.01440,0.20545,0.99723,0,0,48125
239.005000,367.801762,-1.95296,0.24412,-1.15957,0.01464,0.20667,0.99967,0,0,48126
239.010000,367.801762,-1.15957,0.06103,-1.03751,0.01488,0.20691,0.99942,0,0,48127
239.015000,367.816728,-0.61030,-0.06103,-0.97648,0.01610,0.20618,0.99406,0,0,48128
239.020000,367.816728,-0.54927,-0.12206,-0.91545,0.01635,0.20398,0.98893,0,0,48129
239.025000,367.816728,-0.67133,0.06103,-1.03751,0.01708,0.20276,0.98332,0,0,48130
239.030000,367.831797,-1.15957,0.24412,-0.91545,0.01684,0.20154,0.97966,0,0,48131
239.035000,367.831797,-1.40369,0.61030,-0.79339,0.01708,0.20106,0.97990,0,0,48132
239.040000,367.831797,-1.22060,0.85442,-0.67133,0.01830,0.19984,0.98088,0,0,48133
239.045000,367.846830,-0.48824,0.73236,-0.42721,0.01952,0.19740,0.98527,0,0,48134
239.050000,367.846830,0.42721,0.61030,-0.12206,0.01854,0.19666,0.99235,0,0,48135
239.055000,367.846830,1.58678,0.30515,-0.12206,0.01830,0.19715,0.99723,0,0,48136
239.060000,367.862160,2.25811,-0.06103,-0.24412,0.01806,0.20081,1.00235,0,0,48137
239.065000,367.862160,2.38017,-0.42721,-0.30515,0.01610,0.20398,1.00674,0,0,48138
239.070000,367.862160,1.58678,-0.61030,-0.48824,0.01415,0.20764,1.01065,0,0,48139
239.075000,367.876891,0.54927,-0.61030,-0.54927,0.01318,0.21155,1.00992,0,0,48140
239.080000,367.876891,-0.36618,-0.54927,-0.42721,0.01342,0.21350,1.00723,0,0,48141
239.085000,367.876891,-0.97648,-0.54927,-0.36618,0.01488,0.21277,1.00382,0,0,48142
239.090000,367.892164,-1.22060,-0.54927,-0.42721,0.01635,0.21008,0.99918,0,0,48143
239.095000,367.892164,-0.91545,-0.79339,-0.36618,0.01684,0.20716,0.99186,0,0,48144
239.100000,367.892164,-0.12206,-0.97648,-0.12206,0.01562,0.20398,0.98576,0,0,48145
239.105000,367.906865,0.54927,-0.85442,0.18309,0.01488,0.20130,0.98405,0,0,48146
239.110000,367.906865,1.15957,-0.73236,0.12206,0.01659,0.19984,0.98015,0,0,48147
239.115000,367.906865,1.40369,-0.61030,-0.06103,0.01854,0.20032,0.97771,0,0,48148
239.120000,367.921870,1.34266,-0.30515,-0.06103,0.01806,0.20154,0.97893,0,0,48149
239.125000,367.921870,0.54927,0.18309,-0.12206,0.01928,0.20374,0.98308,0,0,48150
239.130000,367.921870,-0.24412,0.48824,-0.36618,0.02098,0.20569,0.98869,0,0,48151
239.135000,367.936889,-1.03751,0.61030,-0.54927,0.02001,0.20618,0.99503,0,0,48152
239.140000,367.936889,-1.15957,0.54927,-0.54927,0.01952,0.20569,0.99869,0,0,48153
239.145000,367.936889,-0.79339,0.24412,-0.24412,0.02001,0.20569,1.00016,0,0,48154
239.150000,367.952164,0.06103,-0.30515,-0.06103,0.01952,0.20642,0.99894,0,0,48155
239.155000,367.952164,0.79339,-0.73236,0.12206,0.01879,0.20520,0.99332,0,0,48156
239.160000,367.952164,1.83090,-1.03751,0.24412,0.01708,0.20374,0.98796,0,0,48157
239.165000,367.967155,2.38017,-0.97648,0.48824,0.01537,0.20228,0.98478,0,0,48158
239.170000,367.967155,2.25811,-0.73236,0.79339,0.01488,0.20325,0.98308,0,0,48159
239.175000,367.967155,1.52575,-0.30515,0.85442,0.01391,0.20228,0.98308,0,0,48160
239.180000,367.982207,0.42721,0.06103,0.61030,0.01366,0.20008,0.98259,0,0,48161
239.185000,367.982207,-0.73236,0.30515,0.30515,0.01098,0.19740,0.98430,0,0,48162
239.190000,367.982207,-1.46472,0.42721,0.24412,0.01000,0.19398,0.98722,0,0,48163
239.195000,367.996868,-1.70884,0.30515,0.06103,0.01000,0.19276,0.98893,0,0,48164
239.200000,367.996868,-1.46472,0.06103,-0.36618,0.01049,0.19447,0.98893,0,0,48165
239.205000,367.996868,-0.79339,-0.30515,-0.73236,0.01074,0.19813,0.98698,0,0,48166
239.210000,368.011838,0.18309,-0.73236,-0.54927,0.01220,0.20203,0.98283,0,0,48167
239.215000,368.011838,1.34266,-1.03751,-0.18309,0.01513,0.20398,0.97844,0,0,48168
239.220000,368.011838,2.92944,-1.28163,0.36618,0.01806,0.20228,0.97527,0,0,48169
239.225000,368.027268,3.90592,-1.40369,0.61030,0.01708,0.20081,0.97551,0,0,48170
239.230000,368.027268,4.51622,-1.34266,1.03751,0.01562,0.19984,0.97380,0,0,48171
239.235000,368.027268,4.21107,-0.97648,1.46472,0.01318,0.19715,0.97185,0,0,48172
239.240000,368.042200,3.05150,-0.30515,1.83090,0.01196,0.19349,0.97454,0,0,48173
239.245000,368.042200,1.40369,0.24412,2.01399,0.01074,0.18886,0.97795,0,0,48174
239.250000,368.042200,0.30515,0.67133,1.83090,0.00878,0.18471,0.98283,0,0,48175
239.255000,368.056781,-0.42721,0.97648,1.15957,0.00781,0.17983,0.98942,0,0,48176
239.260000,368.056781,-0.48824,1.09854,0.42721,0.00732,0.17739,0.99454,0,0,48177
239.265000,368.056781,-0.30515,0.85442,-0.12206,0.00512,0.17714,0.99918,0,0,48178
239.270000,368.072136,0.18309,0.18309,-0.48824,0.00805,0.17690,1.00235,0,0,48179
239.275000,368.072136,0.73236,-0.54927,-0.79339,0.00805,0.17934,1.00211,0,0,48180
239.280000,368.072136,0.48824,-0.97648,-1.22060,0.00610,0.18398,0.99698,0,0,48181
239.285000,368.087020,-0.06103,-1.09854,-1.83090,0.00464,0.18715,0.98918,0,0,48182
239.290000,368.087020,-0.79339,-0.91545,-2.25811,0.00390,0.19105,0.98259,0,0,48183
239.295000,368.087020,-1.76987,-0.48824,-2.56326,0.00512,0.19666,0.97673,0,0,48184
239.300000,368.102136,-2.19708,-0.06103,-2.50223,0.00708,0.19935,0.97454,0,0,48185
239.305000,368.102136,-2.38017,0.30515,-2.31914,0.00634,0.20057,0.97624,0,0,48186
239.310000,368.102136,-1.95296,0.36618,-2.07502,0.00708,0.20057,0.97917,0,0,48187
239.315000,368.116826,-1.09854,0.24412,-2.07502,0.01025,0.19984,0.98088,0,0,48188
239.320000,368.116826,-0.30515,0.12206,-2.13605,0.01122,0.19984,0.98649,0,0,48189
239.325000,368.116826,0.67133,-0.18309,-2.19708,0.01220,0.20179,0.99015,0,0,48190
239.330000,368.131809,1.15957,-0.61030,-2.07502,0.01610,0.20423,0.98918,0,0,48191
239.335000,368.131809,1.22060,-1.22060,-1.89193,0.01879,0.20618,0.98844,0,0,48192
239.340000,368.131809,1.40369,-1.28163,-1.58678,0.01854,0.20838,0.98527,0,0,48193
239.345000,368.147001,1.58678,-1.28163,-1.22060,0.01928,0.20789,0.98186,0,0,48194
239.350000,368.147001,1.58678,-1.15957,-1.09854,0.02025,0.20569,0.97527,0,0,48195
239.355000,368.147001,1.28163,-0.73236,-1.09854,0.02074,0.20545,0.96966,0,0,48196
239.360000,368.162009,0.61030,-0.30515,-1.09854,0.02196,0.20691,0.96746,0,0,48197
239.365000,368.162009,0.00000,0.06103,-1.22060,0.02245,0.20911,0.96600,0,0,48198
239.370000,368.162009,-0.67133,0.61030,-1.46472,0.02245,0.21130,0.96526,0,0,48199
239.375000,368.176755,-1.09854,0.97648,-1.52575,0.02269,0.21448,0.96746,0,0,48200
239.380000,368.176755,-1.46472,1.22060,-1.52575,0.02245,0.21911,0.97112,0,0,48201
239.385000,368.176755,-1.64781,1.28163,-1.52575,0.02196,0.22253,0.97649,0,0,48202
239.390000,368.192184,-1.70884,1.34266,-1.40369,0.02245,0.22619,0.98039,0,0,48203
239.395000,368.192184,-1.52575,1.40369,-0.85442,0.02098,0.22790,0.98430,0,0,48204
239.400000,368.192184,-1.09854,1.22060,-0.06103,0.01976,0.22643,0.98796,0,0,48205
239.405000,368.207227,-0.61030,1.15957,0.61030,0.01732,0.22180,0.99040,0,0,48206
239.410000,368.207227,-0.24412,1.03751,1.03751,0.01488,0.21448,0.99210,0,0,48207
239.415000,368.207227,-0.06103,0.79339,1.22060,0.01415,0.20740,0.99259,0,0,48208
239.420000,368.221945,-0.18309,0.79339,1.09854,0.01488,0.20130,0.99186,0,0,48209
239.425000,368.221945,-0.91545,0.91545,0.61030,0.01537,0.19862,0.99088,0,0,48210
239.430000,368.221945,-1.58678,0.73236,0.30515,0.01318,0.19691,0.99137,0,0,48211
239.435000,368.236846,-2.07502,0.85442,0.00000,0.01244,0.19593,0.98869,0,0,48212
239.440000,368.236846,-2.25811,0.79339,-0.24412,0.01342,0.19544,0.98478,0,0,48213
239.445000,368.236846,-2.01399,0.73236,-0.61030,0.01318,0.19398,0.98112,0,0,48214
239.450000,368.252169,-1.09854,0.85442,-0.67133,0.01318,0.19325,0.98064,0,0,48215
239.455000,368.252169,-0.18309,0.67133,-0.61030,0.01610,0.19447,0.98161,0,0,48216
239.460000,368.252169,0.67133,0.42721,-0.73236,0.01806,0.19544,0.98234,0,0,48217
239.465000,368.267139,1.40369,0.18309,-0.91545,0.01732,0.19764,0.98332,0,0,48218
239.470000,368.267139,1.83090,0.24412,-0.97648,0.01659,0.20252,0.98527,0,0,48219
239.475000,368.267139,1.89193,0.48824,-0.85442,0.01732,0.20642,0.98796,0,0,48220
239.480000,368.281720,1.64781,0.79339,-0.73236,0.01684,0.20911,0.99210,0,0,48221
239.485000,368.281720,1.22060,0.91545,-0.67133,0.01635,0.21228,0.99820,0,0,48222
239.490000,368.281720,0.73236,0.79339,-0.67133,0.01659,0.21472,1.00113,0,0,48223
239.495000,368.296874,0.12206,0.61030,-0.54927,0.01464,0.21570,1.00357,0,0,48224
239.500000,368.296874,-0.30515,0.36618,-0.36618,0.01366,0.21692,1.00626,0,0,48225
239.505000,368.296874,-0.48824,0.00000,-0.24412,0.01562,0.21887,1.00333,0,0,48226
239.510000,368.312177,-0.73236,-0.36618,-0.18309,0.01488,0.21911,0.99772,0,0,48227
239.515000,368.312177,-0.79339,-0.42721,-0.12206,0.01220,0.21716,0.99113,0,0,48228
239.520000,368.312177,-0.73236,-0.42721,-0.06103,0.01220,0.21521,0.98332,0,0,48229
239.525000,368.326892,-0.91545,-0.18309,-0.24412,0.01342,0.21521,0.97795,0,0,48230
239.530000,368.326892,-1.22060,0.06103,-0.06103,0.01269,0.21618,0.97454,0,0,48231
239.535000,368.326892,-1.15957,0.18309,0.06103,0.01635,0.21423,0.97039,0,0,48232
239.540000,368.341923,-0.54927,0.30515,0.54927,0.02001,0.21082,0.96795,0,0,48233
239.545000,368.341923,0.67133,0.36618,0.79339,0.01537,0.20740,0.96892,0,0,48234
239.550000,368.341923,1.46472,0.42721,0.85442,0.01366,0.20472,0.97161,0,0,48235
239.555000,368.356813,1.89193,0.48824,0.79339,0.01562,0.20374,0.97478,0,0,48236
239.560000,368.356813,1.89193,0.54927,0.91545,0.01708,0.20325,0.97844,0,0,48237
239.565000,368.356813,1.64781,0.36618,0.85442,0.01732,0.20398,0.98137,0,0,48238
239.570000,368.371906,1.15957,0.30515,0.79339,0.01708,0.20423,0.98283,0,0,48239
239.575000,368.371906,0.36618,0.30515,0.85442,0.01830,0.20203,0.98430,0,0,48240
239.580000,368.371906,-0.18309,0.36618,1.09854,0.01806,0.20008,0.98698,0,0,48241
239.585000,368.387108,-0.42721,0.36618,1.40369,0.01659,0.19788,0.98649,0,0,48242
239.590000,368.387108,-0.36618,0.30515,1.34266,0.01391,0.19471,0.98674,0,0,48243
239.595000,368.387108,0.18309,0.48824,1.03751,0.01074,0.19496,0.98722,0,0,48244
239.600000,368.402125,0.73236,0.67133,0.97648,0.00952,0.19642,0.99137,0,0,48245
239.605000,368.402125,1.15957,0.61030,1.03751,0.01000,0.19813,0.99503,0,0,48246
239.610000,368.402125,1.34266,0.48824,0.97648,0.00952,0.19935,0.99772,0,0,48247
239.615000,368.417270,1.09854,0.36618,1.03751,0.00830,0.19813,0.99698,0,0,48248
239.620000,368.417270,0.48824,0.42721,0.79339,0.00634,0.19691,0.99454,0,0,48249
239.625000,368.417270,-0.36618,0.67133,0.30515,0.00537,0.19520,0.99284,0,0,48250
239.630000,368.432217,-0.91545,1.03751,0.06103,0.00634,0.19374,0.99137,0,0,48251
239.635000,368.432217,-1.28163,0.97648,-0.18309,0.00878,0.19252,0.98796,0,0,48252
239.640000,368.432217,-1.03751,0.91545,-0.30515,0.00976,0.19203,0.98381,0,0,48253
239.645000,368.446961,-0.30515,1.15957,0.00000,0.00927,0.19520,0.98405,0,0,48254
239.650000,368.446961,0.48824,1.15957,0.30515,0.00756,0.19715,0.98625,0,0,48255
239.655000,368.446961,1.34266,1.15957,0.54927,0.00732,0.19788,0.99064,0,0,48256
239.660000,368.461849,1.64781,1.09854,1.15957,0.00561,0.19691,0.99479,0,0,48257
239.665000,368.461849,1.64781,1.03751,1.64781,0.00390,0.19447,0.99845,0,0,48258
239.670000,368.461849,1.15957,0.97648,1.58678,0.00244,0.19032,1.00138,0,0,48259
239.675000,368.477008,0.61030,0.91545,1.22060,0.00098,0.18715,1.00357,0,0,48260
239.680000,368.477008,0.12206,0.97648,0.73236,-0.00049,0.18446,1.00455,0,0,48261
239.685000,368.477008,-0.42721,1.03751,0.24412,-0.00024,0.18349,1.00479,0,0,48262
239.690000,368.491979,-0.91545,1.09854,-0.24412,0.00073,0.18349,1.00406,0,0,48263
239.695000,368.491979,-1.28163,1.15957,-0.79339,0.00415,0.18276,1.00430,0,0,48264
239.700000,368.491979,-1.28163,0.91545,-1.09854,0.00634,0.18398,1.00699,0,0,48265
239.705000,368.506781,-1.22060,0.73236,-1.15957,0.01000,0.18471,1.01089,0,0,48266
239.710000,368.506781,-0.91545,0.42721,-0.85442,0.01342,0.18690,1.01284,0,0,48267
239.715000,368.506781,-0.18309,-0.06103,-0.67133,0.01122,0.18910,1.01162,0,0,48268
239.720000,368.521892,0.42721,-0.61030,-0.67133,0.00878,0.19032,1.01040,0,0,48269
239.725000,368.521892,1.03751,-1.09854,-0.97648,0.00708,0.19178,1.00748,0,0,48270
239.730000,368.521892,1.03751,-1.15957,-1.34266,0.00610,0.19203,1.00089,0,0,48271
239.735000,368.536876,0.73236,-0.97648,-1.58678,0.00708,0.19447,0.99381,0,0,48272
239.740000,368.536876,0.00000,-0.67133,-1.76987,0.00634,0.19569,0.98893,0,0,48273
239.745000,368.536876,-0.73236,0.00000,-1.76987,0.00586,0.19374,0.98649,0,0,48274
239.750000,368.551882,-1.34266,0.24412,-1.58678,0.00610,0.19227,0.98454,0,0,48275
239.755000,368.551882,-1.58678,0.30515,-1.40369,0.00732,0.19105,0.98454,0,0,48276
239.760000,368.551882,-1.40369,0.61030,-1.52575,0.00903,0.19349,0.98649,0,0,48277
239.765000,368.566882,-1.22060,0.79339,-1.83090,0.01098,0.19691,0.98869,0,0,48278
239.770000,368.566882,-1.09854,0.79339,-1.83090,0.01025,0.20130,0.99186,0,0,48279
239.775000,368.566882,-0.91545,0.73236,-1.76987,0.01171,0.20350,0.99503,0,0,48280
239.780000,368.581869,-0.54927,0.42721,-1.64781,0.01318,0.20642,0.99942,0,0,48281
239.785000,368.581869,-0.36618,0.06103,-1.52575,0.01196,0.20960,1.00284,0,0,48282
239.790000,368.581869,-0.54927,-0.18309,-1.52575,0.01293,0.21252,1.00479,0,0,48283
239.795000,368.597037,-1.09854,-0.18309,-1.52575,0.01440,0.21692,1.00552,0,0,48284
239.800000,368.597037,-1.89193,-0.12206,-1.22060,0.01488,0.21789,1.00723,0,0,48285
239.805000,368.597037,-2.74635,-0.24412,-0.91545,0.01635,0.21960,1.00772,0,0,48286
239.810000,368.612097,-3.41768,-0.36618,-0.67133,0.01610,0.22155,1.00748,0,0,48287
239.815000,368.612097,-3.66180,-0.54927,-0.48824,0.01610,0.22228,1.00455,0,0,48288
239.820000,368.612097,-3.23459,-0.67133,-0.42721,0.01684,0.22155,0.99942,0,0,48289
239.825000,368.626872,-2.07502,-0.91545,-0.06103,0.01659,0.21936,0.99552,0,0,48290
239.830000,368.626872,-0.42721,-1.22060,0.48824,0.01757,0.21618,0.99064,0,0,48291
239.835000,368.626872,1.09854,-1.52575,1.09854,0.01708,0.21252,0.98527,0,0,48292
239.840000,368.641791,2.62429,-1.70884,1.52575,0.01659,0.20691,0.98259,0,0,48293
239.845000,368.641791,3.66180,-1.95296,1.52575,0.01342,0.20081,0.97771,0,0,48294
239.850000,368.641791,3.60077,-1.76987,1.15957,0.01171,0.19642,0.97551,0,0,48295
239.855000,368.657126,2.80738,-1.28163,0.79339,0.01049,0.19252,0.97698,0,0,48296
239.860000,368.657126,1.40369,-0.79339,0.48824,0.01098,0.18837,0.97893,0,0,48297
239.865000,368.657126,-0.12206,-0.24412,0.18309,0.01147,0.18739,0.98186,0,0,48298
239.870000,368.671889,-1.58678,0.30515,-0.12206,0.01074,0.18715,0.98698,0,0,48299
239.875000,368.671889,-2.01399,0.30515,-0.48824,0.01000,0.18812,0.99015,0,0,48300
239.880000,368.671889,-2.13605,0.06103,-1.03751,0.01098,0.18886,0.99064,0,0,48301
239.885000,368.686786,-1.95296,-0.30515,-1.52575,0.01171,0.19178,0.98771,0,0,48302
239.890000,368.686786,-1.40369,-0.61030,-1.89193,0.01293,0.19837,0.98259,0,0,48303
239.895000,368.686786,-0.73236,-0.79339,-2.01399,0.01342,0.20789,0.97820,0,0,48304
239.900000,368.702327,-0.36618,-0.73236,-1.64781,0.01415,0.21814,0.97502,0,0,48305
239.905000,368.702327,-0.18309,-0.42721,-1.03751,0.01244,0.22741,0.97502,0,0,48306
239.910000,368.702327,-0.06103,0.12206,-0.30515,0.01220,0.23131,0.97771,0,0,48307
239.915000,368.716956,0.18309,0.36618,0.36618,0.01488,0.23034,0.98039,0,0,48308
239.920000,368.716956,0.36618,0.42721,1.46472,0.01732,0.22741,0.98454,0,0,48309
239.925000,368.716956,0.36618,0.36618,2.19708,0.01732,0.22082,0.98918,0,0,48310
239.930000,368.731786,0.30515,0.30515,2.50223,0.01562,0.21252,0.99113,0,0,48311
239.935000,368.731786,0.00000,0.24412,2.56326,0.01366,0.20252,0.99186,0,0,48312
239.940000,368.731786,0.12206,-0.12206,2.38017,0.01610,0.19422,0.98942,0,0,48313
239.945000,368.747055,0.18309,-0.30515,2.25811,0.01757,0.18861,0.98308,0,0,48314
239.950000,368.747055,0.24412,-0.24412,2.19708,0.01269,0.18690,0.97942,0,0,48315
239.955000,368.747055,0.42721,0.12206,2.01399,0.00830,0.18495,0.97844,0,0,48316
239.960000,368.761901,0.48824,0.36618,1.58678,0.00781,0.18642,0.97917,0,0,48317
239.965000,368.761901,0.12206,0.67133,1.09854,0.00634,0.18812,0.98430,0,0,48318
239.970000,368.761901,-0.30515,0.97648,0.79339,0.00464,0.18837,0.99015,0,0,48319
239.975000,368.776802,-0.61030,1.22060,0.48824,0.00342,0.18788,0.99723,0,0,48320
239.980000,368.776802,-0.91545,1.22060,0.12206,0.00342,0.18764,1.00333,0,0,48321
239.985000,368.776802,-1.03751,1.09854,-0.30515,0.00220,0.18812,1.00748,0,0,48322
239.990000,368.792105,-0.91545,0.91545,-0.73236,0.00171,0.18886,1.01040,0,0,48323
239.995000,368.792105,-0.85442,0.54927,-1.09854,0.00415,0.18812,1.01431,0,0,48324
240.000000,368.792105,-1.03751,0.12206,-1.28163,0.00756,0.18812,1.01504,0,0,48325
240.005000,368.806944,-1.58678,-0.24412,-1.28163,0.00878,0.18934,1.01382,0,0,48326
240.010000,368.806944,-2.25811,-0.48824,-1.22060,0.00708,0.19008,1.01309,0,0,48327
240.015000,368.806944,-2.62429,-0.67133,-1.03751,0.00439,0.18934,1.00992,0,0,48328
240.020000,368.822033,-2.50223,-0.91545,-0.97648,0.00439,0.18764,1.00552,0,0,48329
240.025000,368.822033,-2.01399,-1.46472,-0.85442,0.00366,0.18495,0.99918,0,0,48330
240.030000,368.822033,-1.15957,-1.64781,-0.97648,0.00220,0.18422,0.99162,0,0,48331
240.035000,368.838096,0.18309,-2.01399,-1.28163,0.00390,0.18446,0.98308,0,0,48332
240.040000,368.838096,1.58678,-2.44120,-1.28163,0.00830,0.18666,0.97405,0,0,48333
240.045000,368.838096,2.07502,-2.44120,-1.03751,0.01098,0.18837,0.97014,0,0,48334
240.050000,368.852191,2.07502,-2.07502,-0.73236,0.01098,0.19081,0.96770,0,0,48335
240.055000,368.852191,1.46472,-1.64781,-0.79339,0.01074,0.19178,0.96770,0,0,48336
240.060000,368.852191,0.30515,-0.79339,-0.91545,0.01000,0.19154,0.97136,0,0,48337
240.065000,368.867028,-0.42721,-0.06103,-1.22060,0.01147,0.18959,0.97551,0,0,48338
240.070000,368.867028,-0.73236,0.30515,-1.58678,0.01537,0.19032,0.98332,0,0,48339
240.075000,368.867028,-0.67133,0.24412,-1.70884,0.01586,0.19325,0.99064,0,0,48340
240.080000,368.881844,-0.30515,-0.18309,-1.70884,0.01586,0.19886,0.99406,0,0,48341
240.085000,368.881844,0.12206,-0.61030,-1.76987,0.01732,0.20228,0.99186,0,0,48342
240.090000,368.881844,0.42721,-1.03751,-1.76987,0.01879,0.20179,0.98991,0,0,48343
240.095000,368.896870,0.61030,-0.97648,-1.64781,0.01879,0.20276,0.98649,0,0,48344
240.100000,368.896870,0.24412,-0.73236,-1.40369,0.01879,0.20642,0.98405,0,0,48345
240.105000,368.896870,-0.36618,-0.42721,-1.03751,0.01757,0.20911,0.98430,0,0,48346
240.110000,368.912121,-1.03751,0.00000,-0.67133,0.01659,0.21179,0.98600,0,0,48347
240.115000,368.912121,-1.46472,0.24412,-0.54927,0.01537,0.21082,0.99235,0,0,48348
240.120000,368.912121,-1.83090,0.24412,-0.36618,0.01464,0.20960,0.99698,0,0,48349
240.125000,368.926956,-1.83090,0.18309,-0.79339,0.01342,0.20764,0.99747,0,0,48350
240.130000,368.926956,-1.64781,-0.42721,-1.03751,0.01244,0.20642,0.99430,0,0,48351
240.135000,368.926956,-1.15957,-0.79339,-1.22060,0.01366,0.20594,0.99040,0,0,48352
240.140000,368.941918,-0.24412,-1.09854,-1.09854,0.01562,0.20740,0.98552,0,0,48353
240.145000,368.941918,0.67133,-1.40369,-0.97648,0.01610,0.20764,0.97868,0,0,48354
240.150000,368.941918,1.58678,-1.52575,-0.54927,0.01732,0.20716,0.97185,0,0,48355
240.155000,368.956743,2.25811,-1.64781,0.00000,0.01928,0.20520,0.96673,0,0,48356
240.160000,368.956743,2.38017,-1.40369,0.61030,0.01952,0.20350,0.96526,0,0,48357
240.165000,368.956743,2.13605,-0.61030,0.85442,0.01781,0.20423,0.96746,0,0,48358
240.170000,368.971989,1.52575,0.06103,0.67133,0.01635,0.20252,0.97502,0,0,48359
240.175000,368.971989,0.48824,0.48824,0.54927,0.01659,0.20179,0.98600,0,0,48360
240.180000,368.971989,-0.67133,0.67133,0.42721,0.01488,0.20081,0.99820,0,0,48361
240.185000,368.986798,-1.76987,0.67133,0.06103,0.01415,0.19886,1.00504,0,0,48362
240.190000,368.986798,-2.80738,0.42721,-0.48824,0.01415,0.19935,1.00967,0,0,48363
240.195000,368.986798,-3.60077,0.00000,-1.09854,0.01415,0.20130,1.01187,0,0,48364
240.200000,369.001933,-3.90592,-0.42721,-1.34266,0.01415,0.20252,1.00870,0,0,48365
240.205000,369.001933,-4.21107,-0.79339,-1.64781,0.01562,0.20472,1.00162,0,0,48366
240.210000,369.001933,-4.57725,-0.79339,-1.76987,0.01684,0.20350,0.99186,0,0,48367
240.215000,369.017175,-4.88240,-0.67133,-1.64781,0.01684,0.20203,0.98405,0,0,48368
240.220000,369.017175,-4.88240,-0.36618,-1.09854,0.01659,0.20179,0.97893,0,0,48369
240.225000,369.017175,-4.51622,-0.30515,-1.03751,0.01586,0.20252,0.97698,0,0,48370
240.230000,369.031773,-3.29562,-0.24412,-0.85442,0.01488,0.20374,0.97746,0,0,48371
240.235000,369.031773,-1.58678,-0.42721,-0.48824,0.01537,0.20545,0.98137,0,0,48372
240.240000,369.031773,0.18309,-0.67133,-0.06103,0.01537,0.20862,0.98576,0,0,48373
240.245000,369.047127,2.31914,-1.09854,0.36618,0.01708,0.21179,0.98722,0,0,48374
240.250000,369.047127,3.53974,-1.28163,0.73236,0.01586,0.21448,0.98698,0,0,48375
240.255000,369.047127,3.66180,-0.97648,1.09854,0.01415,0.21570,0.98600,0,0,48376
240.260000,369.062068,2.92944,-0.67133,1.64781,0.01366,0.21423,0.98430,0,0,48377
240.265000,369.062068,1.40369,-0.18309,2.25811,0.01244,0.20911,0.98064,0,0,48378
240.270000,369.062068,0.18309,0.24412,2.19708,0.01244,0.20398,0.97771,0,0,48379
240.275000,369.076860,-0.97648,0.73236,1.70884,0.01342,0.19959,0.97478,0,0,48380
240.280000,369.076860,-2.07502,1.40369,1.15957,0.01391,0.19691,0.97478,0,0,48381
240.285000,369.076860,-2.99047,2.01399,0.85442,0.01415,0.19593,0.97893,0,0,48382
240.290000,369.092211,-3.41768,2.25811,0.48824,0.01659,0.19593,0.98259,0,0,48383
240.295000,369.092211,-3.17356,1.83090,0.36618,0.01806,0.19520,0.98552,0,0,48384
240.300000,369.092211,-2.68532,1.52575,0.42721,0.01610,0.19666,0.98625,0,0,48385
240.305000,369.107214,-1.89193,1.34266,0.79339,0.01440,0.19691,0.98844,0,0,48386
240.310000,369.107214,-0.91545,1.03751,1.09854,0.01318,0.19593,0.98966,0,0,48387
240.315000,369.107214,0.12206,0.54927,1.28163,0.01293,0.19325,0.98722,0,0,48388
240.320000,369.122166,1.22060,0.06103,1.64781,0.01171,0.18910,0.98259,0,0,48389
240.325000,369.122166,2.07502,-0.12206,2.19708,0.00878,0.18544,0.98039,0,0,48390
240.330000,369.122166,2.80738,0.06103,2.99047,0.00659,0.18105,0.98137,0,0,48391
240.335000,369.137009,3.23459,-0.12206,3.23459,0.00708,0.17788,0.98308,0,0,48392
240.340000,369.137009,3.53974,-0.30515,2.62429,0.00512,0.17617,0.98478,0,0,48393
240.345000,369.137009,3.78386,-0.12206,2.01399,0.00244,0.17666,0.98942,0,0,48394
240.350000,369.151898,3.60077,0.06103,1.34266,0.00195,0.17934,0.99552,0,0,48395
240.355000,369.151898,3.35665,0.18309,0.67133,0.00220,0.18373,1.00430,0,0,48396
240.360000,369.151898,2.68532,0.06103,0.12206,0.00317,0.18739,1.01114,0,0,48397
240.365000,369.167194,1.89193,-0.12206,-0.24412,0.00342,0.19081,1.01821,0,0,48398
240.370000,369.167194,0.73236,-0.42721,-0.54927,0.00317,0.19422,1.02334,0,0,48399
240.375000,369.167194,-0.24412,-0.73236,-0.61030,0.00220,0.19544,1.02578,0,0,48400
240.380000,369.181927,-1.15957,-0.97648,-0.73236,0.00220,0.19398,1.02626,0,0,48401
240.385000,369.181927,-1.76987,-1.28163,-0.97648,0.00317,0.19325,1.02163,0,0,48402
240.390000,369.181927,-2.01399,-1.46472,-1.28163,0.00464,0.19325,1.01406,0,0,48403
240.395000,369.197028,-2.01399,-1.40369,-1.09854,0.00610,0.19325,1.00357,0,0,48404
240.400000,369.197028,-1.83090,-1.34266,-0.30515,0.00903,0.19276,0.99552,0,0,48405
240.405000,369.197028,-1.52575,-1.28163,0.24412,0.01025,0.19105,0.99015,0,0,48406
240.410000,369.212162,-1.22060,-1.15957,0.73236,0.00830,0.18886,0.98747,0,0,48407
240.415000,369.212162,-0.73236,-1.15957,0.85442,0.00708,0.18739,0.98259,0,0,48408
240.420000,369.212162,-0.12206,-1.09854,0.79339,0.00683,0.18739,0.97795,0,0,48409
240.425000,369.227114,0.42721,-1.09854,0.61030,0.00781,0.18934,0.97649,0,0,48410
240.430000,369.227114,0.54927,-0.85442,0.54927,0.00927,0.19032,0.97624,0,0,48411
240.435000,369.227114,0.42721,-0.54927,0.30515,0.01098,0.19081,0.97746,0,0,48412
240.440000,369.241899,0.00000,-0.42721,-0.06103,0.01293,0.19203,0.98210,0,0,48413
240.445000,369.241899,-0.18309,-0.42721,-0.24412,0.01318,0.19447,0.98698,0,0,48414
240.450000,369.241899,-0.24412,-0.73236,-0.61030,0.01366,0.19764,0.98966,0,0,48415
240.455000,369.257194,-0.36618,-1.03751,-1.03751,0.01391,0.19935,0.98869,0,0,48416
240.460000,369.257194,-0.61030,-1.28163,-1.15957,0.01586,0.19910,0.98381,0,0,48417
240.465000,369.257194,-1.40369,-1.40369,-1.15957,0.02001,0.19935,0.97746,0,0,48418
240.470000,369.271900,-2.19708,-1.28163,-0.97648,0.01952,0.20106,0.97234,0,0,48419
240.475000,369.271900,-3.05150,-0.79339,-0.97648,0.01732,0.20398,0.96648,0,0,48420
240.480000,369.271900,-3.60077,-0.18309,-0.97648,0.01586,0.20447,0.96234,0,0,48421
240.485000,369.287211,-3.84489,0.42721,-0.85442,0.01854,0.20057,0.96331,0,0,48422
240.490000,369.287211,-3.47871,0.73236,-0.61030,0.01903,0.19715,0.96746,0,0,48423
240.495000,369.287211,-2.07502,0.61030,-0.54927,0.01586,0.19837,0.97185,0,0,48424
240.500000,369.301789,-0.54927,0.42721,-0.42721,0.01610,0.20106,0.97673,0,0,48425
240.505000,369.301789,0.97648,0.30515,-0.30515,0.01854,0.20057,0.98210,0,0,48426
240.510000,369.301789,2.07502,0.18309,0.00000,0.01879,0.19862,0.98600,0,0,48427
240.515000,369.316841,2.80738,0.00000,0.06103,0.01732,0.19642,0.98722,0,0,48428
240.520000,369.316841,3.66180,-0.36618,0.00000,0.01732,0.19422,0.98893,0,0,48429
240.525000,369.316841,4.08901,-0.54927,-0.36618,0.01781,0.19398,0.98918,0,0,48430
240.530000,369.332223,3.96695,-0.61030,-0.73236,0.01635,0.19325,0.98844,0,0,48431
240.535000,369.332223,3.47871,-0.24412,-1.09854,0.01464,0.19105,0.98576,0,0,48432
240.540000,369.332223,2.38017,-0.06103,-1.46472,0.01488,0.19032,0.98625,0,0,48433
240.545000,369.347021,1.15957,-0.06103,-2.07502,0.01537,0.19252,0.98722,0,0,48434
240.550000,369.347021,0.73236,-0.06103,-2.38017,0.01610,0.19544,0.98649,0,0,48435
240.555000,369.347021,0.91545,-0.12206,-2.25811,0.01830,0.19935,0.98649,0,0,48436
240.560000,369.361896,1.09854,-0.24412,-1.89193,0.01903,0.20301,0.98600,0,0,48437
240.565000,369.361896,1.40369,-0.54927,-1.22060,0.01928,0.20740,0.98747,0,0,48438
240.570000,369.361896,1.64781,-0.79339,-0.73236,0.02123,0.21204,0.98991,0,0,48439
240.575000,369.377079,1.64781,-0.73236,-0.48824,0.02220,0.21521,0.99235,0,0,48440
240.580000,369.377079,1.34266,-0.54927,-0.48824,0.02245,0.21911,0.99308,0,0,48441
240.585000,369.377079,0.67133,-0.36618,-0.24412,0.02147,0.22009,0.99430,0,0,48442
240.590000,369.391916,0.06103,-0.06103,0.18309,0.02050,0.21911,0.99674,0,0,48443
240.595000,369.391916,-0.61030,0.18309,0.67133,0.02172,0.21740,0.99723,0,0,48444
240.600000,369.391916,-1.22060,0.30515,1.09854,0.02269,0.21472,0.99674,0,0,48445
240.605000,369.406830,-1.70884,0.36618,1.46472,0.02001,0.21130,0.99576,0,0,48446
240.610000,369.406830,-1.70884,0.42721,1.64781,0.01684,0.20716,0.99454,0,0,48447
240.615000,369.406830,-1.22060,0.36618,1.95296,0.01781,0.20154,0.99113,0,0,48448
240.620000,369.421891,-0.30515,0.24412,2.31914,0.01903,0.19642,0.98552,0,0,48449
240.625000,369.421891,0.18309,0.00000,2.86841,0.01781,0.19520,0.98381,0,0,48450
240.630000,369.421891,0.67133,-0.12206,3.23459,0.01464,0.19203,0.98332,0,0,48451
240.635000,369.436760,0.97648,-0.24412,3.05150,0.01269,0.18812,0.98039,0,0,48452
240.640000,369.436760,0.97648,-0.24412,2.44120,0.01244,0.18446,0.97966,0,0,48453
240.645000,369.436760,1.09854,0.06103,2.07502,0.01049,0.18202,0.97990,0,0,48454
240.650000,369.452078,1.28163,0.30515,1.70884,0.01171,0.18007,0.98283,0,0,48455
240.655000,369.452078,1.58678,0.30515,1.46472,0.01318,0.17910,0.98869,0,0,48456
240.660000,369.452078,1.58678,0.30515,1.15957,0.01220,0.17641,0.99235,0,0,48457
240.665000,369.466815,1.70884,-0.24412,0.79339,0.01220,0.17568,0.99528,0,0,48458
240.670000,369.466815,1.95296,-0.67133,0.36618,0.01342,0.17544,0.99650,0,0,48459
240.675000,369.466815,1.89193,-0.91545,0.12206,0.01220,0.17812,0.99332,0,0,48460
240.680000,369.481905,1.64781,-0.79339,0.00000,0.01025,0.18129,0.99284,0,0,48461
240.685000,369.481905,1.34266,-0.73236,0.00000,0.00854,0.18227,0.99332,0,0,48462
240.690000,369.481905,1.52575,-0.85442,-0.18309,0.00659,0.18227,0.99088,0,0,48463
240.695000,369.496931,1.89193,-1.03751,-0.42721,0.00756,0.18300,0.98771,0,0,48464
240.700000,369.496931,2.07502,-1.28163,-0.61030,0.01049,0.18349,0.98430,0,0,48465
240.705000,369.496931,2.13605,-1.28163,-0.79339,0.01147,0.18446,0.98112,0,0,48466
240.710000,369.512230,2.13605,-1.15957,-1.03751,0.01098,0.18690,0.97649,0,0,48467
240.715000,369.512230,2.07502,-1.09854,-1.52575,0.01318,0.18715,0.97332,0,0,48468
240.720000,369.512230,1.70884,-0.73236,-2.01399,0.01708,0.18983,0.97258,0,0,48469
240.725000,369.526933,0.97648,-0.42721,-2.25811,0.01952,0.19374,0.97112,0,0,48470
240.730000,369.526933,-0.18309,-0.18309,-2.56326,0.02050,0.19813,0.97161,0,0,48471
240.735000,369.526933,-1.64781,0.42721,-2.74635,0.02220,0.20057,0.97234,0,0,48472
240.740000,369.541842,-2.92944,0.97648,-2.74635,0.02416,0.20496,0.97502,0,0,48473
240.745000,369.541842,-3.11253,1.28163,-2.44120,0.02586,0.20691,0.97966,0,0,48474
240.750000,369.541842,-2.80738,1.34266,-1.95296,0.02806,0.20813,0.98308,0,0,48475
240.755000,369.556875,-1.95296,1.15957,-1.28163,0.02879,0.21008,0.98722,0,0,48476
240.760000,369.556875,-1.03751,0.97648,-0.48824,0.02757,0.21228,0.99088,0,0,48477
240.765000,369.556875,0.00000,0.42721,0.18309,0.02611,0.21472,0.99259,0,0,48478
240.770000,369.571757,0.48824,0.06103,0.48824,0.02733,0.21301,0.99162,0,0,48479
240.775000,369.571757,0.79339,0.00000,0.79339,0.02708,0.21130,0.99064,0,0,48480
240.780000,369.571757,0.79339,0.12206,1.03751,0.02416,0.20911,0.99259,0,0,48481
240.785000,369.586960,0.48824,0.30515,0.97648,0.02172,0.20594,0.99406,0,0,48482
240.790000,369.586960,0.00000,0.48824,0.54927,0.01879,0.20496,0.99479,0,0,48483
240.795000,369.586960,-0.18309,0.48824,0.24412,0.01903,0.20520,0.99552,0,0,48484
240.800000,369.602024,-0.18309,0.42721,0.12206,0.02025,0.20398,0.99650,0,0,48485
240.805000,369.602024,0.06103,0.18309,0.12206,0.02220,0.20545,0.99674,0,0,48486
240.810000,369.602024,0.54927,-0.18309,0.30515,0.02172,0.20935,0.99625,0,0,48487
240.815000,369.617168,0.97648,-0.61030,0.61030,0.01708,0.21228,0.99332,0,0,48488
240.820000,369.617168,1.58678,-0.67133,0.91545,0.01806,0.21374,0.98942,0,0,48489
240.825000,369.617168,1.58678,-0.42721,1.15957,0.01830,0.21326,0.98674,0,0,48490
240.830000,369.632029,1.34266,-0.18309,1.83090,0.01610,0.21033,0.98552,0,0,48491
240.835000,369.632029,1.15957,0.24412,2.13605,0.01342,0.20496,0.98503,0,0,48492
240.840000,369.632029,1.09854,0.54927,1.76987,0.01196,0.19862,0.98649,0,0,48493
240.845000,369.647136,0.91545,0.79339,1.46472,0.01244,0.19178,0.98942,0,0,48494
240.850000,369.647136,0.67133,0.97648,1.15957,0.01147,0.18544,0.99210,0,0,48495
240.855000,369.647136,0.54927,1.22060,0.91545,0.01342,0.18032,0.99430,0,0,48496
240.860000,369.662037,0.18309,1.09854,0.30515,0.01586,0.17836,0.99650,0,0,48497
240.865000,369.662037,-0.54927,0.91545,-0.36618,0.01586,0.18080,0.99820,0,0,48498
240.870000,369.662037,-1.09854,0.91545,-0.67133,0.01513,0.18373,1.00016,0,0,48499
240.875000,369.679322,-1.46472,0.85442,-0.79339,0.01732,0.18837,1.00186,0,0,48500
240.880000,369.679322,-1.70884,0.67133,-0.79339,0.01903,0.19325,1.00284,0,0,48501
240.885000,369.679322,-1.76987,0.54927,-0.85442,0.01928,0.19862,1.00308,0,0,48502
240.890000,369.692198,-1.64781,0.48824,-0.97648,0.02074,0.20423,1.00504,0,0,48503
240.895000,369.692198,-1.22060,0.36618,-0.73236,0.02147,0.20911,1.00650,0,0,48504
240.900000,369.692198,-0.91545,0.24412,-0.54927,0.02220,0.21277,1.00723,0,0,48505
240.905000,369.706800,-0.91545,-0.06103,-0.30515,0.02391,0.21618,1.00601,0,0,48506
240.910000,369.706800,-0.73236,-0.18309,-0.12206,0.02196,0.21814,1.00308,0,0,48507
240.915000,369.706800,-0.42721,-0.06103,0.06103,0.02025,0.21789,0.99967,0,0,48508
240.920000,369.721908,-0.36618,0.06103,0.30515,0.01854,0.21618,0.99747,0,0,48509
240.925000,369.721908,-0.48824,0.06103,0.42721,0.01366,0.21301,0.99528,0,0,48510
240.930000,369.721908,-0.61030,0.06103,0.36618,0.01196,0.20886,0.99430,0,0,48511
240.935000,369.737336,-0.42721,0.06103,0.30515,0.01049,0.20569,0.99454,0,0,48512
240.940000,369.737336,0.18309,-0.24412,0.36618,0.01049,0.20154,0.99625,0,0,48513
240.945000,369.737336,0.79339,-0.67133,0.73236,0.01196,0.19691,0.99528,0,0,48514
240.950000,369.751771,1.34266,-0.97648,1.40369,0.01342,0.19276,0.99674,0,0,48515
240.955000,369.751771,1.40369,-1.22060,2.07502,0.01196,0.19154,0.99552,0,0,48516
240.960000,369.751771,1.28163,-0.97648,2.07502,0.01147,0.19032,0.99308,0,0,48517
240.965000,369.766774,0.67133,-0.73236,1.40369,0.01220,0.18812,0.99064,0,0,48518
240.970000,369.766774,0.06103,-0.36618,0.67133,0.01293,0.18690,0.99308,0,0,48519
240.975000,369.766774,-0.42721,-0.12206,0.18309,0.01488,0.18690,0.99528,0,0,48520
240.980000,369.781763,-0.73236,-0.18309,-0.30515,0.01562,0.18861,0.99625,0,0,48521
240.985000,369.781763,-0.61030,-0.30515,-0.61030,0.01635,0.19081,0.99796,0,0,48522
240.990000,369.781763,0.00000,-0.54927,-0.91545,0.01586,0.19374,0.99698,0,0,48523
240.995000,369.796715,0.24412,-0.79339,-0.97648,0.01293,0.19666,0.99650,0,0,48524
241.000000,369.796715,0.18309,-0.97648,-0.97648,0.01318,0.20106,0.99479,0,0,48525
241.005000,369.796715,-0.42721,-0.79339,-1.22060,0.01318,0.20569,0.99381,0,0,48526
241.010000,369.811674,-1.46472,-0.48824,-1.22060,0.01220,0.20764,0.99528,0,0,48527
241.015000,369.811674,-2.44120,-0.18309,-0.91545,0.01220,0.20594,0.99674,0,0,48528
241.020000,369.811674,-2.50223,-0.18309,-0.67133,0.01293,0.20130,0.99772,0,0,48529
241.025000,369.826579,-2.13605,-0.36618,-0.61030,0.01293,0.19642,0.99625,0,0,48530
241.030000,369.826579,-1.46472,-0.79339,-0.18309,0.01318,0.19130,0.99601,0,0,48531
241.035000,369.826579,-0.61030,-1.22060,0.06103,0.01293,0.18715,0.99454,0,0,48532
241.040000,369.841600,0.61030,-1.95296,0.00000,0.01293,0.18471,0.99040,0,0,48533
241.045000,369.841600,1.22060,-2.38017,-0.12206,0.01293,0.18446,0.98405,0,0,48534
241.050000,369.841600,1.58678,-2.68532,-0.36618,0.01244,0.18495,0.97844,0,0,48535
241.055000,369.856588,1.70884,-2.74635,-0.54927,0.01269,0.18666,0.97283,0,0,48536
241.060000,369.856588,1.89193,-2.56326,-0.36618,0.01293,0.18812,0.96697,0,0,48537
241.065000,369.856588,1.89193,-2.25811,-0.24412,0.01293,0.18910,0.96258,0,0,48538
241.070000,369.871610,1.83090,-1.95296,-0.06103,0.01391,0.19056,0.96404,0,0,48539
241.075000,369.871610,1.40369,-1.58678,0.06103,0.01610,0.19471,0.96648,0,0,48540
241.080000,369.871610,0.42721,-1.09854,-0.12206,0.01708,0.19984,0.96917,0,0,48541
241.085000,369.886604,-0.73236,-0.61030,-0.30515,0.01610,0.20398,0.97210,0,0,48542
241.090000,369.886604,-2.01399,-0.30515,-0.24412,0.01684,0.20740,0.97429,0,0,48543
241.095000,369.886604,-2.62429,-0.36618,0.12206,0.01659,0.20911,0.97600,0,0,48544
241.100000,369.901612,-2.92944,-0.54927,0.36618,0.01928,0.20789,0.97576,0,0,48545
241.105000,369.901612,-2.99047,-0.73236,0.48824,0.02269,0.20838,0.97210,0,0,48546
241.110000,369.901612,-2.92944,-0.73236,0.61030,0.02342,0.20813,0.96722,0,0,48547
241.115000,369.916594,-2.56326,-0.67133,0.97648,0.02391,0.20789,0.96282,0,0,48548
241.120000,369.916594,-1.64781,-0.73236,1.70884,0.02318,0.20472,0.96014,0,0,48549
241.125000,369.916594,-0.67133,-0.79339,2.01399,0.02269,0.19862,0.95550,0,0,48550
241.130000,369.931591,0.24412,-0.54927,2.13605,0.02342,0.19398,0.95160,0,0,48551
241.135000,369.931591,0.79339,0.06103,2.01399,0.02391,0.19081,0.95306,0,0,48552
241.140000,369.931591,0.97648,0.79339,1.89193,0.02513,0.18886,0.95965,0,0,48553
241.145000,369.946592,0.73236,1.03751,1.58678,0.02586,0.18764,0.96478,0,0,48554
241.150000,369.946592,0.12206,1.40369,0.97648,0.02464,0.18715,0.96917,0,0,48555
241.155000,369.946592,-0.48824,1.76987,0.30515,0.02269,0.18764,0.97600,0,0,48556
241.160000,369.961589,-1.09854,2.01399,-0.06103,0.02196,0.18910,0.98503,0,0,48557
241.165000,369.961589,-1.46472,1.83090,-0.36618,0.02196,0.19178,0.99162,0,0,48558
241.170000,369.961589,-1.58678,1.58678,-0.73236,0.02294,0.19618,0.99454,0,0,48559
241.175000,369.976513,-1.40369,1.28163,-1.03751,0.02245,0.19886,0.99674,0,0,48560
241.180000,369.976513,-0.85442,1.03751,-0.91545,0.02196,0.20008,0.99357,0,0,48561
241.185000,369.976513,-0.12206,0.61030,-0.48824,0.02342,0.20350,0.99064,0,0,48562
241.190000,369.991597,0.73236,0.00000,0.18309,0.02220,0.20496,0.98576,0,0,48563
241.195000,369.991597,1.22060,-0.18309,0.54927,0.02050,0.20447,0.98015,0,0,48564
241.200000,369.991597,1.64781,0.00000,0.91545,0.01854,0.20203,0.97868,0,0,48565
241.205000,370.006610,1.89193,0.48824,1.22060,0.01586,0.19764,0.97698,0,0,48566
241.210000,370.006610,2.01399,1.15957,1.40369,0.01586,0.19154,0.97966,0,0,48567
241.215000,370.006610,2.07502,1.64781,1.28163,0.01781,0.18617,0.98674,0,0,48568
241.220000,370.021592,2.01399,1.52575,0.73236,0.01903,0.18105,0.99381,0,0,48569
241.225000,370.021592,1.70884,1.34266,0.06103,0.01903,0.17983,0.99845,0,0,48570
241.230000,370.021592,1.15957,1.15957,-0.73236,0.01903,0.18202,1.00162,0,0,48571
241.235000,370.036597,0.30515,0.91545,-1.70884,0.02050,0.18446,1.00308,0,0,48572
241.240000,370.036597,-0.06103,0.67133,-2.25811,0.02050,0.19081,1.00260,0,0,48573
241.245000,370.036597,-0.36618,0.42721,-2.44120,0.02074,0.19837,1.00162,0,0,48574
241.250000,370.051600,-0.42721,0.24412,-2.50223,0.02050,0.20667,0.99869,0,0,48575
241.255000,370.051600,-0.12206,0.06103,-2.50223,0.02050,0.21521,0.99357,0,0,48576
241.260000,370.051600,0.54927,0.24412,-2.31914,0.02074,0.22058,0.99137,0,0,48577
241.265000,370.066609,1.09854,0.42721,-1.76987,0.02196,0.22277,0.99186,0,0,48578
241.270000,370.066609,1.46472,0.36618,-1.22060,0.02220,0.22350,0.99259,0,0,48579
241.275000,370.066609,1.64781,0.30515,-0.85442,0.02123,0.22326,0.99308,0,0,48580
241.280000,370.081596,1.40369,0.42721,-0.54927,0.02342,0.22228,0.99113,0,0,48581
241.285000,370.081596,0.91545,0.73236,-0.24412,0.02586,0.21643,0.99040,0,0,48582
241.290000,370.081596,0.18309,1.22060,0.42721,0.02464,0.21155,0.99479,0,0,48583
241.295000,370.096597,-0.36618,1.34266,1.09854,0.02342,0.20642,0.99479,0,0,48584
241.300000,370.096597,-0.79339,1.09854,1.52575,0.02098,0.20398,0.99454,0,0,48585
241.305000,370.096597,-0.85442,1.09854,1.89193,0.01806,0.20228,0.99601,0,0,48586
241.310000,370.111593,-0.67133,1.03751,1.89193,0.01537,0.20032,0.99528,0,0,48587
241.315000,370.111593,-0.12206,0.79339,1.58678,0.01293,0.19691,0.99284,0,0,48588
241.320000,370.111593,0.61030,0.48824,1.52575,0.01293,0.19422,0.99162,0,0,48589
241.325000,370.126598,1.52575,0.42721,1.58678,0.01293,0.19154,0.99040,0,0,48590
241.330000,370.126598,2.13605,0.18309,1.40369,0.01196,0.18910,0.98722,0,0,48591
241.335000,370.126598,2.44120,0.30515,1.15957,0.01025,0.18739,0.98308,0,0,48592
241.340000,370.141598,2.31914,0.73236,0.73236,0.01147,0.18276,0.98234,0,0,48593
241.345000,370.141598,1.64781,1.09854,0.48824,0.01391,0.18056,0.98478,0,0,48594
241.350000,370.141598,0.91545,1.34266,0.24412,0.01366,0.17934,0.98893,0,0,48595
241.355000,370.156970,0.12206,1.46472,0.06103,0.01147,0.18056,0.99284,0,0,48596
241.360000,370.156970,-0.42721,1.58678,-0.24412,0.01196,0.18129,0.99698,0,0,48597
241.365000,370.156970,-0.48824,1.40369,-0.24412,0.01220,0.18178,1.00406,0,0,48598
241.370000,370.171868,0.00000,0.91545,-0.12206,0.01098,0.18446,1.00894,0,0,48599
241.375000,370.171868,0.42721,0.30515,-0.30515,0.00903,0.18886,1.00943,0,0,48600
241.380000,370.171868,0.61030,-0.24412,-0.61030,0.00903,0.19349,1.00528,0,0,48601
241.385000,370.186732,0.42721,-0.42721,-0.85442,0.01049,0.19618,1.00064,0,0,48602
241.390000,370.186732,-0.12206,-0.42721,-0.91545,0.01171,0.20057,0.99723,0,0,48603
241.395000,370.186732,-0.85442,-0.36618,-0.85442,0.01098,0.20618,0.99479,0,0,48604
241.400000,370.201975,-1.34266,-0.24412,-0.85442,0.01318,0.21155,0.99186,0,0,48605
241.405000,370.201975,-1.64781,-0.06103,-0.73236,0.01562,0.21252,0.99040,0,0,48606
241.410000,370.201975,-1.58678,0.24412,-0.42721,0.01635,0.21008,0.99015,0,0,48607
241.415000,370.216744,-1.15957,0.30515,-0.12206,0.01757,0.20472,0.99040,0,0,48608
241.420000,370.216744,-0.42721,0.06103,0.24412,0.01708,0.20228,0.99040,0,0,48609
241.425000,370.216744,0.18309,-0.24412,0.24412,0.01586,0.19862,0.98869,0,0,48610
241.430000,370.231823,0.97648,-0.36618,0.18309,0.01488,0.19300,0.98600,0,0,48611
241.435000,370.231823,1.58678,-0.36618,0.06103,0.01513,0.18934,0.98064,0,0,48612
241.440000,370.231823,1.70884,-0.67133,0.12206,0.01562,0.18861,0.97380,0,0,48613
241.445000,370.246910,1.52575,-0.67133,0.30515,0.01440,0.18983,0.96917,0,0,48614
241.450000,370.246910,1.09854,-0.12206,0.54927,0.01244,0.19008,0.96917,0,0,48615
241.455000,370.246910,0.36618,0.54927,0.36618,0.01269,0.18886,0.97185,0,0,48616
241.460000,370.261919,-0.61030,0.91545,-0.06103,0.01391,0.18788,0.97624,0,0,48617
241.465000,370.261919,-1.40369,1.09854,-0.79339,0.01562,0.19130,0.98308,0,0,48618
241.470000,370.261919,-1.46472,1.22060,-1.15957,0.01610,0.19447,0.98844,0,0,48619
241.475000,370.276988,-0.91545,0.97648,-1.28163,0.01732,0.19764,0.99137,0,0,48620
241.480000,370.276988,-0.06103,0.61030,-1.15957,0.01732,0.20032,0.99332,0,0,48621
241.485000,370.276988,0.91545,0.18309,-0.91545,0.01586,0.20374,0.99235,0,0,48622
241.490000,370.291970,2.13605,-0.24412,-0.67133,0.01806,0.20618,0.99064,0,0,48623
241.495000,370.291970,2.74635,-0.61030,-0.48824,0.01928,0.20838,0.98430,0,0,48624
241.500000,370.291970,2.99047,-0.54927,-0.36618,0.01732,0.21179,0.98015,0,0,48625
241.505000,370.306905,2.56326,0.00000,-0.12206,0.01806,0.21399,0.98283,0,0,48626
241.510000,370.306905,2.07502,0.48824,0.12206,0.01830,0.21448,0.98625,0,0,48627
241.515000,370.306905,1.58678,0.91545,0.18309,0.01684,0.21472,0.99162,0,0,48628
241.520000,370.322204,1.15957,1.09854,0.24412,0.01659,0.21496,1.00016,0,0,48629
241.525000,370.322204,0.91545,0.91545,0.61030,0.01366,0.21326,1.00650,0,0,48630
241.530000,370.322204,0.61030,0.61030,0.91545,0.01122,0.21399,1.01260,0,0,48631
241.535000,370.336848,-0.06103,0.30515,0.73236,0.01122,0.21057,1.01406,0,0,48632
241.540000,370.336848,-0.54927,0.18309,0.42721,0.01318,0.20545,1.01138,0,0,48633
241.545000,370.336848,-1.22060,0.06103,0.12206,0.01366,0.20252,1.00748,0,0,48634
241.550000,370.351849,-1.52575,0.06103,0.00000,0.01269,0.19910,1.00089,0,0,48635
241.555000,370.351849,-1.52575,0.00000,-0.06103,0.01342,0.19398,0.99625,0,0,48636
241.560000,370.351849,-0.97648,-0.06103,-0.06103,0.01537,0.19105,0.99332,0,0,48637
241.565000,370.366932,-0.06103,-0.18309,-0.12206,0.01513,0.19056,0.99088,0,0,48638
241.570000,370.366932,1.09854,-0.48824,-0.18309,0.01342,0.19105,0.98966,0,0,48639
241.575000,370.366932,2.01399,-0.85442,-0.12206,0.01074,0.19569,0.98893,0,0,48640
241.580000,370.381785,2.62429,-1.22060,0.00000,0.00854,0.20008,0.98503,0,0,48641
241.585000,370.381785,2.62429,-1.34266,0.06103,0.00610,0.20252,0.98015,0,0,48642
241.590000,370.381785,2.19708,-1.09854,0.12206,0.00439,0.20398,0.97820,0,0,48643
241.595000,370.397199,1.95296,-0.73236,0.30515,0.00317,0.20423,0.97868,0,0,48644
241.600000,370.397199,1.58678,-0.48824,0.42721,0.00415,0.20008,0.98332,0,0,48645
241.605000,370.397199,1.40369,-0.42721,0.42721,0.00537,0.19642,0.98625,0,0,48646
241.610000,370.412017,1.15957,-0.54927,0.36618,0.00854,0.19496,0.98844,0,0,48647
241.615000,370.412017,0.67133,-0.54927,0.61030,0.01391,0.19349,0.98869,0,0,48648
241.620000,370.412017,-0.24412,-0.06103,0.67133,0.01537,0.19130,0.98649,0,0,48649
241.625000,370.427098,-1.58678,0.36618,0.67133,0.01513,0.18910,0.98722,0,0,48650
241.630000,370.427098,-3.05150,1.03751,0.06103,0.01610,0.18861,0.99088,0,0,48651
241.635000,370.427098,-4.51622,1.52575,-0.61030,0.01708,0.18910,0.99625,0,0,48652
241.640000,370.442206,-5.79785,1.95296,-1.34266,0.01562,0.19056,1.00284,0,0,48653
241.645000,370.442206,-6.10300,2.01399,-1.58678,0.01293,0.19325,1.00943,0,0,48654
241.650000,370.442206,-5.61476,1.58678,-1.64781,0.01293,0.19544,1.01162,0,0,48655
241.655000,370.457186,-4.45519,0.79339,-1.95296,0.01293,0.19862,1.00894,0,0,48656
241.660000,370.457186,-3.11253,-0.06103,-2.25811,0.01415,0.20301,1.00406,0,0,48657
241.665000,370.457186,-1.76987,-0.54927,-2.44120,0.01635,0.20789,0.99991,0,0,48658
241.670000,370.472196,-0.91545,-0.79339,-2.19708,0.01659,0.21252,0.99723,0,0,48659
241.675000,370.472196,-0.36618,-0.97648,-1.70884,0.01562,0.21643,0.99479,0,0,48660
241.680000,370.472196,-0.18309,-1.09854,-1.34266,0.01610,0.21667,0.99186,0,0,48661
241.685000,370.487071,-0.30515,-1.09854,-1.03751,0.01708,0.21423,0.98869,0,0,48662
241.690000,370.487071,-0.61030,-0.91545,-0.36618,0.01757,0.20960,0.98576,0,0,48663
241.695000,370.487071,-0.73236,-0.79339,-0.18309,0.01806,0.20545,0.98430,0,0,48664
241.700000,370.501995,-0.73236,-0.73236,-0.18309,0.01879,0.20252,0.98405,0,0,48665
241.705000,370.501995,-0.67133,-0.73236,-0.24412,0.01976,0.20203,0.98259,0,0,48666
241.710000,370.501995,-0.48824,-0.85442,-0.12206,0.01806,0.20398,0.97966,0,0,48667
241.715000,370.516895,0.06103,-0.85442,0.00000,0.01806,0.20569,0.97649,0,0,48668
241.720000,370.516895,0.42721,-0.67133,-0.12206,0.01830,0.20716,0.97478,0,0,48669
241.725000,370.516895,0.79339,-0.36618,-0.12206,0.01781,0.20813,0.97429,0,0,48670
241.730000,370.531796,0.79339,-0.18309,-0.12206,0.01659,0.20935,0.97454,0,0,48671
241.735000,370.531796,1.03751,0.00000,0.18309,0.01488,0.20716,0.97673,0,0,48672
241.740000,370.531796,1.22060,-0.06103,0.42721,0.01513,0.20642,0.97746,0,0,48673
241.745000,370.546764,1.22060,-0.18309,0.36618,0.01562,0.20764,0.97649,0,0,48674
241.750000,370.546764,0.79339,0.00000,0.54927,0.01562,0.20984,0.97746,0,0,48675
241.755000,370.546764,0.06103,0.30515,0.85442,0.01708,0.21008,0.97990,0,0,48676
241.760000,370.561807,-0.30515,0.61030,0.91545,0.01976,0.20569,0.98137,0,0,48677
241.765000,370.561807,-0.48824,0.67133,0.54927,0.01903,0.20203,0.98552,0,0,48678
241.770000,370.561807,-0.48824,0.61030,0.18309,0.01879,0.20057,0.98893,0,0,48679
241.775000,370.577030,-0.18309,0.30515,-0.12206,0.01854,0.19862,0.99040,0,0,48680
241.780000,370.577030,0.00000,0.00000,-0.48824,0.01659,0.19935,0.99162,0,0,48681
241.785000,370.577030,0.12206,-0.18309,-0.79339,0.01537,0.20008,0.99088,0,0,48682
241.790000,370.591851,0.12206,-0.24412,-0.85442,0.01366,0.20008,0.98893,0,0,48683
241.795000,370.591851,0.42721,-0.42721,-0.79339,0.01293,0.20081,0.98698,0,0,48684
241.800000,370.591851,0.85442,-0.61030,-0.91545,0.01464,0.20228,0.98332,0,0,48685
241.805000,370.606883,1.28163,-0.61030,-0.85442,0.01391,0.20301,0.97990,0,0,48686
241.810000,370.606883,1.64781,-0.54927,-0.67133,0.01293,0.20374,0.97478,0,0,48687
241.815000,370.606883,2.13605,-0.42721,-0.12206,0.01586,0.20350,0.97063,0,0,48688
241.820000,370.622135,2.31914,-0.06103,0.24412,0.01830,0.20276,0.96868,0,0,48689
241.825000,370.622135,2.50223,-0.12206,0.73236,0.01952,0.20130,0.96746,0,0,48690
241.830000,370.622135,1.89193,0.42721,1.40369,0.01903,0.19984,0.96966,0,0,48691
241.835000,370.637207,1.22060,1.09854,1.89193,0.02001,0.19593,0.97307,0,0,48692
241.840000,370.637207,0.79339,1.52575,1.83090,0.02050,0.19203,0.97990,0,0,48693
241.845000,370.637207,0.18309,1.70884,1.22060,0.01830,0.19227,0.98893,0,0,48694
241.850000,370.652020,-0.48824,1.76987,0.85442,0.01562,0.19447,0.99528,0,0,48695
241.855000,370.652020,-0.97648,1.64781,0.67133,0.01293,0.19813,1.00113,0,0,48696
241.860000,370.652020,-1.76987,1.46472,0.61030,0.00903,0.20008,1.00723,0,0,48697
241.865000,370.666899,-2.31914,1.34266,0.48824,0.00732,0.20032,1.00601,0,0,48698
241.870000,370.666899,-2.38017,1.15957,0.42721,0.00708,0.20081,1.00528,0,0,48699
241.875000,370.666899,-1.83090,0.97648,0.48824,0.00561,0.19959,1.00796,0,0,48700
241.880000,370.683414,-0.97648,0.67133,0.42721,0.00610,0.19910,1.00626,0,0,48701
241.885000,370.683414,-0.06103,0.18309,0.18309,0.00708,0.19813,1.00235,0,0,48702
241.890000,370.683414,0.54927,-0.36618,-0.06103,0.00805,0.19544,0.99796,0,0,48703
241.895000,370.696808,1.22060,-0.79339,-0.18309,0.00976,0.19325,0.99406,0,0,48704
241.900000,370.696808,1.76987,-1.15957,-0.24412,0.01171,0.18983,0.98869,0,0,48705
241.905000,370.696808,2.19708,-1.40369,-0.36618,0.01122,0.18837,0.98430,0,0,48706
241.910000,370.712163,2.44120,-1.28163,-0.48824,0.01025,0.18934,0.98161,0,0,48707
241.915000,370.712163,2.31914,-0.91545,-0.54927,0.01196,0.18959,0.98405,0,0,48708
241.920000,370.712163,2.25811,-0.67133,-0.67133,0.01342,0.18983,0.98820,0,0,48709
241.925000,370.728415,1.58678,-0.42721,-0.79339,0.01488,0.19056,0.99406,0,0,48710
241.930000,370.728415,0.85442,-0.30515,-0.91545,0.01440,0.19081,0.99796,0,0,48711
241.935000,370.728415,-0.06103,-0.48824,-1.03751,0.01196,0.19300,0.99967,0,0,48712
241.940000,370.742023,-0.36618,-0.79339,-0.91545,0.01147,0.19544,0.99723,0,0,48713
241.945000,370.742023,-0.61030,-0.91545,-0.91545,0.01025,0.19813,0.99430,0,0,48714
241.950000,370.742023,-0.67133,-0.97648,-0.79339,0.01244,0.20228,0.98747,0,0,48715
241.955000,370.756877,-0.54927,-0.91545,-0.79339,0.01366,0.20667,0.98112,0,0,48716
241.960000,370.756877,-0.79339,-0.48824,-0.79339,0.01708,0.20911,0.97429,0,0,48717
241.965000,370.756877,-1.22060,-0.06103,-0.54927,0.02074,0.20862,0.97063,0,0,48718
241.970000,370.771863,-1.46472,0.18309,-0.18309,0.02342,0.20764,0.96819,0,0,48719
241.975000,370.771863,-1.58678,0.48824,-0.06103,0.02147,0.20545,0.96966,0,0,48720
241.980000,370.771863,-1.46472,0.91545,-0.06103,0.02050,0.20520,0.97429,0,0,48721
241.985000,370.786752,-1.09854,1.15957,-0.06103,0.02123,0.20520,0.97990,0,0,48722
241.990000,370.786752,-0.36618,1.22060,-0.18309,0.02220,0.20496,0.98356,0,0,48723
241.995000,370.786752,0.12206,1.09854,-0.06103,0.02050,0.20447,0.98869,0,0,48724
242.000000,370.801785,0.67133,0.85442,0.06103,0.01854,0.20447,0.99259,0,0,48725
242.005000,370.801785,0.97648,0.61030,0.12206,0.01903,0.20301,0.99528,0,0,48726
242.010000,370.801785,0.97648,0.24412,-0.12206,0.02050,0.20203,0.99674,0,0,48727
242.015000,370.816870,0.48824,0.12206,-0.18309,0.02050,0.20032,0.99698,0,0,48728
242.020000,370.816870,-0.36618,0.12206,-0.30515,0.01781,0.20032,0.99406,0,0,48729
242.025000,370.816870,-0.67133,0.24412,-0.12206,0.01806,0.20081,0.99088,0,0,48730
242.030000,370.832200,-0.73236,0.06103,0.06103,0.01781,0.20252,0.98796,0,0,48731
242.035000,370.832200,-0.61030,0.18309,0.06103,0.01854,0.20447,0.98454,0,0,48732
242.040000,370.832200,-0.48824,0.12206,0.00000,0.02050,0.20472,0.98332,0,0,48733
242.045000,370.847183,-0.18309,0.12206,-0.06103,0.02172,0.20594,0.98430,0,0,48734
242.050000,370.847183,0.18309,0.12206,0.06103,0.02123,0.20496,0.98576,0,0,48735
242.055000,370.847183,0.36618,0.06103,0.24412,0.02074,0.20472,0.98893,0,0,48736
242.060000,370.862196,0.54927,0.06103,0.42721,0.02025,0.20618,0.99430,0,0,48737
242.065000,370.862196,0.73236,0.18309,0.48824,0.02001,0.20618,0.99796,0,0,48738
242.070000,370.862196,0.73236,0.00000,0.73236,0.01610,0.20740,1.00016,0,0,48739
242.075000,370.876894,0.79339,-0.30515,1.03751,0.01415,0.20764,0.99869,0,0,48740
242.080000,370.876894,0.67133,-0.30515,1.46472,0.01464,0.20716,0.99650,0,0,48741
242.085000,370.876894,0.18309,-0.12206,1.89193,0.01366,0.20642,0.99576,0,0,48742
242.090000,370.892047,-0.30515,0.18309,1.89193,0.01171,0.20374,0.99332,0,0,48743
242.095000,370.892047,-0.54927,0.42721,1.52575,0.01196,0.20032,0.99332,0,0,48744
242.100000,370.892047,-0.54927,0.36618,1.40369,0.01244,0.19642,0.99284,0,0,48745
242.105000,370.906795,-0.36618,0.06103,1.22060,0.01122,0.19447,0.99186,0,0,48746
242.110000,370.906795,-0.24412,-0.18309,0.91545,0.01098,0.19398,0.98747,0,0,48747
242.115000,370.906795,0.12206,-0.24412,0.48824,0.01244,0.19374,0.98552,0,0,48748
242.120000,370.921949,0.36618,-0.06103,0.06103,0.01440,0.19618,0.98430,0,0,48749
242.125000,370.921949,0.73236,0.00000,-0.06103,0.01269,0.19886,0.98552,0,0,48750
242.130000,370.921949,0.85442,0.24412,0.00000,0.01269,0.20008,0.98771,0,0,48751
242.135000,370.937206,0.91545,0.30515,0.12206,0.01440,0.20154,0.98942,0,0,48752
242.140000,370.937206,0.42721,0.36618,0.12206,0.01586,0.20398,0.99162,0,0,48753
242.145000,370.937206,-0.30515,0.36618,0.06103,0.01562,0.20618,0.99381,0,0,48754
242.150000,370.951907,-1.09854,0.48824,-0.12206,0.01537,0.20813,0.99528,0,0,48755
242.155000,370.951907,-1.89193,0.48824,0.12206,0.01708,0.20789,0.99674,0,0,48756
242.160000,370.951907,-2.07502,0.36618,0.18309,0.01684,0.20691,0.99650,0,0,48757
242.165000,370.967249,-1.83090,0.06103,0.06103,0.01488,0.20374,0.99528,0,0,48758
242.170000,370.967249,-1.46472,-0.18309,-0.12206,0.01513,0.20276,0.99308,0,0,48759
242.175000,370.967249,-0.91545,-0.36618,-0.36618,0.01488,0.20398,0.98918,0,0,48760
242.180000,370.982177,-0.12206,-0.61030,-0.42721,0.01488,0.20496,0.98356,0,0,48761
242.185000,370.982177,1.03751,-0.79339,0.12206,0.01586,0.20667,0.97820,0,0,48762
242.190000,370.982177,1.76987,-0.67133,0.85442,0.01391,0.20911,0.97820,0,0,48763
242.195000,370.997230,2.19708,-0.54927,1.64781,0.01220,0.21008,0.97893,0,0,48764
242.200000,370.997230,2.38017,-0.42721,2.13605,0.01025,0.20886,0.98161,0,0,48765
242.205000,370.997230,2.56326,-0.12206,2.31914,0.00708,0.20594,0.98527,0,0,48766
242.210000,371.011998,2.50223,0.12206,2.31914,0.00659,0.20179,0.98918,0,0,48767
242.215000,371.011998,2.31914,0.12206,2.07502,0.00659,0.19740,0.99284,0,0,48768
242.220000,371.011998,1.76987,0.12206,2.01399,0.00488,0.19252,0.99430,0,0,48769
242.225000,371.027036,0.97648,0.36618,1.89193,0.00537,0.18861,0.99698,0,0,48770
242.230000,371.027036,-0.06103,0.48824,1.58678,0.00756,0.18398,0.99942,0,0,48771
242.235000,371.027036,-1.34266,0.48824,0.97648,0.00878,0.18007,1.00064,0,0,48772
242.240000,371.041834,-1.46472,0.42721,0.42721,0.00952,0.17690,1.00308,0,0,48773
242.245000,371.041834,-1.03751,0.18309,-0.06103,0.00805,0.17690,1.00504,0,0,48774
242.250000,371.041834,-0.30515,-0.24412,-0.54927,0.00683,0.17934,1.00357,0,0,48775
242.250000,371.057194,0.30515,-0.36618,-0.97648,0.00708,0.18251,1.00260,0,0,48776
242.255000,371.057194,0.67133,-0.61030,-1.34266,0.00537,0.18861,1.00186,0,0,48777
242.260000,371.057194,0.79339,-0.91545,-1.40369,0.00659,0.19081,1.00186,0,0,48778
242.265000,371.072016,0.79339,-1.09854,-1.28163,0.00708,0.18983,0.99625,0,0,48779
242.270000,371.072016,0.48824,-1.09854,-0.79339,0.00708,0.18764,0.99479,0,0,48780
242.275000,371.072016,0.12206,-1.09854,-0.24412,0.01025,0.18666,0.99357,0,0,48781
242.280000,371.087215,-0.24412,-1.09854,-0.24412,0.01171,0.18495,0.99015,0,0,48782
242.285000,371.087215,-0.61030,-0.97648,-0.61030,0.01122,0.18520,0.98649,0,0,48783
242.290000,371.087215,-0.42721,-0.73236,-0.97648,0.01147,0.18666,0.98430,0,0,48784
242.295000,371.101854,0.18309,-0.79339,-1.22060,0.01440,0.18837,0.98405,0,0,48785
242.300000,371.101854,0.67133,-1.03751,-1.28163,0.01586,0.19203,0.98552,0,0,48786
242.305000,371.101854,1.09854,-1.34266,-1.40369,0.01757,0.19520,0.98454,0,0,48787
242.310000,371.116838,1.22060,-1.34266,-1.40369,0.02001,0.19715,0.98332,0,0,48788
242.315000,371.116838,1.15957,-1.22060,-1.34266,0.02025,0.20203,0.98454,0,0,48789
242.320000,371.116838,0.61030,-0.91545,-1.28163,0.01928,0.20740,0.98698,0,0,48790
242.325000,371.131810,-0.30515,-0.48824,-1.34266,0.01903,0.21277,0.98991,0,0,48791
242.330000,371.131810,-1.03751,-0.06103,-1.15957,0.01903,0.21423,0.99454,0,0,48792
242.335000,371.131810,-1.28163,0.06103,-1.09854,0.02050,0.21252,0.99650,0,0,48793
242.340000,371.146855,-1.03751,-0.18309,-1.15957,0.02025,0.21155,0.99552,0,0,48794
242.345000,371.146855,-0.42721,-0.67133,-1.28163,0.01976,0.21228,0.99137,0,0,48795
242.350000,371.146855,0.06103,-0.91545,-0.97648,0.02123,0.21326,0.98698,0,0,48796
242.355000,371.161869,0.73236,-1.03751,-0.36618,0.02318,0.21521,0.98308,0,0,48797
242.360000,371.161869,1.28163,-0.97648,0.12206,0.02367,0.21350,0.97722,0,0,48798
242.365000,371.161869,1.15957,-0.67133,0.36618,0.02416,0.21008,0.97527,0,0,48799
242.365000,371.176918,0.91545,-0.24412,0.61030,0.02464,0.20716,0.97649,0,0,48800
242.370000,371.176918,0.42721,0.48824,0.67133,0.02513,0.20374,0.97990,0,0,48801
242.375000,371.176918,0.06103,0.48824,0.36618,0.02367,0.20057,0.98478,0,0,48802
242.380000,371.191939,-0.24412,0.36618,-0.18309,0.02172,0.19666,0.98503,0,0,48803
242.385000,371.191939,-0.24412,0.36618,-0.24412,0.02123,0.19496,0.98625,0,0,48804
242.390000,371.191939,-0.12206,0.36618,0.00000,0.02098,0.19520,0.98796,0,0,48805
242.395000,371.207198,0.00000,0.24412,0.06103,0.01928,0.19715,0.98747,0,0,48806
242.400000,371.207198,0.06103,0.00000,-0.24412,0.01659,0.19959,0.98771,0,0,48807
242.405000,371.207198,-0.24412,-0.06103,-0.30515,0.01781,0.20179,0.98820,0,0,48808
242.410000,371.222218,-0.24412,-0.30515,-0.18309,0.01854,0.20106,0.98844,0,0,48809
242.415000,371.222218,-0.18309,-0.36618,-0.36618,0.01732,0.20252,0.98503,0,0,48810
242.420000,371.222218,0.24412,-0.61030,-0.42721,0.01708,0.20228,0.98161,0,0,48811
242.425000,371.237209,0.67133,-0.73236,-0.18309,0.01830,0.20130,0.98137,0,0,48812
242.430000,371.237209,1.52575,-0.91545,0.06103,0.02001,0.20130,0.97917,0,0,48813
242.435000,371.237209,2.13605,-1.03751,0.06103,0.02172,0.20325,0.97502,0,0,48814
242.440000,371.253171,2.19708,-0.73236,0.00000,0.02220,0.20350,0.97356,0,0,48815
242.445000,371.253171,1.34266,-0.30515,0.00000,0.02391,0.20447,0.97502,0,0,48816
242.450000,371.253171,0.18309,0.18309,0.00000,0.02416,0.20472,0.97990,0,0,48817
242.455000,371.267112,-0.67133,0.54927,0.00000,0.02416,0.20374,0.98430,0,0,48818
242.460000,371.267112,-1.52575,0.73236,-0.06103,0.02220,0.20228,0.99088,0,0,48819
242.465000,371.267112,-1.76987,0.73236,-0.36618,0.02050,0.20374,0.99650,0,0,48820
242.470000,371.282033,-1.28163,0.24412,-0.73236,0.01952,0.20984,0.99601,0,0,48821
242.475000,371.282033,-0.30515,-0.67133,-0.85442,0.01879,0.21862,0.98918,0,0,48822
242.480000,371.282033,0.48824,-1.22060,-0.48824,0.01757,0.22619,0.98064,0,0,48823
242.480000,371.296885,0.85442,-1.22060,0.06103,0.01708,0.22985,0.97551,0,0,48824
242.485000,371.296885,1.03751,-0.67133,1.15957,0.01806,0.22985,0.97014,0,0,48825
242.490000,371.296885,1.03751,-0.12206,1.52575,0.01806,0.22375,0.96648,0,0,48826
242.495000,371.311814,1.15957,0.30515,1.89193,0.01952,0.21374,0.96624,0,0,48827
242.500000,371.311814,1.34266,0.91545,2.44120,0.02025,0.20276,0.97112,0,0,48828
242.505000,371.311814,1.09854,1.09854,2.92944,0.01976,0.19056,0.97820,0,0,48829
242.510000,371.326890,1.03751,1.15957,2.68532,0.01976,0.18178,0.98283,0,0,48830
242.515000,371.326890,0.18309,1.22060,1.89193,0.01830,0.17788,0.98991,0,0,48831
242.520000,371.326890,-0.61030,1.34266,1.46472,0.01879,0.17812,0.99650,0,0,48832
242.525000,371.341889,-1.15957,1.09854,0.97648,0.01708,0.17958,0.99942,0,0,48833
242.530000,371.341889,-1.40369,0.85442,0.54927,0.01488,0.18007,1.00211,0,0,48834
242.535000,371.341889,-1.28163,0.73236,0.24412,0.01586,0.18227,1.00430,0,0,48835
242.540000,371.356920,-1.09854,0.54927,0.06103,0.01659,0.18422,1.00479,0,0,48836
242.545000,371.356920,-0.67133,0.00000,0.06103,0.01464,0.18690,1.00211,0,0,48837
242.550000,371.356920,-0.18309,-0.42721,0.00000,0.01342,0.18764,0.99772,0,0,48838
242.555000,371.372082,0.06103,-0.48824,-0.18309,0.01171,0.18788,0.99528,0,0,48839
242.560000,371.372082,0.36618,-0.48824,-0.36618,0.01171,0.18788,0.99284,0,0,48840
242.565000,371.372082,0.54927,-0.67133,-0.54927,0.01220,0.18861,0.98918,0,0,48841
242.570000,371.387191,0.24412,-0.61030,-0.91545,0.01171,0.19032,0.98576,0,0,48842
242.575000,371.387191,-0.18309,-0.42721,-1.28163,0.01196,0.19032,0.98283,0,0,48843
242.580000,371.387191,-0.30515,-0.12206,-1.64781,0.01196,0.19130,0.98308,0,0,48844
242.585000,371.401839,-0.12206,0.00000,-1.83090,0.01488,0.19325,0.98308,0,0,48845
242.590000,371.401839,0.12206,-0.06103,-1.83090,0.01879,0.19520,0.98478,0,0,48846
242.595000,371.401839,0.42721,-0.06103,-1.52575,0.02050,0.19886,0.98600,0,0,48847
242.600000,371.416917,0.30515,-0.06103,-1.34266,0.02220,0.20203,0.98796,0,0,48848
242.605000,371.416917,-0.12206,0.24412,-1.15957,0.02464,0.20569,0.99113,0,0,48849
242.610000,371.416917,-0.48824,0.24412,-0.91545,0.02464,0.21008,0.99186,0,0,48850
242.615000,371.432039,-1.34266,0.30515,-0.42721,0.02342,0.21326,0.99235,0,0,48851
242.620000,371.432039,-1.64781,0.36618,-0.48824,0.02074,0.21521,0.99357,0,0,48852
242.625000,371.432039,-1.89193,0.48824,-0.54927,0.01830,0.21765,0.99259,0,0,48853
242.630000,371.447135,-1.95296,0.54927,-0.54927,0.01684,0.21814,0.99186,0,0,48854
242.635000,371.447135,-1.52575,0.36618,-0.30515,0.01610,0.21716,0.99064,0,0,48855
242.640000,371.447135,-0.91545,0.30515,-0.24412,0.01659,0.21423,0.98576,0,0,48856
242.645000,371.462034,-0.18309,-0.06103,-0.30515,0.01684,0.21106,0.98112,0,0,48857
242.650000,371.462034,0.36618,-0.12206,-0.12206,0.01635,0.20911,0.97990,0,0,48858
242.655000,371.462034,0.79339,-0.12206,0.12206,0.01562,0.20838,0.97722,0,0,48859
242.660000,371.477127,1.09854,-0.18309,0.24412,0.01586,0.20740,0.97429,0,0,48860
242.665000,371.477127,1.40369,-0.06103,0.48824,0.01562,0.20520,0.97454,0,0,48861
242.670000,371.477127,1.46472,0.18309,0.73236,0.01659,0.20130,0.97746,0,0,48862
242.675000,371.491853,0.97648,0.54927,0.79339,0.01903,0.19666,0.98259,0,0,48863
242.680000,371.491853,0.12206,0.73236,0.73236,0.01732,0.19496,0.99137,0,0,48864
242.685000,371.491853,-0.54927,0.85442,0.36618,0.01732,0.19618,0.99674,0,0,48865
242.690000,371.507176,-1.03751,0.67133,-0.24412,0.01708,0.19886,1.00113,0,0,48866
242.695000,371.507176,-1.34266,0.30515,-1.09854,0.01781,0.20423,1.00357,0,0,48867
242.700000,371.507176,-1.22060,0.24412,-1.58678,0.01854,0.20935,1.00382,0,0,48868
242.705000,371.521797,-1.22060,0.12206,-1.64781,0.01806,0.21594,1.00211,0,0,48869
242.710000,371.521797,-1.03751,0.24412,-1.40369,0.01830,0.22009,1.00211,0,0,48870
242.715000,371.521797,-0.91545,0.24412,-0.97648,0.01903,0.22033,1.00064,0,0,48871
242.720000,371.536882,-0.85442,0.18309,-0.48824,0.01806,0.22009,0.99967,0,0,48872
242.725000,371.536882,-0.67133,0.18309,0.00000,0.01732,0.21594,0.99723,0,0,48873
242.730000,371.536882,-0.06103,0.06103,0.54927,0.01635,0.21033,0.99406,0,0,48874
242.735000,371.551877,0.48824,-0.18309,0.79339,0.01659,0.20740,0.99113,0,0,48875
242.740000,371.551877,1.09854,-0.48824,0.67133,0.01610,0.20398,0.98747,0,0,48876
242.745000,371.551877,1.40369,-0.61030,0.54927,0.01659,0.20154,0.98600,0,0,48877
242.750000,371.566998,1.58678,-0.61030,0.42721,0.01732,0.20008,0.98649,0,0,48878
242.755000,371.566998,1.64781,-0.54927,0.12206,0.01928,0.19813,0.98503,0,0,48879
242.760000,371.566998,1.52575,-0.54927,-0.06103,0.01952,0.19813,0.98381,0,0,48880
242.765000,371.581972,1.34266,-0.54927,0.06103,0.01757,0.19959,0.98698,0,0,48881
242.770000,371.581972,1.22060,-0.61030,0.36618,0.01708,0.20081,0.98844,0,0,48882
242.775000,371.581972,1.03751,-0.73236,0.36618,0.01610,0.20130,0.98893,0,0,48883
242.780000,371.596966,0.67133,-0.79339,0.12206,0.01366,0.20228,0.98747,0,0,48884
242.785000,371.596966,0.42721,-0.79339,-0.18309,0.01196,0.20472,0.98478,0,0,48885
242.790000,371.596966,0.24412,-0.61030,-0.30515,0.01244,0.20594,0.98332,0,0,48886
242.795000,371.611881,0.36618,-0.67133,-0.12206,0.01196,0.20691,0.98600,0,0,48887
242.800000,371.611881,0.36618,-0.73236,-0.12206,0.01318,0.20520,0.98625,0,0,48888
242.805000,371.611881,0.18309,-0.67133,-0.18309,0.01586,0.20423,0.98649,0,0,48889
242.810000,371.626825,0.06103,-0.67133,-0.24412,0.01659,0.20228,0.98674,0,0,48890
242.815000,371.626825,-0.06103,-0.67133,-0.18309,0.01806,0.20106,0.98356,0,0,48891
242.820000,371.626825,0.00000,-0.61030,-0.18309,0.01732,0.20106,0.97966,0,0,48892
242.825000,371.642186,0.12206,-0.42721,-0.18309,0.01903,0.20057,0.97722,0,0,48893
242.830000,371.642186,0.24412,-0.30515,-0.30515,0.02098,0.20008,0.97551,0,0,48894
242.835000,371.642186,0.18309,-0.24412,-0.73236,0.02123,0.20154,0.97405,0,0,48895
242.840000,371.656859,0.00000,-0.18309,-0.85442,0.02123,0.20472,0.97234,0,0,48896
242.845000,371.656859,-0.12206,0.18309,-0.67133,0.02147,0.20618,0.96990,0,0,48897
242.850000,371.656859,-0.24412,0.61030,-0.36618,0.02294,0.20935,0.97014,0,0,48898
242.855000,371.671874,-0.42721,0.97648,0.12206,0.02416,0.20960,0.97380,0,0,48899
242.860000,371.671874,-0.48824,1.03751,0.67133,0.02391,0.20716,0.97698,0,0,48900
242.865000,371.671874,-0.30515,0.91545,1.15957,0.02318,0.20350,0.97990,0,0,48901
242.870000,371.686905,0.24412,0.61030,1.58678,0.02318,0.20081,0.98088,0,0,48902
242.875000,371.686905,0.85442,0.42721,1.34266,0.02098,0.19837,0.97868,0,0,48903
242.880000,371.686905,1.03751,0.48824,1.28163,0.01952,0.19740,0.97820,0,0,48904
242.885000,371.701954,0.85442,0.73236,1.22060,0.01854,0.19666,0.98064,0,0,48905
242.890000,371.701954,0.30515,0.91545,1.09854,0.01806,0.19325,0.98356,0,0,48906
242.895000,371.701954,-0.24412,0.97648,0.67133,0.01659,0.19203,0.98625,0,0,48907
242.900000,371.717246,-0.67133,0.79339,0.42721,0.01513,0.18983,0.98430,0,0,48908
242.905000,371.717246,-0.91545,0.67133,0.30515,0.01659,0.18788,0.98332,0,0,48909
242.910000,371.717246,-0.48824,0.48824,0.18309,0.01684,0.18715,0.98332,0,0,48910
242.915000,371.731782,0.48824,0.12206,-0.18309,0.01806,0.18788,0.98088,0,0,48911
242.920000,371.731782,1.22060,-0.18309,-0.42721,0.01903,0.19008,0.97698,0,0,48912
242.925000,371.731782,1.58678,-0.24412,-0.30515,0.01854,0.19252,0.97649,0,0,48913
242.930000,371.747226,1.83090,-0.24412,-0.18309,0.01854,0.19496,0.97576,0,0,48914
242.935000,371.747226,1.70884,-0.06103,-0.24412,0.02001,0.19618,0.97478,0,0,48915
242.940000,371.747226,1.03751,0.24412,-0.24412,0.02025,0.19788,0.97820,0,0,48916
242.945000,371.762157,0.48824,0.42721,-0.30515,0.02074,0.19959,0.98332,0,0,48917
242.950000,371.762157,-0.06103,0.61030,-0.54927,0.02074,0.20179,0.98600,0,0,48918
242.955000,371.762157,-0.48824,0.85442,-0.91545,0.02001,0.20642,0.99137,0,0,48919
242.960000,371.776954,-0.85442,1.03751,-1.09854,0.02001,0.21033,0.99576,0,0,48920
242.965000,371.776954,-1.46472,1.03751,-0.91545,0.02025,0.21326,0.99820,0,0,48921
242.970000,371.776954,-1.95296,0.91545,-0.85442,0.01952,0.21765,0.99796,0,0,48922
242.975000,371.791856,-2.19708,0.91545,-0.67133,0.01806,0.22155,0.99674,0,0,48923
242.980000,371.791856,-2.31914,0.91545,-0.48824,0.01708,0.22253,0.99406,0,0,48924
242.985000,371.791856,-2.07502,0.61030,-0.12206,0.01684,0.22131,0.98771,0,0,48925
242.990000,371.806838,-1.34266,0.30515,0.36618,0.01659,0.21960,0.98015,0,0,48926
242.995000,371.806838,0.00000,0.36618,1.15957,0.01757,0.21618,0.97673,0,0,48927
243.000000,371.806838,0.91545,0.67133,1.70884,0.01684,0.21252,0.97673,0,0,48928
243.005000,371.821851,1.64781,0.85442,1.83090,0.01586,0.20764,0.97917,0,0,48929
243.010000,371.821851,1.58678,0.91545,1.76987,0.01586,0.20350,0.98064,0,0,48930
243.015000,371.821851,0.85442,1.15957,1.64781,0.01537,0.19959,0.98186,0,0,48931
243.015000,371.836784,0.06103,1.58678,1.58678,0.01415,0.19569,0.98503,0,0,48932
243.020000,371.836784,-1.03751,2.07502,1.34266,0.01318,0.19130,0.99113,0,0,48933
243.025000,371.836784,-1.58678,2.25811,0.91545,0.01342,0.18739,0.99845,0,0,48934
243.030000,371.851976,-1.58678,1.89193,0.48824,0.01293,0.18593,1.00406,0,0,48935
243.035000,371.851976,-0.91545,1.34266,0.24412,0.01220,0.18642,1.00406,0,0,48936
243.040000,371.851976,-0.12206,0.97648,0.18309,0.01318,0.18739,1.00089,0,0,48937
243.045000,371.867038,0.36618,0.73236,0.18309,0.01415,0.18764,0.99942,0,0,48938
243.050000,371.867038,0.61030,0.54927,0.00000,0.01440,0.18934,0.99674,0,0,48939
243.055000,371.867038,0.54927,0.42721,-0.18309,0.01513,0.19300,0.99601,0,0,48940
243.060000,371.881776,0.24412,0.42721,-0.06103,0.01586,0.19569,0.99820,0,0,48941
243.065000,371.881776,0.12206,0.54927,0.06103,0.01659,0.19666,1.00113,0,0,48942
243.070000,371.881776,0.00000,0.48824,-0.18309,0.01488,0.19813,1.00528,0,0,48943
243.075000,371.897184,-0.06103,0.36618,-0.48824,0.01342,0.19935,1.00796,0,0,48944
243.080000,371.897184,0.00000,0.18309,-0.85442,0.01440,0.20301,1.00943,0,0,48945
243.085000,371.897184,-0.30515,0.06103,-1.03751,0.01415,0.20618,1.00967,0,0,48946
243.090000,371.911877,-0.91545,0.00000,-1.09854,0.01415,0.20935,1.00992,0,0,48947
243.095000,371.911877,-1.64781,0.24412,-1.22060,0.01562,0.21228,1.00552,0,0,48948
243.100000,371.911877,-1.76987,0.06103,-1.22060,0.01708,0.21448,1.00333,0,0,48949
243.105000,371.927075,-1.89193,0.00000,-0.97648,0.01830,0.21374,1.00211,0,0,48950
243.110000,371.927075,-1.76987,-0.12206,-0.42721,0.01928,0.21228,0.99650,0,0,48951
243.115000,371.927075,-1.52575,-0.42721,-0.36618,0.01928,0.21155,0.99015,0,0,48952
243.120000,371.941910,-1.09854,-0.67133,-0.42721,0.01806,0.21252,0.98234,0,0,48953
243.125000,371.941910,-0.24412,-0.67133,-0.24412,0.01684,0.21204,0.97576,0,0,48954
243.130000,371.941910,0.54927,-0.48824,0.18309,0.01464,0.21106,0.97283,0,0,48955
243.130000,371.956940,0.91545,-0.36618,0.36618,0.01318,0.21057,0.97210,0,0,48956
243.135000,371.956940,1.15957,0.00000,0.48824,0.01293,0.20764,0.97380,0,0,48957
243.140000,371.956940,1.22060,0.30515,0.48824,0.01464,0.20374,0.97795,0,0,48958
243.145000,371.972088,1.15957,0.48824,0.61030,0.01610,0.20081,0.98405,0,0,48959
243.150000,371.972088,1.15957,0.54927,0.67133,0.01708,0.19593,0.98966,0,0,48960
243.155000,371.972088,1.09854,0.61030,0.54927,0.01708,0.19300,0.99601,0,0,48961
243.160000,371.986894,0.79339,0.67133,0.54927,0.01635,0.19276,1.00186,0,0,48962
243.165000,371.986894,0.18309,0.67133,0.54927,0.01684,0.19349,1.00674,0,0,48963
243.170000,371.986894,-0.79339,0.54927,0.18309,0.01488,0.19349,1.01138,0,0,48964
243.175000,372.001909,-1.28163,0.24412,-0.18309,0.01098,0.19471,1.01162,0,0,48965
243.180000,372.001909,-1.40369,0.12206,-0.48824,0.01098,0.19471,1.00918,0,0,48966
243.185000,372.001909,-1.22060,-0.24412,-0.42721,0.01244,0.19544,1.00430,0,0,48967
243.190000,372.017078,-0.97648,-0.42721,-0.36618,0.01147,0.19544,1.00064,0,0,48968
243.195000,372.017078,-0.48824,-0.61030,-0.18309,0.00805,0.19520,0.99454,0,0,48969
243.200000,372.017078,0.24412,-0.79339,0.06103,0.00756,0.19496,0.98991,0,0,48970
243.205000,372.032216,0.73236,-0.85442,0.36618,0.00830,0.19398,0.98869,0,0,48971
243.210000,372.032216,0.91545,-0.73236,0.36618,0.00683,0.19325,0.98600,0,0,48972
243.215000,372.032216,0.73236,-0.54927,0.06103,0.00659,0.19374,0.98308,0,0,48973
243.220000,372.047068,0.42721,-0.36618,-0.12206,0.00561,0.19447,0.98283,0,0,48974
243.225000,372.047068,-0.24412,-0.06103,-0.42721,0.00415,0.19764,0.98332,0,0,48975
243.230000,372.047068,-0.67133,0.18309,-0.61030,0.00317,0.19984,0.98722,0,0,48976
243.235000,372.062223,-1.22060,0.30515,-0.85442,0.00464,0.20130,0.99064,0,0,48977
243.240000,372.062223,-1.28163,0.24412,-0.85442,0.00659,0.20203,0.99284,0,0,48978
243.245000,372.062223,-1.03751,0.00000,-0.79339,0.00805,0.20154,0.99357,0,0,48979
243.250000,372.077191,-0.73236,-0.42721,-0.67133,0.00854,0.19935,0.99308,0,0,48980
243.255000,372.077191,-0.48824,-0.73236,-0.61030,0.00854,0.19764,0.99259,0,0,48981
243.260000,372.077191,-0.54927,-0.73236,-0.54927,0.00878,0.19813,0.98893,0,0,48982
243.265000,372.091873,-0.67133,-0.67133,-0.30515,0.00683,0.19715,0.98747,0,0,48983
243.270000,372.091873,-0.79339,-0.48824,-0.18309,0.00756,0.19520,0.98747,0,0,48984
243.275000,372.091873,-1.15957,-0.54927,-0.24412,0.00756,0.19227,0.98649,0,0,48985
243.275000,372.107208,-1.58678,-0.48824,-0.24412,0.00732,0.19105,0.98552,0,0,48986
243.280000,372.107208,-2.13605,-0.36618,0.06103,0.00732,0.19032,0.98722,0,0,48987
243.285000,372.107208,-2.07502,-0.67133,-0.06103,0.00805,0.18764,0.98649,0,0,48988
243.290000,372.121838,-1.52575,-0.91545,-0.48824,0.01049,0.18642,0.98405,0,0,48989
243.295000,372.121838,-0.42721,-1.22060,-0.79339,0.01122,0.18764,0.97868,0,0,48990
243.300000,372.121838,0.54927,-1.46472,-0.85442,0.01293,0.18886,0.97380,0,0,48991
243.305000,372.136944,1.40369,-1.58678,-0.73236,0.01440,0.19130,0.97063,0,0,48992
243.310000,372.136944,2.44120,-1.52575,-1.03751,0.01684,0.19593,0.96624,0,0,48993
243.315000,372.136944,2.56326,-1.28163,-1.15957,0.01659,0.20008,0.96356,0,0,48994
243.320000,372.151885,2.13605,-0.79339,-1.03751,0.01610,0.20374,0.96136,0,0,48995
243.325000,372.151885,1.46472,-0.12206,-0.73236,0.01537,0.20642,0.96478,0,0,48996
243.330000,372.151885,0.54927,0.42721,-0.73236,0.01464,0.20838,0.97136,0,0,48997
243.335000,372.167222,-0.12206,0.85442,-0.67133,0.01415,0.20862,0.97576,0,0,48998
243.340000,372.167222,-1.03751,1.34266,-0.97648,0.01513,0.20838,0.98356,0,0,48999
243.345000,372.167222,-1.52575,1.34266,-1.34266,0.01586,0.20789,0.98918,0,0,49000
243.350000,372.181784,-1.58678,0.97648,-1.64781,0.01879,0.20935,0.99479,0,0,49001
243.355000,372.181784,-1.15957,0.42721,-1.58678,0.02025,0.21326,0.99479,0,0,49002
243.360000,372.181784,-0.48824,0.00000,-1.09854,0.02074,0.21692,0.99064,0,0,49003
243.365000,372.197215,-0.06103,-0.18309,-0.67133,0.02074,0.21814,0.98674,0,0,49004
243.370000,372.197215,0.24412,-0.18309,-0.18309,0.02025,0.21716,0.98015,0,0,49005
243.375000,372.197215,0.18309,-0.12206,0.30515,0.02050,0.21301,0.97283,0,0,49006
243.380000,372.211893,0.06103,0.24412,0.73236,0.02025,0.20813,0.96770,0,0,49007
243.385000,372.211893,0.00000,0.73236,1.22060,0.01854,0.20398,0.96673,0,0,49008
243.390000,372.211893,-0.12206,0.91545,1.52575,0.01659,0.19935,0.96917,0,0,49009
243.390000,372.227113,0.06103,1.09854,1.58678,0.01684,0.19740,0.97210,0,0,49010
243.395000,372.227113,0.61030,1.03751,1.52575,0.01708,0.19862,0.97893,0,0,49011
243.400000,372.227113,1.34266,0.85442,1.46472,0.01513,0.19984,0.98478,0,0,49012
243.405000,372.241925,1.64781,0.79339,1.46472,0.01415,0.20032,0.99040,0,0,49013
243.410000,372.241925,1.83090,0.91545,1.28163,0.01464,0.20032,0.99576,0,0,49014
243.415000,372.241925,1.46472,0.79339,0.67133,0.01293,0.19984,0.99942,0,0,49015
243.420000,372.257110,0.79339,0.79339,0.24412,0.01196,0.19910,1.00040,0,0,49016
243.425000,372.257110,-0.24412,0.91545,0.00000,0.01269,0.19715,1.00235,0,0,49017
243.430000,372.257110,-1.46472,1.03751,-0.12206,0.01342,0.19544,1.00455,0,0,49018
243.435000,372.272094,-2.19708,0.85442,-0.48824,0.01244,0.19496,1.00577,0,0,49019
243.440000,372.272094,-2.44120,0.61030,-0.97648,0.01342,0.19398,1.00406,0,0,49020
243.445000,372.272094,-2.19708,0.30515,-1.09854,0.01488,0.19496,0.99991,0,0,49021
243.450000,372.286897,-1.64781,0.12206,-0.73236,0.01464,0.19642,0.99747,0,0,49022
243.455000,372.286897,-0.67133,-0.24412,-0.12206,0.01318,0.20032,0.99625,0,0,49023
243.460000,372.286897,0.61030,-0.73236,0.06103,0.01196,0.20325,0.99040,0,0,49024
243.465000,372.301955,1.15957,-0.91545,-0.06103,0.01269,0.20447,0.98356,0,0,49025
243.470000,372.301955,1.28163,-0.97648,0.06103,0.01171,0.20667,0.98186,0,0,49026
243.475000,372.301955,1.28163,-0.67133,0.12206,0.01488,0.20764,0.98186,0,0,49027
243.480000,372.317108,1.28163,-0.48824,0.06103,0.01659,0.20764,0.98137,0,0,49028
243.485000,372.317108,1.09854,-0.36618,-0.06103,0.01732,0.20813,0.97844,0,0,49029
243.490000,372.317108,1.09854,0.12206,0.18309,0.01903,0.20618,0.97454,0,0,49030
243.495000,372.331848,0.97648,0.97648,0.79339,0.02098,0.20301,0.97673,0,0,49031
243.500000,372.331848,1.09854,1.28163,0.97648,0.02074,0.20032,0.98234,0,0,49032
243.505000,372.331848,0.91545,1.34266,0.85442,0.01952,0.19935,0.98771,0,0,49033
243.505000,372.347105,0.61030,1.28163,0.79339,0.01732,0.19959,0.99235,0,0,49034
243.510000,372.347105,-0.06103,1.09854,0.67133,0.01537,0.19813,0.99698,0,0,49035
243.515000,372.347105,-0.36618,0.85442,0.24412,0.01415,0.19666,0.99796,0,0,49036
243.520000,372.361954,-0.42721,0.73236,-0.18309,0.01098,0.19764,1.00016,0,0,49037
243.525000,372.361954,-0.24412,0.61030,-0.42721,0.01000,0.20130,1.00162,0,0,49038
243.530000,372.361954,0.00000,0.42721,-0.48824,0.01244,0.20179,1.00357,0,0,49039
243.535000,372.377218,0.00000,0.30515,-0.36618,0.01464,0.20301,1.00357,0,0,49040
243.540000,372.377218,-0.18309,0.12206,-0.24412,0.01488,0.20496,1.00138,0,0,49041
243.545000,372.377218,-0.54927,0.24412,-0.36618,0.01464,0.20374,0.99772,0,0,49042
243.550000,372.392064,-0.85442,0.48824,-0.30515,0.01488,0.20081,0.99772,0,0,49043
243.555000,372.392064,-0.85442,0.67133,-0.24412,0.01635,0.19715,0.99772,0,0,49044
243.560000,372.392064,-0.42721,0.42721,-0.18309,0.01806,0.19544,0.99674,0,0,49045
243.565000,372.406936,-0.12206,0.36618,0.12206,0.01659,0.19642,0.99918,0,0,49046
243.570000,372.406936,0.36618,0.00000,0.54927,0.01537,0.19764,0.99991,0,0,49047
243.575000,372.406936,0.67133,-0.48824,0.61030,0.01415,0.19959,1.00016,0,0,49048
243.580000,372.421947,0.79339,-0.61030,0.67133,0.01171,0.20179,0.99845,0,0,49049
243.585000,372.421947,0.97648,-0.73236,0.73236,0.01074,0.20350,0.99650,0,0,49050
243.590000,372.421947,1.15957,-0.79339,0.67133,0.01122,0.20398,0.99747,0,0,49051
243.595000,372.437012,1.22060,-1.03751,0.79339,0.01049,0.20496,0.99576,0,0,49052
243.600000,372.437012,1.15957,-1.03751,0.79339,0.00952,0.20545,0.99381,0,0,49053
243.605000,372.437012,0.61030,-0.85442,0.73236,0.01000,0.20301,0.99162,0,0,49054
243.610000,372.452236,0.36618,-0.61030,0.61030,0.01171,0.19764,0.99040,0,0,49055
243.615000,372.452236,0.30515,-0.30515,0.42721,0.01342,0.19178,0.98918,0,0,49056
243.620000,372.452236,0.30515,-0.30515,0.12206,0.01464,0.18861,0.98918,0,0,49057
243.625000,372.466944,0.36618,-0.36618,-0.12206,0.01513,0.18812,0.99015,0,0,49058
243.630000,372.466944,0.24412,-0.30515,-0.42721,0.01562,0.18861,0.99259,0,0,49059
243.635000,372.466944,-0.30515,-0.12206,-0.73236,0.01879,0.18983,0.99454,0,0,49060
243.640000,372.482087,-1.09854,0.24412,-0.97648,0.01903,0.19203,0.99820,0,0,49061
243.645000,372.482087,-1.70884,0.61030,-1.15957,0.01830,0.19788,1.00211,0,0,49062
243.650000,372.482087,-2.13605,0.73236,-1.22060,0.01781,0.20374,1.00845,0,0,49063
243.655000,372.497216,-2.44120,0.61030,-0.97648,0.01732,0.20667,1.01431,0,0,49064
243.660000,372.497216,-2.56326,0.12206,-0.79339,0.01537,0.20740,1.01431,0,0,49065
243.665000,372.497216,-2.25811,-0.48824,-0.73236,0.01269,0.20667,1.00967,0,0,49066
243.670000,372.512224,-2.01399,-0.85442,-0.48824,0.01098,0.20740,1.00455,0,0,49067
243.675000,372.512224,-1.15957,-0.97648,-0.30515,0.01074,0.20667,0.99796,0,0,49068
243.680000,372.512224,-0.48824,-0.91545,-0.24412,0.01196,0.20423,0.99357,0,0,49069
243.685000,372.526838,0.61030,-1.03751,-0.24412,0.01415,0.20350,0.98991,0,0,49070
243.690000,372.526838,1.28163,-1.28163,-0.12206,0.01464,0.20301,0.98674,0,0,49071
243.695000,372.526838,1.95296,-1.34266,0.12206,0.01513,0.20301,0.98356,0,0,49072
243.700000,372.542237,2.13605,-1.15957,0.48824,0.01464,0.20057,0.98112,0,0,49073
243.705000,372.542237,2.38017,-0.97648,0.73236,0.01415,0.19520,0.98015,0,0,49074
243.710000,372.542237,2.62429,-1.03751,0.79339,0.01440,0.19056,0.97771,0,0,49075
243.715000,372.556880,2.62429,-0.97648,0.73236,0.01464,0.18715,0.97698,0,0,49076
243.720000,372.556880,2.38017,-0.85442,0.73236,0.01269,0.18251,0.97746,0,0,49077
243.725000,372.556880,2.01399,-0.79339,0.67133,0.01098,0.18056,0.97698,0,0,49078
243.730000,372.572180,1.28163,-0.79339,0.00000,0.01098,0.17861,0.97673,0,0,49079
243.735000,372.572180,-0.24412,-0.36618,-0.79339,0.01147,0.17910,0.97600,0,0,49080
243.740000,372.572180,-1.40369,0.00000,-1.34266,0.01269,0.18300,0.97771,0,0,49081
243.745000,372.587197,-2.38017,0.30515,-1.58678,0.01391,0.18837,0.98210,0,0,49082
243.750000,372.587197,-2.80738,0.54927,-1.70884,0.01342,0.19447,0.98625,0,0,49083
243.755000,372.587197,-2.80738,0.48824,-1.52575,0.01440,0.19959,0.99259,0,0,49084
243.760000,372.602086,-2.56326,0.36618,-1.40369,0.01659,0.20374,0.99796,0,0,49085
243.765000,372.602086,-1.76987,-0.12206,-1.34266,0.01513,0.20642,0.99991,0,0,49086
243.770000,372.602086,-0.97648,-0.67133,-1.40369,0.01366,0.20886,0.99820,0,0,49087
243.775000,372.617196,-0.12206,-1.03751,-1.15957,0.01220,0.21155,0.99479,0,0,49088
243.780000,372.617196,0.73236,-1.40369,-0.79339,0.01415,0.21277,0.99064,0,0,49089
243.785000,372.617196,0.91545,-1.46472,-0.67133,0.01488,0.21179,0.98576,0,0,49090
243.790000,372.632234,1.09854,-1.64781,-0.54927,0.01513,0.21033,0.98161,0,0,49091
243.795000,372.632234,1.15957,-1.64781,-0.54927,0.01684,0.20642,0.97673,0,0,49092
243.800000,372.632234,1.09854,-1.34266,-0.67133,0.01757,0.20203,0.97332,0,0,49093
243.805000,372.646868,1.15957,-1.22060,-0.67133,0.01757,0.19910,0.97210,0,0,49094
243.810000,372.646868,1.34266,-1.03751,-0.48824,0.01635,0.19691,0.97283,0,0,49095
243.815000,372.646868,1.46472,-0.97648,-0.42721,0.01684,0.19593,0.97429,0,0,49096
243.820000,372.661903,1.34266,-0.97648,-0.54927,0.01854,0.19398,0.97454,0,0,49097
243.825000,372.661903,0.91545,-0.91545,-0.54927,0.01928,0.19252,0.97405,0,0,49098
243.830000,372.661903,0.30515,-0.73236,-0.24412,0.01879,0.19422,0.97039,0,0,49099
243.835000,372.676844,-0.24412,-0.61030,0.00000,0.01879,0.19496,0.96819,0,0,49100
243.840000,372.676844,-1.15957,-0.36618,0.30515,0.01854,0.19618,0.96648,0,0,49101
243.845000,372.676844,-1.40369,0.00000,0.12206,0.01708,0.19593,0.96429,0,0,49102
243.850000,372.691897,-1.28163,0.36618,-0.18309,0.01684,0.19666,0.96404,0,0,49103
243.855000,372.691897,-0.67133,0.48824,-0.18309,0.01928,0.19618,0.96453,0,0,49104
243.860000,372.691897,0.12206,0.61030,-0.12206,0.02098,0.19618,0.96429,0,0,49105
243.865000,372.707245,0.61030,0.61030,-0.18309,0.02050,0.19691,0.96478,0,0,49106
243.870000,372.707245,1.03751,0.42721,-0.36618,0.01854,0.20008,0.96746,0,0,49107
243.875000,372.707245,1.46472,0.24412,-0.54927,0.01903,0.20325,0.96770,0,0,49108
243.880000,372.721884,1.46472,0.24412,-0.61030,0.01732,0.20862,0.96795,0,0,49109
243.885000,372.721884,0.79339,0.67133,-0.48824,0.01635,0.21301,0.97014,0,0,49110
243.890000,372.721884,0.18309,1.03751,-0.36618,0.01732,0.21545,0.97551,0,0,49111
243.890000,372.736928,-0.36618,1.34266,-0.24412,0.01952,0.21521,0.97966,0,0,49112
243.895000,372.736928,-0.79339,1.46472,0.06103,0.02220,0.21448,0.98308,0,0,49113
243.900000,372.736928,-1.03751,1.46472,0.42721,0.02342,0.21326,0.98698,0,0,49114
243.905000,372.751919,-1.03751,1.34266,0.67133,0.02294,0.21204,0.99040,0,0,49115
243.910000,372.751919,-0.73236,0.97648,0.73236,0.02074,0.21106,0.98918,0,0,49116
243.915000,372.751919,-0.54927,0.61030,0.79339,0.02001,0.20911,0.98698,0,0,49117
243.920000,372.767149,-0.36618,0.42721,0.97648,0.01879,0.20594,0.98283,0,0,49118
243.925000,372.767149,0.06103,0.36618,1.09854,0.01757,0.20423,0.97649,0,0,49119
243.930000,372.767149,0.79339,0.48824,1.03751,0.01610,0.20276,0.97210,0,0,49120
243.935000,372.782217,1.03751,0.79339,0.85442,0.01342,0.20130,0.97112,0,0,49121
243.940000,372.782217,1.40369,1.09854,0.85442,0.01293,0.20203,0.97283,0,0,49122
243.945000,372.782217,1.64781,1.22060,0.73236,0.01220,0.20203,0.97722,0,0,49123
243.950000,372.796815,1.83090,1.09854,0.91545,0.01098,0.20252,0.98234,0,0,49124
243.955000,372.796815,1.70884,1.22060,1.09854,0.00952,0.20252,0.98747,0,0,49125
243.960000,372.796815,2.01399,1.34266,0.91545,0.01147,0.19813,0.99235,0,0,49126
243.965000,372.812211,1.89193,1.34266,0.91545,0.01415,0.19398,0.99625,0,0,49127
243.970000,372.812211,1.76987,1.03751,1.03751,0.01440,0.18861,0.99918,0,0,49128
243.975000,372.812211,1.89193,0.85442,0.91545,0.01220,0.18422,1.00064,0,0,49129
243.980000,372.826827,1.70884,0.48824,0.24412,0.01171,0.18178,0.99942,0,0,49130
243.985000,372.826827,1.22060,0.36618,-0.30515,0.01147,0.18178,0.99625,0,0,49131
243.990000,372.826827,0.30515,0.36618,-0.79339,0.00976,0.18398,0.99430,0,0,49132
243.995000,372.842221,-0.67133,0.61030,-1.09854,0.01049,0.18593,0.99113,0,0,49133
244.000000,372.842221,-1.76987,1.03751,-1.28163,0.01196,0.18812,0.99040,0,0,49134
244.005000,372.842221,-2.56326,1.22060,-1.64781,0.01122,0.19325,0.99235,0,0,49135
244.010000,372.857166,-2.50223,1.40369,-1.76987,0.01244,0.19691,0.99576,0,0,49136
244.015000,372.857166,-2.25811,1.28163,-1.83090,0.01488,0.20203,0.99942,0,0,49137
244.020000,372.857166,-1.58678,1.09854,-1.70884,0.01659,0.20740,1.00016,0,0,49138
244.025000,372.871881,-0.61030,0.73236,-1.58678,0.01830,0.21179,1.00138,0,0,49139
244.030000,372.871881,0.42721,0.42721,-1.28163,0.01806,0.21521,1.00382,0,0,49140
244.035000,372.871881,1.09854,0.12206,-0.97648,0.01781,0.21716,1.00430,0,0,49141
244.040000,372.887136,1.22060,-0.06103,-0.79339,0.01684,0.21667,1.00479,0,0,49142
244.045000,372.887136,1.28163,-0.24412,-0.61030,0.01635,0.21521,1.00064,0,0,49143
244.050000,372.887136,1.40369,-0.30515,-0.42721,0.01562,0.21326,0.99357,0,0,49144
244.055000,372.901937,1.70884,-0.24412,-0.12206,0.01464,0.20935,0.98942,0,0,49145
244.060000,372.901937,1.95296,-0.18309,0.36618,0.01537,0.20520,0.98649,0,0,49146
244.065000,372.901937,1.95296,-0.18309,0.48824,0.01513,0.20203,0.98649,0,0,49147
244.070000,372.916826,1.46472,0.06103,0.18309,0.01440,0.20032,0.98649,0,0,49148
244.075000,372.916826,0.97648,0.36618,0.06103,0.01464,0.20154,0.98771,0,0,49149
244.080000,372.916826,0.18309,0.73236,-0.06103,0.01391,0.20032,0.99162,0,0,49150
244.085000,372.931878,-0.42721,1.03751,-0.12206,0.01488,0.19959,0.99528,0,0,49151
244.090000,372.931878,-0.85442,1.09854,-0.24412,0.01537,0.20057,0.99918,0,0,49152
244.095000,372.931878,-0.91545,0.91545,-0.30515,0.01562,0.20203,1.00211,0,0,49153
244.100000,372.947255,-0.79339,0.73236,-0.24412,0.01610,0.20594,1.00382,0,0,49154
244.105000,372.947255,-0.42721,0.48824,0.30515,0.01562,0.21179,1.00333,0,0,49155
244.110000,372.947255,0.06103,0.30515,0.79339,0.01610,0.21448,1.00016,0,0,49156
244.115000,372.961979,0.36618,0.42721,1.09854,0.01586,0.21496,0.99942,0,0,49157
244.120000,372.961979,0.48824,0.54927,1.34266,0.01562,0.21423,1.00064,0,0,49158
244.125000,372.961979,0.67133,0.48824,1.58678,0.01781,0.21179,1.00260,0,0,49159
244.130000,372.977020,0.91545,0.30515,1.46472,0.01854,0.20691,1.00333,0,0,49160
244.135000,372.977020,1.15957,0.00000,1.03751,0.01757,0.20374,1.00382,0,0,49161
244.140000,372.977020,1.03751,-0.18309,0.48824,0.01586,0.20325,1.00284,0,0,49162
244.145000,372.992054,0.85442,-0.30515,0.06103,0.01610,0.20496,1.00016,0,0,49163
244.150000,372.992054,0.54927,-0.54927,-0.12206,0.01610,0.20764,0.99674,0,0,49164
244.155000,372.992054,0.12206,-0.42721,0.00000,0.01513,0.20984,0.99406,0,0,49165
244.160000,373.007278,-0.42721,-0.06103,0.18309,0.01537,0.21277,0.99601,0,0,49166
244.165000,373.007278,-0.97648,0.12206,0.42721,0.01586,0.21228,0.99723,0,0,49167
244.170000,373.007278,-1.46472,0.48824,0.67133,0.01586,0.21228,0.99796,0,0,49168
244.175000,373.021940,-1.46472,0.36618,0.79339,0.01440,0.21155,0.99772,0,0,49169
244.180000,373.021940,-1.58678,0.30515,0.97648,0.01318,0.21106,0.99894,0,0,49170
244.185000,373.021940,-1.40369,0.18309,1.15957,0.01147,0.21057,1.00089,0,0,49171
244.190000,373.037174,-1.15957,0.00000,1.15957,0.01000,0.21057,1.00113,0,0,49172
244.195000,373.037174,-0.61030,-0.42721,1.22060,0.00830,0.20838,0.99967,0,0,49173
244.200000,373.037174,-0.18309,-0.67133,1.22060,0.00732,0.20374,0.99869,0,0,49174
244.205000,373.051826,0.36618,-0.79339,1.15957,0.00610,0.19935,0.99381,0,0,49175
244.210000,373.051826,0.79339,-0.91545,0.91545,0.00610,0.19349,0.98527,0,0,49176
244.215000,373.051826,0.97648,-0.85442,0.73236,0.00659,0.18764,0.97917,0,0,49177
244.220000,373.066814,1.09854,-0.67133,0.61030,0.00732,0.18446,0.97624,0,0,49178
