t_device,t_host,gyro_x,gyro_y,gyro_z,accel_x,accel_y,accel_z,dropped_before,buttons,seq
244.315000,398.593661,-0.18309,0.42721,-0.79339,-0.03831,0.22302,0.96844,15,0,49179
244.320000,398.593661,0.73236,0.67133,-0.42721,-0.03587,0.22228,0.97283,0,0,49180
244.325000,398.593661,1.52575,0.67133,-0.12206,-0.03562,0.22082,0.97795,0,0,49181
244.330000,398.593964,2.31914,0.24412,0.06103,-0.03562,0.21838,0.98381,0,0,49182
244.335000,398.593964,2.92944,-0.48824,0.42721,-0.03611,0.21570,0.98918,0,0,49183
244.340000,398.593964,3.17356,-0.97648,0.79339,-0.03562,0.21204,0.99235,0,0,49184
244.345000,398.594121,2.80738,-1.09854,1.09854,-0.03440,0.20886,0.99357,0,0,49185
244.350000,398.594121,2.07502,-0.97648,1.28163,-0.03489,0.20716,0.99674,0,0,49186
244.355000,398.594121,1.15957,-0.97648,1.09854,-0.03782,0.20545,0.99918,0,0,49187
244.360000,398.594255,0.30515,-1.09854,0.67133,-0.03831,0.20545,0.99381,0,0,49188
244.365000,398.594255,-0.54927,-1.28163,0.06103,-0.03855,0.20911,0.98527,0,0,49189
244.370000,398.594255,-1.70884,-1.03751,-0.54927,-0.03904,0.21326,0.97698,0,0,49190
244.375000,398.594382,-2.01399,-0.36618,-0.73236,-0.03782,0.21618,0.97161,0,0,49191
244.380000,398.594382,-1.89193,0.54927,-0.79339,-0.03416,0.21838,0.96844,0,0,49192
244.385000,398.594382,-1.58678,1.34266,-0.73236,-0.03196,0.21960,0.97185,0,0,49193
244.390000,398.594505,-1.22060,1.64781,-0.73236,-0.03318,0.22350,0.97673,0,0,49194
244.395000,398.594505,-0.73236,1.58678,-0.48824,-0.03465,0.22863,0.98112,0,0,49195
244.400000,398.594505,-0.48824,1.70884,-0.36618,-0.03148,0.23034,0.98893,0,0,49196
244.405000,398.594630,-0.54927,2.25811,-0.06103,-0.02830,0.23009,0.99650,0,0,49197
244.410000,398.594630,-0.97648,2.50223,0.36618,-0.02904,0.22936,1.00138,0,0,49198
244.415000,398.594630,-1.40369,2.31914,0.61030,-0.03270,0.22985,1.00455,0,0,49199
244.420000,398.594752,-1.95296,1.70884,0.73236,-0.03684,0.23107,1.00577,0,0,49200
244.425000,398.594752,-2.07502,1.09854,0.48824,-0.03831,0.22814,1.00528,0,0,49201
244.430000,398.594752,-2.31914,0.79339,0.12206,-0.03392,0.22546,0.99942,0,0,49202
244.435000,398.594875,-2.19708,0.61030,-0.24412,-0.03001,0.22228,0.99186,0,0,49203
244.440000,398.594875,-1.76987,0.48824,-0.24412,-0.02879,0.22106,0.98918,0,0,49204
244.445000,398.594875,-1.03751,0.42721,0.06103,-0.02879,0.22204,0.99064,0,0,49205
244.450000,398.595001,0.12206,0.00000,0.61030,-0.03172,0.22375,0.99088,0,0,49206
244.455000,398.595001,1.52575,-0.67133,1.22060,-0.03123,0.22472,0.98600,0,0,49207
244.460000,398.595001,2.50223,-0.79339,2.01399,-0.02830,0.22838,0.98064,0,0,49208
244.465000,398.595224,2.80738,-0.36618,2.99047,-0.02757,0.23082,0.98283,0,0,49209
244.470000,398.595224,2.50223,0.54927,4.15004,-0.03026,0.23326,0.98771,0,0,49210
244.475000,398.595224,2.19708,0.79339,4.63828,-0.03562,0.23424,0.99088,0,0,49211
244.480000,398.595372,2.07502,0.67133,4.82137,-0.03977,0.23204,0.99308,0,0,49212
244.485000,398.595372,1.70884,0.42721,4.76034,-0.04124,0.22765,0.99308,0,0,49213
244.490000,398.595372,1.22060,0.06103,4.63828,-0.04002,0.22375,0.99113,0,0,49214
244.495000,398.595499,0.73236,0.06103,4.51622,-0.03928,0.22033,0.98747,0,0,49215
244.500000,398.595499,-0.12206,0.24412,4.27210,-0.03953,0.21423,0.98698,0,0,49216
244.505000,398.595499,-0.42721,0.42721,4.08901,-0.03831,0.20789,0.98503,0,0,49217
244.510000,398.595627,-0.54927,0.30515,3.66180,-0.03831,0.20472,0.98259,0,0,49218
244.515000,398.595627,-0.12206,0.06103,3.11253,-0.04002,0.20179,0.98088,0,0,49219
244.520000,398.595627,0.73236,-0.24412,2.99047,-0.04002,0.20081,0.97795,0,0,49220
244.525000,398.595755,1.83090,-0.30515,3.23459,-0.04148,0.20106,0.97868,0,0,49221
244.530000,398.595755,2.68532,0.06103,3.47871,-0.04538,0.20228,0.98381,0,0,49222
244.535000,398.595755,3.41768,0.12206,3.47871,-0.04953,0.20008,0.99186,0,0,49223
244.540000,398.595879,3.90592,-0.12206,2.99047,-0.05075,0.19715,0.99650,0,0,49224
244.545000,398.595879,3.66180,-0.61030,2.01399,-0.05026,0.19227,0.99942,0,0,49225
244.550000,398.595879,2.80738,-0.79339,1.34266,-0.04856,0.19130,0.99942,0,0,49226
244.555000,398.596001,1.76987,-0.85442,1.22060,-0.04636,0.19227,1.00016,0,0,49227
244.560000,398.596001,0.91545,-0.73236,1.40369,-0.04441,0.19349,1.00211,0,0,49228
244.565000,398.596001,0.30515,-0.30515,1.58678,-0.04319,0.19252,1.00333,0,0,49229
244.570000,398.596125,0.00000,0.18309,1.70884,-0.04392,0.19276,1.00284,0,0,49230
244.575000,398.596125,-0.18309,0.30515,1.58678,-0.04368,0.19300,1.00308,0,0,49231
244.580000,398.596125,0.00000,0.18309,1.28163,-0.04514,0.19227,1.00357,0,0,49232
244.585000,398.596250,0.48824,-0.42721,1.09854,-0.04416,0.19130,1.00479,0,0,49233
244.590000,398.596250,1.34266,-1.34266,0.73236,-0.04319,0.19008,1.00138,0,0,49234
244.595000,398.596250,1.95296,-1.64781,0.48824,-0.04392,0.19300,0.99381,0,0,49235
244.600000,398.596375,2.31914,-2.07502,0.36618,-0.04587,0.19691,0.98722,0,0,49236
244.605000,398.596375,2.25811,-2.31914,0.24412,-0.04514,0.19910,0.98112,0,0,49237
244.610000,398.596375,1.89193,-2.13605,0.18309,-0.04368,0.19788,0.97698,0,0,49238
244.615000,398.596499,1.58678,-2.19708,-0.18309,-0.04416,0.19935,0.97551,0,0,49239
244.620000,398.596499,1.22060,-1.83090,-0.30515,-0.04490,0.20276,0.97502,0,0,49240
244.625000,398.596499,0.61030,-1.28163,-0.36618,-0.04319,0.20423,0.97746,0,0,49241
244.630000,398.596623,-0.12206,-0.79339,-0.48824,-0.04124,0.20252,0.98576,0,0,49242
244.635000,398.596623,-1.15957,-0.18309,-0.73236,-0.04270,0.20228,0.99210,0,0,49243
244.640000,398.596623,-2.38017,0.18309,-1.22060,-0.04612,0.20057,0.99576,0,0,49244
244.645000,398.596750,-2.92944,-0.18309,-1.46472,-0.04392,0.19935,0.99332,0,0,49245
244.650000,398.596750,-3.05150,-0.85442,-1.22060,-0.03928,0.19813,0.98844,0,0,49246
244.655000,398.596750,-2.62429,-1.64781,-0.91545,-0.03684,0.19447,0.98308,0,0,49247
244.660000,398.596875,-1.70884,-2.07502,-0.79339,-0.03489,0.19276,0.97795,0,0,49248
244.665000,398.596875,-0.67133,-1.89193,-0.79339,-0.03465,0.19081,0.97258,0,0,49249
244.670000,398.596875,0.06103,-1.09854,-0.54927,-0.03416,0.19032,0.96917,0,0,49250
244.675000,398.597002,0.12206,-0.30515,-0.12206,-0.03587,0.19252,0.97112,0,0,49251
244.680000,398.597002,0.00000,0.18309,0.18309,-0.03660,0.19276,0.97405,0,0,49252
244.685000,398.597002,-0.24412,0.24412,0.12206,-0.03587,0.19349,0.97746,0,0,49253
244.690000,398.597168,-1.09854,0.48824,0.06103,-0.03660,0.19496,0.98381,0,0,49254
244.695000,398.597168,-2.86841,1.52575,-0.12206,-0.04026,0.19715,0.98796,0,0,49255
244.700000,398.597168,-3.53974,1.89193,-0.36618,-0.04319,0.19837,0.99137,0,0,49256
244.705000,398.597534,-2.99047,1.46472,-0.61030,-0.04148,0.19764,0.99235,0,0,49257
244.710000,398.597534,-1.76987,0.61030,-0.67133,-0.03977,0.19837,0.99259,0,0,49258
244.715000,398.597534,-0.42721,-0.42721,-0.79339,-0.03831,0.20154,0.99137,0,0,49259
244.720000,398.597677,0.97648,-1.52575,-1.15957,-0.03709,0.20496,0.98747,0,0,49260
244.725000,398.597677,1.34266,-1.76987,-1.52575,-0.03611,0.20618,0.98356,0,0,49261
244.730000,398.597677,1.15957,-1.76987,-2.01399,-0.03636,0.20911,0.97893,0,0,49262
244.735000,398.597807,0.61030,-1.64781,-2.44120,-0.03440,0.21155,0.97576,0,0,49263
244.740000,398.597807,-0.36618,-1.46472,-2.44120,-0.03392,0.21423,0.97429,0,0,49264
244.745000,398.597807,-0.79339,-1.52575,-2.25811,-0.03294,0.21643,0.97234,0,0,49265
244.750000,398.597933,-0.73236,-1.83090,-2.13605,-0.02952,0.21692,0.96990,0,0,49266
244.755000,398.597933,-0.42721,-1.95296,-2.01399,-0.02830,0.21740,0.96624,0,0,49267
244.760000,398.597933,0.18309,-1.76987,-1.70884,-0.02977,0.21862,0.96575,0,0,49268
244.765000,398.598056,0.79339,-1.58678,-1.28163,-0.02904,0.22058,0.96941,0,0,49269
244.770000,398.598056,1.83090,-1.83090,-0.85442,-0.02660,0.22277,0.97161,0,0,49270
244.775000,398.598056,2.19708,-2.19708,-0.85442,-0.02416,0.22790,0.96917,0,0,49271
244.780000,398.598182,1.95296,-2.19708,-0.79339,-0.02220,0.23229,0.96819,0,0,49272
244.785000,398.598182,1.40369,-1.89193,-0.67133,-0.02245,0.23644,0.96844,0,0,49273
244.790000,398.598182,0.73236,-1.64781,-0.67133,-0.02342,0.23912,0.97088,0,0,49274
244.795000,398.598305,0.06103,-1.15957,-0.67133,-0.01952,0.23766,0.96648,0,0,49275
244.800000,398.598305,-0.48824,-0.61030,-0.48824,-0.01757,0.23961,0.95550,0,0,49276
244.805000,398.598305,-2.44120,0.67133,0.24412,-0.02220,0.23644,0.95599,0,0,49277
244.810000,398.598430,-3.72283,1.70884,1.03751,-0.02318,0.23107,0.95770,0,0,49278
244.815000,398.598430,-2.92944,1.89193,1.34266,-0.02416,0.22399,0.95502,0,0,49279
244.820000,398.598430,-1.83090,1.58678,1.28163,-0.02513,0.21740,0.95184,0,0,49280
244.825000,398.598553,-0.73236,1.15957,1.15957,-0.02733,0.21692,0.95282,0,0,49281
244.830000,398.598553,0.24412,1.09854,1.09854,-0.03026,0.21838,0.95648,0,0,49282
244.835000,398.598553,1.15957,1.15957,1.15957,-0.03416,0.21936,0.96258,0,0,49283
244.840000,398.598677,2.01399,1.15957,1.58678,-0.03855,0.21789,0.97332,0,0,49284
244.845000,398.598677,3.23459,1.03751,2.13605,-0.04124,0.21301,0.98698,0,0,49285
244.850000,398.598677,4.02798,0.48824,2.44120,-0.04172,0.20667,0.99601,0,0,49286
244.855000,398.598802,4.57725,-0.36618,2.50223,-0.04172,0.20130,1.00162,0,0,49287
244.860000,398.598802,4.69931,-1.34266,2.19708,-0.04026,0.19593,1.00430,0,0,49288
244.865000,398.598802,3.96695,-2.38017,1.52575,-0.03977,0.19300,1.00455,0,0,49289
244.870000,398.598930,2.68532,-2.44120,0.85442,-0.03928,0.19447,1.00235,0,0,49290
244.875000,398.598930,1.15957,-2.13605,0.00000,-0.04221,0.19666,0.99796,0,0,49291
244.880000,398.598930,-0.06103,-1.52575,-0.67133,-0.04465,0.19984,0.99625,0,0,49292
244.885000,398.599053,-0.85442,-1.09854,-0.85442,-0.03953,0.20276,0.99406,0,0,49293
244.890000,398.599053,-1.52575,-0.73236,-0.54927,-0.03367,0.20886,0.99308,0,0,49294
244.895000,398.599053,-2.19708,-0.30515,-0.18309,-0.03465,0.21448,0.99088,0,0,49295
244.900000,398.599241,-2.31914,0.00000,-0.30515,-0.03855,0.22033,0.98625,0,0,49296
244.905000,398.599241,-1.89193,0.48824,-0.54927,-0.04343,0.22448,0.98234,0,0,49297
244.910000,398.599241,-1.70884,1.28163,-0.42721,-0.04416,0.22326,0.98454,0,0,49298
244.915000,398.599437,-1.15957,1.34266,-0.06103,-0.04197,0.22033,0.98527,0,0,49299
244.920000,398.599437,-0.79339,0.79339,0.06103,-0.03880,0.22009,0.98259,0,0,49300
244.925000,398.599437,-0.61030,0.30515,0.36618,-0.03880,0.22204,0.97990,0,0,49301
244.930000,398.599567,-0.54927,0.36618,0.79339,-0.04099,0.22204,0.97917,0,0,49302
244.935000,398.599567,-0.61030,0.79339,1.09854,-0.04124,0.21716,0.98112,0,0,49303
244.940000,398.599567,-0.36618,1.09854,0.91545,-0.04026,0.21155,0.98381,0,0,49304
244.945000,398.599689,0.06103,0.85442,0.48824,-0.03904,0.20789,0.98478,0,0,49305
244.950000,398.599689,0.48824,0.42721,0.00000,-0.03611,0.20520,0.98747,0,0,49306
244.955000,398.599689,0.91545,-0.24412,-0.42721,-0.03318,0.20374,0.98796,0,0,49307
244.960000,398.599816,0.97648,-0.91545,-0.79339,-0.03099,0.20496,0.98527,0,0,49308
244.965000,398.599816,0.54927,-1.46472,-1.03751,-0.03148,0.20886,0.98283,0,0,49309
244.970000,398.599816,0.18309,-1.58678,-1.28163,-0.03489,0.21301,0.98161,0,0,49310
244.975000,398.599939,0.24412,-1.52575,-1.40369,-0.03587,0.21740,0.97868,0,0,49311
244.980000,398.599939,0.54927,-1.52575,-1.34266,-0.03440,0.22033,0.97698,0,0,49312
244.985000,398.599939,1.09854,-1.64781,-1.22060,-0.03392,0.22204,0.97795,0,0,49313
244.990000,398.600060,1.70884,-2.13605,-1.22060,-0.03318,0.22497,0.97698,0,0,49314
244.995000,398.600060,2.31914,-2.44120,-1.22060,-0.03026,0.22985,0.97234,0,0,49315
245.000000,398.600060,2.19708,-1.83090,-1.28163,-0.02416,0.23204,0.96892,0,0,49316
245.005000,398.600183,1.28163,-0.12206,-1.03751,-0.01830,0.23400,0.96892,0,0,49317
245.010000,398.600183,-0.42721,1.95296,-0.06103,-0.01854,0.23424,0.97673,0,0,49318
245.015000,398.600183,-2.38017,3.35665,0.97648,-0.02318,0.23009,0.98503,0,0,49319
245.020000,398.600306,-3.23459,2.80738,1.89193,-0.02660,0.22765,0.98503,0,0,49320
245.025000,398.600306,-3.05150,1.89193,2.19708,-0.02757,0.22546,0.98210,0,0,49321
245.030000,398.600306,-2.56326,1.40369,2.38017,-0.02733,0.22131,0.98015,0,0,49322
245.035000,398.600430,-1.64781,1.34266,2.31914,-0.02904,0.22033,0.97844,0,0,49323
245.040000,398.600430,-0.12206,1.22060,2.19708,-0.03196,0.21911,0.98064,0,0,49324
245.045000,398.600430,1.15957,0.97648,2.07502,-0.03270,0.21570,0.98527,0,0,49325
245.050000,398.600555,2.19708,0.54927,1.76987,-0.03026,0.21423,0.98674,0,0,49326
245.055000,398.600555,2.38017,0.30515,1.40369,-0.02611,0.21643,0.98893,0,0,49327
245.060000,398.600555,1.52575,0.54927,1.28163,-0.02708,0.21960,0.99308,0,0,49328
245.065000,398.600684,0.18309,1.03751,1.28163,-0.03270,0.22155,0.99796,0,0,49329
245.070000,398.600684,-1.15957,1.58678,1.40369,-0.03343,0.22228,0.99967,0,0,49330
245.075000,398.600684,-1.89193,1.76987,1.28163,-0.03050,0.22277,0.99967,0,0,49331
245.080000,398.600807,-2.31914,1.76987,1.15957,-0.02928,0.22180,0.99625,0,0,49332
245.085000,398.600807,-2.01399,1.64781,1.15957,-0.03074,0.22204,0.99503,0,0,49333
245.090000,398.600807,-1.15957,1.40369,1.40369,-0.03367,0.22033,0.99406,0,0,49334
245.095000,398.600928,0.06103,0.91545,1.58678,-0.03294,0.21814,0.99528,0,0,49335
245.100000,398.600928,1.52575,0.00000,1.70884,-0.03026,0.21667,0.99674,0,0,49336
245.105000,398.600928,2.62429,-0.67133,1.76987,-0.03026,0.21667,0.99747,0,0,49337
245.110000,398.601050,3.41768,-1.46472,1.76987,-0.03367,0.21667,0.99625,0,0,49338
245.115000,398.601050,3.47871,-1.89193,1.52575,-0.03465,0.21496,0.99406,0,0,49339
245.120000,398.601050,2.99047,-2.07502,1.34266,-0.03123,0.21399,0.98820,0,0,49340
245.125000,398.601171,1.95296,-1.52575,1.52575,-0.02855,0.21423,0.98283,0,0,49341
245.130000,398.601171,0.18309,-0.54927,2.07502,-0.02952,0.21521,0.98381,0,0,49342
245.135000,398.601171,-1.70884,0.30515,2.50223,-0.03221,0.21765,0.98674,0,0,49343
245.140000,398.601332,-3.05150,0.67133,2.62429,-0.03465,0.22180,0.98527,0,0,49344
245.145000,398.601332,-3.78386,1.09854,2.19708,-0.03660,0.22424,0.98283,0,0,49345
245.150000,398.601332,-3.96695,1.76987,1.76987,-0.03660,0.22228,0.98112,0,0,49346
245.155000,398.601457,-3.66180,2.07502,1.58678,-0.03465,0.21862,0.98112,0,0,49347
245.160000,398.601457,-2.86841,1.95296,1.83090,-0.03221,0.21716,0.98308,0,0,49348
245.165000,398.601457,-1.70884,1.64781,2.56326,-0.03270,0.21228,0.98820,0,0,49349
245.170000,398.601580,-1.03751,1.28163,2.99047,-0.03660,0.20935,0.99137,0,0,49350
245.175000,398.601580,-0.79339,1.03751,3.11253,-0.04124,0.20472,0.99235,0,0,49351
245.180000,398.601580,-0.42721,0.42721,2.68532,-0.04270,0.19935,0.99064,0,0,49352
245.185000,398.601706,0.06103,-0.36618,1.89193,-0.04075,0.19447,0.99040,0,0,49353
245.190000,398.601706,0.30515,-0.67133,1.28163,-0.04221,0.19154,0.98966,0,0,49354
245.195000,398.601706,0.73236,-0.67133,0.85442,-0.04246,0.19056,0.98918,0,0,49355
245.200000,398.601829,0.97648,-0.61030,0.61030,-0.04050,0.18886,0.98844,0,0,49356
245.205000,398.601829,0.48824,-0.36618,0.12206,-0.03855,0.19032,0.99113,0,0,49357
245.210000,398.601829,-0.06103,-0.42721,-0.42721,-0.04148,0.19227,0.99430,0,0,49358
245.215000,398.601953,-0.91545,-0.42721,-1.09854,-0.04416,0.19422,0.99454,0,0,49359
245.220000,398.601953,-1.22060,-0.67133,-1.58678,-0.04319,0.19349,0.99308,0,0,49360
245.225000,398.601953,-1.52575,-0.85442,-1.89193,-0.04124,0.19398,0.99162,0,0,49361
245.230000,398.602076,-1.64781,-1.22060,-2.25811,-0.04221,0.19642,0.98918,0,0,49362
245.235000,398.602076,-1.34266,-1.64781,-2.68532,-0.04319,0.19984,0.98844,0,0,49363
245.240000,398.602076,-0.48824,-1.83090,-2.62429,-0.03880,0.19984,0.98454,0,0,49364
245.245000,398.602708,0.12206,-1.95296,-1.89193,-0.03123,0.20032,0.97746,0,0,49365
245.250000,398.602708,0.48824,-1.89193,-0.73236,-0.02879,0.20276,0.97429,0,0,49366
245.255000,398.602708,0.61030,-1.76987,0.42721,-0.02904,0.20545,0.97600,0,0,49367
245.260000,398.602843,0.73236,-1.70884,1.15957,-0.02757,0.20960,0.97088,0,0,49368
245.265000,398.602843,0.18309,-1.28163,1.76987,-0.02806,0.21277,0.96307,0,0,49369
245.270000,398.602843,-1.28163,-0.42721,1.95296,-0.03074,0.21350,0.96185,0,0,49370
245.275000,398.602967,-2.50223,0.42721,1.95296,-0.03172,0.21228,0.96234,0,0,49371
245.280000,398.602967,-3.05150,0.73236,1.64781,-0.03196,0.20960,0.96331,0,0,49372
245.285000,398.602967,-3.23459,1.15957,1.28163,-0.03392,0.20740,0.96282,0,0,49373
245.290000,398.612431,-3.11253,1.58678,1.03751,-0.03489,0.20740,0.96551,0,0,49374
245.295000,398.612431,-2.31914,1.58678,0.67133,-0.03465,0.20642,0.97088,0,0,49375
245.300000,398.612431,-0.85442,0.97648,0.36618,-0.03392,0.20472,0.97332,0,0,49376
245.305000,398.627016,0.91545,0.12206,-0.12206,-0.03465,0.20594,0.97307,0,0,49377
245.310000,398.627016,2.62429,-0.79339,-0.54927,-0.03538,0.20984,0.97502,0,0,49378
245.315000,398.627016,3.53974,-1.28163,-0.73236,-0.03489,0.21423,0.97771,0,0,49379
245.320000,398.642139,4.15004,-1.34266,-0.85442,-0.03245,0.21789,0.97820,0,0,49380
245.325000,398.642139,4.08901,-1.22060,-0.97648,-0.02879,0.21887,0.97990,0,0,49381
245.330000,398.642139,3.17356,-1.09854,-1.03751,-0.02464,0.21960,0.98015,0,0,49382
245.335000,398.657255,1.34266,-0.85442,-1.09854,-0.02367,0.22204,0.98137,0,0,49383
245.340000,398.657255,-1.64781,-0.12206,-1.15957,-0.02830,0.22180,0.98405,0,0,49384
245.345000,398.657255,-3.60077,0.42721,-1.52575,-0.03074,0.21887,0.98430,0,0,49385
245.350000,398.672107,-4.76034,0.79339,-2.01399,-0.03001,0.21692,0.98356,0,0,49386
245.355000,398.672107,-5.18755,1.09854,-2.31914,-0.02928,0.21545,0.98186,0,0,49387
245.360000,398.672107,-5.06549,1.58678,-2.19708,-0.02782,0.21326,0.97917,0,0,49388
245.365000,398.687214,-4.39416,2.13605,-1.34266,-0.02684,0.21106,0.97698,0,0,49389
245.370000,398.687214,-3.35665,2.44120,0.30515,-0.02782,0.21204,0.97820,0,0,49390
245.375000,398.687214,-2.50223,2.25811,1.46472,-0.02708,0.21496,0.98137,0,0,49391
245.380000,398.702110,-1.89193,2.07502,2.07502,-0.02684,0.21618,0.98234,0,0,49392
245.385000,398.702110,-1.70884,2.31914,2.31914,-0.02782,0.21643,0.98283,0,0,49393
245.390000,398.702110,-1.95296,2.62429,2.13605,-0.03050,0.21423,0.98454,0,0,49394
245.395000,398.717437,-2.50223,2.74635,1.83090,-0.03001,0.21008,0.98747,0,0,49395
245.400000,398.717437,-3.17356,2.62429,1.64781,-0.03074,0.20789,0.99235,0,0,49396
245.405000,398.717437,-3.11253,2.44120,1.34266,-0.03099,0.20740,0.99552,0,0,49397
245.410000,398.732128,-2.74635,1.95296,0.91545,-0.03026,0.20789,0.99601,0,0,49398
245.415000,398.732128,-2.31914,1.34266,0.18309,-0.03343,0.20691,0.99601,0,0,49399
245.420000,398.732128,-1.89193,1.15957,-0.06103,-0.03904,0.20472,0.99332,0,0,49400
245.425000,398.747107,-0.97648,0.54927,-0.18309,-0.03977,0.20228,0.98991,0,0,49401
245.430000,398.747107,-0.12206,-0.18309,-0.48824,-0.03709,0.20154,0.98503,0,0,49402
245.435000,398.747107,0.48824,-1.34266,-1.09854,-0.03245,0.20301,0.97746,0,0,49403
245.440000,398.762447,0.48824,-1.64781,-1.64781,-0.03172,0.20594,0.97356,0,0,49404
245.445000,398.762447,-0.06103,-1.15957,-2.07502,-0.03245,0.20789,0.97405,0,0,49405
245.450000,398.762447,-0.67133,-0.36618,-2.25811,-0.03416,0.20960,0.97649,0,0,49406
245.455000,398.777422,-1.09854,0.06103,-2.13605,-0.03270,0.21082,0.97893,0,0,49407
245.460000,398.777422,-1.22060,-0.12206,-1.95296,-0.03123,0.21106,0.97966,0,0,49408
245.465000,398.777422,-0.97648,-0.54927,-1.70884,-0.03026,0.21423,0.97722,0,0,49409
245.470000,398.792116,-0.61030,-0.42721,-1.22060,-0.03026,0.21887,0.97527,0,0,49410
245.475000,398.792116,-0.73236,0.61030,-0.36618,-0.03392,0.21984,0.97917,0,0,49411
245.480000,398.792116,-0.91545,1.64781,0.12206,-0.03270,0.21618,0.98064,0,0,49412
245.485000,398.807292,-0.91545,2.13605,0.36618,-0.02952,0.21618,0.97698,0,0,49413
245.490000,398.807292,-2.01399,2.62429,0.79339,-0.03123,0.21814,0.97795,0,0,49414
245.495000,398.807292,-3.53974,3.35665,0.85442,-0.03514,0.21765,0.98405,0,0,49415
245.500000,398.821992,-4.69931,4.27210,0.30515,-0.03977,0.21814,0.99040,0,0,49416
245.505000,398.821992,-6.16403,5.49270,-0.85442,-0.04075,0.21570,0.99406,0,0,49417
245.510000,398.821992,-7.50669,6.53021,-2.50223,-0.03636,0.21228,0.99674,0,0,49418
245.515000,398.837452,-9.82583,7.07948,-3.53974,-0.04221,0.21350,1.00186,0,0,49419
245.520000,398.837452,-11.22952,7.01845,-3.90592,-0.05563,0.21472,1.01089,0,0,49420
245.525000,398.837452,-10.74128,5.98094,-3.78386,-0.05954,0.21423,1.01187,0,0,49421
245.530000,398.852111,-8.91038,4.21107,-3.35665,-0.05417,0.21130,1.00479,0,0,49422
245.535000,398.852111,-5.67579,1.83090,-2.99047,-0.05051,0.20838,0.99869,0,0,49423
245.540000,398.852111,-2.62429,0.36618,-2.44120,-0.05173,0.20569,0.99552,0,0,49424
245.545000,398.867152,0.85442,-0.79339,-1.58678,-0.05026,0.20325,0.99259,0,0,49425
245.550000,398.867152,3.96695,-1.89193,-0.67133,-0.04441,0.20057,0.98942,0,0,49426
245.555000,398.867152,5.85888,-2.99047,-0.06103,-0.04002,0.19959,0.98405,0,0,49427
245.560000,398.882009,6.53021,-3.60077,0.18309,-0.03977,0.20081,0.98039,0,0,49428
245.565000,398.882009,5.79785,-3.47871,-0.06103,-0.04538,0.20252,0.97405,0,0,49429
245.570000,398.882009,4.15004,-2.62429,-0.61030,-0.05075,0.20057,0.97332,0,0,49430
245.575000,398.897243,2.19708,-1.22060,-1.58678,-0.04880,0.19374,0.97258,0,0,49431
245.580000,398.897243,0.24412,0.12206,-2.74635,-0.03928,0.18690,0.96892,0,0,49432
245.585000,398.897243,-2.68532,1.76987,-3.05150,-0.03172,0.18178,0.96892,0,0,49433
245.590000,398.912230,-4.57725,2.92944,-2.13605,-0.03123,0.18251,0.97454,0,0,49434
245.595000,398.912230,-5.43167,3.11253,-0.97648,-0.03562,0.18324,0.98283,0,0,49435
245.600000,398.912230,-5.12652,2.68532,-0.30515,-0.04026,0.18324,0.98649,0,0,49436
245.605000,398.927107,-3.78386,1.70884,-0.30515,-0.04416,0.18471,0.98259,0,0,49437
245.610000,398.927107,-1.95296,0.85442,-0.61030,-0.04660,0.18715,0.97746,0,0,49438
245.615000,398.927107,-0.42721,0.42721,-0.97648,-0.04709,0.18886,0.97502,0,0,49439
245.620000,398.942447,1.03751,0.36618,-1.28163,-0.04368,0.19008,0.97380,0,0,49440
245.625000,398.942447,1.89193,0.67133,-1.64781,-0.03806,0.18959,0.97112,0,0,49441
245.630000,398.942447,1.76987,1.34266,-2.19708,-0.03587,0.18934,0.97014,0,0,49442
245.635000,398.957135,0.97648,2.25811,-2.62429,-0.03562,0.19130,0.97283,0,0,49443
245.640000,398.957135,-0.85442,3.35665,-2.68532,-0.04075,0.19422,0.97868,0,0,49444
245.645000,398.957135,-1.83090,3.90592,-2.56326,-0.04294,0.19642,0.98600,0,0,49445
245.650000,398.972105,-2.01399,3.60077,-2.25811,-0.04148,0.19544,0.99015,0,0,49446
245.655000,398.972105,-2.25811,3.23459,-1.95296,-0.04172,0.19276,0.99503,0,0,49447
245.660000,398.972105,-2.68532,3.23459,-1.89193,-0.04368,0.19325,1.00162,0,0,49448
245.665000,398.987276,-3.05150,3.29562,-2.01399,-0.04563,0.19300,1.00796,0,0,49449
245.670000,398.987276,-3.23459,2.92944,-2.44120,-0.04514,0.19349,1.00967,0,0,49450
245.675000,398.987276,-3.41768,2.38017,-2.99047,-0.04294,0.19349,1.00943,0,0,49451
245.680000,399.002054,-3.23459,1.70884,-3.41768,-0.04197,0.19471,1.00577,0,0,49452
245.685000,399.002054,-2.68532,1.03751,-3.47871,-0.04197,0.19642,0.99991,0,0,49453
245.690000,399.002054,-1.34266,0.06103,-3.35665,-0.04172,0.19935,0.99406,0,0,49454
245.695000,399.017141,-0.12206,-0.42721,-3.05150,-0.03904,0.20276,0.98625,0,0,49455
245.700000,399.017141,1.09854,-0.91545,-2.38017,-0.03855,0.20496,0.98039,0,0,49456
245.705000,399.017141,2.25811,-1.28163,-1.70884,-0.03782,0.20642,0.97454,0,0,49457
245.710000,399.032088,3.41768,-1.28163,-0.91545,-0.03709,0.20667,0.96917,0,0,49458
245.715000,399.032088,3.60077,-0.85442,-0.24412,-0.03684,0.20569,0.96624,0,0,49459
245.720000,399.032088,3.41768,-0.42721,0.18309,-0.03636,0.20350,0.96673,0,0,49460
245.725000,399.047166,2.99047,0.00000,0.06103,-0.03636,0.20203,0.97014,0,0,49461
245.730000,399.047166,2.38017,0.48824,-0.18309,-0.03684,0.20032,0.97478,0,0,49462
245.735000,399.047166,0.85442,0.97648,-0.67133,-0.03489,0.19935,0.97868,0,0,49463
245.740000,399.062417,-0.91545,1.40369,-1.52575,-0.03123,0.20447,0.98552,0,0,49464
245.745000,399.062417,-2.44120,1.70884,-3.11253,-0.03514,0.20813,0.99284,0,0,49465
245.750000,399.062417,-3.60077,1.76987,-4.76034,-0.04050,0.20984,0.99772,0,0,49466
245.755000,399.077133,-4.94343,2.01399,-5.49270,-0.04368,0.21301,1.00357,0,0,49467
245.760000,399.077133,-5.91991,2.25811,-5.18755,-0.04587,0.21570,1.00674,0,0,49468
245.765000,399.077133,-5.37064,1.34266,-3.96695,-0.04904,0.21472,1.00260,0,0,49469
245.770000,399.107105,-4.45519,0.42721,-2.62429,-0.04880,0.21570,0.99772,0,0,49470
245.775000,399.107105,-3.41768,0.24412,-1.09854,-0.04538,0.21740,0.99113,0,0,49471
245.780000,399.107105,-2.19708,0.36618,0.30515,-0.04172,0.21448,0.98478,0,0,49472
245.785000,399.108398,-0.85442,0.42721,1.22060,-0.04050,0.20960,0.98161,0,0,49473
245.790000,399.108398,0.61030,0.18309,2.31914,-0.04197,0.20569,0.98088,0,0,49474
245.795000,399.108398,1.46472,-0.12206,2.99047,-0.04392,0.20423,0.98259,0,0,49475
245.800000,399.122123,2.07502,-0.24412,3.47871,-0.04514,0.20179,0.98332,0,0,49476
245.805000,399.122123,2.19708,-0.30515,3.41768,-0.04441,0.19666,0.98527,0,0,49477
245.810000,399.122123,1.70884,0.24412,3.41768,-0.04441,0.19374,0.98747,0,0,49478
245.815000,399.137232,0.06103,1.09854,3.41768,-0.04782,0.19154,0.99332,0,0,49479
245.820000,399.137232,-1.40369,1.46472,3.05150,-0.05295,0.19008,0.99967,0,0,49480
245.825000,399.137232,-2.68532,1.22060,2.38017,-0.05563,0.18666,1.00040,0,0,49481
245.830000,399.152431,-3.96695,0.67133,1.46472,-0.05222,0.18471,0.99186,0,0,49482
245.835000,399.152431,-5.00446,0.61030,0.67133,-0.04685,0.18495,0.98527,0,0,49483
245.840000,399.152431,-5.55373,0.67133,0.12206,-0.04538,0.18837,0.98161,0,0,49484
245.845000,399.167337,-5.37064,0.73236,0.00000,-0.04514,0.19105,0.98112,0,0,49485
245.850000,399.167337,-4.63828,0.85442,0.12206,-0.04441,0.19276,0.97795,0,0,49486
245.855000,399.167337,-3.66180,0.91545,0.30515,-0.04319,0.19349,0.97624,0,0,49487
245.860000,399.182107,-2.56326,0.73236,0.48824,-0.03977,0.19740,0.97258,0,0,49488
245.865000,399.182107,-1.95296,0.85442,0.85442,-0.03953,0.20179,0.97478,0,0,49489
245.870000,399.182107,-2.31914,1.52575,1.64781,-0.03904,0.20545,0.97795,0,0,49490
245.875000,399.197448,-3.29562,2.74635,2.68532,-0.03831,0.20813,0.98625,0,0,49491
245.880000,399.197448,-3.96695,3.60077,3.60077,-0.03660,0.21033,0.99601,0,0,49492
245.885000,399.197448,-3.78386,3.41768,4.51622,-0.03782,0.21277,1.00333,0,0,49493
245.890000,399.212407,-2.86841,2.44120,5.43167,-0.04514,0.21570,1.00943,0,0,49494
245.895000,399.212407,-0.91545,1.09854,6.46918,-0.05563,0.21667,1.00918,0,0,49495
245.900000,399.212407,0.61030,0.24412,6.95742,-0.06100,0.21472,1.00308,0,0,49496
245.905000,399.227158,1.58678,-0.18309,6.83536,-0.05856,0.21033,0.99796,0,0,49497
245.910000,399.227158,1.46472,0.30515,6.34712,-0.05514,0.20374,0.99332,0,0,49498
245.915000,399.227158,0.91545,0.67133,6.34712,-0.05270,0.19837,0.98942,0,0,49499
245.920000,399.242006,0.30515,0.48824,6.46918,-0.05246,0.19300,0.98649,0,0,49500
245.925000,399.242006,0.06103,-0.12206,6.65227,-0.05100,0.18568,0.98210,0,0,49501
245.930000,399.242006,0.30515,-0.73236,6.71330,-0.05222,0.18202,0.97795,0,0,49502
245.935000,399.257436,0.73236,-0.97648,6.53021,-0.05441,0.17666,0.97771,0,0,49503
245.940000,399.257436,1.09854,-0.36618,5.79785,-0.05270,0.16958,0.97722,0,0,49504
245.945000,399.257436,1.03751,0.36618,5.06549,-0.04758,0.16324,0.97576,0,0,49505
245.950000,399.272201,0.61030,0.85442,4.51622,-0.04441,0.15836,0.97502,0,0,49506
245.955000,399.272201,-0.18309,1.03751,4.21107,-0.04782,0.15738,0.97771,0,0,49507
245.960000,399.272201,-1.34266,0.97648,3.66180,-0.05246,0.15884,0.98137,0,0,49508
245.965000,399.287441,-2.07502,0.67133,2.86841,-0.05319,0.16324,0.97600,0,0,49509
245.970000,399.287441,-2.68532,0.97648,2.62429,-0.05270,0.17153,0.96795,0,0,49510
245.975000,399.287441,-3.47871,1.95296,2.92944,-0.05295,0.17617,0.96819,0,0,49511
245.980000,399.302422,-3.53974,2.86841,3.11253,-0.05173,0.17666,0.97161,0,0,49512
245.985000,399.302422,-2.80738,3.05150,3.23459,-0.04758,0.17934,0.97405,0,0,49513
245.990000,399.302422,-2.01399,2.62429,3.05150,-0.04612,0.18300,0.97551,0,0,49514
245.995000,399.317057,-1.58678,2.74635,2.86841,-0.04660,0.18886,0.97820,0,0,49515
246.000000,399.317057,-1.15957,3.41768,3.17356,-0.04734,0.19032,0.98454,0,0,49516
246.005000,399.317057,-0.85442,3.72283,3.47871,-0.04734,0.18788,0.99186,0,0,49517
246.010000,399.332411,-0.48824,2.99047,3.60077,-0.04758,0.18495,0.99942,0,0,49518
246.015000,399.332411,-0.18309,1.89193,3.53974,-0.05124,0.18227,1.00235,0,0,49519
246.020000,399.332411,-0.12206,0.79339,3.23459,-0.05612,0.18007,0.99967,0,0,49520
246.025000,399.347347,-0.30515,0.06103,2.56326,-0.05978,0.17690,0.99601,0,0,49521
246.030000,399.347347,-0.36618,-0.61030,1.22060,-0.05954,0.17080,0.99137,0,0,49522
246.035000,399.347347,-0.30515,-1.22060,0.00000,-0.05636,0.16543,0.98796,0,0,49523
246.040000,399.362423,0.00000,-1.83090,-1.03751,-0.05173,0.16372,0.98088,0,0,49524
246.045000,399.362423,0.48824,-2.13605,-1.83090,-0.04758,0.16787,0.97161,0,0,49525
246.050000,399.362423,0.97648,-1.95296,-2.07502,-0.04734,0.17300,0.96868,0,0,49526
246.055000,399.377457,1.58678,-1.70884,-2.01399,-0.04978,0.17714,0.96844,0,0,49527
246.060000,399.377457,2.44120,-1.64781,-2.19708,-0.04953,0.18056,0.96770,0,0,49528
246.065000,399.377457,3.23459,-1.70884,-2.38017,-0.04904,0.18520,0.96600,0,0,49529
246.070000,399.392126,3.72283,-1.58678,-2.38017,-0.05124,0.18959,0.96453,0,0,49530
246.075000,399.392126,3.53974,-0.79339,-2.01399,-0.05197,0.19349,0.96673,0,0,49531
246.080000,399.392126,2.74635,0.06103,-1.40369,-0.04636,0.19203,0.97258,0,0,49532
246.085000,399.407082,1.46472,0.54927,-1.15957,-0.04221,0.19008,0.97527,0,0,49533
246.090000,399.407082,-0.30515,0.73236,-1.15957,-0.04197,0.18959,0.97551,0,0,49534
246.095000,399.407082,-1.58678,0.97648,-0.97648,-0.03977,0.19374,0.97454,0,0,49535
246.100000,399.422064,-2.74635,1.76987,-0.30515,-0.03953,0.19862,0.98015,0,0,49536
246.105000,399.422064,-3.53974,2.44120,0.54927,-0.04124,0.20081,0.98771,0,0,49537
246.110000,399.422064,-3.17356,2.44120,1.22060,-0.04392,0.20398,0.99088,0,0,49538
246.115000,399.437165,-2.44120,1.70884,1.40369,-0.04636,0.20691,0.99040,0,0,49539
246.120000,399.437165,-2.31914,1.58678,1.52575,-0.04856,0.21179,0.98625,0,0,49540
246.125000,399.437165,-2.56326,2.01399,1.64781,-0.05270,0.21545,0.98625,0,0,49541
246.130000,399.452420,-2.56326,2.25811,1.89193,-0.05148,0.21643,0.98820,0,0,49542
246.135000,399.452420,-2.68532,2.01399,2.01399,-0.04831,0.21326,0.98869,0,0,49543
246.140000,399.452420,-2.68532,1.70884,2.25811,-0.05222,0.21106,0.98771,0,0,49544
246.145000,399.467419,-2.13605,1.09854,2.50223,-0.05539,0.20594,0.98649,0,0,49545
246.150000,399.467419,-1.03751,0.30515,2.62429,-0.05514,0.20008,0.98161,0,0,49546
246.155000,399.467419,0.24412,-0.06103,2.50223,-0.05539,0.19276,0.98112,0,0,49547
246.160000,399.482182,1.83090,-0.18309,2.19708,-0.05124,0.18617,0.98088,0,0,49548
246.165000,399.482182,4.08901,-0.79339,2.01399,-0.04782,0.18105,0.97942,0,0,49549
246.170000,399.482182,5.00446,-1.15957,1.76987,-0.04563,0.18056,0.97649,0,0,49550
246.175000,399.497120,5.30961,-1.34266,1.52575,-0.04465,0.18129,0.97258,0,0,49551
246.180000,399.497120,4.88240,-1.09854,1.28163,-0.04416,0.18227,0.97039,0,0,49552
246.185000,399.497120,3.05150,0.18309,1.09854,-0.04441,0.18251,0.97454,0,0,49553
246.190000,399.512342,1.09854,1.22060,0.79339,-0.04416,0.18007,0.98088,0,0,49554
246.195000,399.512342,-0.42721,1.83090,0.42721,-0.04270,0.17739,0.98747,0,0,49555
246.200000,399.512342,-1.76987,2.07502,-0.12206,-0.04221,0.17910,0.99137,0,0,49556
246.205000,399.527423,-3.05150,2.38017,-0.48824,-0.04197,0.18422,0.99479,0,0,49557
246.210000,399.527423,-4.33313,2.92944,-0.48824,-0.04270,0.18910,1.00138,0,0,49558
246.215000,399.527423,-4.57725,3.11253,-0.67133,-0.04368,0.19227,1.00552,0,0,49559
246.220000,399.542439,-4.45519,2.86841,-0.97648,-0.04319,0.19520,1.00479,0,0,49560
246.225000,399.542439,-4.02798,2.13605,-0.97648,-0.04441,0.19935,1.00113,0,0,49561
246.230000,399.542439,-3.23459,1.40369,-0.54927,-0.04807,0.20203,0.99845,0,0,49562
246.235000,399.557465,-2.07502,0.73236,0.00000,-0.05075,0.20398,0.99430,0,0,49563
246.240000,399.557465,-0.67133,0.12206,0.54927,-0.05222,0.20569,0.98918,0,0,49564
246.245000,399.557465,0.67133,-0.30515,0.85442,-0.05368,0.20447,0.98234,0,0,49565
246.250000,399.572503,2.07502,-0.67133,0.97648,-0.05368,0.20301,0.97576,0,0,49566
246.255000,399.572503,3.41768,-0.85442,1.15957,-0.05563,0.19910,0.97210,0,0,49567
246.260000,399.572503,4.63828,-0.67133,1.58678,-0.05734,0.19471,0.97258,0,0,49568
246.265000,399.587434,4.76034,-0.48824,1.76987,-0.05270,0.19032,0.97356,0,0,49569
246.270000,399.587434,4.15004,-0.18309,1.76987,-0.04636,0.18739,0.97624,0,0,49570
246.275000,399.587434,2.99047,0.42721,1.70884,-0.04709,0.18617,0.97795,0,0,49571
246.280000,399.602491,1.64781,1.22060,1.83090,-0.04953,0.18568,0.97844,0,0,49572
246.285000,399.602491,0.18309,2.31914,2.13605,-0.04953,0.18324,0.98161,0,0,49573
246.290000,399.602491,-1.09854,2.92944,2.13605,-0.04953,0.17861,0.98796,0,0,49574
246.295000,399.617484,-1.52575,3.05150,1.34266,-0.05051,0.17592,0.99088,0,0,49575
246.300000,399.617484,-1.89193,3.05150,0.12206,-0.05148,0.17592,0.99576,0,0,49576
246.305000,399.617484,-2.50223,3.17356,-0.91545,-0.05197,0.17812,0.99991,0,0,49577
246.310000,399.632450,-3.29562,3.41768,-1.64781,-0.05148,0.18129,1.00382,0,0,49578
246.315000,399.632450,-3.47871,2.99047,-1.76987,-0.04856,0.18495,1.00504,0,0,49579
246.320000,399.632450,-3.35665,2.38017,-1.52575,-0.04831,0.18886,1.00430,0,0,49580
246.325000,399.647129,-3.05150,1.76987,-0.79339,-0.04904,0.19398,1.00357,0,0,49581
246.330000,399.647129,-1.83090,1.15957,-0.06103,-0.05246,0.19837,1.00186,0,0,49582
246.335000,399.647129,0.42721,0.61030,0.91545,-0.05514,0.19813,0.99918,0,0,49583
246.340000,399.662158,2.38017,0.36618,1.52575,-0.05368,0.19666,0.99381,0,0,49584
246.345000,399.662158,3.96695,0.30515,2.50223,-0.05148,0.19618,0.99088,0,0,49585
246.350000,399.662158,4.76034,0.30515,3.72283,-0.05514,0.19471,0.99528,0,0,49586
246.355000,399.677258,5.30961,0.18309,4.69931,-0.05588,0.19227,0.99967,0,0,49587
246.360000,399.677258,5.85888,-0.06103,4.88240,-0.05002,0.18764,1.00260,0,0,49588
246.365000,399.677258,5.30961,0.12206,4.51622,-0.04636,0.18276,1.00455,0,0,49589
246.370000,399.692132,3.72283,0.54927,3.96695,-0.05197,0.18227,1.00967,0,0,49590
246.375000,399.692132,2.07502,1.03751,3.23459,-0.06149,0.18080,1.01675,0,0,49591
246.380000,399.692132,0.61030,1.34266,2.38017,-0.06564,0.17812,1.02114,0,0,49592
246.385000,399.707143,-0.36618,1.09854,1.22060,-0.06344,0.17373,1.02407,0,0,49593
246.390000,399.707143,-0.73236,0.36618,-0.36618,-0.05588,0.16885,1.02504,0,0,49594
246.395000,399.707143,-0.73236,-0.54927,-1.34266,-0.05197,0.16738,1.02114,0,0,49595
246.400000,399.722197,-0.85442,-1.22060,-1.76987,-0.05563,0.16982,1.01772,0,0,49596
246.405000,399.722197,-1.22060,-1.70884,-1.64781,-0.05954,0.17446,1.01162,0,0,49597
246.410000,399.722197,-1.52575,-1.70884,-1.95296,-0.05929,0.17861,1.00455,0,0,49598
246.415000,399.737429,-1.83090,-1.52575,-2.50223,-0.05905,0.18032,0.99991,0,0,49599
246.420000,399.737429,-2.01399,-1.58678,-3.11253,-0.05856,0.18178,0.99820,0,0,49600
246.425000,399.737429,-1.89193,-1.70884,-3.66180,-0.05661,0.18349,0.99601,0,0,49601
246.430000,399.752253,-1.52575,-1.76987,-3.90592,-0.05417,0.18764,0.99284,0,0,49602
246.435000,399.752253,-1.22060,-1.70884,-3.90592,-0.05270,0.19471,0.99113,0,0,49603
246.440000,399.752253,-1.22060,-1.70884,-3.66180,-0.05197,0.20081,0.99088,0,0,49604
246.445000,399.767223,-1.22060,-1.64781,-3.17356,-0.05026,0.20447,0.98869,0,0,49605
246.450000,399.767223,-1.28163,-1.46472,-2.62429,-0.04636,0.20569,0.98503,0,0,49606
246.455000,399.767223,-1.52575,-1.22060,-1.95296,-0.04294,0.20569,0.98283,0,0,49607
246.460000,399.782465,-2.01399,-0.67133,-0.97648,-0.04246,0.20594,0.98088,0,0,49608
246.465000,399.782465,-2.31914,0.06103,0.48824,-0.04660,0.20667,0.98112,0,0,49609
246.470000,399.782465,-2.07502,0.06103,1.28163,-0.05417,0.20472,0.97942,0,0,49610
246.475000,399.797446,-1.15957,-0.42721,1.40369,-0.05734,0.20179,0.97551,0,0,49611
246.480000,399.797446,0.24412,-0.91545,1.28163,-0.05783,0.19862,0.97136,0,0,49612
246.485000,399.797446,1.70884,-1.22060,1.03751,-0.05661,0.19715,0.96892,0,0,49613
246.490000,399.812147,3.11253,-1.46472,0.67133,-0.05514,0.19788,0.96697,0,0,49614
246.495000,399.812147,3.84489,-1.76987,0.61030,-0.05612,0.19862,0.96478,0,0,49615
246.500000,399.812147,4.15004,-1.76987,0.61030,-0.05661,0.20008,0.96307,0,0,49616
246.505000,399.827093,3.72283,-1.58678,0.73236,-0.05514,0.20057,0.96160,0,0,49617
246.510000,399.827093,2.31914,-0.85442,0.36618,-0.05075,0.19691,0.95941,0,0,49618
246.515000,399.827093,0.61030,-0.12206,0.18309,-0.04587,0.19227,0.95843,0,0,49619
246.520000,399.842262,-1.34266,0.85442,0.30515,-0.04392,0.18861,0.96063,0,0,49620
246.525000,399.842262,-2.74635,1.70884,0.42721,-0.04563,0.18544,0.96624,0,0,49621
246.530000,399.842262,-3.23459,2.01399,0.30515,-0.04880,0.18129,0.97112,0,0,49622
246.535000,399.857082,-2.38017,1.70884,0.18309,-0.04978,0.17739,0.97551,0,0,49623
246.540000,399.857082,-1.09854,1.09854,0.24412,-0.05002,0.17641,0.98112,0,0,49624
246.545000,399.857082,0.42721,0.36618,0.36618,-0.05075,0.17861,0.98600,0,0,49625
246.550000,399.872066,2.01399,-0.42721,0.48824,-0.05295,0.18129,0.98722,0,0,49626
246.555000,399.872066,3.29562,-1.03751,0.61030,-0.05344,0.18178,0.98210,0,0,49627
246.560000,399.872066,3.90592,-1.28163,0.67133,-0.05100,0.18398,0.97405,0,0,49628
246.565000,399.887055,3.05150,-0.85442,0.91545,-0.05319,0.18690,0.96941,0,0,49629
246.570000,399.887055,2.01399,0.06103,1.28163,-0.05563,0.18715,0.96624,0,0,49630
246.575000,399.887055,0.97648,0.79339,1.28163,-0.05344,0.18398,0.96673,0,0,49631
246.580000,399.902215,-0.12206,1.34266,0.97648,-0.05124,0.18129,0.96819,0,0,49632
246.585000,399.902215,-0.97648,1.58678,0.24412,-0.04978,0.18129,0.97161,0,0,49633
246.590000,399.902215,-1.15957,1.89193,-0.48824,-0.05026,0.18349,0.97966,0,0,49634
246.595000,399.917421,-1.22060,2.31914,-1.22060,-0.05002,0.18593,0.98991,0,0,49635
246.600000,399.917421,-0.79339,2.13605,-1.83090,-0.04978,0.19008,0.99942,0,0,49636
246.605000,399.917421,-0.30515,1.22060,-2.13605,-0.05075,0.19764,1.00552,0,0,49637
246.610000,399.932067,0.18309,-0.06103,-2.07502,-0.05148,0.20496,1.00821,0,0,49638
246.615000,399.932067,0.42721,-0.97648,-1.76987,-0.05075,0.21033,1.00577,0,0,49639
246.620000,399.932067,0.24412,-1.34266,-1.09854,-0.05124,0.21326,0.99845,0,0,49640
246.625000,399.947449,-0.30515,-1.58678,-0.18309,-0.05417,0.21448,0.98966,0,0,49641
246.630000,399.947449,-0.91545,-1.40369,0.79339,-0.05710,0.20984,0.98308,0,0,49642
246.635000,399.947449,-0.97648,-1.22060,1.09854,-0.05807,0.20276,0.97868,0,0,49643
246.640000,399.977427,-0.54927,-1.15957,1.03751,-0.05636,0.19496,0.97283,0,0,49644
246.645000,399.977427,0.18309,-1.09854,0.79339,-0.05295,0.18861,0.96990,0,0,49645
246.650000,399.977427,1.03751,-0.91545,0.61030,-0.05002,0.18129,0.97185,0,0,49646
246.655000,399.978314,2.13605,-0.91545,0.48824,-0.05100,0.17666,0.97454,0,0,49647
246.660000,399.978314,3.66180,-1.28163,0.24412,-0.05832,0.17763,0.97844,0,0,49648
246.665000,399.978314,5.18755,-1.89193,-0.12206,-0.06173,0.17763,0.97942,0,0,49649
246.670000,399.992470,6.77433,-2.50223,-0.54927,-0.05319,0.17495,0.97649,0,0,49650
246.675000,399.992470,7.87287,-2.62429,-0.73236,-0.04270,0.17300,0.97576,0,0,49651
246.680000,399.992470,8.11699,-2.31914,-0.67133,-0.04246,0.17324,0.98088,0,0,49652
246.685000,400.007428,7.87287,-1.83090,-0.61030,-0.04563,0.17714,0.98771,0,0,49653
246.690000,400.007428,6.77433,-1.09854,-0.73236,-0.04807,0.18154,0.99332,0,0,49654
246.695000,400.007428,4.76034,-0.24412,-1.22060,-0.04782,0.18959,0.99869,0,0,49655
246.700000,400.022427,2.31914,0.97648,-1.46472,-0.04831,0.19788,1.00894,0,0,49656
246.705000,400.022427,-0.30515,2.07502,-1.70884,-0.04660,0.20472,1.01870,0,0,49657
246.710000,400.022427,-3.35665,2.25811,-1.83090,-0.04538,0.21008,1.02626,0,0,49658
246.715000,400.037392,-5.37064,2.07502,-1.83090,-0.04880,0.21643,1.03017,0,0,49659
246.720000,400.037392,-6.40815,1.64781,-1.64781,-0.05222,0.22399,1.03114,0,0,49660
246.725000,400.037392,-6.46918,0.97648,-1.52575,-0.05539,0.22741,1.03017,0,0,49661
246.730000,400.052120,-5.61476,0.06103,-1.34266,-0.05807,0.23107,1.02529,0,0,49662
246.735000,400.052120,-3.47871,-1.28163,-0.91545,-0.06051,0.23473,1.01602,0,0,49663
246.740000,400.052120,-1.40369,-2.13605,-0.24412,-0.05954,0.23448,1.00845,0,0,49664
246.745000,400.067155,0.67133,-2.86841,0.54927,-0.05612,0.23058,1.00016,0,0,49665
246.750000,400.067155,2.50223,-3.53974,1.34266,-0.05124,0.22326,0.98991,0,0,49666
246.755000,400.067155,4.02798,-3.90592,2.19708,-0.04758,0.21643,0.97990,0,0,49667
246.760000,400.082065,5.00446,-3.84489,2.99047,-0.04734,0.20935,0.97429,0,0,49668
246.765000,400.082065,5.30961,-3.23459,3.72283,-0.04978,0.20179,0.97356,0,0,49669
246.770000,400.082065,5.85888,-2.99047,3.66180,-0.05417,0.19447,0.97478,0,0,49670
246.775000,400.097158,6.65227,-3.23459,3.11253,-0.05783,0.18666,0.97722,0,0,49671
246.780000,400.097158,7.75081,-3.29562,2.50223,-0.05490,0.17885,0.97917,0,0,49672
246.785000,400.097158,9.21553,-3.53974,1.83090,-0.05295,0.17080,0.98454,0,0,49673
246.790000,400.112126,9.70377,-3.90592,1.28163,-0.05344,0.16641,0.99113,0,0,49674
246.795000,400.112126,9.70377,-4.51622,0.73236,-0.05270,0.16470,0.99137,0,0,49675
246.800000,400.112126,8.36111,-5.00446,-0.18309,-0.05026,0.16519,0.98478,0,0,49676
246.805000,400.142581,5.55373,-4.69931,-1.28163,-0.04587,0.17031,0.97502,0,0,49677
246.810000,400.142581,0.73236,-2.50223,-2.01399,-0.04685,0.18129,0.96624,0,0,49678
246.815000,400.142581,-3.47871,0.12206,-1.95296,-0.05026,0.18812,0.96844,0,0,49679
246.820000,400.143308,-6.59124,2.25811,-2.19708,-0.05295,0.19081,0.97527,0,0,49680
246.825000,400.143308,-8.17802,2.99047,-2.68532,-0.05246,0.18959,0.97844,0,0,49681
246.830000,400.143308,-8.48317,2.50223,-3.23459,-0.05173,0.18910,0.97917,0,0,49682
246.835000,400.157256,-7.14051,1.52575,-3.53974,-0.05148,0.19008,0.98039,0,0,49683
246.840000,400.157256,-5.24858,0.85442,-3.35665,-0.05222,0.19105,0.98332,0,0,49684
246.845000,400.157256,-3.05150,0.18309,-3.05150,-0.05368,0.19276,0.98625,0,0,49685
246.850000,400.172261,-0.67133,-0.67133,-2.68532,-0.05197,0.19325,0.98454,0,0,49686
246.855000,400.172261,1.58678,-1.70884,-2.44120,-0.05002,0.19447,0.97820,0,0,49687
246.860000,400.172261,3.60077,-3.17356,-2.13605,-0.04660,0.19715,0.97014,0,0,49688
246.865000,400.187037,4.21107,-3.78386,-1.95296,-0.04221,0.19886,0.96356,0,0,49689
246.870000,400.187037,3.72283,-3.41768,-1.58678,-0.03782,0.20301,0.95648,0,0,49690
246.875000,400.187037,2.13605,-2.31914,-1.22060,-0.03806,0.20642,0.95477,0,0,49691
246.880000,400.202419,-0.06103,-1.15957,-1.34266,-0.04075,0.20594,0.95648,0,0,49692
246.885000,400.202419,-2.62429,-0.24412,-2.19708,-0.03904,0.20325,0.95428,0,0,49693
246.890000,400.202419,-4.45519,0.42721,-2.99047,-0.03318,0.20154,0.95136,0,0,49694
246.895000,400.217225,-5.55373,0.97648,-3.35665,-0.02855,0.20276,0.95136,0,0,49695
246.900000,400.217225,-5.91991,1.40369,-3.66180,-0.02660,0.20423,0.95575,0,0,49696
246.905000,400.217225,-5.24858,1.40369,-3.90592,-0.02513,0.20642,0.95624,0,0,49697
246.910000,400.232246,-3.96695,1.15957,-3.96695,-0.02220,0.21277,0.95599,0,0,49698
246.915000,400.232246,-2.99047,1.09854,-3.53974,-0.02367,0.22375,0.95502,0,0,49699
246.920000,400.232246,-1.89193,1.09854,-2.74635,-0.02855,0.23326,0.95477,0,0,49700
246.925000,400.247455,-0.85442,1.09854,-1.52575,-0.02952,0.23936,0.95087,0,0,49701
246.930000,400.247455,-0.18309,1.40369,-0.18309,-0.02708,0.23839,0.95136,0,0,49702
246.935000,400.247455,0.18309,2.13605,1.03751,-0.02586,0.23351,0.95502,0,0,49703
246.940000,400.262497,0.36618,2.62429,1.89193,-0.02830,0.22814,0.96038,0,0,49704
246.945000,400.262497,0.36618,3.05150,2.62429,-0.03538,0.22131,0.97088,0,0,49705
246.950000,400.262497,0.48824,3.29562,3.23459,-0.03880,0.21374,0.98259,0,0,49706
246.955000,400.277382,0.91545,3.17356,3.66180,-0.03953,0.20716,0.99015,0,0,49707
246.960000,400.277382,1.52575,2.68532,4.27210,-0.04197,0.20130,0.99894,0,0,49708
246.965000,400.277382,1.83090,2.13605,4.57725,-0.04685,0.19618,1.00552,0,0,49709
246.970000,400.292080,2.25811,1.46472,4.57725,-0.05173,0.19300,1.00943,0,0,49710
246.975000,400.292080,2.80738,0.61030,4.08901,-0.05441,0.19008,1.00821,0,0,49711
246.980000,400.292080,2.99047,-0.18309,3.53974,-0.05368,0.19130,1.00162,0,0,49712
246.985000,400.307180,2.50223,-0.42721,2.68532,-0.05246,0.19252,0.99406,0,0,49713
246.990000,400.307180,0.97648,-0.18309,1.64781,-0.05124,0.19227,0.98674,0,0,49714
246.995000,400.307180,-0.36618,0.48824,0.91545,-0.05100,0.19105,0.98308,0,0,49715
247.000000,400.322478,-1.28163,1.34266,0.30515,-0.05051,0.18959,0.98186,0,0,49716
247.005000,400.322478,-1.95296,2.13605,-0.54927,-0.04904,0.18861,0.98454,0,0,49717
247.010000,400.322478,-1.89193,2.38017,-0.97648,-0.04782,0.18788,0.98869,0,0,49718
247.015000,400.337436,-1.34266,2.13605,-1.22060,-0.04636,0.18861,0.99284,0,0,49719
247.020000,400.337436,-0.42721,1.76987,-1.34266,-0.04563,0.19056,0.99796,0,0,49720
247.025000,400.337436,0.67133,1.22060,-1.34266,-0.04807,0.19349,1.00113,0,0,49721
247.030000,400.352077,1.46472,0.73236,-1.34266,-0.05051,0.19788,1.00308,0,0,49722
247.035000,400.352077,2.13605,0.61030,-0.85442,-0.04807,0.20106,1.00284,0,0,49723
247.040000,400.352077,2.13605,0.54927,-0.36618,-0.04319,0.20398,0.99942,0,0,49724
247.045000,400.367392,1.34266,0.73236,0.24412,-0.04392,0.20886,0.99918,0,0,49725
247.050000,400.367392,0.24412,1.03751,0.97648,-0.05075,0.21521,0.99991,0,0,49726
247.055000,400.367392,-0.61030,1.22060,1.70884,-0.05270,0.21692,0.99747,0,0,49727
247.060000,400.382188,-0.97648,1.28163,2.31914,-0.05100,0.21399,0.99357,0,0,49728
247.065000,400.382188,-0.79339,1.22060,2.92944,-0.05002,0.20886,0.99137,0,0,49729
247.070000,400.382188,-0.12206,1.15957,3.41768,-0.05124,0.20667,0.98991,0,0,49730
247.075000,400.398727,0.91545,0.97648,4.02798,-0.05100,0.20301,0.98869,0,0,49731
247.080000,400.398727,1.89193,0.48824,4.45519,-0.05051,0.19959,0.98674,0,0,49732
247.085000,400.398727,2.68532,-0.06103,4.57725,-0.04880,0.19740,0.98405,0,0,49733
247.090000,400.412304,2.86841,-0.12206,3.96695,-0.04709,0.19618,0.98381,0,0,49734
247.095000,400.412304,2.19708,0.18309,3.41768,-0.04490,0.19325,0.98674,0,0,49735
247.100000,400.412304,0.73236,0.97648,2.74635,-0.04416,0.19032,0.98844,0,0,49736
247.105000,400.427353,-1.76987,1.89193,1.83090,-0.04831,0.19154,0.99259,0,0,49737
247.110000,400.427353,-3.29562,2.19708,1.09854,-0.05344,0.19178,0.99674,0,0,49738
247.115000,400.427353,-4.08901,2.31914,0.48824,-0.05441,0.19056,0.99967,0,0,49739
247.120000,400.442379,-4.21107,2.13605,-0.24412,-0.05392,0.19056,1.00162,0,0,49740
247.125000,400.442379,-3.72283,1.83090,-0.85442,-0.05539,0.18861,1.00162,0,0,49741
247.130000,400.442379,-2.56326,1.34266,-1.34266,-0.05563,0.19008,0.99942,0,0,49742
247.135000,400.457144,-1.46472,0.91545,-1.58678,-0.05539,0.19130,0.99820,0,0,49743
247.140000,400.457144,-0.18309,0.24412,-1.70884,-0.05612,0.19154,0.99698,0,0,49744
247.145000,400.457144,1.46472,-0.54927,-1.70884,-0.05661,0.19178,0.99552,0,0,49745
247.150000,400.472191,2.80738,-1.34266,-1.46472,-0.05734,0.19276,0.99259,0,0,49746
247.155000,400.472191,3.84489,-1.95296,-1.15957,-0.05539,0.19300,0.98771,0,0,49747
247.160000,400.472191,4.63828,-1.95296,-0.54927,-0.04831,0.19227,0.97917,0,0,49748
247.165000,400.487057,4.08901,-1.28163,0.36618,-0.04465,0.19227,0.97576,0,0,49749
247.170000,400.487057,2.99047,-0.06103,1.28163,-0.05002,0.19349,0.98137,0,0,49750
247.175000,400.487057,1.95296,0.79339,1.83090,-0.05539,0.19203,0.98747,0,0,49751
247.180000,400.502274,1.15957,1.03751,1.95296,-0.05636,0.18983,0.98918,0,0,49752
247.185000,400.502274,0.36618,0.91545,1.70884,-0.05173,0.18642,0.99113,0,0,49753
247.190000,400.502274,-0.48824,0.91545,1.76987,-0.05124,0.18568,0.99576,0,0,49754
247.195000,400.517201,-1.22060,1.15957,1.76987,-0.05075,0.18666,0.99918,0,0,49755
247.200000,400.517201,-1.58678,1.03751,1.64781,-0.05197,0.18861,0.99796,0,0,49756
247.205000,400.517201,-2.01399,0.61030,1.40369,-0.05222,0.19056,0.99430,0,0,49757
247.210000,400.532216,-2.01399,0.00000,1.03751,-0.05270,0.19227,0.99015,0,0,49758
247.215000,400.532216,-1.52575,-0.36618,0.73236,-0.05661,0.19325,0.98674,0,0,49759
247.220000,400.532216,-0.67133,-0.91545,0.48824,-0.05880,0.19325,0.98283,0,0,49760
247.225000,400.547127,0.67133,-1.34266,0.18309,-0.05929,0.19252,0.97746,0,0,49761
247.230000,400.547127,2.31914,-1.64781,-0.36618,-0.05832,0.19252,0.97185,0,0,49762
247.235000,400.547127,3.35665,-1.64781,-0.67133,-0.05368,0.19154,0.96868,0,0,49763
247.240000,400.562391,4.15004,-1.58678,-0.73236,-0.05051,0.18934,0.96892,0,0,49764
247.245000,400.562391,4.33313,-1.40369,-0.67133,-0.04856,0.18959,0.97136,0,0,49765
247.250000,400.562391,3.66180,-1.03751,-0.67133,-0.04904,0.19154,0.97502,0,0,49766
247.255000,400.577179,2.50223,-0.42721,-0.79339,-0.05222,0.19300,0.97746,0,0,49767
247.260000,400.577179,0.54927,0.30515,-1.28163,-0.05368,0.19398,0.97942,0,0,49768
247.265000,400.577179,-0.97648,0.67133,-1.52575,-0.05173,0.19349,0.98527,0,0,49769
247.270000,400.592174,-2.01399,0.73236,-1.89193,-0.04904,0.19227,0.98893,0,0,49770
247.275000,400.592174,-2.31914,0.48824,-2.38017,-0.04612,0.19398,0.98966,0,0,49771
247.280000,400.592174,-2.13605,0.06103,-2.80738,-0.04538,0.19740,0.98820,0,0,49772
247.285000,400.607295,-1.22060,-0.36618,-3.11253,-0.04563,0.20447,0.98649,0,0,49773
247.290000,400.607295,-0.54927,-0.85442,-2.99047,-0.04490,0.21228,0.98430,0,0,49774
247.295000,400.607295,-0.06103,-0.79339,-2.68532,-0.04416,0.22058,0.98283,0,0,49775
247.300000,400.622254,0.18309,-0.61030,-2.13605,-0.04343,0.22424,0.98186,0,0,49776
247.305000,400.622254,0.06103,-0.24412,-1.34266,-0.04490,0.22765,0.97966,0,0,49777
247.310000,400.622254,0.00000,-0.18309,-0.48824,-0.04538,0.23082,0.97405,0,0,49778
247.315000,400.637210,0.06103,-0.12206,0.61030,-0.04538,0.22936,0.97039,0,0,49779
247.320000,400.637210,0.18309,0.36618,1.83090,-0.04660,0.22375,0.97088,0,0,49780
247.325000,400.637210,0.30515,1.09854,2.50223,-0.04660,0.21716,0.97356,0,0,49781
247.330000,400.652321,0.30515,1.22060,2.68532,-0.04782,0.21033,0.97649,0,0,49782
247.335000,400.652321,0.30515,0.79339,2.38017,-0.05051,0.20716,0.97624,0,0,49783
247.340000,400.652321,0.42721,0.54927,2.07502,-0.05148,0.20496,0.97502,0,0,49784
247.345000,400.667114,0.36618,0.54927,1.58678,-0.05100,0.20008,0.97771,0,0,49785
247.350000,400.667114,0.24412,0.67133,1.15957,-0.04978,0.19374,0.97942,0,0,49786
247.355000,400.667114,0.36618,0.67133,0.67133,-0.04758,0.18934,0.98137,0,0,49787
247.360000,400.682325,0.79339,0.18309,0.48824,-0.04685,0.18886,0.97893,0,0,49788
247.365000,400.682325,1.09854,-0.06103,0.18309,-0.04490,0.18983,0.97917,0,0,49789
247.370000,400.682325,1.28163,-0.18309,-0.06103,-0.04660,0.19203,0.98356,0,0,49790
247.375000,400.712493,1.58678,-0.12206,-0.61030,-0.05222,0.19642,0.98503,0,0,49791
247.380000,400.712493,1.76987,-0.12206,-1.22060,-0.05588,0.20081,0.98478,0,0,49792
247.385000,400.712493,1.76987,0.06103,-1.64781,-0.05466,0.20350,0.98478,0,0,49793
247.390000,400.713380,1.89193,0.48824,-1.70884,-0.05051,0.20203,0.99064,0,0,49794
247.395000,400.713380,2.13605,0.73236,-1.40369,-0.04782,0.20008,0.99967,0,0,49795
247.400000,400.713380,2.25811,0.30515,-0.67133,-0.05075,0.19886,1.00479,0,0,49796
247.405000,400.727177,2.80738,-0.42721,0.18309,-0.05685,0.19764,1.00821,0,0,49797
247.410000,400.727177,3.53974,-0.91545,0.48824,-0.05734,0.19374,1.01114,0,0,49798
247.415000,400.727177,4.15004,-1.40369,0.42721,-0.05514,0.18739,1.01162,0,0,49799
247.420000,400.742175,4.39416,-1.58678,0.00000,-0.05685,0.18129,1.01211,0,0,49800
247.425000,400.742175,4.51622,-1.83090,-0.30515,-0.06027,0.17495,1.01236,0,0,49801
247.430000,400.742175,4.76034,-1.95296,-0.67133,-0.06051,0.17031,1.01089,0,0,49802
247.435000,400.757262,4.88240,-1.70884,-0.67133,-0.05588,0.16543,1.00796,0,0,49803
247.440000,400.757262,4.57725,-1.15957,-0.24412,-0.05148,0.16104,1.01114,0,0,49804
247.445000,400.757262,4.21107,-0.54927,0.12206,-0.05075,0.15787,1.02334,0,0,49805
247.450000,400.772485,3.96695,-0.30515,0.06103,-0.05368,0.15714,1.02968,0,0,49806
247.455000,400.772485,3.29562,-0.18309,-0.12206,-0.05734,0.15689,1.03358,0,0,49807
247.460000,400.772485,2.44120,-0.18309,-0.36618,-0.06149,0.15933,1.03993,0,0,49808
247.465000,400.787138,1.83090,-0.36618,-0.85442,-0.06588,0.16421,1.04749,0,0,49809
247.470000,400.787138,1.83090,-0.79339,-1.64781,-0.06832,0.16885,1.05457,0,0,49810
247.475000,400.787138,2.01399,-1.09854,-2.50223,-0.06856,0.17446,1.05896,0,0,49811
247.480000,400.802147,2.19708,-1.15957,-2.99047,-0.06881,0.17910,1.06555,0,0,49812
247.485000,400.802147,2.56326,-1.46472,-3.11253,-0.06954,0.18544,1.07336,0,0,49813
247.490000,400.802147,3.05150,-2.31914,-2.74635,-0.06978,0.18910,1.07897,0,0,49814
247.495000,400.816986,2.92944,-3.17356,-2.19708,-0.06930,0.19130,1.08214,0,0,49815
247.500000,400.816986,2.68532,-4.02798,-1.52575,-0.06710,0.19178,1.08238,0,0,49816
247.505000,400.816986,1.52575,-4.15004,-1.28163,-0.06734,0.19008,1.08019,0,0,49817
247.510000,400.831986,-1.09854,-3.60077,-1.40369,-0.06661,0.18276,1.07775,0,0,49818
247.515000,400.831986,-3.17356,-3.05150,-1.76987,-0.06759,0.17519,1.07262,0,0,49819
247.520000,400.831986,-4.57725,-2.74635,-2.25811,-0.06734,0.16616,1.07116,0,0,49820
247.525000,400.847417,-5.18755,-2.74635,-2.50223,-0.06686,0.15714,1.07336,0,0,49821
247.530000,400.847417,-5.12652,-3.47871,-2.80738,-0.06710,0.14835,1.07555,0,0,49822
247.535000,400.847417,-4.88240,-4.15004,-3.17356,-0.06978,0.14225,1.07726,0,0,49823
247.540000,400.862080,-4.02798,-4.94343,-3.66180,-0.07198,0.14103,1.07458,0,0,49824
247.545000,400.862080,-2.68532,-5.85888,-4.15004,-0.07174,0.14152,1.07067,0,0,49825
247.550000,400.862080,-1.28163,-6.59124,-4.33313,-0.07027,0.14225,1.06872,0,0,49826
247.555000,400.877044,-0.18309,-6.89639,-4.21107,-0.06905,0.13908,1.06994,0,0,49827
247.560000,400.877044,0.73236,-6.89639,-3.96695,-0.06539,0.13664,1.06896,0,0,49828
247.565000,400.877044,1.09854,-7.26257,-3.84489,-0.06515,0.13518,1.06823,0,0,49829
247.570000,400.892115,0.91545,-7.87287,-3.72283,-0.06759,0.13566,1.06726,0,0,49830
247.575000,400.892115,0.79339,-8.30008,-3.96695,-0.06783,0.13420,1.06555,0,0,49831
247.580000,400.892115,0.54927,-8.30008,-4.57725,-0.06149,0.13225,1.06286,0,0,49832
247.585000,400.922234,-0.67133,-7.75081,-5.55373,-0.06124,0.12859,1.06360,0,0,49833
247.590000,400.922234,-1.58678,-7.87287,-6.46918,-0.06246,0.12883,1.06457,0,0,49834
247.595000,400.922234,-2.25811,-8.48317,-7.50669,-0.06100,0.13103,1.06457,0,0,49835
247.600000,400.923253,-2.31914,-9.39862,-8.60523,-0.05685,0.13469,1.06018,0,0,49836
247.605000,400.923253,-2.38017,-10.25304,-10.06995,-0.05344,0.14079,1.05579,0,0,49837
247.610000,400.923253,-2.25811,-10.49716,-11.10746,-0.05173,0.14664,1.05457,0,0,49838
247.615000,400.937077,-2.31914,-10.74128,-11.83982,-0.04904,0.15470,1.04969,0,0,49839
247.620000,400.937077,-2.50223,-10.98540,-12.08394,-0.04734,0.16616,1.04432,0,0,49840
247.625000,400.937077,-3.23459,-10.80231,-11.96188,-0.04514,0.17568,1.04334,0,0,49841
247.630000,400.952216,-4.39416,-10.43613,-11.83982,-0.04392,0.18080,1.04286,0,0,49842
247.635000,400.952216,-5.37064,-10.43613,-12.02291,-0.04368,0.18349,1.03627,0,0,49843
247.640000,400.952216,-5.73682,-10.98540,-11.96188,-0.04343,0.18690,1.02846,0,0,49844
247.645000,400.967460,-5.67579,-11.29055,-11.59570,-0.04343,0.19008,1.02163,0,0,49845
247.650000,400.967460,-4.82137,-11.41261,-11.10746,-0.04441,0.19471,1.01675,0,0,49846
247.655000,400.967460,-2.38017,-11.96188,-10.55819,-0.04563,0.19862,1.01284,0,0,49847
247.660000,400.982440,0.30515,-12.99939,-10.00892,-0.04490,0.20203,1.00552,0,0,49848
247.665000,400.982440,3.29562,-14.21999,-9.45965,-0.04197,0.20325,0.99698,0,0,49849
247.670000,400.982440,6.34712,-15.19647,-8.72729,-0.03684,0.20398,0.99162,0,0,49850
247.675000,400.997384,8.66626,-15.50162,-7.75081,-0.03050,0.20301,0.98991,0,0,49851
247.680000,400.997384,10.00892,-15.56265,-7.01845,-0.02440,0.20081,0.98649,0,0,49852
247.685000,400.997384,10.06995,-14.83029,-5.85888,-0.02147,0.19910,0.98210,0,0,49853
247.690000,401.012190,8.48317,-13.79278,-4.88240,-0.02269,0.19496,0.98649,0,0,49854
247.695000,401.012190,6.28609,-12.63321,-4.21107,-0.02586,0.18788,0.99650,0,0,49855
247.700000,401.012190,4.39416,-11.96188,-4.51622,-0.02708,0.18032,1.00308,0,0,49856
247.705000,401.027099,2.07502,-11.35158,-5.55373,-0.02733,0.17324,1.00699,0,0,49857
247.710000,401.027099,-0.06103,-10.86334,-6.71330,-0.02733,0.16616,1.01236,0,0,49858
247.715000,401.027099,-2.25811,-10.25304,-8.11699,-0.02855,0.16202,1.01724,0,0,49859
247.720000,401.042065,-3.96695,-9.88686,-9.64274,-0.02830,0.15787,1.02065,0,0,49860
247.725000,401.042065,-5.12652,-10.00892,-10.92437,-0.02708,0.15665,1.02041,0,0,49861
247.730000,401.042065,-5.91991,-10.43613,-12.08394,-0.02830,0.16104,1.01919,0,0,49862
247.735000,401.057190,-5.67579,-10.92437,-12.63321,-0.03270,0.16860,1.01675,0,0,49863
247.740000,401.057190,-4.76034,-11.35158,-12.87733,-0.03465,0.17666,1.01138,0,0,49864
247.745000,401.057190,-3.47871,-11.77879,-12.63321,-0.03367,0.18227,1.00479,0,0,49865
247.750000,401.072498,-2.01399,-12.14497,-11.96188,-0.02977,0.18495,1.00064,0,0,49866
247.755000,401.072498,-0.48824,-12.45012,-10.98540,-0.02660,0.18422,0.99991,0,0,49867
247.760000,401.072498,1.83090,-12.87733,-9.70377,-0.02586,0.18300,1.00211,0,0,49868
247.765000,401.087158,3.53974,-13.18248,-8.60523,-0.02757,0.17983,1.00552,0,0,49869
247.770000,401.087158,4.69931,-13.73175,-7.75081,-0.02904,0.17446,1.00723,0,0,49870
247.775000,401.087158,5.30961,-14.28102,-7.26257,-0.02830,0.16665,1.00796,0,0,49871
247.780000,401.102503,5.61476,-14.89132,-7.07948,-0.02489,0.15811,1.00821,0,0,49872
247.785000,401.102503,5.73682,-15.68471,-7.26257,-0.01952,0.15152,1.00235,0,0,49873
247.790000,401.102503,5.12652,-15.86780,-7.68978,-0.01586,0.14664,0.99406,0,0,49874
247.795000,401.117167,3.23459,-15.13544,-8.05596,-0.01586,0.14176,0.98527,0,0,49875
247.800000,401.117167,0.24412,-13.60969,-8.72729,-0.01879,0.13762,0.97942,0,0,49876
247.805000,401.117167,-2.44120,-12.51115,-9.70377,-0.02025,0.13469,0.97551,0,0,49877
247.810000,401.132198,-4.94343,-11.96188,-11.22952,-0.01879,0.13200,0.97014,0,0,49878
247.815000,401.132198,-6.89639,-11.59570,-12.75527,-0.01708,0.13274,0.96112,0,0,49879
247.820000,401.132198,-8.54420,-10.86334,-14.21999,-0.01464,0.13640,0.95282,0,0,49880
247.825000,401.147442,-9.64274,-9.94789,-15.25750,-0.01269,0.13737,0.95136,0,0,49881
247.830000,401.147442,-9.09347,-9.15450,-16.11192,-0.00683,0.13786,0.95136,0,0,49882
247.835000,401.147442,-7.38463,-9.70377,-16.17295,-0.00073,0.13810,0.95087,0,0,49883
247.840000,401.162177,-5.24858,-10.55819,-15.98986,-0.00122,0.14323,0.95258,0,0,49884
247.845000,401.162177,-2.62429,-11.41261,-15.74574,-0.00512,0.15152,0.95380,0,0,49885
247.850000,401.162177,0.42721,-12.26703,-15.74574,-0.00634,0.15640,0.95526,0,0,49886
247.855000,401.177168,3.29562,-13.12145,-15.98986,-0.00415,0.16031,0.95892,0,0,49887
247.860000,401.177168,5.85888,-14.03690,-16.23398,-0.00049,0.16494,0.96331,0,0,49888
247.865000,401.177168,6.65227,-14.64720,-16.17295,0.00342,0.16860,0.96697,0,0,49889
247.870000,401.192074,6.53021,-15.13544,-16.23398,0.00512,0.17397,0.96892,0,0,49890
247.875000,401.192074,5.49270,-15.19647,-16.47810,0.00634,0.17983,0.96966,0,0,49891
247.880000,401.192074,3.60077,-14.95235,-16.96634,0.00610,0.18276,0.97014,0,0,49892
247.885000,401.207108,1.28163,-14.21999,-17.69870,0.00634,0.18398,0.96917,0,0,49893
247.890000,401.207108,-0.48824,-13.73175,-18.18694,0.00659,0.18422,0.96746,0,0,49894
247.895000,401.207108,-1.58678,-13.36557,-18.43106,0.00683,0.18568,0.96575,0,0,49895
247.900000,401.222455,-2.07502,-12.93836,-18.49209,0.01074,0.18959,0.96404,0,0,49896
247.905000,401.222455,-2.01399,-12.63321,-17.82076,0.01806,0.19252,0.95794,0,0,49897
247.910000,401.222455,-2.01399,-12.20600,-16.78325,0.02367,0.19496,0.94989,0,0,49898
247.915000,401.237094,-2.25811,-11.47364,-15.31853,0.02294,0.19471,0.94867,0,0,49899
247.920000,401.237094,-2.50223,-10.74128,-14.28102,0.01781,0.19178,0.95209,0,0,49900
247.925000,401.237094,-1.89193,-10.25304,-13.67072,0.01610,0.19227,0.94989,0,0,49901
247.930000,401.252162,-1.15957,-9.88686,-13.30454,0.01220,0.19154,0.95233,0,0,49902
247.935000,401.252162,-0.06103,-9.45965,-13.18248,0.01074,0.18910,0.95916,0,0,49903
247.940000,401.252162,1.64781,-9.76480,-13.36557,0.01171,0.18446,0.96722,0,0,49904
247.945000,401.267183,3.53974,-10.55819,-13.79278,0.01537,0.18398,0.97210,0,0,49905
247.950000,401.267183,4.94343,-11.35158,-14.09793,0.01635,0.18715,0.97600,0,0,49906
247.955000,401.267183,5.43167,-11.96188,-14.46411,0.01586,0.19081,0.97868,0,0,49907
247.960000,401.282556,5.24858,-12.14497,-14.95235,0.01562,0.19374,0.98039,0,0,49908
247.965000,401.282556,4.76034,-12.08394,-15.56265,0.01708,0.19715,0.98210,0,0,49909
247.970000,401.282556,4.15004,-11.90085,-16.23398,0.01952,0.19862,0.98600,0,0,49910
247.975000,401.297454,3.47871,-11.71776,-16.96634,0.02245,0.20228,0.98869,0,0,49911
247.980000,401.297454,2.68532,-11.71776,-17.57664,0.02172,0.20838,0.99284,0,0,49912
247.985000,401.297454,1.76987,-12.32806,-17.82076,0.02147,0.21692,0.99308,0,0,49913
247.990000,401.312126,1.46472,-12.87733,-17.82076,0.02440,0.22765,0.98674,0,0,49914
247.995000,401.312126,1.22060,-13.24351,-17.45458,0.03245,0.23692,0.97478,0,0,49915
248.000000,401.312126,0.54927,-12.63321,-16.72222,0.03733,0.24327,0.96526,0,0,49916
248.005000,401.327117,-0.97648,-11.35158,-15.31853,0.03880,0.24620,0.95892,0,0,49917
248.010000,401.327117,-1.64781,-10.43613,-13.85381,0.03977,0.24473,0.95306,0,0,49918
248.015000,401.327117,-1.64781,-10.06995,-12.20600,0.04099,0.24010,0.94940,0,0,49919
248.020000,401.342388,-1.22060,-10.06995,-10.92437,0.04197,0.23326,0.94892,0,0,49920
248.025000,401.342388,-0.48824,-9.88686,-10.19201,0.04148,0.22741,0.95209,0,0,49921
248.030000,401.342388,0.30515,-9.39862,-10.19201,0.04026,0.22155,0.95404,0,0,49922
248.035000,401.357144,0.36618,-8.97141,-10.68025,0.04099,0.21643,0.95794,0,0,49923
248.040000,401.357144,0.12206,-8.54420,-11.22952,0.04197,0.21204,0.96478,0,0,49924
248.045000,401.357144,-0.48824,-8.11699,-11.83982,0.04368,0.20838,0.97332,0,0,49925
248.050000,401.372233,-1.28163,-7.87287,-12.45012,0.04563,0.20838,0.98112,0,0,49926
248.055000,401.372233,-2.38017,-7.81184,-13.30454,0.04441,0.21082,0.98649,0,0,49927
248.060000,401.372233,-3.05150,-8.11699,-13.91484,0.04246,0.21423,0.98796,0,0,49928
248.065000,401.387414,-3.35665,-8.66626,-14.34205,0.04075,0.21936,0.98698,0,0,49929
248.070000,401.387414,-3.72283,-8.97141,-14.64720,0.04197,0.22228,0.98478,0,0,49930
248.075000,401.387414,-4.27210,-9.09347,-15.01338,0.04441,0.22472,0.97942,0,0,49931
248.080000,401.402088,-4.57725,-9.15450,-15.01338,0.04758,0.22838,0.97039,0,0,49932
248.085000,401.402088,-4.45519,-9.45965,-14.76926,0.05026,0.22887,0.96063,0,0,49933
248.090000,401.402088,-3.72283,-10.06995,-14.40308,0.05100,0.22790,0.95184,0,0,49934
248.095000,401.417402,-3.17356,-10.25304,-14.15896,0.05100,0.22790,0.94550,0,0,49935
248.100000,401.417402,-2.86841,-9.88686,-14.03690,0.05100,0.22985,0.94330,0,0,49936
248.105000,401.417402,-2.92944,-9.15450,-13.91484,0.05270,0.23595,0.93891,0,0,49937
248.110000,401.432269,-3.47871,-8.48317,-13.73175,0.05295,0.23912,0.93379,0,0,49938
248.115000,401.432269,-4.39416,-7.87287,-13.36557,0.05368,0.23912,0.93696,0,0,49939
248.120000,401.432269,-5.06549,-7.50669,-13.24351,0.05636,0.23888,0.93989,0,0,49940
248.125000,401.447337,-5.61476,-7.26257,-13.06042,0.05856,0.23692,0.93428,0,0,49941
248.130000,401.447337,-6.65227,-6.77433,-12.57218,0.06222,0.23473,0.92818,0,0,49942
248.135000,401.447337,-7.32360,-6.34712,-12.14497,0.06515,0.23082,0.93013,0,0,49943
248.140000,401.462158,-7.20154,-6.16403,-11.96188,0.06710,0.22790,0.93184,0,0,49944
248.145000,401.462158,-6.28609,-6.28609,-12.08394,0.06686,0.22790,0.92818,0,0,49945
248.150000,401.462158,-5.12652,-6.46918,-12.20600,0.06539,0.23107,0.92403,0,0,49946
248.155000,401.477501,-3.72283,-6.53021,-12.08394,0.06759,0.23522,0.91842,0,0,49947
248.160000,401.477501,-1.46472,-7.01845,-11.71776,0.07686,0.24010,0.91256,0,0,49948
248.165000,401.477501,-0.24412,-7.26257,-11.47364,0.08564,0.24668,0.90280,0,0,49949
248.170000,401.492076,0.06103,-6.53021,-11.04643,0.08589,0.25571,0.89816,0,0,49950
248.175000,401.492076,-0.36618,-4.94343,-10.55819,0.08394,0.26157,0.89816,0,0,49951
248.180000,401.492076,-2.13605,-2.86841,-9.76480,0.08394,0.26401,0.90378,0,0,49952
248.185000,401.507479,-3.53974,-2.38017,-9.27656,0.08394,0.26376,0.91354,0,0,49953
248.190000,401.507479,-4.08901,-2.80738,-8.78832,0.08272,0.26498,0.92086,0,0,49954
248.195000,401.507479,-4.08901,-3.29562,-8.30008,0.08223,0.26547,0.92403,0,0,49955
248.200000,401.522411,-3.66180,-3.41768,-7.81184,0.08320,0.26303,0.92574,0,0,49956
248.205000,401.522411,-2.50223,-3.72283,-7.44566,0.08296,0.25913,0.92671,0,0,49957
248.210000,401.522411,-1.15957,-4.15004,-7.32360,0.08296,0.25522,0.92647,0,0,49958
248.215000,401.537446,0.18309,-4.69931,-7.32360,0.08247,0.25449,0.92476,0,0,49959
248.220000,401.537446,1.28163,-5.00446,-7.50669,0.08198,0.25596,0.92256,0,0,49960
248.225000,401.537446,1.58678,-5.18755,-7.81184,0.08320,0.25766,0.92061,0,0,49961
248.230000,401.552146,1.15957,-5.12652,-8.05596,0.08296,0.26059,0.92061,0,0,49962
248.235000,401.552146,0.36618,-4.76034,-8.30008,0.08589,0.26303,0.91768,0,0,49963
248.240000,401.552146,-0.48824,-4.08901,-8.17802,0.09150,0.26864,0.90866,0,0,49964
248.245000,401.567421,-1.52575,-2.99047,-7.56772,0.09394,0.27401,0.91012,0,0,49965
248.250000,401.567421,-2.13605,-1.83090,-6.89639,0.09296,0.27499,0.91744,0,0,49966
248.255000,401.567421,-1.34266,-1.03751,-6.53021,0.09321,0.27694,0.92012,0,0,49967
248.260000,401.582325,-0.18309,-1.03751,-6.46918,0.09296,0.27914,0.91866,0,0,49968
248.265000,401.582325,0.91545,-0.97648,-6.22506,0.09223,0.28060,0.92037,0,0,49969
248.270000,401.582325,1.95296,-0.48824,-5.91991,0.09101,0.28036,0.92769,0,0,49970
248.275000,401.597444,3.05150,-0.06103,-5.61476,0.09296,0.27889,0.93794,0,0,49971
248.280000,401.597444,3.90592,0.06103,-5.06549,0.09589,0.27596,0.94745,0,0,49972
248.285000,401.597444,4.08901,-0.12206,-4.69931,0.09614,0.27596,0.95550,0,0,49973
248.290000,401.612428,3.78386,-0.36618,-4.27210,0.09467,0.27987,0.96380,0,0,49974
248.295000,401.612428,3.05150,-0.12206,-3.90592,0.08979,0.28450,0.97136,0,0,49975
248.300000,401.612428,2.31914,0.06103,-3.60077,0.08540,0.28987,0.97820,0,0,49976
248.305000,401.627090,1.76987,0.12206,-3.11253,0.08174,0.29695,0.98161,0,0,49977
248.310000,401.627090,1.58678,0.24412,-2.62429,0.07686,0.30256,0.98259,0,0,49978
248.315000,401.627090,1.52575,0.36618,-1.83090,0.07247,0.30451,0.98552,0,0,49979
248.320000,401.642079,1.34266,0.42721,-0.85442,0.07125,0.30207,0.99162,0,0,49980
248.325000,401.642079,1.15957,0.48824,0.18309,0.07247,0.29548,0.99357,0,0,49981
248.330000,401.642079,0.85442,0.48824,1.34266,0.07271,0.28572,0.99430,0,0,49982
248.335000,401.657449,0.36618,0.48824,1.89193,0.07393,0.27548,0.99552,0,0,49983
248.340000,401.657449,-0.36618,0.48824,2.07502,0.07125,0.26279,0.99381,0,0,49984
248.345000,401.657449,-0.85442,0.48824,2.38017,0.07222,0.25108,0.99186,0,0,49985
248.350000,401.672138,-0.91545,0.42721,2.62429,0.07442,0.24058,0.99210,0,0,49986
248.355000,401.672138,-0.54927,0.24412,2.80738,0.07296,0.23082,0.99454,0,0,49987
248.360000,401.672138,0.42721,0.00000,2.38017,0.07100,0.22302,0.99381,0,0,49988
248.365000,401.687163,1.46472,-0.36618,1.89193,0.07027,0.21740,0.99186,0,0,49989
248.370000,401.687163,2.07502,-0.42721,1.52575,0.06710,0.21570,0.98991,0,0,49990
248.375000,401.687163,2.31914,-0.30515,1.03751,0.06612,0.21765,0.98966,0,0,49991
248.380000,401.702135,2.31914,-0.18309,0.24412,0.06832,0.21960,0.99064,0,0,49992
248.385000,401.702135,1.40369,0.24412,-0.48824,0.06710,0.22570,0.99137,0,0,49993
248.390000,401.702135,0.00000,0.61030,-0.61030,0.05758,0.23278,0.99308,0,0,49994
248.395000,401.717089,-1.15957,0.73236,-0.42721,0.05148,0.23814,0.99259,0,0,49995
248.400000,401.717089,-1.89193,0.73236,-0.06103,0.05466,0.23766,0.99064,0,0,49996
248.405000,401.717089,-2.13605,0.61030,0.36618,0.05856,0.23473,0.98771,0,0,49997
248.410000,401.732323,-1.83090,0.48824,0.91545,0.06100,0.23107,0.98552,0,0,49998
248.415000,401.732323,-1.15957,0.36618,1.58678,0.06393,0.22399,0.98210,0,0,49999
248.420000,401.732323,-0.30515,0.24412,2.25811,0.06734,0.21545,0.97746,0,0,50000
248.425000,401.747131,0.42721,0.18309,3.11253,0.07052,0.20960,0.97332,0,0,50001
248.430000,401.747131,0.79339,0.18309,4.57725,0.06978,0.20594,0.97258,0,0,50002
248.435000,401.747131,0.85442,0.54927,5.55373,0.06637,0.20252,0.97624,0,0,50003
248.440000,401.762452,0.73236,1.03751,5.98094,0.06442,0.19666,0.98015,0,0,50004
248.445000,401.762452,0.36618,1.34266,5.85888,0.06173,0.18788,0.98381,0,0,50005
248.450000,401.762452,0.00000,1.52575,5.49270,0.06002,0.18007,0.98747,0,0,50006
248.455000,401.777468,-0.18309,1.40369,4.51622,0.05807,0.17592,0.98991,0,0,50007
248.460000,401.777468,0.12206,1.15957,3.41768,0.05710,0.17373,0.99162,0,0,50008
248.465000,401.777468,0.54927,1.09854,1.95296,0.05929,0.17080,0.99576,0,0,50009
248.470000,401.792143,0.79339,1.22060,0.61030,0.06149,0.17300,0.99820,0,0,50010
248.475000,401.792143,0.73236,1.15957,-0.36618,0.06198,0.17958,0.99845,0,0,50011
248.480000,401.792143,0.00000,0.67133,-1.09854,0.05929,0.18812,0.99918,0,0,50012
248.485000,401.807280,-0.54927,-0.06103,-1.58678,0.05685,0.19837,0.99650,0,0,50013
248.490000,401.807280,-0.91545,-0.61030,-1.70884,0.05612,0.20813,0.99210,0,0,50014
248.495000,401.807280,-1.22060,-0.54927,-1.89193,0.05880,0.21301,0.99015,0,0,50015
248.500000,401.822182,-1.40369,-0.54927,-1.83090,0.06002,0.21521,0.98796,0,0,50016
248.505000,401.822182,-1.09854,-0.61030,-1.40369,0.06100,0.21716,0.98356,0,0,50017
248.510000,401.822182,-0.79339,-0.73236,-0.91545,0.06320,0.21643,0.98137,0,0,50018
248.515000,401.837109,-0.73236,-0.79339,-0.24412,0.06783,0.21374,0.97820,0,0,50019
248.520000,401.837109,-0.61030,-0.67133,0.12206,0.07247,0.21033,0.97454,0,0,50020
248.525000,401.837109,-0.54927,-0.61030,0.54927,0.07393,0.20667,0.97210,0,0,50021
248.530000,401.852109,-0.36618,-0.61030,0.79339,0.07149,0.20764,0.97112,0,0,50022
248.535000,401.852109,0.00000,-0.36618,1.22060,0.07003,0.21252,0.96990,0,0,50023
248.540000,401.852109,0.06103,0.36618,2.01399,0.06930,0.21814,0.97088,0,0,50024
248.545000,401.867063,-0.36618,1.52575,2.99047,0.06710,0.21911,0.97990,0,0,50025
248.550000,401.867063,-0.85442,2.07502,3.53974,0.06539,0.21789,0.98722,0,0,50026
248.555000,401.867063,-1.46472,1.64781,3.78386,0.06564,0.21496,0.98796,0,0,50027
248.560000,401.882106,-2.13605,1.15957,3.96695,0.06515,0.21350,0.98454,0,0,50028
248.565000,401.882106,-2.68532,1.28163,4.33313,0.06393,0.21204,0.98356,0,0,50029
248.570000,401.882106,-2.74635,1.64781,4.69931,0.06124,0.20691,0.98674,0,0,50030
248.575000,401.897107,-2.25811,1.64781,4.69931,0.06149,0.19935,0.98942,0,0,50031
248.580000,401.897107,-1.52575,1.15957,4.21107,0.06051,0.19276,0.98844,0,0,50032
248.585000,401.897107,-0.97648,0.73236,3.35665,0.06002,0.18764,0.98674,0,0,50033
248.590000,401.911977,-0.54927,0.18309,2.68532,0.06198,0.18373,0.98552,0,0,50034
248.595000,401.911977,-0.24412,0.06103,2.01399,0.06490,0.18154,0.98430,0,0,50035
248.600000,401.911977,-0.48824,-0.18309,1.40369,0.06490,0.18178,0.98283,0,0,50036
248.605000,401.926913,-1.15957,-0.61030,0.79339,0.06295,0.18373,0.98064,0,0,50037
248.610000,401.926913,-2.25811,-0.67133,0.24412,0.06076,0.18520,0.97844,0,0,50038
248.615000,401.926913,-3.35665,-0.73236,-0.42721,0.05856,0.18690,0.97746,0,0,50039
248.620000,401.941975,-4.15004,-0.61030,-1.22060,0.05612,0.19081,0.97600,0,0,50040
248.625000,401.941975,-4.76034,-0.42721,-1.76987,0.05441,0.19276,0.97576,0,0,50041
248.630000,401.941975,-5.67579,-0.36618,-2.38017,0.05734,0.19447,0.97454,0,0,50042
248.635000,401.957639,-6.16403,-0.30515,-2.86841,0.06124,0.19764,0.97161,0,0,50043
248.640000,401.957639,-6.40815,-0.30515,-3.35665,0.06637,0.20350,0.97063,0,0,50044
248.645000,401.957639,-6.16403,-0.85442,-3.90592,0.07247,0.21033,0.97210,0,0,50045
248.650000,401.971885,-5.79785,-1.34266,-3.90592,0.07686,0.21984,0.96917,0,0,50046
248.655000,401.971885,-6.16403,-1.22060,-3.35665,0.07857,0.22960,0.96404,0,0,50047
248.660000,401.971885,-7.14051,-0.73236,-2.62429,0.08198,0.23497,0.96331,0,0,50048
248.665000,401.986916,-8.48317,-0.18309,-2.19708,0.08784,0.23741,0.96356,0,0,50049
248.670000,401.986916,-10.19201,0.18309,-2.13605,0.08979,0.24180,0.96526,0,0,50050
248.675000,401.986916,-12.81630,0.30515,-2.25811,0.08857,0.24815,0.96917,0,0,50051
248.680000,402.001896,-14.46411,0.12206,-2.92944,0.09150,0.25693,0.96697,0,0,50052
248.685000,402.001896,-16.23398,-0.30515,-3.47871,0.10150,0.26840,0.95477,0,0,50053
248.690000,402.001896,-18.06488,-0.54927,-3.41768,0.11053,0.27816,0.94282,0,0,50054
248.695000,402.016911,-19.77372,-0.67133,-2.44120,0.11663,0.28499,0.93501,0,0,50055
248.700000,402.016911,-20.20093,-1.09854,-1.83090,0.12005,0.29012,0.92671,0,0,50056
248.705000,402.016911,-19.95681,-1.95296,-1.89193,0.12615,0.29573,0.91524,0,0,50057
248.710000,402.031905,-19.46857,-3.53974,-2.31914,0.13981,0.30110,0.90060,0,0,50058
248.715000,402.031905,-19.04136,-5.79785,-2.68532,0.15860,0.31330,0.87962,0,0,50059
248.720000,402.031905,-19.71269,-8.48317,-3.29562,0.16812,0.33233,0.85888,0,0,50060
248.725000,402.046977,-19.04136,-10.68025,-3.96695,0.18178,0.36234,0.82789,0,0,50061
248.730000,402.046977,-17.14943,-13.67072,-4.33313,0.19666,0.40675,0.79154,0,0,50062
248.735000,402.046977,-14.15896,-17.08840,-3.84489,0.20594,0.47604,0.75835,0,0,50063
248.740000,402.061968,-9.94789,-20.56711,-1.28163,0.22448,0.55534,0.72444,0,0,50064
248.745000,402.061968,-4.27210,-23.37449,4.08901,0.25913,0.61366,0.68564,0,0,50065
248.750000,402.061968,6.28609,-24.96127,12.57218,0.29475,0.67076,0.62391,0,0,50066
248.755000,402.077287,15.44059,-24.53406,20.26196,0.30671,0.73566,0.56486,0,0,50067
248.760000,402.077287,23.61861,-22.58110,29.59955,0.29939,0.81154,0.51045,0,0,50068
248.765000,402.077287,32.28487,-18.79724,40.34083,0.29231,0.87376,0.45726,0,0,50069
248.770000,402.092398,41.13422,-12.87733,51.69241,0.28499,0.91524,0.41236,0,0,50070
248.775000,402.092398,50.22769,-2.74635,66.15652,0.26694,0.94257,0.37796,0,0,50071
248.780000,402.092398,54.74391,7.32360,77.99634,0.23326,0.95014,0.36844,0,0,50072
248.785000,402.107172,57.00202,18.79724,89.59204,0.18568,0.93647,0.38454,0,0,50073
248.790000,402.107172,57.49026,31.18633,101.12671,0.13493,0.89816,0.42090,0,0,50074
248.795000,402.107172,56.02554,43.69748,111.86799,0.08540,0.83912,0.47092,0,0,50075
248.800000,402.122475,51.57035,58.83292,123.58575,0.03318,0.76152,0.53704,0,0,50076
248.805000,402.122475,47.29825,69.57420,131.64171,-0.01952,0.66734,0.61708,0,0,50077
248.810000,402.122475,42.65997,78.30149,138.41604,-0.06295,0.55022,0.70833,0,0,50078
248.815000,402.137471,37.28933,85.44200,144.45801,-0.08833,0.44066,0.81008,0,0,50079
248.820000,402.137471,29.29440,92.39942,150.74410,-0.11102,0.31037,0.91524,0,0,50080
248.825000,402.137471,21.90977,96.30534,153.06324,-0.14201,0.19056,1.02700,0,0,50081
248.830000,402.152295,15.50162,98.50242,151.96470,-0.18886,0.08882,1.12240,0,0,50082
248.835000,402.152295,11.10746,98.31933,148.30290,-0.24595,-0.00781,1.20902,0,0,50083
248.840000,402.152295,7.62875,95.45092,143.11535,-0.28646,-0.10272,1.29052,0,0,50084
248.845000,402.167126,5.06549,91.85015,138.17192,-0.29695,-0.17861,1.35030,0,0,50085
248.850000,402.167126,1.15957,83.00080,127.12549,-0.28694,-0.29622,1.43423,0,0,50086
248.855000,402.167126,-1.34266,73.78527,115.59082,-0.27865,-0.37308,1.48303,0,0,50087
248.860000,402.182435,-3.23459,60.41970,98.80757,-0.27987,-0.42749,1.51012,0,0,50088
248.865000,402.182435,-3.96695,49.49533,84.28243,-0.28792,-0.46189,1.51548,0,0,50089
248.870000,402.182435,-3.66180,39.48641,69.45214,-0.29451,-0.48239,1.50572,0,0,50090
248.870000,402.197314,-2.74635,32.59002,58.58880,-0.29256,-0.49068,1.49108,0,0,50091
248.875000,402.197314,-1.03751,22.03183,41.19525,-0.27694,-0.49239,1.45473,0,0,50092
248.880000,402.197314,-0.91545,15.01338,27.64659,-0.25986,-0.47922,1.41130,0,0,50093
248.885000,402.212271,-3.29562,8.36111,10.92437,-0.25059,-0.45164,1.36664,0,0,50094
248.890000,402.212271,-8.05596,5.06549,-3.84489,-0.24034,-0.41895,1.32760,0,0,50095
248.895000,402.212271,-12.26703,3.72283,-14.15896,-0.22326,-0.38406,1.29686,0,0,50096
248.900000,402.227141,-15.37956,3.47871,-21.17741,-0.20935,-0.35819,1.27636,0,0,50097
248.905000,402.227141,-20.13990,4.27210,-31.61354,-0.19203,-0.31427,1.24440,0,0,50098
248.910000,402.227141,-23.86273,5.49270,-39.05920,-0.18105,-0.26352,1.21707,0,0,50099
248.915000,402.242162,-27.58556,6.83536,-45.77250,-0.17251,-0.20642,1.20121,0,0,50100
248.920000,402.242162,-31.49148,7.68978,-53.21816,-0.16421,-0.14567,1.19292,0,0,50101
248.925000,402.242162,-33.07826,7.68978,-58.10056,-0.15274,-0.08833,1.18682,0,0,50102
248.930000,402.257454,-33.44444,7.44566,-60.90794,-0.14445,-0.04685,1.18120,0,0,50103
248.935000,402.257454,-33.07826,7.26257,-63.59326,-0.13371,0.01684,1.17559,0,0,50104
248.940000,402.257454,-32.10178,7.07948,-64.02047,-0.12200,0.07076,1.17559,0,0,50105
248.945000,402.272188,-30.57603,6.71330,-63.41017,-0.10736,0.12151,1.17535,0,0,50106
248.950000,402.272188,-28.56204,5.98094,-61.76236,-0.09516,0.17300,1.17071,0,0,50107
248.955000,402.272188,-27.64659,5.61476,-59.32116,-0.08345,0.22546,1.17047,0,0,50108
248.960000,402.287391,-27.34144,5.43167,-56.57481,-0.07662,0.25571,1.17266,0,0,50109
248.965000,402.287391,-26.97526,4.76034,-50.28872,-0.06515,0.28572,1.17437,0,0,50110
248.970000,402.287391,-26.60908,3.29562,-44.55190,-0.05270,0.30183,1.17144,0,0,50111
248.975000,402.302458,-25.93775,0.97648,-38.63199,-0.03904,0.30744,1.16095,0,0,50112
248.980000,402.302458,-24.53406,-2.50223,-31.67457,-0.02440,0.30671,1.14021,0,0,50113
248.985000,402.302458,-23.43552,-4.39416,-26.24290,-0.01440,0.30305,1.11898,0,0,50114
248.990000,402.317054,-22.27595,-5.30961,-18.91930,-0.00976,0.29256,1.10264,0,0,50115
248.995000,402.317054,-20.99432,-5.79785,-13.54866,-0.00610,0.27255,1.08556,0,0,50116
249.000000,402.317054,-19.04136,-6.59124,-9.58171,0.00098,0.25132,1.05872,0,0,50117
249.005000,402.332334,-17.14943,-7.32360,-6.77433,0.00439,0.23522,1.02553,0,0,50118
249.010000,402.332334,-16.11192,-7.20154,-4.39416,-0.00049,0.22180,0.99967,0,0,50119
249.015000,402.332334,-14.89132,-5.73682,-2.13605,-0.00488,0.20691,0.98039,0,0,50120
249.015000,402.347141,-14.09793,-4.82137,-1.34266,-0.00342,0.19105,0.96697,0,0,50121
249.020000,402.347141,-13.06042,-3.72283,-1.09854,0.00220,0.16909,0.95258,0,0,50122
249.025000,402.347141,-11.41261,-2.99047,-1.34266,0.00049,0.15567,0.94404,0,0,50123
249.030000,402.362095,-8.36111,-2.13605,-1.58678,-0.00854,0.14786,0.94111,0,0,50124
249.035000,402.362095,-5.37064,-1.58678,-1.83090,-0.01098,0.14469,0.94282,0,0,50125
249.040000,402.362095,-1.76987,-0.73236,-2.01399,-0.00561,0.14274,0.94867,0,0,50126
249.045000,402.377490,-0.18309,-0.36618,-2.01399,0.00122,0.14201,0.95404,0,0,50127
249.050000,402.377490,0.85442,0.00000,-1.83090,0.00537,0.14420,0.96404,0,0,50128
249.055000,402.377490,0.79339,0.48824,-1.64781,0.00024,0.14616,0.97698,0,0,50129
249.060000,402.392099,0.36618,1.03751,-1.28163,-0.00659,0.14908,0.99040,0,0,50130
249.065000,402.392099,-0.30515,1.40369,-1.28163,-0.00781,0.15274,0.99918,0,0,50131
249.070000,402.392099,-1.52575,1.52575,-1.64781,-0.00512,0.15567,1.00479,0,0,50132
249.075000,402.407055,-3.78386,1.95296,-2.38017,0.00146,0.15982,1.00552,0,0,50133
249.080000,402.407055,-6.83536,3.29562,-2.31914,0.00390,0.16665,1.00796,0,0,50134
249.085000,402.407055,-10.13098,4.63828,-1.64781,-0.00098,0.17275,1.01114,0,0,50135
249.090000,402.422308,-12.93836,5.18755,-1.09854,-0.00805,0.17617,1.01089,0,0,50136
249.095000,402.422308,-13.97587,4.63828,-1.15957,-0.01464,0.17592,1.00455,0,0,50137
249.100000,402.422308,-13.85381,3.96695,-1.40369,-0.01708,0.17348,0.99332,0,0,50138
249.105000,402.437200,-12.99939,3.35665,-1.40369,-0.01854,0.17129,0.98893,0,0,50139
249.110000,402.437200,-11.47364,3.05150,-1.22060,-0.02074,0.17226,0.98552,0,0,50140
249.115000,402.437200,-9.09347,2.56326,-0.67133,-0.02269,0.17641,0.97966,0,0,50141
249.120000,402.452056,-6.95742,1.83090,-0.12206,-0.02318,0.18276,0.97649,0,0,50142
249.125000,402.452056,-5.00446,1.22060,0.73236,-0.02464,0.18715,0.97234,0,0,50143
249.130000,402.452056,-3.29562,0.97648,2.13605,-0.02586,0.18471,0.96917,0,0,50144
249.135000,402.467451,-1.89193,0.61030,3.66180,-0.02342,0.17568,0.96868,0,0,50145
249.140000,402.467451,-0.67133,-0.06103,5.30961,-0.01806,0.16324,0.96819,0,0,50146
249.145000,402.467451,-0.24412,-0.30515,6.22506,-0.01293,0.15274,0.96600,0,0,50147
249.150000,402.482297,-0.54927,-0.30515,6.71330,-0.01171,0.14103,0.96600,0,0,50148
249.155000,402.482297,-1.40369,-0.36618,6.95742,-0.01488,0.13054,0.96551,0,0,50149
249.160000,402.482297,-2.13605,-0.54927,6.89639,-0.02074,0.11980,0.96307,0,0,50150
249.165000,402.512093,-2.44120,-1.28163,6.28609,-0.01879,0.10736,0.95331,0,0,50151
249.170000,402.512093,-2.50223,-1.83090,5.61476,-0.00830,0.10004,0.93647,0,0,50152
249.175000,402.512093,-3.29562,-1.03751,5.61476,-0.00439,0.10028,0.92915,0,0,50153
249.180000,402.513341,-4.63828,0.18309,5.98094,-0.00927,0.10297,0.93257,0,0,50154
249.185000,402.513341,-4.15004,1.15957,6.16403,-0.02147,0.10809,0.93330,0,0,50155
249.190000,402.513341,-3.05150,2.01399,6.10300,-0.03587,0.11078,0.93452,0,0,50156
249.195000,402.528638,-1.89193,3.29562,5.67579,-0.04319,0.11102,0.94184,0,0,50157
249.200000,402.528638,-0.67133,4.27210,5.24858,-0.04441,0.10858,0.95477,0,0,50158
249.205000,402.528638,0.73236,4.76034,5.06549,-0.04221,0.10443,0.96795,0,0,50159
249.210000,402.543697,1.46472,4.63828,5.12652,-0.03953,0.10443,0.97942,0,0,50160
249.215000,402.543697,1.83090,4.02798,5.37064,-0.03636,0.10443,0.98771,0,0,50161
249.220000,402.543697,1.34266,3.96695,5.49270,-0.03904,0.10443,0.99284,0,0,50162
249.225000,402.558493,0.30515,4.21107,5.06549,-0.04221,0.10248,0.99869,0,0,50163
249.230000,402.558493,-0.97648,4.21107,4.02798,-0.03928,0.09809,1.00430,0,0,50164
249.235000,402.558493,-2.62429,4.02798,2.62429,-0.03709,0.09736,1.00601,0,0,50165
249.240000,402.572465,-4.57725,3.78386,1.15957,-0.04002,0.10175,1.00699,0,0,50166
249.245000,402.572465,-6.28609,3.35665,0.00000,-0.04002,0.10956,1.00650,0,0,50167
249.250000,402.572465,-6.77433,3.17356,-0.67133,-0.03880,0.11566,1.00723,0,0,50168
249.255000,402.587364,-6.22506,2.68532,-1.28163,-0.03855,0.12029,1.00748,0,0,50169
249.260000,402.587364,-5.06549,1.64781,-1.76987,-0.03904,0.12688,1.00113,0,0,50170
249.265000,402.587364,-3.35665,0.42721,-1.64781,-0.04148,0.13298,0.99528,0,0,50171
249.270000,402.602360,-1.40369,-0.36618,-0.97648,-0.04538,0.14054,0.99308,0,0,50172
249.275000,402.602360,0.42721,-0.79339,-0.12206,-0.05002,0.14542,0.99503,0,0,50173
249.280000,402.602360,2.38017,-1.09854,0.61030,-0.04782,0.14420,0.99650,0,0,50174
249.285000,402.616986,4.08901,-1.52575,1.28163,-0.04319,0.14103,0.99796,0,0,50175
249.290000,402.616986,6.28609,-2.19708,2.50223,-0.03587,0.13420,1.00260,0,0,50176
249.295000,402.616986,7.14051,-2.56326,3.17356,-0.03416,0.12786,1.00650,0,0,50177
249.300000,402.632382,7.14051,-2.86841,3.23459,-0.03416,0.12493,1.00723,0,0,50178
249.305000,402.632382,6.34712,-2.50223,2.92944,-0.03367,0.12493,1.00626,0,0,50179
249.310000,402.632382,4.33313,-1.28163,2.01399,-0.03367,0.12371,1.00479,0,0,50180
249.315000,402.647502,2.13605,-0.48824,1.03751,-0.03148,0.12200,1.00186,0,0,50181
249.320000,402.647502,-0.18309,-0.12206,0.24412,-0.02513,0.12029,0.99601,0,0,50182
249.325000,402.647502,-2.25811,-0.12206,-0.36618,-0.01879,0.12127,0.99162,0,0,50183
249.330000,402.662304,-3.72283,-0.24412,-1.09854,-0.01586,0.12468,0.98771,0,0,50184
249.335000,402.662304,-4.21107,-0.24412,-2.01399,-0.01464,0.13152,0.98088,0,0,50185
249.340000,402.662304,-3.78386,-0.18309,-2.68532,-0.01537,0.13884,0.97356,0,0,50186
249.345000,402.677276,-2.86841,-0.06103,-3.35665,-0.01513,0.14616,0.96770,0,0,50187
249.350000,402.677276,-1.58678,-0.12206,-3.72283,-0.01366,0.15470,0.96380,0,0,50188
249.355000,402.677276,-0.30515,-0.18309,-3.72283,-0.01415,0.16470,0.96429,0,0,50189
249.360000,402.692125,0.73236,-0.12206,-3.23459,-0.01562,0.17592,0.96673,0,0,50190
249.365000,402.692125,1.28163,0.30515,-1.95296,-0.01318,0.18446,0.96770,0,0,50191
249.370000,402.692125,0.91545,1.28163,-0.48824,-0.00610,0.18886,0.96844,0,0,50192
249.375000,402.707076,-0.73236,2.74635,1.03751,-0.00268,0.19154,0.97576,0,0,50193
249.380000,402.707076,-2.56326,4.02798,2.86841,-0.00561,0.18715,0.98844,0,0,50194
249.385000,402.707076,-3.29562,4.57725,4.76034,-0.01122,0.17910,1.00016,0,0,50195
249.390000,402.722410,-3.05150,4.39416,6.04197,-0.01610,0.16690,1.01016,0,0,50196
249.395000,402.722410,-2.25811,3.96695,7.20154,-0.01830,0.15201,1.01577,0,0,50197
249.400000,402.722410,-1.22060,3.29562,7.75081,-0.01513,0.13420,1.01943,0,0,50198
249.405000,402.737449,-0.06103,2.31914,7.81184,-0.01440,0.12102,1.02163,0,0,50199
249.410000,402.737449,1.15957,0.97648,7.38463,-0.01562,0.11273,1.01821,0,0,50200
249.415000,402.737449,1.64781,0.12206,7.01845,-0.01610,0.10907,1.01065,0,0,50201
249.420000,402.752023,1.58678,-0.12206,6.59124,-0.01586,0.10663,1.00479,0,0,50202
249.425000,402.752023,0.97648,0.18309,5.85888,-0.01513,0.10394,0.99430,0,0,50203
249.430000,402.752023,-0.30515,0.85442,4.94343,-0.01391,0.09955,0.98552,0,0,50204
249.435000,402.767268,-1.83090,1.64781,4.02798,-0.01488,0.09711,0.97893,0,0,50205
249.440000,402.767268,-3.11253,2.50223,2.99047,-0.01513,0.09736,0.97698,0,0,50206
249.445000,402.767268,-3.05150,2.86841,2.38017,-0.01610,0.09858,0.98283,0,0,50207
249.450000,402.782216,-1.89193,2.74635,2.13605,-0.01684,0.10053,0.99040,0,0,50208
249.455000,402.782216,0.00000,2.44120,2.01399,-0.01488,0.10321,0.99772,0,0,50209
249.460000,402.782216,1.95296,2.07502,1.89193,-0.01659,0.10638,1.00821,0,0,50210
249.465000,402.797102,3.96695,1.40369,1.76987,-0.02367,0.11297,1.01992,0,0,50211
249.470000,402.797102,5.24858,0.61030,1.70884,-0.02904,0.11785,1.02895,0,0,50212
249.475000,402.797102,5.98094,-0.42721,1.76987,-0.02977,0.12298,1.03456,0,0,50213
249.480000,402.812072,6.53021,-1.15957,1.83090,-0.02830,0.12468,1.03432,0,0,50214
249.485000,402.812072,6.53021,-1.46472,2.74635,-0.02269,0.12737,1.02822,0,0,50215
249.490000,402.812072,5.98094,-1.09854,3.90592,-0.02269,0.13054,1.02675,0,0,50216
249.495000,402.827140,5.37064,-0.85442,4.88240,-0.02489,0.13274,1.02700,0,0,50217
249.500000,402.827140,5.37064,-0.79339,5.73682,-0.02830,0.13542,1.02675,0,0,50218
249.505000,402.827140,5.91991,-1.58678,5.67579,-0.03026,0.13664,1.02041,0,0,50219
249.510000,402.842027,6.34712,-2.07502,5.24858,-0.03074,0.13713,1.01162,0,0,50220
249.515000,402.842027,7.38463,-2.50223,4.63828,-0.02904,0.13908,1.00626,0,0,50221
249.520000,402.842027,8.60523,-2.80738,4.33313,-0.02928,0.14176,1.00284,0,0,50222
249.520000,402.857061,9.58171,-2.92944,4.21107,-0.02928,0.14225,1.00138,0,0,50223
249.525000,402.857061,11.41261,-3.23459,4.15004,-0.02757,0.14225,1.00113,0,0,50224
249.530000,402.857061,12.63321,-3.47871,4.02798,-0.02611,0.14494,1.00406,0,0,50225
249.535000,402.887094,12.99939,-3.41768,3.78386,-0.02733,0.14933,1.00577,0,0,50226
249.540000,402.887094,11.71776,-2.86841,3.41768,-0.02952,0.15104,1.00455,0,0,50227
249.545000,402.887094,9.58171,-2.25811,2.99047,-0.03343,0.14664,1.00211,0,0,50228
249.550000,402.888579,6.71330,-1.70884,2.44120,-0.03416,0.14054,1.00016,0,0,50229
249.555000,402.888579,3.66180,-1.22060,1.83090,-0.03367,0.13664,0.99576,0,0,50230
249.560000,402.888579,-0.12206,-0.54927,0.91545,-0.03221,0.13371,0.98991,0,0,50231
249.565000,402.902130,-2.68532,-0.06103,-0.06103,-0.02904,0.13103,0.98356,0,0,50232
249.570000,402.902130,-4.51622,0.30515,-0.91545,-0.02318,0.12664,0.97600,0,0,50233
249.575000,402.902130,-5.61476,0.85442,-1.70884,-0.01781,0.12639,0.96892,0,0,50234
249.580000,402.917233,-5.85888,1.40369,-2.19708,-0.01464,0.12981,0.96453,0,0,50235
249.585000,402.917233,-5.30961,1.95296,-1.64781,-0.01610,0.13469,0.96526,0,0,50236
249.590000,402.917233,-4.21107,2.25811,-0.54927,-0.02074,0.14006,0.97112,0,0,50237
249.595000,402.932126,-2.62429,2.25811,0.42721,-0.02245,0.14152,0.97454,0,0,50238
249.600000,402.932126,-1.03751,2.31914,1.28163,-0.01806,0.14347,0.97210,0,0,50239
249.605000,402.932126,-0.30515,3.17356,2.80738,-0.01879,0.14689,0.97746,0,0,50240
249.610000,402.947450,-0.30515,3.84489,3.72283,-0.02342,0.14640,0.98625,0,0,50241
249.615000,402.947450,-0.24412,4.27210,4.57725,-0.02879,0.14372,0.99503,0,0,50242
249.620000,402.947450,0.30515,3.78386,4.88240,-0.02952,0.13859,0.99650,0,0,50243
249.625000,402.962046,0.42721,3.23459,4.94343,-0.02757,0.13225,0.99894,0,0,50244
249.630000,402.962046,0.42721,2.92944,4.51622,-0.02733,0.12956,1.00186,0,0,50245
249.635000,402.962046,0.18309,2.74635,3.78386,-0.02830,0.13103,1.00382,0,0,50246
249.640000,402.977093,-0.12206,2.62429,3.41768,-0.02952,0.13274,1.00186,0,0,50247
249.645000,402.977093,-0.91545,2.62429,3.23459,-0.03123,0.13322,0.99552,0,0,50248
249.650000,402.977093,-2.31914,3.17356,3.29562,-0.02952,0.13030,0.99210,0,0,50249
249.655000,402.992223,-3.11253,3.60077,3.29562,-0.02733,0.12224,0.98942,0,0,50250
249.660000,402.992223,-3.23459,3.66180,3.23459,-0.02318,0.11541,0.98210,0,0,50251
249.665000,402.992223,-2.68532,3.84489,3.66180,-0.02123,0.11468,0.97722,0,0,50252
249.670000,403.007228,-2.38017,4.45519,4.21107,-0.02342,0.11517,0.97844,0,0,50253
249.675000,403.007228,-1.70884,5.18755,4.57725,-0.02660,0.11468,0.98454,0,0,50254
249.680000,403.007228,-0.06103,5.24858,4.33313,-0.02830,0.11273,0.98576,0,0,50255
249.685000,403.022248,1.83090,4.82137,3.23459,-0.02684,0.11468,0.98600,0,0,50256
249.690000,403.022248,2.68532,4.51622,2.44120,-0.02757,0.12566,0.99088,0,0,50257
249.695000,403.022248,2.80738,4.76034,2.07502,-0.02928,0.13859,1.00064,0,0,50258
249.700000,403.037176,2.19708,5.37064,2.07502,-0.02952,0.14445,1.01040,0,0,50259
249.705000,403.037176,1.09854,5.85888,2.07502,-0.02733,0.15055,1.01797,0,0,50260
249.710000,403.037176,-0.36618,5.67579,1.83090,-0.02757,0.15884,1.02553,0,0,50261
249.715000,403.052266,-1.09854,5.00446,1.64781,-0.02904,0.16690,1.02846,0,0,50262
249.720000,403.052266,-1.46472,4.15004,1.76987,-0.03196,0.17056,1.03139,0,0,50263
249.725000,403.052266,-1.09854,3.35665,2.07502,-0.03636,0.17031,1.03700,0,0,50264
249.725000,403.067499,-0.48824,2.74635,2.31914,-0.03806,0.16860,1.03724,0,0,50265
249.730000,403.067499,0.67133,1.40369,2.56326,-0.03684,0.16665,1.03163,0,0,50266
249.735000,403.067499,1.34266,0.00000,2.44120,-0.03928,0.16299,1.02651,0,0,50267
249.740000,403.082229,1.95296,-1.15957,2.19708,-0.04148,0.15909,1.02114,0,0,50268
249.745000,403.082229,1.89193,-1.46472,2.19708,-0.04319,0.15323,1.01528,0,0,50269
249.750000,403.082229,1.15957,-1.28163,2.13605,-0.04319,0.14518,1.01089,0,0,50270
249.755000,403.097443,0.24412,-1.15957,1.83090,-0.04099,0.13810,1.00845,0,0,50271
249.760000,403.097443,-0.67133,-1.09854,1.03751,-0.03684,0.12883,1.00601,0,0,50272
249.765000,403.097443,-1.28163,-1.03751,0.18309,-0.03343,0.11736,1.00406,0,0,50273
249.770000,403.112320,-1.95296,-0.79339,-0.48824,-0.02782,0.10907,0.99845,0,0,50274
249.775000,403.112320,-2.86841,0.42721,-0.61030,-0.02977,0.10590,1.00113,0,0,50275
249.780000,403.112320,-3.35665,0.79339,-0.85442,-0.03538,0.10590,1.01040,0,0,50276
249.785000,403.127187,-2.74635,0.06103,-1.64781,-0.03831,0.10809,1.01138,0,0,50277
249.790000,403.127187,-1.83090,-1.03751,-2.44120,-0.03806,0.11419,1.00308,0,0,50278
249.795000,403.127187,-1.34266,-1.52575,-2.80738,-0.04026,0.12005,0.99674,0,0,50279
249.800000,403.142422,-1.03751,-1.46472,-2.80738,-0.04050,0.12298,0.99454,0,0,50280
249.805000,403.142422,-0.54927,-1.28163,-2.56326,-0.03562,0.12786,0.99210,0,0,50281
249.810000,403.142422,-0.30515,-1.03751,-2.07502,-0.03440,0.13396,0.98796,0,0,50282
249.815000,403.157082,-0.30515,-0.85442,-1.64781,-0.03465,0.13762,0.98381,0,0,50283
249.820000,403.157082,-0.67133,-0.36618,-1.03751,-0.03587,0.14372,0.97576,0,0,50284
249.825000,403.157082,-1.22060,0.12206,-1.03751,-0.03562,0.14518,0.97063,0,0,50285
249.830000,403.172328,-1.95296,0.48824,-1.46472,-0.03587,0.14396,0.96966,0,0,50286
249.835000,403.172328,-2.99047,0.91545,-2.01399,-0.03538,0.14396,0.96770,0,0,50287
249.840000,403.172328,-3.72283,1.28163,-2.38017,-0.03709,0.14835,0.96844,0,0,50288
249.845000,403.187250,-3.90592,1.34266,-2.62429,-0.03928,0.15177,0.96966,0,0,50289
249.850000,403.187250,-3.84489,1.34266,-2.80738,-0.04343,0.15811,0.97063,0,0,50290
249.855000,403.187250,-3.60077,1.40369,-2.62429,-0.04465,0.16275,0.96917,0,0,50291
249.860000,403.202409,-2.86841,1.70884,-1.64781,-0.04197,0.16616,0.96697,0,0,50292
249.865000,403.202409,-2.01399,1.95296,-0.54927,-0.04538,0.16519,0.97356,0,0,50293
249.870000,403.202409,-0.73236,1.70884,0.73236,-0.04734,0.16006,0.97844,0,0,50294
249.875000,403.217213,1.64781,0.79339,2.50223,-0.04807,0.15348,0.97990,0,0,50295
249.880000,403.217213,3.41768,0.42721,3.90592,-0.05026,0.14006,0.98283,0,0,50296
249.885000,403.217213,5.24858,-0.06103,4.82137,-0.04807,0.12639,0.98649,0,0,50297
249.890000,403.232242,6.77433,-0.24412,5.12652,-0.04294,0.11151,0.99186,0,0,50298
249.895000,403.232242,7.75081,-0.30515,5.06549,-0.03806,0.09662,1.00064,0,0,50299
249.900000,403.232242,8.05596,-0.36618,4.27210,-0.03026,0.08272,1.00918,0,0,50300
249.905000,403.247473,7.20154,-0.36618,3.17356,-0.02830,0.07662,1.01602,0,0,50301
249.910000,403.247473,5.12652,-0.42721,1.46472,-0.03050,0.08052,1.01870,0,0,50302
249.915000,403.247473,2.19708,-0.30515,-0.79339,-0.03660,0.08979,1.01821,0,0,50303
249.920000,403.262172,-1.09854,0.18309,-3.11253,-0.03806,0.09931,1.01553,0,0,50304
249.925000,403.262172,-4.33313,0.91545,-5.06549,-0.03538,0.10809,1.00870,0,0,50305
249.930000,403.262172,-7.62875,1.95296,-6.53021,-0.03367,0.11761,1.00382,0,0,50306
249.935000,403.277143,-9.21553,2.56326,-7.01845,-0.03538,0.12639,1.00260,0,0,50307
249.940000,403.277143,-9.45965,2.80738,-7.20154,-0.03660,0.13713,1.00064,0,0,50308
249.945000,403.277143,-8.60523,2.86841,-7.20154,-0.03562,0.14420,0.99967,0,0,50309
249.950000,403.292142,-7.20154,2.68532,-7.01845,-0.03709,0.15226,1.00089,0,0,50310
249.955000,403.292142,-4.76034,1.89193,-6.28609,-0.03709,0.15933,1.00308,0,0,50311
249.960000,403.292142,-2.38017,0.79339,-5.30961,-0.03343,0.16592,1.00382,0,0,50312
249.965000,403.307236,-0.18309,-0.12206,-3.78386,-0.03245,0.17056,1.00162,0,0,50313
249.970000,403.307236,1.40369,-0.73236,-2.44120,-0.03221,0.17373,1.00260,0,0,50314
249.975000,403.307236,2.99047,-1.22060,-1.40369,-0.03172,0.17666,1.00406,0,0,50315
249.980000,403.322306,3.78386,-1.40369,-0.24412,-0.03196,0.17617,1.00406,0,0,50316
249.985000,403.322306,3.66180,-1.58678,0.42721,-0.02952,0.17373,1.00357,0,0,50317
249.990000,403.322306,2.68532,-1.58678,0.79339,-0.02538,0.17007,1.00235,0,0,50318
249.995000,403.337322,1.15957,-1.58678,0.91545,-0.02123,0.16763,0.99625,0,0,50319
250.000000,403.337322,-0.61030,-1.09854,0.79339,-0.01976,0.16714,0.98722,0,0,50320
250.005000,403.337322,-1.58678,-0.30515,0.85442,-0.02269,0.16568,0.98503,0,0,50321
250.010000,403.352397,-1.64781,0.42721,0.85442,-0.02513,0.16104,0.98771,0,0,50322
250.015000,403.352397,-0.79339,0.85442,0.73236,-0.02513,0.15592,0.99015,0,0,50323
250.020000,403.352397,0.24412,0.85442,0.54927,-0.02562,0.15348,0.99332,0,0,50324
250.025000,403.367452,1.34266,0.67133,0.42721,-0.02538,0.15201,0.99601,0,0,50325
250.030000,403.367452,2.31914,0.30515,0.30515,-0.02440,0.15226,0.99601,0,0,50326
250.035000,403.367452,2.50223,0.30515,0.36618,-0.02513,0.15177,0.99552,0,0,50327
250.040000,403.382237,2.19708,0.61030,0.54927,-0.02538,0.15128,0.99674,0,0,50328
250.045000,403.382237,1.76987,0.97648,0.48824,-0.02879,0.15201,0.99918,0,0,50329
250.050000,403.382237,0.91545,1.34266,0.48824,-0.03123,0.15177,0.99942,0,0,50330
250.055000,403.397115,0.12206,1.70884,0.79339,-0.02952,0.15226,0.99796,0,0,50331
250.060000,403.397115,-0.48824,2.01399,1.46472,-0.02538,0.14786,1.00162,0,0,50332
250.065000,403.397115,0.06103,1.46472,1.70884,-0.02269,0.14738,1.00528,0,0,50333
250.070000,403.412460,1.22060,0.61030,1.95296,-0.02464,0.14811,1.00357,0,0,50334
250.075000,403.412460,2.25811,0.54927,2.50223,-0.03074,0.14786,1.00211,0,0,50335
250.080000,403.412460,2.74635,0.67133,3.23459,-0.03709,0.14494,1.00601,0,0,50336
250.085000,403.427182,3.11253,0.54927,3.47871,-0.03806,0.13835,1.01162,0,0,50337
250.090000,403.427182,3.35665,0.12206,3.29562,-0.03709,0.13274,1.01748,0,0,50338
250.095000,403.427182,3.11253,-0.54927,2.99047,-0.03928,0.12834,1.02187,0,0,50339
250.100000,403.442027,2.68532,-0.97648,2.50223,-0.04319,0.12639,1.02431,0,0,50340
250.105000,403.442027,1.95296,-1.52575,1.64781,-0.04587,0.12371,1.02358,0,0,50341
250.110000,403.442027,1.28163,-1.89193,0.73236,-0.04294,0.12127,1.01724,0,0,50342
250.115000,403.457035,0.54927,-1.95296,-0.06103,-0.04002,0.11858,1.00796,0,0,50343
250.120000,403.457035,-0.24412,-1.46472,-0.67133,-0.03806,0.11688,0.99894,0,0,50344
250.125000,403.457035,-1.28163,-0.18309,-1.09854,-0.03733,0.11517,0.99430,0,0,50345
250.130000,403.472109,-1.95296,0.97648,-1.34266,-0.03806,0.11078,0.99625,0,0,50346
250.135000,403.472109,-2.13605,1.15957,-2.01399,-0.03806,0.11102,0.99747,0,0,50347
250.140000,403.472109,-1.89193,0.48824,-2.74635,-0.04099,0.11541,0.99869,0,0,50348
250.140000,403.487494,-1.34266,-0.24412,-3.23459,-0.04246,0.12127,0.99747,0,0,50349
250.145000,403.487494,-0.18309,-0.79339,-3.72283,-0.04270,0.13030,0.99454,0,0,50350
250.150000,403.487494,0.42721,-0.61030,-3.72283,-0.04124,0.13688,0.99503,0,0,50351
250.155000,403.502225,1.09854,-0.91545,-3.41768,-0.03758,0.14298,0.99625,0,0,50352
250.160000,403.502225,1.40369,-1.28163,-3.11253,-0.03733,0.14835,0.99430,0,0,50353
250.165000,403.502225,1.76987,-1.64781,-2.62429,-0.03636,0.15274,0.99186,0,0,50354
250.170000,403.517399,1.89193,-1.83090,-1.89193,-0.03465,0.15567,0.99162,0,0,50355
250.175000,403.517399,1.83090,-1.89193,-1.46472,-0.03026,0.15518,0.99015,0,0,50356
250.180000,403.517399,1.76987,-1.70884,-1.15957,-0.02489,0.15762,0.98527,0,0,50357
250.185000,403.532217,1.58678,-1.34266,-0.79339,-0.02416,0.16275,0.98234,0,0,50358
250.190000,403.532217,1.64781,-0.97648,-0.06103,-0.02928,0.16470,0.98381,0,0,50359
250.195000,403.532217,2.92944,-0.67133,1.03751,-0.03270,0.16372,0.99040,0,0,50360
250.200000,403.547162,4.63828,-1.03751,1.83090,-0.03367,0.16177,0.99723,0,0,50361
250.205000,403.547162,6.34712,-1.95296,2.44120,-0.03465,0.16055,0.99991,0,0,50362
250.210000,403.547162,7.44566,-2.74635,2.99047,-0.03855,0.16104,1.00308,0,0,50363
250.215000,403.562472,7.99493,-3.23459,3.35665,-0.04416,0.16080,1.00430,0,0,50364
250.220000,403.562472,7.99493,-3.66180,3.60077,-0.04904,0.15689,1.00235,0,0,50365
250.225000,403.562472,6.77433,-3.60077,3.29562,-0.04612,0.14933,0.99552,0,0,50366
250.230000,403.577182,4.21107,-3.05150,2.92944,-0.04319,0.14006,0.99088,0,0,50367
250.235000,403.577182,1.46472,-2.07502,2.44120,-0.04050,0.12956,0.98991,0,0,50368
250.240000,403.577182,-0.67133,-1.15957,1.76987,-0.03855,0.11932,0.98869,0,0,50369
250.245000,403.592125,-2.01399,-0.54927,0.91545,-0.03245,0.10809,0.98552,0,0,50370
250.250000,403.592125,-2.74635,-0.24412,-0.24412,-0.02635,0.10224,0.98478,0,0,50371
250.255000,403.592125,-3.05150,0.00000,-1.22060,-0.02830,0.10102,0.98649,0,0,50372
250.260000,403.607178,-2.80738,0.18309,-2.50223,-0.03050,0.10224,0.98893,0,0,50373
250.265000,403.607178,-2.19708,0.00000,-3.60077,-0.02904,0.10565,0.98844,0,0,50374
250.270000,403.607178,-1.58678,0.06103,-4.45519,-0.02928,0.11322,0.98576,0,0,50375
250.275000,403.622456,-1.64781,-0.06103,-4.94343,-0.03026,0.12444,0.98381,0,0,50376
250.280000,403.622456,-1.95296,0.00000,-5.12652,-0.02977,0.13274,0.98332,0,0,50377
250.285000,403.622456,-2.25811,0.48824,-5.12652,-0.02782,0.14006,0.98039,0,0,50378
250.290000,403.637172,-2.44120,1.22060,-4.82137,-0.02611,0.14835,0.97893,0,0,50379
250.295000,403.637172,-2.80738,1.95296,-4.02798,-0.02562,0.15616,0.98308,0,0,50380
250.300000,403.637172,-2.31914,2.44120,-2.92944,-0.02855,0.16421,0.99235,0,0,50381
250.305000,403.652379,-1.03751,2.68532,-1.64781,-0.03148,0.16885,1.00284,0,0,50382
250.310000,403.652379,0.67133,2.19708,-0.42721,-0.03074,0.17251,1.01162,0,0,50383
250.315000,403.652379,2.44120,1.28163,0.67133,-0.02684,0.17422,1.01699,0,0,50384
250.320000,403.667108,3.53974,0.48824,1.64781,-0.02562,0.17495,1.01968,0,0,50385
250.325000,403.667108,3.72283,-0.30515,2.80738,-0.02806,0.17373,1.01992,0,0,50386
250.330000,403.667108,3.41768,-0.54927,3.47871,-0.02879,0.17007,1.01894,0,0,50387
250.335000,403.682239,2.74635,-0.61030,4.08901,-0.02952,0.16470,1.01480,0,0,50388
250.340000,403.682239,1.95296,-0.73236,4.21107,-0.02879,0.15689,1.00894,0,0,50389
250.345000,403.682239,0.85442,-0.91545,3.84489,-0.02416,0.15006,1.00016,0,0,50390
250.350000,403.697153,-0.06103,-0.91545,3.29562,-0.02123,0.14445,0.99137,0,0,50391
250.355000,403.697153,-0.79339,-0.73236,2.68532,-0.02318,0.14298,0.98552,0,0,50392
250.360000,403.697153,-0.97648,-0.67133,1.89193,-0.02806,0.14201,0.97820,0,0,50393
250.365000,403.712155,-0.67133,-0.24412,1.22060,-0.02635,0.13835,0.97014,0,0,50394
250.370000,403.712155,-0.30515,0.30515,0.36618,-0.02074,0.13420,0.96697,0,0,50395
250.375000,403.712155,-0.18309,0.67133,-0.30515,-0.02001,0.13444,0.97112,0,0,50396
250.380000,403.727352,0.00000,0.67133,-0.85442,-0.02172,0.13664,0.97649,0,0,50397
250.385000,403.727352,0.12206,0.42721,-1.15957,-0.01879,0.13835,0.97990,0,0,50398
250.390000,403.727352,0.00000,0.48824,-1.58678,-0.01562,0.14469,0.98137,0,0,50399
250.395000,403.742470,-0.24412,0.61030,-1.83090,-0.01513,0.15396,0.97942,0,0,50400
250.400000,403.742470,-1.22060,1.40369,-1.58678,-0.01391,0.16446,0.97405,0,0,50401
250.405000,403.742470,-2.44120,2.50223,-0.73236,-0.01684,0.16982,0.97478,0,0,50402
250.410000,403.757147,-3.17356,3.23459,0.24412,-0.02147,0.17080,0.97893,0,0,50403
250.415000,403.757147,-2.56326,2.92944,1.15957,-0.02391,0.16909,0.98039,0,0,50404
250.420000,403.757147,-1.22060,2.19708,2.13605,-0.02367,0.16494,0.98015,0,0,50405
250.425000,403.772211,0.18309,1.70884,3.23459,-0.02074,0.15787,0.98039,0,0,50406
250.430000,403.772211,1.83090,1.46472,4.33313,-0.01952,0.14884,0.98039,0,0,50407
250.435000,403.772211,3.23459,0.91545,5.06549,-0.02172,0.14420,0.97844,0,0,50408
250.440000,403.787193,4.02798,0.48824,5.43167,-0.02050,0.14176,0.97283,0,0,50409
250.445000,403.787193,4.39416,0.36618,5.43167,-0.01757,0.14054,0.96722,0,0,50410
250.450000,403.787193,3.78386,0.85442,5.30961,-0.01659,0.14201,0.96478,0,0,50411
250.455000,403.802130,2.99047,1.95296,5.12652,-0.01513,0.14323,0.96478,0,0,50412
250.460000,403.802130,1.34266,3.23459,5.00446,-0.01659,0.14128,0.96892,0,0,50413
250.465000,403.802130,-0.54927,4.45519,4.82137,-0.01659,0.13810,0.97405,0,0,50414
250.470000,403.817496,-1.83090,4.94343,4.33313,-0.01586,0.13518,0.98112,0,0,50415
250.475000,403.817496,-2.56326,5.12652,3.84489,-0.01562,0.13322,0.99284,0,0,50416
250.480000,403.817496,-2.74635,4.94343,3.41768,-0.01684,0.13176,1.00406,0,0,50417
250.485000,403.832040,-2.31914,4.57725,3.11253,-0.02196,0.13078,1.01260,0,0,50418
250.490000,403.832040,-1.76987,4.27210,2.99047,-0.02660,0.13005,1.01870,0,0,50419
250.495000,403.832040,-1.40369,4.33313,3.05150,-0.03245,0.12688,1.02651,0,0,50420
250.500000,403.847253,-1.15957,4.51622,2.92944,-0.03636,0.12224,1.03627,0,0,50421
250.505000,403.847253,-0.97648,4.45519,2.80738,-0.03587,0.11590,1.04359,0,0,50422
250.510000,403.847253,-0.97648,4.27210,2.62429,-0.03611,0.11053,1.04920,0,0,50423
250.515000,403.862327,-0.91545,4.21107,2.56326,-0.04002,0.10346,1.05432,0,0,50424
250.520000,403.862327,-0.67133,4.45519,2.44120,-0.04612,0.10004,1.05432,0,0,50425
250.525000,403.862327,-0.61030,4.82137,2.31914,-0.05100,0.09174,1.06335,0,0,50426
250.530000,403.877543,0.24412,5.06549,2.07502,-0.05148,0.08345,1.07262,0,0,50427
250.535000,403.877543,2.31914,5.12652,1.76987,-0.05295,0.07906,1.08897,0,0,50428
250.540000,403.877543,5.12652,5.12652,1.83090,-0.05905,0.07442,1.11118,0,0,50429
250.545000,403.892499,8.72729,5.12652,2.56326,-0.07027,0.07052,1.13387,0,0,50430
250.550000,403.892499,13.48763,5.24858,4.27210,-0.08686,0.07613,1.14778,0,0,50431
250.555000,403.892499,15.98986,6.04197,7.01845,-0.10785,0.07466,1.16900,0,0,50432
250.560000,403.907141,16.90531,7.07948,9.09347,-0.12346,0.06881,1.19536,0,0,50433
250.565000,403.907141,18.30900,7.62875,11.04643,-0.13786,0.05661,1.23708,0,0,50434
250.570000,403.907141,19.71269,7.14051,12.32806,-0.14518,0.04099,1.26880,0,0,50435
250.575000,403.922466,19.52960,6.10300,13.79278,-0.16153,0.01488,1.30467,0,0,50436
250.580000,403.922466,18.43106,4.88240,15.25750,-0.18544,-0.02220,1.34639,0,0,50437
250.585000,403.922466,17.27149,2.74635,16.41707,-0.21496,-0.07271,1.39690,0,0,50438
250.590000,403.937497,16.78325,0.73236,16.29501,-0.23814,-0.13078,1.45497,0,0,50439
250.595000,403.937497,15.56265,-5.18755,13.97587,-0.25278,-0.20032,1.51670,0,0,50440
250.600000,403.937497,13.67072,-12.38909,9.64274,-0.26084,-0.25766,1.55770,0,0,50441
250.605000,403.952152,10.06995,-21.11638,2.86841,-0.27108,-0.30768,1.58820,0,0,50442
250.610000,403.952152,4.88240,-30.51500,-6.10300,-0.28890,-0.35185,1.60381,0,0,50443
250.615000,403.952152,-1.22060,-40.09671,-16.84428,-0.30890,-0.38284,1.60210,0,0,50444
250.620000,403.967167,-7.20154,-49.80048,-28.43998,-0.32379,-0.40553,1.59283,0,0,50445
250.625000,403.967167,-11.71776,-59.44322,-39.73053,-0.33135,-0.42456,1.55184,0,0,50446
250.630000,403.967167,-15.19647,-68.23154,-49.61739,-0.32208,-0.42602,1.49621,0,0,50447
250.635000,403.983544,-18.73621,-77.32501,-60.41970,-0.32720,-0.41895,1.43545,0,0,50448
250.640000,403.983544,-19.22445,-83.85522,-69.39111,-0.33550,-0.40699,1.37592,0,0,50449
250.645000,403.983544,-18.06488,-91.97221,-80.98681,-0.32964,-0.40358,1.31565,0,0,50450
250.650000,403.998741,-15.86780,-97.58697,-90.20234,-0.31915,-0.40236,1.25294,0,0,50451
250.655000,403.998741,-12.81630,-102.53040,-99.72302,-0.30110,-0.39406,1.17828,0,0,50452
250.660000,403.998741,-9.33759,-107.29074,-108.81649,-0.27304,-0.37698,1.10849,0,0,50453
250.665000,404.012109,-5.43167,-111.07460,-118.03202,-0.24327,-0.35185,1.04383,0,0,50454
250.670000,404.012109,-0.36618,-114.49228,-129.44463,-0.22570,-0.32135,0.97746,0,0,50455
250.675000,404.012109,1.95296,-115.65185,-137.50059,-0.21008,-0.29012,0.91524,0,0,50456
250.680000,404.027204,2.50223,-114.85846,-144.58007,-0.18886,-0.24400,0.85668,0,0,50457
250.685000,404.027204,3.11253,-112.66138,-151.29337,-0.16446,-0.17788,0.79056,0,0,50458
250.690000,404.027204,5.30961,-109.06061,-158.37285,-0.14396,-0.10468,0.72834,0,0,50459
250.695000,404.042048,7.50669,-105.09366,-162.70598,-0.11907,-0.01635,0.66783,0,0,50460
250.700000,404.042048,9.39862,-99.17375,-165.63542,-0.08930,0.07735,0.61732,0,0,50461
250.705000,404.042048,10.74128,-91.60603,-167.22220,-0.05661,0.18983,0.58902,0,0,50462
250.710000,404.057169,11.77879,-85.62509,-167.46632,-0.03026,0.27401,0.58048,0,0,50463
250.715000,404.057169,13.60969,-75.92132,-164.65894,0.01879,0.40162,0.56998,0,0,50464
250.720000,404.057169,15.44059,-68.59772,-158.80006,0.07564,0.52997,0.55534,0,0,50465
250.725000,404.072463,17.82076,-59.74837,-146.22788,0.13688,0.68906,0.53021,0,0,50466
250.730000,404.072463,19.46857,-51.93653,-131.45862,0.19130,0.83472,0.51094,0,0,50467
250.735000,404.072463,20.62814,-43.20924,-112.66138,0.23814,0.94184,0.50142,0,0,50468
250.740000,404.087100,20.81123,-34.23783,-91.60603,0.27401,1.01187,0.50337,0,0,50469
250.745000,404.087100,19.65166,-23.49655,-64.93592,0.29914,1.05530,0.51216,0,0,50470
250.750000,404.087100,18.55312,-16.05089,-45.10117,0.31159,1.06555,0.52265,0,0,50471
250.755000,404.102168,18.00385,-9.52068,-27.15835,0.31671,1.04969,0.52875,0,0,50472
250.760000,404.102168,17.27149,-2.92944,-11.04643,0.31598,1.02016,0.53290,0,0,50473
250.765000,404.102168,15.62368,5.61476,6.04197,0.30768,0.97673,0.53924,0,0,50474
250.765000,404.117463,14.76926,10.80231,15.07441,0.30232,0.93867,0.54607,0,0,50475
250.770000,404.117463,14.09793,16.84428,24.96127,0.29841,0.87450,0.55778,0,0,50476
250.775000,404.117463,13.12145,23.74067,34.23783,0.29036,0.80715,0.57023,0,0,50477
250.780000,404.132222,11.65673,28.86719,39.97465,0.26303,0.73590,0.58609,0,0,50478
250.785000,404.132222,8.97141,34.66504,46.13868,0.22570,0.67564,0.60707,0,0,50479
250.790000,404.132222,6.46918,38.44890,50.65490,0.19544,0.61415,0.64074,0,0,50480
250.795000,404.147258,4.27210,41.31731,54.19464,0.18105,0.54851,0.67978,0,0,50481
250.800000,404.147258,2.50223,43.27027,55.90348,0.17104,0.47287,0.72029,0,0,50482
250.805000,404.147258,0.61030,44.67396,55.53730,0.15714,0.40504,0.76079,0,0,50483
250.810000,404.162189,-0.85442,45.46735,53.40125,0.13957,0.33623,0.81081,0,0,50484
250.815000,404.162189,-0.91545,44.79602,49.61739,0.12615,0.25913,0.87694,0,0,50485
250.820000,404.162189,0.36618,42.47688,45.65044,0.11517,0.19056,0.94574,0,0,50486
250.825000,404.177123,2.68532,38.08272,40.34083,0.10541,0.13859,1.00796,0,0,50487
250.830000,404.177123,5.79785,31.85766,33.87165,0.09418,0.10663,1.05164,0,0,50488
250.835000,404.177123,8.91038,24.83921,26.60908,0.08003,0.09370,1.07409,0,0,50489
250.840000,404.192176,11.29055,18.61415,19.52960,0.06612,0.09223,1.08873,0,0,50490
250.845000,404.192176,12.57218,12.08394,11.22952,0.05880,0.09565,1.09678,0,0,50491
250.850000,404.192176,12.38909,7.38463,5.37064,0.05905,0.10834,1.09288,0,0,50492
250.855000,404.207278,11.22952,2.99047,0.54927,0.05734,0.12786,1.07458,0,0,50493
250.860000,404.207278,7.81184,-1.09854,-4.57725,0.05344,0.14762,1.04530,0,0,50494
250.865000,404.207278,4.39416,-3.11253,-8.23905,0.05222,0.16446,1.01577,0,0,50495
250.870000,404.222107,0.79339,-3.41768,-11.41261,0.05539,0.17641,0.99210,0,0,50496
250.875000,404.222107,-2.13605,-2.56326,-13.91484,0.05954,0.18520,0.97795,0,0,50497
250.880000,404.222107,-3.66180,-1.64781,-15.98986,0.06320,0.19227,0.97332,0,0,50498
250.885000,404.237474,-3.90592,-1.40369,-17.51561,0.06637,0.19886,0.97088,0,0,50499
250.890000,404.237474,-3.66180,-1.28163,-19.65166,0.07003,0.21399,0.96722,0,0,50500
250.895000,404.237474,-2.99047,-1.40369,-20.99432,0.07174,0.23034,0.96380,0,0,50501
250.900000,404.252187,-1.95296,-1.40369,-22.33698,0.07710,0.24644,0.95941,0,0,50502
250.905000,404.252187,-0.97648,-1.28163,-22.64213,0.08784,0.26572,0.95575,0,0,50503
250.910000,404.252187,-0.12206,-0.91545,-21.66565,0.09833,0.29060,0.95672,0,0,50504
250.915000,404.267156,0.12206,-0.42721,-20.56711,0.10492,0.31037,0.95843,0,0,50505
250.920000,404.267156,0.00000,0.42721,-18.73621,0.10956,0.33696,0.95599,0,0,50506
250.925000,404.267156,-0.85442,1.40369,-16.60016,0.10785,0.35697,0.95184,0,0,50507
250.930000,404.282194,-2.50223,2.86841,-13.36557,0.10516,0.37259,0.95111,0,0,50508
250.935000,404.282194,-3.84489,4.15004,-10.19201,0.10419,0.38186,0.95575,0,0,50509
250.940000,404.282194,-5.06549,5.00446,-6.04197,0.10492,0.38088,0.96453,0,0,50510
250.945000,404.297206,-5.55373,5.12652,-2.99047,0.10541,0.37430,0.97136,0,0,50511
250.950000,404.297206,-5.67579,5.00446,-0.12206,0.10272,0.36673,0.97502,0,0,50512
250.955000,404.297206,-4.82137,4.76034,2.80738,0.10712,0.35624,0.97795,0,0,50513
250.960000,404.312193,-2.99047,5.00446,6.40815,0.11566,0.34209,0.97844,0,0,50514
250.965000,404.312193,-1.76987,5.30961,8.91038,0.11395,0.32769,0.98064,0,0,50515
250.970000,404.312193,-0.54927,5.43167,10.86334,0.10419,0.31671,0.98283,0,0,50516
250.975000,404.327166,0.79339,5.18755,12.02291,0.09784,0.30573,0.98088,0,0,50517
250.980000,404.327166,2.56326,5.12652,13.12145,0.09394,0.28719,0.97185,0,0,50518
250.985000,404.327166,3.29562,5.67579,13.67072,0.09052,0.27084,0.96575,0,0,50519
250.990000,404.342144,3.41768,7.01845,14.21999,0.09272,0.25059,0.96648,0,0,50520
250.995000,404.342144,3.35665,8.23905,14.89132,0.09760,0.23229,0.96795,0,0,50521
251.000000,404.342144,2.62429,9.52068,15.62368,0.09052,0.21984,0.97502,0,0,50522
251.000000,404.357223,1.89193,10.31407,15.92883,0.08223,0.21326,0.98356,0,0,50523
251.005000,404.357223,1.95296,10.86334,15.50162,0.07222,0.20276,0.99601,0,0,50524
251.010000,404.357223,2.07502,10.98540,14.64720,0.06930,0.19276,1.00943,0,0,50525
251.015000,404.372504,2.25811,10.61922,12.99939,0.06808,0.17934,1.02334,0,0,50526
251.020000,404.372504,2.62429,9.88686,11.41261,0.06856,0.16958,1.03188,0,0,50527
251.025000,404.372504,2.31914,9.21553,9.45965,0.07052,0.16446,1.04066,0,0,50528
251.030000,404.387156,1.46472,8.66626,7.01845,0.07076,0.16372,1.04774,0,0,50529
251.035000,404.387156,0.91545,7.26257,4.57725,0.07393,0.16665,1.04847,0,0,50530
251.040000,404.387156,-0.24412,5.79785,3.29562,0.07369,0.17080,1.04920,0,0,50531
251.045000,404.402456,-1.58678,4.02798,2.31914,0.07149,0.17958,1.04700,0,0,50532
251.050000,404.402456,-2.13605,2.13605,1.28163,0.07052,0.18959,1.04042,0,0,50533
251.055000,404.402456,-2.80738,0.73236,0.18309,0.06832,0.19715,1.03188,0,0,50534
251.060000,404.417117,-3.23459,0.18309,-0.48824,0.06710,0.20252,1.02285,0,0,50535
251.065000,404.417117,-3.47871,-0.18309,-0.85442,0.06612,0.20984,1.00821,0,0,50536
251.070000,404.417117,-3.47871,0.36618,-0.36618,0.06759,0.21326,1.00138,0,0,50537
251.075000,404.432179,-3.29562,0.54927,-0.12206,0.07515,0.21301,0.99796,0,0,50538
251.080000,404.432179,-2.86841,0.36618,0.12206,0.07881,0.21301,0.99552,0,0,50539
251.085000,404.432179,-2.62429,0.12206,0.18309,0.07930,0.21643,0.99162,0,0,50540
251.090000,404.447415,-2.56326,0.12206,0.18309,0.07784,0.21911,0.98698,0,0,50541
251.095000,404.447415,-2.68532,0.48824,0.24412,0.07320,0.22375,0.98552,0,0,50542
251.100000,404.447415,-2.74635,1.09854,0.54927,0.07100,0.22594,0.98674,0,0,50543
251.105000,404.462144,-2.62429,1.40369,0.85442,0.06856,0.22448,0.98820,0,0,50544
251.110000,404.462144,-2.31914,1.09854,1.46472,0.06710,0.22180,0.98966,0,0,50545
251.115000,404.462144,-1.64781,0.67133,1.95296,0.06954,0.21692,0.98966,0,0,50546
251.120000,404.477126,-0.91545,0.36618,2.25811,0.07271,0.21155,0.98844,0,0,50547
251.125000,404.477126,0.48824,0.30515,2.68532,0.07832,0.20325,0.99015,0,0,50548
251.130000,404.477126,1.22060,0.18309,2.86841,0.08296,0.19740,0.99235,0,0,50549
251.135000,404.492435,1.40369,0.12206,2.92944,0.08516,0.19471,0.99113,0,0,50550
251.140000,404.492435,0.91545,0.30515,3.11253,0.08223,0.19593,0.99040,0,0,50551
251.145000,404.492435,0.00000,0.48824,3.47871,0.07832,0.19788,0.98844,0,0,50552
251.145000,404.507479,-0.67133,0.97648,3.78386,0.07735,0.19496,0.98820,0,0,50553
251.150000,404.507479,-1.58678,1.46472,4.27210,0.08125,0.18666,0.98747,0,0,50554
251.155000,404.507479,-3.05150,1.58678,4.63828,0.08247,0.17812,0.98478,0,0,50555
251.160000,404.522193,-3.96695,1.64781,4.94343,0.07393,0.17373,0.98259,0,0,50556
251.165000,404.522193,-4.21107,1.64781,5.06549,0.06930,0.16934,0.98210,0,0,50557
251.170000,404.522193,-3.84489,1.76987,4.88240,0.07296,0.16446,0.97990,0,0,50558
251.175000,404.537153,-3.53974,1.70884,4.63828,0.07686,0.16104,0.97917,0,0,50559
251.180000,404.537153,-2.74635,1.15957,4.51622,0.07710,0.15836,0.98015,0,0,50560
251.185000,404.537153,-1.95296,0.42721,4.39416,0.07491,0.15860,0.97868,0,0,50561
251.190000,404.552151,-0.85442,-0.18309,4.21107,0.07588,0.15836,0.97600,0,0,50562
251.195000,404.552151,-0.24412,-0.48824,3.96695,0.07515,0.15762,0.97502,0,0,50563
251.200000,404.552151,0.24412,-0.91545,3.35665,0.07344,0.15958,0.97551,0,0,50564
251.205000,404.567185,0.48824,-1.22060,2.80738,0.07637,0.16128,0.97234,0,0,50565
251.210000,404.567185,0.18309,-1.15957,2.38017,0.08296,0.16592,0.96356,0,0,50566
251.215000,404.567185,-0.91545,-0.67133,2.19708,0.08076,0.17251,0.95746,0,0,50567
251.220000,404.582231,-2.25811,-0.30515,2.07502,0.07710,0.17617,0.95477,0,0,50568
251.225000,404.582231,-3.35665,0.00000,1.76987,0.07662,0.17812,0.94989,0,0,50569
251.230000,404.582231,-4.39416,0.06103,1.09854,0.07320,0.17836,0.94818,0,0,50570
251.235000,404.597138,-4.76034,0.24412,0.54927,0.07296,0.17788,0.94696,0,0,50571
251.240000,404.597138,-4.27210,0.12206,0.00000,0.07588,0.17739,0.94233,0,0,50572
251.245000,404.597138,-3.47871,-0.18309,-0.67133,0.07564,0.17592,0.93867,0,0,50573
251.250000,404.612449,-1.46472,-0.36618,-1.34266,0.07784,0.17666,0.93672,0,0,50574
251.255000,404.612449,0.42721,-0.30515,-1.70884,0.08467,0.17641,0.93476,0,0,50575
251.260000,404.612449,1.89193,0.18309,-1.76987,0.08882,0.17690,0.93623,0,0,50576
251.265000,404.627079,2.80738,0.61030,-1.89193,0.08857,0.18105,0.93916,0,0,50577
251.270000,404.627079,3.78386,0.91545,-1.46472,0.08686,0.19056,0.94257,0,0,50578
251.275000,404.627079,4.08901,1.15957,-0.67133,0.08833,0.19520,0.94428,0,0,50579
251.280000,404.642392,3.53974,2.07502,-0.06103,0.08784,0.19691,0.94892,0,0,50580
251.285000,404.642392,2.38017,2.80738,-0.12206,0.08418,0.20081,0.95746,0,0,50581
251.290000,404.642392,1.03751,3.41768,-0.54927,0.07857,0.20496,0.96551,0,0,50582
251.295000,404.657084,0.06103,3.84489,-0.97648,0.07588,0.20691,0.96966,0,0,50583
251.300000,404.657084,-1.34266,4.27210,-1.52575,0.07320,0.20789,0.97551,0,0,50584
251.305000,404.657084,-2.19708,4.21107,-1.83090,0.07198,0.20935,0.98234,0,0,50585
251.310000,404.672150,-2.62429,3.66180,-2.13605,0.07662,0.20838,0.98869,0,0,50586
251.315000,404.672150,-2.44120,2.86841,-2.25811,0.08369,0.21033,0.98918,0,0,50587
251.320000,404.672150,-2.31914,2.19708,-2.07502,0.08272,0.21545,0.98625,0,0,50588
251.325000,404.687159,-2.13605,2.13605,-1.76987,0.07832,0.22131,0.98283,0,0,50589
251.330000,404.687159,-1.76987,2.25811,-0.67133,0.07174,0.22472,0.97966,0,0,50590
251.335000,404.687159,-1.76987,2.56326,0.06103,0.06954,0.22228,0.97942,0,0,50591
251.340000,404.702127,-1.34266,2.56326,0.73236,0.07662,0.21594,0.98015,0,0,50592
251.345000,404.702127,-0.79339,2.74635,1.28163,0.08028,0.20716,0.97942,0,0,50593
251.350000,404.702127,-0.54927,3.17356,2.07502,0.07540,0.20130,0.98137,0,0,50594
251.350000,404.717359,-0.24412,3.41768,2.74635,0.07344,0.19691,0.98527,0,0,50595
251.355000,404.717359,0.79339,3.72283,3.53974,0.07784,0.18910,0.99162,0,0,50596
251.360000,404.717359,1.28163,3.72283,3.17356,0.08101,0.18398,0.99723,0,0,50597
251.365000,404.732487,0.97648,3.78386,2.50223,0.07637,0.18739,1.00284,0,0,50598
251.370000,404.732487,-0.18309,3.78386,1.89193,0.06759,0.19276,1.00430,0,0,50599
251.375000,404.732487,-1.46472,4.08901,1.64781,0.06978,0.19300,1.00528,0,0,50600
251.380000,404.747177,-2.38017,4.45519,1.52575,0.07491,0.19252,1.00528,0,0,50601
251.385000,404.747177,-3.60077,4.82137,1.58678,0.07710,0.19105,1.00528,0,0,50602
251.390000,404.747177,-4.39416,4.39416,1.64781,0.07369,0.19081,1.00333,0,0,50603
251.395000,404.762142,-4.63828,3.84489,1.70884,0.07222,0.19130,0.99625,0,0,50604
251.400000,404.762142,-4.88240,3.60077,1.89193,0.07149,0.19056,0.99137,0,0,50605
251.405000,404.762142,-5.00446,3.96695,1.95296,0.06856,0.18910,0.99015,0,0,50606
251.410000,404.777492,-4.51622,4.02798,1.89193,0.06686,0.18837,0.99088,0,0,50607
251.415000,404.777492,-3.60077,3.72283,1.89193,0.06710,0.18617,0.99210,0,0,50608
251.420000,404.777492,-2.68532,3.17356,1.64781,0.06832,0.18471,0.99332,0,0,50609
251.425000,404.792499,-2.56326,3.11253,1.52575,0.06881,0.18642,0.99576,0,0,50610
251.430000,404.792499,-2.74635,2.99047,1.34266,0.06442,0.18788,0.99528,0,0,50611
251.435000,404.792499,-3.11253,2.99047,0.91545,0.05856,0.18910,0.99747,0,0,50612
251.440000,404.807086,-3.53974,3.05150,0.36618,0.05588,0.18568,1.00016,0,0,50613
251.445000,404.807086,-3.66180,2.86841,-0.06103,0.06002,0.18178,0.99772,0,0,50614
251.450000,404.807086,-3.53974,2.56326,0.06103,0.06612,0.17885,0.99308,0,0,50615
251.455000,404.822228,-3.41768,2.25811,0.48824,0.06734,0.17861,0.99015,0,0,50616
251.460000,404.822228,-2.99047,2.19708,1.15957,0.06100,0.17958,0.98942,0,0,50617
251.465000,404.822228,-1.83090,2.38017,1.70884,0.05880,0.17812,0.98966,0,0,50618
251.470000,404.837092,-0.61030,2.38017,1.95296,0.06198,0.17397,0.98918,0,0,50619
251.475000,404.837092,1.70884,2.19708,2.01399,0.06490,0.16958,0.98771,0,0,50620
251.480000,404.837092,3.05150,1.64781,1.89193,0.06271,0.17007,0.98893,0,0,50621
251.485000,404.852514,3.90592,1.22060,1.89193,0.05758,0.16787,0.99113,0,0,50622
251.490000,404.852514,4.02798,1.34266,1.64781,0.05734,0.16470,0.99210,0,0,50623
251.495000,404.852514,3.29562,1.89193,0.85442,0.05880,0.16275,0.99430,0,0,50624
251.500000,404.882245,2.07502,2.25811,0.00000,0.06368,0.16299,0.99674,0,0,50625
251.505000,404.882245,0.36618,2.38017,-0.91545,0.06393,0.16519,1.00016,0,0,50626
251.510000,404.882245,-1.28163,2.50223,-2.01399,0.05880,0.17007,1.00406,0,0,50627
251.515000,404.883326,-2.13605,2.50223,-2.86841,0.05514,0.17617,1.00552,0,0,50628
251.520000,404.883326,-2.62429,2.68532,-3.35665,0.05392,0.18251,1.00772,0,0,50629
251.525000,404.883326,-2.56326,2.92944,-3.29562,0.05295,0.18739,1.00992,0,0,50630
251.530000,404.898423,-2.13605,2.62429,-3.17356,0.05075,0.19154,1.01382,0,0,50631
251.535000,404.898423,-1.46472,2.25811,-2.86841,0.04734,0.19374,1.01431,0,0,50632
251.540000,404.898423,-0.67133,1.64781,-2.68532,0.04368,0.19569,1.01089,0,0,50633
251.545000,404.912523,0.54927,0.85442,-2.38017,0.04612,0.19593,1.00650,0,0,50634
251.550000,404.912523,1.76987,0.54927,-2.07502,0.05368,0.19422,1.00064,0,0,50635
251.555000,404.912523,2.68532,0.36618,-1.89193,0.05783,0.19154,0.99528,0,0,50636
251.560000,404.942148,3.11253,0.54927,-1.70884,0.05710,0.18715,0.99308,0,0,50637
251.565000,404.942148,3.35665,0.67133,-1.70884,0.04929,0.18788,0.99064,0,0,50638
251.570000,404.942148,3.23459,0.73236,-1.76987,0.04343,0.18934,0.98796,0,0,50639
251.575000,404.943426,3.05150,1.09854,-1.70884,0.05051,0.18520,0.98771,0,0,50640
251.580000,404.943426,2.62429,1.52575,-1.52575,0.06246,0.18007,0.99088,0,0,50641
251.585000,404.943426,1.58678,1.83090,-1.09854,0.06271,0.18202,0.99894,0,0,50642
251.590000,404.957498,0.24412,1.83090,-0.67133,0.05710,0.18812,1.00455,0,0,50643
251.595000,404.957498,-0.73236,1.58678,-0.42721,0.06198,0.19447,1.00211,0,0,50644
251.600000,404.957498,-1.83090,2.01399,-0.91545,0.06661,0.19642,0.99772,0,0,50645
251.605000,404.972312,-3.23459,2.62429,-1.15957,0.06490,0.19910,0.99942,0,0,50646
251.610000,404.972312,-4.21107,2.68532,-0.97648,0.05905,0.20106,1.00333,0,0,50647
251.615000,404.972312,-4.08901,2.31914,-0.54927,0.05880,0.19837,1.00455,0,0,50648
251.620000,404.987509,-3.17356,1.76987,0.12206,0.06466,0.19398,1.00430,0,0,50649
251.625000,404.987509,-1.70884,1.03751,1.03751,0.06783,0.19105,1.00186,0,0,50650
251.630000,404.987509,-0.42721,0.36618,1.58678,0.06612,0.19032,1.00089,0,0,50651
251.635000,405.002016,0.79339,0.06103,1.89193,0.06417,0.18934,1.00040,0,0,50652
251.640000,405.002016,1.95296,-0.24412,2.07502,0.06320,0.18690,0.99942,0,0,50653
251.645000,405.002016,2.50223,-0.18309,2.07502,0.06100,0.18300,1.00138,0,0,50654
251.650000,405.017617,2.74635,-0.42721,1.83090,0.06076,0.18080,1.00479,0,0,50655
251.655000,405.017617,2.86841,-0.79339,1.15957,0.05978,0.17934,1.00699,0,0,50656
251.660000,405.017617,2.92944,-1.40369,0.61030,0.05832,0.17812,1.00674,0,0,50657
251.665000,405.032432,2.99047,-2.07502,0.18309,0.05710,0.17812,1.00528,0,0,50658
251.670000,405.032432,2.92944,-2.68532,-0.06103,0.05417,0.17690,1.00406,0,0,50659
251.675000,405.032432,2.80738,-2.86841,-0.30515,0.05124,0.17739,1.00064,0,0,50660
251.680000,405.047260,2.44120,-2.56326,-0.79339,0.05295,0.17714,0.99918,0,0,50661
251.685000,405.047260,1.76987,-2.13605,-1.46472,0.05758,0.17470,0.99820,0,0,50662
251.690000,405.047260,0.67133,-1.64781,-2.07502,0.06173,0.17300,0.99723,0,0,50663
251.695000,405.062094,-0.48824,-1.40369,-2.31914,0.06564,0.17275,0.99454,0,0,50664
251.700000,405.062094,-1.64781,-1.22060,-1.52575,0.07100,0.17544,0.98478,0,0,50665
251.705000,405.062094,-2.56326,-0.73236,-0.06103,0.06783,0.18349,0.97893,0,0,50666
251.710000,405.077135,-3.41768,0.30515,1.58678,0.05710,0.19252,0.98064,0,0,50667
251.715000,405.077135,-3.53974,0.73236,2.68532,0.05051,0.19325,0.98161,0,0,50668
251.720000,405.077135,-2.56326,0.85442,2.62429,0.05880,0.18715,0.98015,0,0,50669
251.725000,405.092046,-1.03751,1.15957,1.64781,0.06466,0.18227,0.97380,0,0,50670
251.730000,405.092046,-0.91545,1.34266,1.46472,0.06417,0.18300,0.97746,0,0,50671
251.735000,405.092046,-1.64781,1.52575,1.58678,0.05905,0.18422,0.98722,0,0,50672
251.740000,405.107174,-1.28163,1.58678,1.22060,0.05246,0.18593,0.98356,0,0,50673
251.745000,405.107174,-0.79339,1.46472,1.03751,0.04978,0.19056,0.97868,0,0,50674
251.750000,405.107174,-1.09854,2.25811,0.67133,0.06027,0.19130,0.98064,0,0,50675
251.755000,405.122421,-1.52575,2.80738,0.00000,0.06490,0.18812,0.98161,0,0,50676
251.760000,405.122421,-2.19708,2.99047,-0.73236,0.06027,0.18520,0.98405,0,0,50677
251.765000,405.122421,-2.25811,2.56326,-0.97648,0.05978,0.18959,0.98478,0,0,50678
251.770000,405.137183,-2.07502,2.38017,-0.54927,0.06222,0.19252,0.98893,0,0,50679
251.775000,405.137183,-2.01399,2.56326,-0.18309,0.06027,0.19227,0.99284,0,0,50680
251.780000,405.137183,-2.01399,2.38017,-0.24412,0.05588,0.19788,0.99454,0,0,50681
251.785000,405.152516,-2.31914,2.19708,-0.67133,0.04782,0.19984,0.99601,0,0,50682
251.790000,405.152516,-2.80738,2.44120,-0.97648,0.04538,0.19837,0.99650,0,0,50683
251.795000,405.152516,-3.23459,2.74635,-0.73236,0.04807,0.19862,0.99820,0,0,50684
251.800000,405.167145,-3.23459,2.44120,-0.42721,0.04904,0.19666,1.00040,0,0,50685
251.805000,405.167145,-2.92944,1.64781,-0.18309,0.05002,0.19325,1.00162,0,0,50686
251.810000,405.167145,-2.07502,0.61030,-0.12206,0.05344,0.19178,0.99894,0,0,50687
251.815000,405.182298,-1.03751,-0.12206,-0.54927,0.05148,0.19008,0.99406,0,0,50688
251.820000,405.182298,0.18309,-0.73236,-0.91545,0.04685,0.18837,0.98991,0,0,50689
251.825000,405.182298,0.97648,-0.67133,-0.61030,0.04758,0.18910,0.98844,0,0,50690
251.830000,405.197297,1.70884,-0.97648,-0.30515,0.04880,0.18715,0.98600,0,0,50691
251.835000,405.197297,2.25811,-1.28163,-0.61030,0.05319,0.18227,0.98259,0,0,50692
251.840000,405.197297,2.13605,-1.34266,-0.91545,0.05807,0.17836,0.98186,0,0,50693
251.845000,405.212506,1.22060,-0.54927,-1.40369,0.05978,0.17592,0.98430,0,0,50694
251.850000,405.212506,0.30515,-0.06103,-1.76987,0.05954,0.17324,0.98771,0,0,50695
251.855000,405.212506,-0.61030,0.18309,-2.25811,0.06100,0.17129,0.98869,0,0,50696
251.860000,405.227453,-1.46472,0.18309,-2.74635,0.06100,0.17129,0.99040,0,0,50697
251.865000,405.227453,-2.25811,0.24412,-3.05150,0.06246,0.17056,0.99088,0,0,50698
251.870000,405.227453,-2.99047,0.48824,-3.23459,0.06686,0.17592,0.98430,0,0,50699
251.875000,405.242487,-3.60077,0.85442,-2.80738,0.06417,0.18349,0.98064,0,0,50700
251.880000,405.242487,-4.08901,1.28163,-2.19708,0.05929,0.18837,0.98088,0,0,50701
251.885000,405.242487,-3.90592,1.40369,-1.89193,0.05758,0.19154,0.97795,0,0,50702
251.890000,405.257446,-3.53974,1.34266,-1.83090,0.05612,0.19471,0.97283,0,0,50703
251.895000,405.257446,-3.17356,1.22060,-1.89193,0.05246,0.19764,0.97161,0,0,50704
251.900000,405.257446,-2.62429,1.28163,-1.70884,0.05514,0.19593,0.97014,0,0,50705
251.905000,405.272465,-1.83090,1.28163,-1.58678,0.06051,0.19447,0.96868,0,0,50706
251.910000,405.272465,-1.03751,1.03751,-1.46472,0.06027,0.19544,0.96795,0,0,50707
251.915000,405.272465,-0.30515,0.85442,-1.28163,0.05734,0.19788,0.96844,0,0,50708
251.920000,405.287562,0.42721,0.97648,-1.15957,0.05758,0.19764,0.96917,0,0,50709
251.925000,405.287562,1.22060,1.58678,-1.22060,0.06149,0.19471,0.97136,0,0,50710
251.930000,405.287562,1.52575,1.64781,-1.22060,0.06320,0.19642,0.97307,0,0,50711
251.935000,405.302528,1.58678,1.83090,-0.91545,0.06076,0.19788,0.97771,0,0,50712
251.940000,405.302528,1.46472,2.07502,-0.36618,0.05856,0.19813,0.98332,0,0,50713
251.945000,405.302528,1.09854,1.70884,-0.24412,0.05685,0.19740,0.98552,0,0,50714
251.950000,405.317468,0.67133,1.46472,-0.30515,0.05758,0.19618,0.98552,0,0,50715
251.955000,405.317468,0.18309,1.34266,-0.24412,0.05856,0.19422,0.98869,0,0,50716
251.960000,405.317468,-0.18309,1.40369,-0.06103,0.05758,0.19252,0.99357,0,0,50717
251.965000,405.332208,-0.18309,1.34266,0.00000,0.05563,0.19008,0.99454,0,0,50718
251.970000,405.332208,-0.18309,0.79339,-0.12206,0.05417,0.18642,0.99528,0,0,50719
251.975000,405.332208,-0.12206,0.36618,-0.36618,0.05441,0.18154,0.99406,0,0,50720
251.980000,405.347229,0.12206,0.00000,-0.67133,0.05929,0.17666,0.98722,0,0,50721
251.985000,405.347229,0.18309,0.24412,-0.48824,0.06539,0.17592,0.98210,0,0,50722
251.990000,405.347229,-0.30515,1.40369,0.18309,0.06320,0.17812,0.98478,0,0,50723
251.995000,405.362193,-0.48824,2.44120,0.30515,0.05758,0.17836,0.98771,0,0,50724
252.000000,405.362193,-0.61030,2.92944,0.24412,0.05514,0.17885,0.99040,0,0,50725
252.005000,405.362193,-0.73236,2.99047,0.30515,0.05075,0.18007,0.99259,0,0,50726
252.010000,405.377596,-0.67133,2.80738,0.24412,0.04880,0.18398,0.99479,0,0,50727
252.015000,405.377596,-0.24412,2.44120,0.24412,0.04685,0.18568,0.99796,0,0,50728
252.020000,405.377596,0.30515,2.25811,0.24412,0.04538,0.18617,1.00357,0,0,50729
252.025000,405.392512,1.03751,1.83090,0.00000,0.04441,0.18690,1.00772,0,0,50730
252.030000,405.392512,1.58678,1.52575,-0.12206,0.04319,0.18812,1.00992,0,0,50731
252.035000,405.392512,2.01399,0.67133,-0.24412,0.04270,0.19008,1.01114,0,0,50732
252.040000,405.407152,2.44120,-0.06103,-0.18309,0.04075,0.19252,1.01040,0,0,50733
252.045000,405.407152,2.62429,-0.61030,0.12206,0.04148,0.19081,1.00577,0,0,50734
252.050000,405.407152,2.74635,-0.85442,0.00000,0.04392,0.18861,0.99967,0,0,50735
252.055000,405.422517,2.80738,-0.85442,-0.18309,0.04636,0.18886,0.99332,0,0,50736
252.060000,405.422517,2.86841,-0.54927,-0.24412,0.04782,0.18715,0.99040,0,0,50737
252.065000,405.422517,2.68532,-0.36618,-0.30515,0.05246,0.18544,0.98966,0,0,50738
252.070000,405.437234,2.25811,-0.30515,-0.48824,0.05710,0.18520,0.98966,0,0,50739
252.075000,405.437234,0.79339,0.30515,-0.79339,0.05710,0.18886,0.99210,0,0,50740
252.080000,405.437234,-0.54927,1.15957,-0.73236,0.05441,0.19325,0.99625,0,0,50741
252.085000,405.452351,-1.76987,2.01399,-0.36618,0.05222,0.19203,1.00284,0,0,50742
252.090000,405.452351,-2.68532,2.44120,-0.06103,0.05417,0.18886,1.00918,0,0,50743
252.095000,405.452351,-3.35665,2.07502,0.30515,0.05441,0.18739,1.01358,0,0,50744
252.100000,405.467308,-3.17356,1.58678,0.61030,0.04953,0.18764,1.01358,0,0,50745
252.105000,405.467308,-2.38017,0.97648,0.97648,0.04465,0.18837,1.00967,0,0,50746
252.110000,405.467308,-1.34266,0.54927,1.09854,0.04441,0.18788,1.00284,0,0,50747
252.115000,405.482128,-0.48824,0.24412,1.22060,0.04929,0.18276,0.99674,0,0,50748
252.120000,405.482128,0.12206,0.12206,0.97648,0.05685,0.17568,0.98722,0,0,50749
252.125000,405.482128,0.30515,-0.12206,0.48824,0.06076,0.17446,0.97698,0,0,50750
252.130000,405.497134,0.06103,0.24412,0.42721,0.05661,0.17666,0.97283,0,0,50751
252.135000,405.497134,0.06103,0.54927,0.48824,0.05075,0.17934,0.97210,0,0,50752
252.140000,405.497134,0.12206,1.28163,0.30515,0.04563,0.18105,0.97332,0,0,50753
252.145000,405.512544,0.42721,1.46472,-0.48824,0.04465,0.18227,0.97990,0,0,50754
252.150000,405.512544,0.85442,1.34266,-1.03751,0.04563,0.18373,0.98796,0,0,50755
252.155000,405.512544,1.34266,1.15957,-1.46472,0.04685,0.18861,0.99552,0,0,50756
252.160000,405.527515,1.95296,0.91545,-1.52575,0.04490,0.19398,1.00260,0,0,50757
252.165000,405.527515,2.56326,0.67133,-1.40369,0.04343,0.19740,1.00943,0,0,50758
252.170000,405.527515,2.56326,0.79339,-1.28163,0.04368,0.19715,1.01504,0,0,50759
252.175000,405.542307,1.83090,0.67133,-1.34266,0.04514,0.19666,1.02016,0,0,50760
252.180000,405.542307,0.54927,0.18309,-1.34266,0.04612,0.19813,1.02358,0,0,50761
252.185000,405.542307,-0.79339,-0.24412,-1.09854,0.04807,0.20154,1.02358,0,0,50762
252.190000,405.557277,-2.07502,-0.48824,-0.54927,0.05075,0.20081,1.02016,0,0,50763
252.195000,405.557277,-3.35665,0.00000,0.54927,0.05197,0.19959,1.01626,0,0,50764
252.200000,405.557277,-4.02798,0.30515,1.40369,0.04929,0.19715,1.01358,0,0,50765
252.205000,405.572220,-4.15004,0.42721,1.70884,0.04490,0.19252,1.01187,0,0,50766
252.210000,405.572220,-3.72283,0.12206,1.76987,0.04026,0.18520,1.00894,0,0,50767
252.215000,405.572220,-2.56326,-0.48824,1.70884,0.04099,0.17934,1.00333,0,0,50768
252.220000,405.587247,-1.15957,-1.15957,1.83090,0.04221,0.17470,0.99650,0,0,50769
252.225000,405.587247,0.67133,-1.76987,2.01399,0.04416,0.16934,0.99308,0,0,50770
252.230000,405.587247,2.13605,-2.19708,2.01399,0.04490,0.16470,0.98966,0,0,50771
252.235000,405.617285,3.29562,-2.68532,1.64781,0.04343,0.16226,0.98283,0,0,50772
252.240000,405.617285,4.21107,-2.86841,1.58678,0.04343,0.16177,0.97673,0,0,50773
252.245000,405.617285,4.51622,-2.68532,1.28163,0.04514,0.16275,0.97161,0,0,50774
252.250000,405.618293,4.45519,-2.25811,0.97648,0.04734,0.16446,0.96795,0,0,50775
252.255000,405.618293,3.84489,-1.70884,0.36618,0.04856,0.16397,0.96624,0,0,50776
252.260000,405.618293,2.74635,-0.85442,-0.36618,0.05197,0.16226,0.96770,0,0,50777
252.265000,405.632186,0.97648,-0.12206,-1.15957,0.05222,0.16128,0.97210,0,0,50778
252.270000,405.632186,-1.46472,0.91545,-2.25811,0.04929,0.16421,0.98039,0,0,50779
252.275000,405.632186,-3.05150,1.34266,-3.11253,0.04709,0.16812,0.98844,0,0,50780
252.280000,405.647435,-4.27210,1.58678,-3.96695,0.04685,0.17544,0.99674,0,0,50781
252.285000,405.647435,-5.30961,1.76987,-4.63828,0.04685,0.18446,1.00382,0,0,50782
252.290000,405.647435,-6.04197,1.58678,-5.00446,0.04758,0.19154,1.00699,0,0,50783
252.295000,405.662215,-6.46918,1.09854,-4.88240,0.05148,0.20032,1.00577,0,0,50784
252.300000,405.662215,-6.22506,0.30515,-3.72283,0.05368,0.21155,1.00235,0,0,50785
252.305000,405.662215,-5.30961,-0.30515,-1.89193,0.05270,0.21960,0.99503,0,0,50786
252.310000,405.677306,-3.96695,-0.97648,0.36618,0.05026,0.22375,0.98332,0,0,50787
252.315000,405.677306,-2.50223,-1.03751,2.38017,0.04587,0.22106,0.97527,0,0,50788
252.320000,405.677306,-0.79339,-0.85442,3.90592,0.04246,0.21252,0.97234,0,0,50789
252.325000,405.692399,0.97648,-0.61030,4.76034,0.04660,0.20350,0.97185,0,0,50790
252.330000,405.692399,2.25811,0.00000,5.79785,0.05246,0.19252,0.97454,0,0,50791
252.335000,405.692399,2.99047,0.48824,7.01845,0.05148,0.18324,0.97844,0,0,50792
252.340000,405.707073,3.05150,0.67133,7.32360,0.04099,0.17324,0.98796,0,0,50793
252.345000,405.707073,3.72283,1.03751,5.24858,0.05124,0.16690,0.98893,0,0,50794
252.350000,405.707073,4.88240,0.06103,4.51622,0.06637,0.15714,0.98576,0,0,50795
252.355000,405.722515,3.35665,-0.54927,4.21107,0.06442,0.15372,0.99137,0,0,50796
252.360000,405.722515,1.40369,-0.42721,4.08901,0.06002,0.16006,0.99357,0,0,50797
252.365000,405.722515,-0.06103,-0.30515,3.53974,0.05734,0.16348,0.98918,0,0,50798
252.370000,405.737211,-2.44120,0.36618,1.83090,0.05490,0.16665,0.98625,0,0,50799
252.375000,405.737211,-4.15004,1.15957,0.24412,0.05124,0.16909,0.98991,0,0,50800
252.380000,405.737211,-5.12652,1.46472,-0.91545,0.05075,0.17129,0.99088,0,0,50801
252.385000,405.752369,-5.37064,1.22060,-1.58678,0.04929,0.17470,0.98966,0,0,50802
252.390000,405.752369,-4.88240,0.85442,-1.89193,0.04416,0.17910,0.98893,0,0,50803
252.395000,405.752369,-3.35665,0.54927,-2.25811,0.04124,0.18300,0.99064,0,0,50804
252.400000,405.767139,-1.95296,0.42721,-2.74635,0.04148,0.18544,0.99040,0,0,50805
252.405000,405.767139,-0.79339,0.18309,-3.11253,0.04392,0.18812,0.98625,0,0,50806
252.410000,405.767139,-0.30515,-0.06103,-3.41768,0.04343,0.19300,0.98649,0,0,50807
252.415000,405.782159,-0.54927,0.12206,-3.60077,0.04514,0.19886,0.98796,0,0,50808
252.420000,405.782159,-1.76987,0.67133,-3.41768,0.04904,0.20325,0.98771,0,0,50809
252.425000,405.782159,-3.29562,1.22060,-2.80738,0.05246,0.20569,0.98649,0,0,50810
252.430000,405.797171,-4.88240,1.52575,-2.19708,0.05856,0.20691,0.98234,0,0,50811
252.435000,405.797171,-6.59124,2.01399,-1.03751,0.05880,0.20569,0.98064,0,0,50812
252.440000,405.797171,-7.44566,2.80738,0.42721,0.05441,0.20106,0.98796,0,0,50813
252.445000,405.827489,-7.07948,3.29562,1.40369,0.05295,0.19178,0.99332,0,0,50814
252.450000,405.827489,-6.34712,3.11253,1.28163,0.05368,0.18495,0.99162,0,0,50815
252.455000,405.827489,-5.24858,2.25811,0.73236,0.05466,0.18178,0.98918,0,0,50816
252.460000,405.828313,-3.78386,1.28163,0.42721,0.05222,0.18178,0.98747,0,0,50817
252.465000,405.828313,-1.89193,0.42721,0.36618,0.04978,0.18446,0.98918,0,0,50818
252.470000,405.828313,-0.54927,0.12206,0.36618,0.05051,0.18544,0.98942,0,0,50819
252.475000,405.842168,0.12206,0.00000,0.18309,0.05148,0.18373,0.98674,0,0,50820
252.480000,405.842168,-0.18309,0.00000,-0.18309,0.05148,0.18593,0.98454,0,0,50821
252.485000,405.842168,-1.34266,0.00000,-0.61030,0.05100,0.18910,0.98356,0,0,50822
252.490000,405.857103,-3.05150,0.18309,-1.03751,0.04978,0.19227,0.98454,0,0,50823
252.495000,405.857103,-5.67579,0.91545,-1.76987,0.04904,0.19227,0.98381,0,0,50824
252.500000,405.857103,-8.23905,1.76987,-2.25811,0.05051,0.18837,0.98454,0,0,50825
252.505000,405.872474,-10.68025,2.74635,-2.86841,0.05270,0.18373,0.98844,0,0,50826
252.510000,405.872474,-12.69424,3.17356,-3.60077,0.05368,0.18032,0.99332,0,0,50827
252.515000,405.872474,-14.28102,3.11253,-4.08901,0.05392,0.17812,0.99381,0,0,50828
252.520000,405.887426,-15.50162,2.74635,-4.51622,0.05466,0.17836,0.98966,0,0,50829
252.525000,405.887426,-16.05089,2.56326,-4.57725,0.05417,0.17983,0.98722,0,0,50830
252.530000,405.887426,-15.80677,2.68532,-4.39416,0.05661,0.18154,0.98674,0,0,50831
252.535000,405.902213,-14.95235,2.80738,-4.27210,0.05856,0.18300,0.98112,0,0,50832
252.540000,405.902213,-13.36557,2.86841,-4.15004,0.06124,0.18812,0.97063,0,0,50833
252.545000,405.902213,-11.47364,2.74635,-3.23459,0.06246,0.19691,0.96258,0,0,50834
252.550000,405.917499,-9.21553,2.56326,-1.76987,0.05978,0.20520,0.96038,0,0,50835
252.555000,405.917499,-6.28609,2.25811,0.00000,0.05466,0.21374,0.95770,0,0,50836
252.560000,405.917499,-2.86841,2.13605,1.40369,0.05392,0.21740,0.95453,0,0,50837
252.565000,405.932498,0.67133,2.07502,2.44120,0.05734,0.21838,0.95306,0,0,50838
252.570000,405.932498,3.78386,2.01399,3.72283,0.05880,0.21740,0.96063,0,0,50839
252.575000,405.932498,5.12652,2.01399,4.82137,0.05783,0.21716,0.96770,0,0,50840
252.580000,405.947163,5.06549,1.95296,5.91991,0.05441,0.21911,0.97112,0,0,50841
252.585000,405.947163,4.15004,1.76987,6.65227,0.05368,0.21936,0.97405,0,0,50842
252.590000,405.947163,2.80738,1.64781,6.71330,0.05807,0.21814,0.97844,0,0,50843
252.595000,405.962175,0.24412,2.07502,6.34712,0.05954,0.21887,0.98356,0,0,50844
252.600000,405.962175,-4.69931,2.86841,5.49270,0.05612,0.22350,0.98600,0,0,50845
252.605000,405.962175,-8.84935,3.41768,4.45519,0.05612,0.23278,0.97893,0,0,50846
252.610000,405.977179,-12.75527,3.78386,3.47871,0.06320,0.24156,0.96722,0,0,50847
252.615000,405.977179,-16.23398,4.21107,3.17356,0.07100,0.24961,0.95526,0,0,50848
252.620000,405.977179,-19.28548,4.94343,3.66180,0.07515,0.25571,0.93989,0,0,50849
252.625000,405.992110,-20.07887,5.30961,4.39416,0.07906,0.26059,0.92330,0,0,50850
252.630000,405.992110,-20.26196,5.85888,4.88240,0.08296,0.26742,0.90378,0,0,50851
252.635000,405.992110,-19.89578,6.59124,5.49270,0.08613,0.27670,0.89084,0,0,50852
252.640000,406.007489,-18.79724,7.20154,6.04197,0.09199,0.28768,0.88352,0,0,50853
252.645000,406.007489,-17.63767,7.93390,6.65227,0.09833,0.30110,0.87718,0,0,50854
252.650000,406.007489,-16.53913,8.48317,7.32360,0.10443,0.31671,0.87254,0,0,50855
252.655000,406.022214,-15.68471,9.09347,8.48317,0.11273,0.33135,0.86815,0,0,50856
252.660000,406.022214,-15.07441,9.70377,9.88686,0.11834,0.34428,0.86278,0,0,50857
252.665000,406.022214,-14.15896,10.37510,11.35158,0.12346,0.35990,0.85717,0,0,50858
252.670000,406.037394,-13.48763,10.86334,12.26703,0.12639,0.37820,0.84790,0,0,50859
252.675000,406.037394,-13.18248,11.53467,13.36557,0.12956,0.39284,0.83643,0,0,50860
252.680000,406.037394,-13.42660,12.51115,14.70823,0.13493,0.40772,0.82618,0,0,50861
252.685000,406.052156,-14.28102,13.73175,16.17295,0.13932,0.41968,0.82008,0,0,50862
252.690000,406.052156,-15.50162,15.13544,17.63767,0.14128,0.43017,0.81350,0,0,50863
252.695000,406.052156,-16.96634,17.02737,19.65166,0.14274,0.44042,0.80447,0,0,50864
252.700000,406.067457,-18.06488,18.79724,21.66565,0.14420,0.44408,0.80081,0,0,50865
252.705000,406.067457,-18.85827,20.56711,23.92376,0.14250,0.44359,0.80349,0,0,50866
252.710000,406.067457,-18.85827,22.15389,26.67011,0.13249,0.44140,0.81179,0,0,50867
252.715000,406.082129,-17.39355,23.19140,29.59955,0.11956,0.43578,0.82130,0,0,50868
252.720000,406.082129,-14.03690,23.80170,33.07826,0.11078,0.42505,0.83082,0,0,50869
252.725000,406.082129,-11.47364,24.16788,35.76358,0.10297,0.41480,0.83838,0,0,50870
252.730000,406.097070,-9.76480,24.65612,38.14375,0.09077,0.40504,0.85058,0,0,50871
252.735000,406.097070,-8.48317,25.14436,40.40186,0.07662,0.39186,0.86230,0,0,50872
252.740000,406.097070,-7.26257,25.44951,42.59894,0.06734,0.37625,0.86986,0,0,50873
252.745000,406.112148,-5.67579,25.38848,45.46735,0.06295,0.35502,0.87084,0,0,50874
252.750000,406.112148,-4.51622,25.63260,47.90855,0.05636,0.33794,0.87303,0,0,50875
252.755000,406.112148,-3.90592,26.12084,50.53284,0.03660,0.31793,0.88206,0,0,50876
252.760000,406.127133,-2.92944,26.24290,52.18065,0.01781,0.29524,0.88743,0,0,50877
252.765000,406.127133,-1.64781,25.87672,52.24168,0.00586,0.27206,0.88694,0,0,50878
252.770000,406.127133,-1.03751,25.81569,51.14314,-0.00171,0.24790,0.88694,0,0,50879
252.775000,406.142511,-1.52575,26.05981,50.22769,-0.01000,0.22838,0.88889,0,0,50880
252.780000,406.142511,-2.44120,26.24290,49.43430,-0.02123,0.21008,0.89182,0,0,50881
252.785000,406.142511,-3.47871,26.12084,48.82400,-0.02928,0.19203,0.89280,0,0,50882
252.790000,406.157448,-4.27210,25.87672,48.15267,-0.03831,0.17348,0.89328,0,0,50883
252.795000,406.157448,-4.63828,25.57157,46.81001,-0.04612,0.15616,0.89377,0,0,50884
252.800000,406.157448,-4.08901,25.14436,45.46735,-0.04904,0.14225,0.89353,0,0,50885
252.805000,406.172477,-2.99047,24.96127,44.30778,-0.05051,0.13347,0.89158,0,0,50886
252.810000,406.172477,-1.70884,24.90024,43.51439,-0.05344,0.12883,0.88987,0,0,50887
252.815000,406.172477,-0.48824,25.32745,42.96512,-0.06002,0.12590,0.88962,0,0,50888
252.820000,406.187244,0.61030,25.87672,42.53791,-0.06930,0.12517,0.89426,0,0,50889
252.825000,406.187244,1.76987,26.36496,41.74452,-0.07710,0.12566,0.90280,0,0,50890
252.830000,406.187244,2.62429,26.36496,41.19525,-0.08076,0.12566,0.90939,0,0,50891
252.835000,406.202534,3.72283,26.48702,41.31731,-0.08564,0.12444,0.91646,0,0,50892
252.840000,406.202534,4.27210,27.34144,42.29379,-0.09711,0.12176,0.93086,0,0,50893
252.845000,406.202534,5.06549,27.95174,42.90409,-0.11053,0.11517,0.94989,0,0,50894
252.850000,406.217514,6.71330,28.07380,43.39233,-0.12273,0.10224,0.96551,0,0,50895
252.855000,406.217514,8.97141,27.95174,43.75851,-0.13737,0.08125,0.98527,0,0,50896
252.860000,406.217514,11.29055,27.52453,44.18572,-0.15323,0.06466,1.01016,0,0,50897
252.865000,406.232242,13.60969,27.34144,43.69748,-0.16763,0.03831,1.04237,0,0,50898
252.870000,406.232242,18.85827,25.93775,42.65997,-0.15274,0.01000,1.05774,0,0,50899
252.875000,406.232242,21.97080,23.92376,43.39233,-0.15226,-0.01952,1.08019,0,0,50900
252.880000,406.247172,23.25243,22.76419,44.49087,-0.16616,-0.04294,1.10630,0,0,50901
252.885000,406.247172,24.47303,21.78771,44.97911,-0.17714,-0.06686,1.12630,0,0,50902
252.890000,406.247172,24.90024,20.62814,44.06366,-0.18471,-0.09223,1.14387,0,0,50903
252.895000,406.262237,23.67964,19.59063,41.01216,-0.19569,-0.11907,1.16681,0,0,50904
252.900000,406.262237,22.45904,18.43106,37.83860,-0.20203,-0.14396,1.18804,0,0,50905
252.905000,406.262237,21.17741,16.90531,34.05474,-0.20252,-0.15836,1.19975,0,0,50906
252.910000,406.277504,18.79724,15.19647,30.02676,-0.20008,-0.16177,1.20414,0,0,50907
252.915000,406.277504,15.50162,13.97587,25.99878,-0.20130,-0.15836,1.20634,0,0,50908
252.920000,406.277504,11.47364,13.18248,21.36050,-0.20667,-0.14664,1.20536,0,0,50909
252.925000,406.292488,8.48317,12.87733,18.30900,-0.20740,-0.13762,1.20146,0,0,50910
252.930000,406.292488,6.04197,12.57218,15.80677,-0.20130,-0.13249,1.19828,0,0,50911
252.935000,406.292488,3.60077,12.32806,13.73175,-0.19300,-0.12981,1.19950,0,0,50912
252.940000,406.307166,2.19708,11.96188,11.53467,-0.18764,-0.12200,1.20072,0,0,50913
252.945000,406.307166,2.01399,11.59570,10.31407,-0.18593,-0.10980,1.20194,0,0,50914
252.950000,406.307166,2.07502,11.16849,9.45965,-0.18154,-0.10272,1.20585,0,0,50915
252.955000,406.322054,2.13605,10.68025,8.17802,-0.17422,-0.09638,1.20926,0,0,50916
252.960000,406.322054,1.70884,9.82583,6.77433,-0.16982,-0.08930,1.21317,0,0,50917
252.965000,406.322054,0.85442,8.36111,4.82137,-0.16714,-0.07954,1.21536,0,0,50918
252.970000,406.336928,0.36618,7.01845,3.23459,-0.16226,-0.06832,1.21439,0,0,50919
252.975000,406.336928,-0.06103,5.79785,1.52575,-0.15714,-0.05466,1.21000,0,0,50920
252.980000,406.336928,-0.54927,4.82137,0.06103,-0.15274,-0.03855,1.20268,0,0,50921
252.985000,406.352042,-1.22060,4.02798,-1.28163,-0.14860,-0.02464,1.19194,0,0,50922
252.990000,406.352042,-2.07502,3.47871,-2.50223,-0.14372,-0.01293,1.17974,0,0,50923
252.995000,406.352042,-3.66180,2.92944,-3.84489,-0.13835,-0.00390,1.16656,0,0,50924
253.000000,406.367052,-4.88240,2.74635,-4.27210,-0.13664,0.00732,1.15510,0,0,50925
253.005000,406.367052,-5.79785,2.44120,-4.02798,-0.13444,0.01854,1.14607,0,0,50926
253.010000,406.367052,-6.34712,2.19708,-3.78386,-0.12956,0.02440,1.13704,0,0,50927
253.015000,406.382041,-6.40815,1.76987,-3.96695,-0.12371,0.02635,1.12752,0,0,50928
253.020000,406.382041,-6.59124,1.28163,-4.08901,-0.11980,0.02757,1.11825,0,0,50929
253.025000,406.382041,-6.65227,1.40369,-4.33313,-0.11614,0.02855,1.11142,0,0,50930
253.030000,406.396992,-6.89639,1.15957,-4.39416,-0.11102,0.02855,1.10605,0,0,50931
253.035000,406.396992,-7.32360,0.73236,-4.39416,-0.10614,0.02806,1.10117,0,0,50932
253.040000,406.396992,-7.75081,0.18309,-4.63828,-0.09980,0.02757,1.09434,0,0,50933
253.045000,406.411946,-8.30008,-0.24412,-5.12652,-0.09321,0.02904,1.08312,0,0,50934
253.050000,406.411946,-9.09347,-0.18309,-5.30961,-0.08711,0.03367,1.07360,0,0,50935
253.055000,406.411946,-9.70377,0.06103,-5.55373,-0.07954,0.04002,1.06677,0,0,50936
253.060000,406.426906,-9.88686,-0.06103,-5.73682,-0.07344,0.04514,1.05823,0,0,50937
253.065000,406.426906,-9.70377,-0.18309,-6.34712,-0.07271,0.05368,1.04700,0,0,50938
253.070000,406.426906,-9.76480,0.18309,-6.71330,-0.07344,0.06515,1.03944,0,0,50939
253.075000,406.441918,-9.76480,0.67133,-7.26257,-0.07344,0.07515,1.03627,0,0,50940
253.080000,406.441918,-9.64274,0.91545,-8.05596,-0.07027,0.08491,1.03456,0,0,50941
253.085000,406.441918,-9.52068,0.54927,-8.78832,-0.06661,0.09394,1.03188,0,0,50942
253.090000,406.456891,-9.33759,-0.30515,-9.27656,-0.06320,0.10760,1.02602,0,0,50943
253.095000,406.456891,-8.60523,-1.40369,-9.58171,-0.06076,0.12176,1.01894,0,0,50944
253.100000,406.456891,-7.62875,-1.95296,-9.52068,-0.05783,0.13225,1.01187,0,0,50945
253.105000,406.471906,-6.71330,-2.19708,-9.21553,-0.05466,0.14372,1.00504,0,0,50946
253.110000,406.471906,-5.79785,-2.44120,-8.72729,-0.05490,0.15299,0.99967,0,0,50947
253.115000,406.471906,-4.63828,-2.62429,-8.17802,-0.05685,0.15860,0.99454,0,0,50948
253.120000,406.486881,-2.86841,-3.17356,-7.62875,-0.05832,0.16202,0.98918,0,0,50949
253.125000,406.486881,-1.34266,-3.35665,-6.95742,-0.05807,0.16470,0.98527,0,0,50950
253.130000,406.486881,0.30515,-3.78386,-6.46918,-0.05807,0.16738,0.98015,0,0,50951
253.135000,406.501908,1.28163,-4.02798,-6.16403,-0.05783,0.17056,0.97576,0,0,50952
253.140000,406.501908,1.83090,-4.39416,-5.85888,-0.06027,0.17422,0.97088,0,0,50953
253.145000,406.501908,1.58678,-4.21107,-5.43167,-0.06344,0.17690,0.96624,0,0,50954
253.150000,406.516925,0.61030,-3.84489,-4.82137,-0.06246,0.17812,0.96234,0,0,50955
253.155000,406.516925,-0.91545,-3.11253,-4.27210,-0.05905,0.17544,0.96209,0,0,50956
253.160000,406.516925,-2.38017,-2.13605,-3.60077,-0.05612,0.17129,0.95843,0,0,50957
253.165000,406.531887,-4.15004,-0.85442,-2.56326,-0.05246,0.16446,0.95355,0,0,50958
253.170000,406.531887,-5.67579,0.61030,-0.85442,-0.04856,0.15494,0.95282,0,0,50959
253.175000,406.531887,-6.28609,1.52575,0.42721,-0.04685,0.14640,0.95526,0,0,50960
253.180000,406.546887,-6.59124,2.07502,1.28163,-0.05246,0.14079,0.95843,0,0,50961
253.185000,406.546887,-5.85888,1.95296,1.52575,-0.05807,0.13737,0.95868,0,0,50962
253.190000,406.546887,-3.60077,1.15957,1.22060,-0.05514,0.13420,0.95477,0,0,50963
253.195000,406.561882,-2.13605,0.79339,1.03751,-0.05319,0.13249,0.94940,0,0,50964
253.200000,406.561882,-1.15957,0.48824,1.03751,-0.05905,0.13786,0.94965,0,0,50965
253.205000,406.561882,0.24412,0.12206,0.91545,-0.06686,0.14616,0.95160,0,0,50966
253.210000,406.576912,2.19708,-0.12206,0.67133,-0.06881,0.15396,0.95111,0,0,50967
253.215000,406.576912,3.53974,-0.30515,0.36618,-0.07027,0.15836,0.95380,0,0,50968
253.220000,406.576912,4.51622,-0.36618,0.30515,-0.07174,0.16202,0.95843,0,0,50969
253.225000,406.591909,4.57725,-0.18309,0.48824,-0.07540,0.16543,0.96356,0,0,50970
253.230000,406.591909,3.90592,0.36618,0.91545,-0.07735,0.16787,0.97014,0,0,50971
253.235000,406.591909,2.80738,1.03751,1.15957,-0.07613,0.16714,0.97673,0,0,50972
253.240000,406.606892,1.03751,1.83090,1.34266,-0.07393,0.16153,0.98332,0,0,50973
253.245000,406.606892,-0.48824,2.44120,1.28163,-0.07393,0.15445,0.98796,0,0,50974
253.250000,406.606892,-1.64781,2.50223,1.34266,-0.07686,0.15006,0.99040,0,0,50975
253.255000,406.621912,-2.19708,2.25811,1.34266,-0.07906,0.14469,0.99113,0,0,50976
253.260000,406.621912,-2.19708,2.13605,1.15957,-0.07954,0.13932,0.99137,0,0,50977
253.265000,406.621912,-1.70884,2.31914,0.48824,-0.08223,0.13640,0.99284,0,0,50978
253.270000,406.636906,-1.22060,2.13605,0.06103,-0.08198,0.13420,0.99308,0,0,50979
253.275000,406.636906,-0.79339,1.83090,-0.12206,-0.07588,0.13469,0.98771,0,0,50980
253.280000,406.636906,-0.73236,1.95296,0.18309,-0.07271,0.13932,0.98503,0,0,50981
253.285000,406.651904,-0.97648,2.31914,0.79339,-0.07393,0.14152,0.98869,0,0,50982
253.290000,406.651904,-1.22060,2.68532,1.28163,-0.07759,0.14469,0.99259,0,0,50983
253.295000,406.651904,-1.76987,2.74635,1.40369,-0.08320,0.14713,0.99308,0,0,50984
253.300000,406.666910,-2.13605,2.74635,1.46472,-0.09150,0.14884,0.99406,0,0,50985
253.305000,406.666910,-2.13605,2.74635,1.52575,-0.09516,0.14542,0.99698,0,0,50986
253.310000,406.666910,-1.83090,2.74635,1.58678,-0.08808,0.13786,0.99918,0,0,50987
253.315000,406.681882,-1.22060,2.44120,1.46472,-0.08028,0.12932,0.99918,0,0,50988
253.320000,406.681882,-0.24412,1.34266,1.22060,-0.07759,0.12542,0.99991,0,0,50989
253.325000,406.681882,0.85442,0.30515,1.22060,-0.07710,0.12346,0.99991,0,0,50990
253.330000,406.696892,2.19708,-0.42721,1.15957,-0.07735,0.12078,0.99747,0,0,50991
253.335000,406.696892,2.99047,-0.97648,0.91545,-0.07808,0.11883,0.99650,0,0,50992
253.340000,406.696892,3.84489,-1.52575,0.30515,-0.06978,0.11590,0.99381,0,0,50993
253.345000,406.712218,3.96695,-2.13605,-0.67133,-0.06173,0.11370,0.99015,0,0,50994
253.350000,406.712218,3.05150,-1.83090,-1.70884,-0.06734,0.11688,0.99113,0,0,50995
253.355000,406.712218,2.19708,-1.58678,-2.62429,-0.07808,0.12200,0.99235,0,0,50996
253.360000,406.727008,1.70884,-1.15957,-3.35665,-0.07564,0.12200,0.99528,0,0,50997
253.365000,406.727008,1.34266,-0.91545,-4.33313,-0.06393,0.12224,0.99747,0,0,50998
253.370000,406.727008,0.73236,-0.97648,-5.12652,-0.06198,0.12786,1.00260,0,0,50999
253.375000,406.742256,0.30515,-1.40369,-5.55373,-0.07174,0.13835,1.00699,0,0,51000
253.380000,406.742256,0.48824,-1.89193,-5.49270,-0.07735,0.15030,1.00674,0,0,51001
253.385000,406.742256,1.40369,-2.07502,-4.94343,-0.06978,0.15640,1.00162,0,0,51002
253.390000,406.757131,2.19708,-2.07502,-4.02798,-0.06173,0.15958,0.99479,0,0,51003
253.395000,406.757131,2.50223,-1.46472,-2.56326,-0.06051,0.16690,0.98771,0,0,51004
253.400000,406.757131,2.07502,-0.42721,-1.09854,-0.06539,0.17373,0.98649,0,0,51005
253.405000,406.772345,1.64781,0.67133,0.67133,-0.07027,0.17324,0.98625,0,0,51006
253.410000,406.772345,1.70884,1.52575,2.62429,-0.06905,0.16934,0.99186,0,0,51007
253.415000,406.772345,2.38017,2.07502,4.57725,-0.06051,0.15982,0.99918,0,0,51008
253.420000,406.787479,2.80738,2.01399,5.43167,-0.05588,0.14957,1.00382,0,0,51009
253.425000,406.787479,2.74635,1.95296,5.43167,-0.06295,0.14201,1.00870,0,0,51010
253.430000,406.787479,2.50223,1.83090,4.76034,-0.07052,0.13786,1.01065,0,0,51011
253.435000,406.802108,1.83090,2.01399,3.53974,-0.07174,0.13274,1.00918,0,0,51012
253.440000,406.802108,0.97648,1.76987,2.50223,-0.06320,0.12566,1.00943,0,0,51013
253.445000,406.802108,-0.42721,1.40369,1.46472,-0.05636,0.12346,1.01040,0,0,51014
253.450000,406.817462,-1.83090,1.15957,0.73236,-0.05710,0.12712,1.01114,0,0,51015
253.455000,406.817462,-2.44120,0.91545,0.30515,-0.06344,0.13444,1.01016,0,0,51016
253.460000,406.817462,-2.13605,1.03751,-0.06103,-0.06759,0.13957,1.00821,0,0,51017
253.465000,406.832260,-1.52575,1.40369,-0.30515,-0.06783,0.14250,1.01187,0,0,51018
253.470000,406.832260,-0.79339,1.58678,-0.24412,-0.06881,0.14518,1.01675,0,0,51019
253.475000,406.832260,-0.06103,1.40369,0.06103,-0.06856,0.14469,1.01968,0,0,51020
253.480000,406.847150,0.61030,0.97648,0.79339,-0.06905,0.14323,1.01821,0,0,51021
253.485000,406.847150,1.03751,0.79339,1.76987,-0.07003,0.14006,1.01992,0,0,51022
253.490000,406.847150,1.28163,0.73236,2.56326,-0.07418,0.13298,1.02700,0,0,51023
253.495000,406.862173,1.34266,0.36618,2.50223,-0.07808,0.12639,1.02968,0,0,51024
253.500000,406.862173,1.09854,-0.12206,2.19708,-0.07588,0.12029,1.02773,0,0,51025
253.505000,406.862173,0.73236,-0.48824,1.83090,-0.07100,0.11444,1.02358,0,0,51026
253.510000,406.877339,0.36618,-0.67133,1.40369,-0.07174,0.11346,1.02187,0,0,51027
253.515000,406.877339,0.30515,-1.15957,0.91545,-0.07369,0.11517,1.01797,0,0,51028
253.520000,406.877339,0.79339,-1.76987,0.06103,-0.07149,0.11541,1.01065,0,0,51029
253.525000,406.892385,1.03751,-2.19708,-0.79339,-0.06978,0.11712,1.00138,0,0,51030
253.530000,406.892385,0.79339,-2.38017,-1.52575,-0.07003,0.12200,0.99308,0,0,51031
253.535000,406.892385,0.73236,-2.31914,-1.95296,-0.06978,0.12761,0.98576,0,0,51032
253.540000,406.907164,0.67133,-2.01399,-2.44120,-0.06783,0.13249,0.98186,0,0,51033
253.545000,406.907164,0.61030,-1.83090,-2.68532,-0.06832,0.14006,0.97942,0,0,51034
253.550000,406.907164,0.67133,-1.89193,-2.74635,-0.07149,0.14835,0.97795,0,0,51035
253.555000,406.922249,1.09854,-1.70884,-2.62429,-0.06759,0.15421,0.97795,0,0,51036
253.560000,406.922249,1.58678,-1.40369,-2.50223,-0.05758,0.15592,0.97722,0,0,51037
253.565000,406.922249,1.52575,-1.22060,-1.95296,-0.05490,0.15958,0.97868,0,0,51038
253.570000,406.937514,1.40369,-1.46472,-1.46472,-0.06222,0.16397,0.97942,0,0,51039
253.575000,406.937514,1.52575,-1.83090,-0.97648,-0.06564,0.16568,0.97429,0,0,51040
253.580000,406.937514,1.70884,-1.83090,-0.30515,-0.06198,0.16592,0.96648,0,0,51041
253.585000,406.952296,1.52575,-1.46472,0.36618,-0.05880,0.16348,0.96404,0,0,51042
253.590000,406.952296,1.09854,-0.91545,1.09854,-0.05758,0.16128,0.96136,0,0,51043
253.595000,406.952296,0.85442,-0.91545,1.58678,-0.05832,0.16080,0.95697,0,0,51044
253.600000,406.967227,0.85442,-0.85442,2.19708,-0.06100,0.16299,0.95258,0,0,51045
253.605000,406.967227,1.09854,-0.54927,2.62429,-0.06783,0.16250,0.94989,0,0,51046
253.610000,406.967227,1.46472,-0.06103,2.99047,-0.07076,0.15884,0.95136,0,0,51047
253.615000,406.982495,2.01399,0.54927,3.17356,-0.07149,0.15226,0.95550,0,0,51048
253.620000,406.982495,2.56326,0.91545,3.41768,-0.07125,0.14420,0.96112,0,0,51049
253.625000,406.982495,2.56326,0.91545,3.47871,-0.07100,0.13713,0.96624,0,0,51050
253.630000,406.997490,2.13605,0.97648,3.41768,-0.07027,0.12908,0.97063,0,0,51051
253.635000,406.997490,1.34266,1.28163,3.05150,-0.06881,0.12176,0.97722,0,0,51052
253.640000,406.997490,-0.24412,1.76987,2.38017,-0.06905,0.11688,0.98186,0,0,51053
253.645000,407.012515,-1.34266,1.95296,1.76987,-0.06954,0.11444,0.98454,0,0,51054
253.650000,407.012515,-2.19708,2.19708,1.15957,-0.07125,0.11273,0.98893,0,0,51055
253.655000,407.012515,-2.13605,2.25811,0.73236,-0.07369,0.11370,0.99332,0,0,51056
253.660000,407.027165,-1.52575,2.07502,0.36618,-0.07613,0.11663,0.99625,0,0,51057
253.665000,407.027165,-0.24412,1.70884,-0.12206,-0.07710,0.12054,0.99845,0,0,51058
253.670000,407.027165,0.85442,1.22060,-0.12206,-0.07564,0.12176,1.00113,0,0,51059
253.675000,407.042091,1.89193,0.42721,0.06103,-0.07344,0.12346,1.00162,0,0,51060
253.680000,407.042091,2.68532,-0.12206,0.42721,-0.07442,0.12761,0.99918,0,0,51061
253.685000,407.042091,2.86841,-0.18309,0.91545,-0.08028,0.13078,0.99820,0,0,51062
253.690000,407.057080,2.38017,0.18309,1.28163,-0.08198,0.12834,0.99967,0,0,51063
253.695000,407.057080,1.34266,0.73236,1.22060,-0.07540,0.12127,0.99894,0,0,51064
253.700000,407.057080,0.18309,0.85442,0.54927,-0.07052,0.11639,0.99796,0,0,51065
253.705000,407.072248,-0.97648,0.61030,-0.48824,-0.07344,0.11712,0.99845,0,0,51066
253.710000,407.072248,-1.58678,0.61030,-1.28163,-0.07759,0.11932,1.00064,0,0,51067
253.715000,407.072248,-1.09854,0.61030,-2.19708,-0.07393,0.12176,1.00260,0,0,51068
253.720000,407.087254,-0.12206,0.61030,-2.50223,-0.06759,0.12639,1.00430,0,0,51069
253.725000,407.087254,0.73236,0.67133,-2.25811,-0.06686,0.13469,1.01040,0,0,51070
253.730000,407.087254,1.22060,0.67133,-1.70884,-0.07125,0.14250,1.01919,0,0,51071
253.735000,407.102182,1.83090,0.24412,-1.03751,-0.07515,0.14640,1.02285,0,0,51072
253.740000,407.102182,2.44120,-0.30515,-0.24412,-0.07686,0.14762,1.02285,0,0,51073
253.745000,407.102182,2.62429,-0.97648,0.48824,-0.07979,0.14494,1.02382,0,0,51074
253.750000,407.117634,2.80738,-1.58678,0.97648,-0.08247,0.13981,1.02382,0,0,51075
253.755000,407.117634,3.29562,-2.31914,1.34266,-0.08272,0.13078,1.02236,0,0,51076
253.760000,407.117634,3.90592,-2.68532,1.40369,-0.08394,0.12322,1.02065,0,0,51077
253.765000,407.132115,5.30961,-3.35665,1.15957,-0.08491,0.11614,1.01943,0,0,51078
253.770000,407.132115,6.65227,-4.15004,0.73236,-0.08686,0.11053,1.01724,0,0,51079
253.775000,407.132115,7.81184,-4.94343,0.24412,-0.08662,0.10516,1.01040,0,0,51080
253.780000,407.147098,8.36111,-5.24858,0.00000,-0.08320,0.10077,1.00552,0,0,51081
253.785000,407.147098,8.05596,-4.94343,-0.30515,-0.07710,0.09443,1.00430,0,0,51082
253.790000,407.147098,6.77433,-4.21107,-1.46472,-0.07271,0.09101,1.00406,0,0,51083
253.795000,407.162072,5.06549,-3.84489,-2.99047,-0.07222,0.09199,1.00308,0,0,51084
253.800000,407.162072,3.05150,-3.53974,-4.63828,-0.07247,0.09589,0.99869,0,0,51085
253.805000,407.162072,0.97648,-3.17356,-6.04197,-0.06881,0.10102,0.99454,0,0,51086
253.810000,407.177218,-0.67133,-2.50223,-7.07948,-0.06490,0.10809,0.99406,0,0,51087
253.815000,407.177218,-1.89193,-1.83090,-8.17802,-0.06564,0.11858,0.99430,0,0,51088
253.820000,407.177218,-1.83090,-1.83090,-9.27656,-0.06612,0.13176,0.99210,0,0,51089
253.825000,407.192531,-1.09854,-2.19708,-9.94789,-0.06539,0.14713,0.99015,0,0,51090
253.830000,407.192531,0.12206,-2.50223,-10.06995,-0.06417,0.16543,0.98918,0,0,51091
253.835000,407.192531,1.46472,-2.74635,-9.76480,-0.06271,0.18276,0.98771,0,0,51092
253.840000,407.207501,2.80738,-3.11253,-8.91038,-0.06051,0.20106,0.98600,0,0,51093
253.845000,407.207501,3.17356,-2.99047,-7.99493,-0.05612,0.21472,0.98503,0,0,51094
253.850000,407.207501,2.86841,-2.31914,-6.77433,-0.05270,0.22448,0.98600,0,0,51095
253.855000,407.222478,1.89193,-1.46472,-5.18755,-0.05148,0.23009,0.98674,0,0,51096
253.860000,407.222478,0.36618,-0.79339,-3.35665,-0.05173,0.23204,0.98869,0,0,51097
253.865000,407.222478,-1.34266,-0.30515,-1.09854,-0.05026,0.22790,0.98942,0,0,51098
253.870000,407.237494,-2.25811,0.30515,0.67133,-0.05100,0.22106,0.98747,0,0,51099
253.875000,407.237494,-2.74635,1.03751,2.31914,-0.05197,0.20667,0.98576,0,0,51100
253.880000,407.237494,-2.74635,1.40369,3.72283,-0.05173,0.18910,0.98503,0,0,51101
253.885000,407.252453,-2.13605,1.52575,4.82137,-0.05270,0.17397,0.98576,0,0,51102
253.890000,407.252453,-0.97648,1.22060,5.61476,-0.05685,0.16055,0.98503,0,0,51103
253.895000,407.252453,-0.12206,0.97648,5.61476,-0.06076,0.15006,0.98308,0,0,51104
253.900000,407.267202,0.54927,0.79339,5.30961,-0.06393,0.13981,0.98064,0,0,51105
253.905000,407.267202,0.91545,0.61030,4.76034,-0.06295,0.13103,0.97746,0,0,51106
253.910000,407.267202,0.79339,0.48824,4.15004,-0.06320,0.12542,0.97673,0,0,51107
253.915000,407.282199,0.67133,0.54927,3.66180,-0.06661,0.12151,0.97649,0,0,51108
253.920000,407.282199,0.61030,0.67133,2.99047,-0.07027,0.11932,0.97893,0,0,51109
253.925000,407.282199,0.79339,1.09854,2.44120,-0.07491,0.11858,0.98430,0,0,51110
253.930000,407.297254,1.03751,1.52575,1.76987,-0.07588,0.11736,0.99186,0,0,51111
253.935000,407.297254,1.46472,1.09854,0.48824,-0.07271,0.11614,0.99845,0,0,51112
253.940000,407.297254,1.52575,0.61030,-0.42721,-0.07003,0.11736,1.00113,0,0,51113
253.945000,407.312085,1.46472,0.00000,-0.97648,-0.06808,0.11907,1.00162,0,0,51114
253.950000,407.312085,1.46472,-0.30515,-1.28163,-0.06564,0.12200,1.00333,0,0,51115
253.955000,407.312085,1.34266,-0.48824,-1.46472,-0.06686,0.12542,1.00186,0,0,51116
253.960000,407.327176,0.97648,-0.54927,-1.46472,-0.06856,0.12956,1.00064,0,0,51117
253.965000,407.327176,0.61030,-1.03751,-1.70884,-0.06905,0.13127,0.99918,0,0,51118
253.970000,407.327176,0.42721,-1.34266,-2.01399,-0.06881,0.13347,0.99601,0,0,51119
253.975000,407.342217,0.12206,-1.34266,-2.13605,-0.06710,0.13615,0.99235,0,0,51120
253.980000,407.342217,-0.18309,-0.91545,-2.13605,-0.06490,0.13737,0.99064,0,0,51121
253.985000,407.342217,-0.30515,-0.42721,-2.13605,-0.06344,0.14103,0.99113,0,0,51122
253.990000,407.357221,-0.42721,-0.06103,-2.07502,-0.06198,0.14347,0.99113,0,0,51123
253.995000,407.357221,-0.85442,0.24412,-1.83090,-0.06149,0.14664,0.99162,0,0,51124
254.000000,407.357221,-1.46472,0.54927,-1.52575,-0.06417,0.14860,0.99186,0,0,51125
254.005000,407.372250,-2.07502,0.54927,-1.22060,-0.06734,0.15006,0.99186,0,0,51126
254.010000,407.372250,-2.38017,0.42721,-1.22060,-0.06661,0.15299,0.98820,0,0,51127
254.015000,407.372250,-2.68532,0.18309,-1.28163,-0.06661,0.15592,0.98259,0,0,51128
254.020000,407.387510,-2.50223,0.48824,-1.09854,-0.06612,0.15665,0.98015,0,0,51129
254.025000,407.387510,-1.89193,0.48824,-1.09854,-0.06417,0.15714,0.97844,0,0,51130
254.030000,407.387510,-1.46472,0.54927,-1.03751,-0.06637,0.15958,0.97722,0,0,51131
254.035000,407.402211,-0.30515,0.36618,-0.54927,-0.06759,0.16324,0.97624,0,0,51132
254.040000,407.402211,0.48824,0.54927,-0.12206,-0.06564,0.16299,0.97673,0,0,51133
254.045000,407.402211,1.15957,0.67133,0.30515,-0.06442,0.16104,0.98088,0,0,51134
254.050000,407.417156,1.83090,0.61030,0.73236,-0.06539,0.15860,0.98430,0,0,51135
254.055000,407.417156,2.31914,0.54927,0.97648,-0.06710,0.15543,0.98869,0,0,51136
254.060000,407.417156,2.68532,0.48824,1.22060,-0.06856,0.15055,0.99162,0,0,51137
254.065000,407.432061,2.62429,0.42721,1.22060,-0.06759,0.14274,0.99406,0,0,51138
254.070000,407.432061,2.07502,0.42721,1.40369,-0.06710,0.13566,0.99479,0,0,51139
254.075000,407.432061,1.28163,0.42721,1.46472,-0.06734,0.12883,0.99698,0,0,51140
254.080000,407.447120,0.36618,0.42721,1.22060,-0.07125,0.12542,0.99894,0,0,51141
254.085000,407.447120,-0.24412,0.48824,0.73236,-0.07491,0.12395,1.00235,0,0,51142
254.090000,407.447120,-0.61030,0.54927,-0.42721,-0.07344,0.12200,1.00211,0,0,51143
254.095000,407.462499,-0.54927,0.12206,-1.70884,-0.07198,0.12200,1.00040,0,0,51144
254.100000,407.462499,-0.24412,-0.48824,-2.80738,-0.07174,0.12908,0.99723,0,0,51145
254.105000,407.462499,0.06103,-1.15957,-3.41768,-0.07344,0.13908,0.99210,0,0,51146
254.110000,407.477161,0.30515,-1.34266,-3.41768,-0.07466,0.15250,0.98674,0,0,51147
254.115000,407.477161,0.18309,-0.91545,-2.86841,-0.07369,0.16104,0.98478,0,0,51148
254.120000,407.477161,0.54927,-0.48824,-2.62429,-0.06539,0.16080,0.98356,0,0,51149
254.125000,407.492502,0.42721,-0.06103,-2.31914,-0.05758,0.15958,0.98332,0,0,51150
254.130000,407.492502,0.12206,0.42721,-1.64781,-0.05954,0.15909,0.98722,0,0,51151
254.135000,407.492502,0.00000,0.54927,-0.61030,-0.06271,0.15762,0.99235,0,0,51152
254.140000,407.507200,0.12206,0.42721,-0.06103,-0.06344,0.15592,0.99772,0,0,51153
254.145000,407.507200,0.24412,0.36618,0.12206,-0.06539,0.15494,1.00455,0,0,51154
254.150000,407.507200,0.30515,0.24412,-0.12206,-0.06856,0.15470,1.01040,0,0,51155
254.155000,407.522132,0.61030,-0.12206,-0.42721,-0.06954,0.15445,1.01333,0,0,51156
254.160000,407.522132,1.40369,-1.03751,-0.67133,-0.06612,0.15372,1.01406,0,0,51157
254.165000,407.522132,2.01399,-1.64781,-0.61030,-0.06149,0.15494,1.01114,0,0,51158
254.170000,407.537201,2.31914,-1.76987,-0.54927,-0.06198,0.15616,1.00821,0,0,51159
254.175000,407.537201,2.25811,-1.76987,-0.48824,-0.06271,0.15567,1.00577,0,0,51160
254.180000,407.537201,1.95296,-1.76987,-0.54927,-0.06393,0.15518,1.00382,0,0,51161
254.185000,407.552515,1.40369,-1.64781,-0.67133,-0.06515,0.15518,0.99967,0,0,51162
254.190000,407.552515,0.18309,-1.15957,-0.67133,-0.06539,0.15470,0.99723,0,0,51163
254.195000,407.552515,-1.09854,-0.79339,-0.73236,-0.06637,0.15323,0.99601,0,0,51164
254.200000,407.567185,-2.07502,-0.73236,-0.79339,-0.06564,0.14860,0.99308,0,0,51165
254.205000,407.567185,-2.44120,-0.67133,-0.79339,-0.06417,0.14298,0.98893,0,0,51166
254.210000,407.567185,-2.01399,-0.85442,-0.73236,-0.06173,0.13859,0.98674,0,0,51167
254.215000,407.582264,-1.03751,-1.03751,-0.67133,-0.05954,0.13786,0.98356,0,0,51168
254.220000,407.582264,0.67133,-1.09854,-0.54927,-0.06076,0.13932,0.98137,0,0,51169
254.225000,407.582264,2.13605,-1.22060,-0.61030,-0.06173,0.14225,0.97990,0,0,51170
254.230000,407.597328,3.47871,-1.40369,-1.03751,-0.06222,0.14664,0.97844,0,0,51171
254.235000,407.597328,4.39416,-1.70884,-1.22060,-0.06246,0.15518,0.97551,0,0,51172
254.240000,407.597328,4.45519,-1.76987,-1.28163,-0.06368,0.16299,0.97234,0,0,51173
254.245000,407.612088,3.78386,-1.34266,-0.97648,-0.06393,0.16812,0.97185,0,0,51174
254.250000,407.612088,2.56326,-0.42721,-0.54927,-0.06295,0.17251,0.97307,0,0,51175
254.255000,407.612088,1.09854,0.61030,-0.18309,-0.06246,0.17568,0.97771,0,0,51176
254.260000,407.627254,-0.54927,1.40369,-0.06103,-0.06466,0.17617,0.98088,0,0,51177
254.265000,407.627254,-2.44120,1.95296,-0.30515,-0.07027,0.17690,0.98600,0,0,51178
254.270000,407.627254,-3.29562,2.31914,-0.36618,-0.07369,0.17666,0.99259,0,0,51179
254.275000,407.642096,-3.35665,2.25811,-0.30515,-0.07174,0.17495,0.99772,0,0,51180
254.280000,407.642096,-2.92944,1.89193,-0.06103,-0.06734,0.17422,1.00186,0,0,51181
254.285000,407.642096,-2.19708,1.28163,0.42721,-0.06368,0.17592,1.00382,0,0,51182
254.290000,407.657193,-1.83090,0.97648,1.03751,-0.06490,0.17641,1.00430,0,0,51183
254.295000,407.657193,-1.46472,0.79339,1.89193,-0.06759,0.17617,1.00406,0,0,51184
254.300000,407.657193,-1.09854,0.79339,2.56326,-0.06954,0.17202,1.00089,0,0,51185
254.305000,407.672218,-0.91545,0.54927,3.17356,-0.06954,0.16812,0.99503,0,0,51186
254.310000,407.672218,-0.73236,0.12206,3.60077,-0.07149,0.16275,0.98918,0,0,51187
254.315000,407.672218,-0.54927,0.06103,3.96695,-0.07247,0.15738,0.98503,0,0,51188
254.320000,407.687169,-0.06103,0.24412,4.21107,-0.07174,0.15274,0.98332,0,0,51189
254.325000,407.687169,0.54927,0.30515,4.33313,-0.07100,0.14738,0.98308,0,0,51190
254.330000,407.687169,1.46472,0.36618,4.27210,-0.07076,0.14201,0.98356,0,0,51191
254.335000,407.702084,2.56326,-0.06103,4.02798,-0.07100,0.13493,0.98674,0,0,51192
254.340000,407.702084,3.11253,-0.18309,3.66180,-0.06856,0.13078,0.98942,0,0,51193
254.345000,407.702084,3.05150,-0.18309,3.29562,-0.06612,0.12786,0.98844,0,0,51194
254.350000,407.717112,2.44120,0.06103,3.05150,-0.06417,0.12810,0.98649,0,0,51195
254.355000,407.717112,1.46472,0.54927,2.99047,-0.06564,0.12908,0.98527,0,0,51196
254.360000,407.717112,0.06103,1.28163,3.05150,-0.06661,0.12737,0.98552,0,0,51197
254.365000,407.732167,-0.85442,1.70884,2.80738,-0.06588,0.12395,0.98698,0,0,51198
254.370000,407.732167,-1.58678,1.89193,2.25811,-0.06661,0.12224,0.98796,0,0,51199
254.375000,407.732167,-1.95296,1.89193,1.52575,-0.06905,0.12444,0.98966,0,0,51200
254.380000,407.747321,-1.89193,1.83090,0.79339,-0.07076,0.12737,0.99113,0,0,51201
254.385000,407.747321,-1.64781,1.76987,0.18309,-0.07125,0.13054,0.99259,0,0,51202
254.390000,407.747321,-1.28163,1.64781,-0.36618,-0.06856,0.13518,0.99503,0,0,51203
254.395000,407.762078,-1.22060,1.58678,-0.67133,-0.06808,0.13884,0.99698,0,0,51204
254.400000,407.762078,-1.34266,1.22060,-0.91545,-0.06978,0.14176,0.99845,0,0,51205
254.405000,407.762078,-1.64781,0.67133,-1.15957,-0.06734,0.14347,0.99528,0,0,51206
254.410000,407.777159,-2.19708,0.24412,-1.52575,-0.06149,0.14323,0.99064,0,0,51207
254.415000,407.777159,-3.11253,0.12206,-2.01399,-0.05832,0.14347,0.98991,0,0,51208
254.420000,407.777159,-3.47871,0.48824,-2.38017,-0.05880,0.14518,0.99015,0,0,51209
254.425000,407.792209,-3.29562,0.54927,-2.38017,-0.05807,0.14591,0.98991,0,0,51210
254.430000,407.792209,-2.25811,0.48824,-2.01399,-0.05490,0.14664,0.98600,0,0,51211
254.435000,407.792209,-0.24412,0.54927,-0.97648,-0.05197,0.14884,0.98527,0,0,51212
254.440000,407.807089,1.15957,0.48824,0.54927,-0.05417,0.14982,0.99332,0,0,51213
254.445000,407.807089,2.68532,0.00000,1.46472,-0.05905,0.15128,0.99796,0,0,51214
254.450000,407.807089,3.96695,-0.97648,1.64781,-0.06393,0.15372,0.99406,0,0,51215
254.455000,407.822360,4.69931,-1.70884,1.46472,-0.06637,0.15494,0.98625,0,0,51216
254.460000,407.822360,4.82137,-2.13605,1.28163,-0.06710,0.15421,0.98210,0,0,51217
254.465000,407.822360,4.63828,-1.89193,1.22060,-0.06612,0.15104,0.98137,0,0,51218
254.470000,407.837203,4.21107,-1.46472,1.03751,-0.06417,0.14616,0.98015,0,0,51219
254.475000,407.837203,3.60077,-1.09854,0.85442,-0.06051,0.14103,0.97600,0,0,51220
254.480000,407.837203,2.74635,-0.67133,0.54927,-0.05832,0.13737,0.97234,0,0,51221
254.485000,407.852169,1.89193,0.00000,0.42721,-0.05954,0.13469,0.97307,0,0,51222
254.490000,407.852169,1.34266,0.97648,0.54927,-0.06368,0.12883,0.98088,0,0,51223
254.495000,407.852169,1.64781,1.22060,0.48824,-0.06710,0.12444,0.98991,0,0,51224
254.500000,407.867431,2.44120,0.97648,0.36618,-0.06734,0.11907,0.99869,0,0,51225
254.505000,407.867431,3.23459,0.48824,-0.12206,-0.06515,0.11468,1.00601,0,0,51226
254.510000,407.867431,4.02798,-0.06103,-1.09854,-0.06490,0.11688,1.01309,0,0,51227
254.515000,407.882143,4.39416,-0.79339,-2.01399,-0.06930,0.12395,1.01894,0,0,51228
254.520000,407.882143,4.08901,-1.03751,-2.62429,-0.07369,0.13298,1.02138,0,0,51229
254.525000,407.882143,3.35665,-1.15957,-3.11253,-0.07320,0.13835,1.01919,0,0,51230
254.530000,407.897312,2.01399,-1.09854,-3.47871,-0.06734,0.14103,1.01724,0,0,51231
254.535000,407.897312,0.48824,-0.24412,-3.11253,-0.06320,0.14640,1.01821,0,0,51232
254.540000,407.897312,-0.54927,0.24412,-2.38017,-0.06637,0.14982,1.02163,0,0,51233
254.545000,407.912119,-0.73236,0.12206,-1.95296,-0.07027,0.15079,1.02456,0,0,51234
254.550000,407.912119,-0.18309,-0.48824,-2.07502,-0.06978,0.15104,1.02163,0,0,51235
254.555000,407.912119,0.54927,-1.09854,-2.25811,-0.06661,0.15030,1.01748,0,0,51236
254.560000,407.927560,1.64781,-1.64781,-2.31914,-0.06027,0.15006,1.01382,0,0,51237
254.565000,407.927560,2.92944,-2.38017,-2.13605,-0.05954,0.15299,1.01065,0,0,51238
254.570000,407.927560,3.78386,-2.80738,-1.70884,-0.06124,0.15616,1.00674,0,0,51239
254.575000,407.942159,4.63828,-2.92944,-1.22060,-0.06051,0.15665,1.00333,0,0,51240
254.580000,407.942159,5.43167,-2.62429,-0.67133,-0.05832,0.15445,1.00382,0,0,51241
254.585000,407.942159,6.22506,-1.95296,0.24412,-0.05734,0.14884,1.01114,0,0,51242
254.590000,407.957339,7.01845,-1.40369,0.97648,-0.05929,0.14323,1.02041,0,0,51243
254.595000,407.957339,7.68978,-1.22060,1.95296,-0.06344,0.13810,1.03066,0,0,51244
254.600000,407.957339,8.23905,-1.46472,2.68532,-0.06954,0.13298,1.04115,0,0,51245
254.605000,407.972198,8.54420,-1.83090,3.05150,-0.07564,0.12639,1.04871,0,0,51246
254.610000,407.972198,8.72729,-2.25811,3.11253,-0.08003,0.11639,1.05579,0,0,51247
254.615000,407.972198,8.78832,-2.68532,2.80738,-0.08296,0.10614,1.05945,0,0,51248
254.620000,407.987168,8.48317,-2.74635,2.44120,-0.08711,0.09784,1.06116,0,0,51249
254.625000,407.987168,7.87287,-2.50223,2.56326,-0.09492,0.09150,1.06335,0,0,51250
254.630000,407.987168,7.38463,-1.95296,3.23459,-0.10346,0.08296,1.07165,0,0,51251
254.635000,408.002483,7.75081,-2.50223,3.72283,-0.11078,0.07052,1.08409,0,0,51252
254.640000,408.002483,8.72729,-3.05150,3.60077,-0.11444,0.05319,1.09824,0,0,51253
254.645000,408.002483,10.06995,-3.35665,3.35665,-0.11517,0.03392,1.11166,0,0,51254
254.650000,408.017195,11.53467,-3.47871,3.05150,-0.11858,0.01732,1.12557,0,0,51255
254.655000,408.017195,12.81630,-3.72283,2.86841,-0.12493,0.00512,1.14046,0,0,51256
254.660000,408.017195,14.03690,-4.02798,2.62429,-0.13396,-0.00366,1.15900,0,0,51257
254.665000,408.032503,14.89132,-4.15004,2.07502,-0.14274,-0.01318,1.18096,0,0,51258
254.670000,408.032503,15.56265,-4.27210,1.22060,-0.14689,-0.02269,1.19877,0,0,51259
254.675000,408.032503,15.74574,-4.63828,0.12206,-0.14933,-0.03123,1.21219,0,0,51260
254.680000,408.047478,15.31853,-5.30961,-1.09854,-0.15226,-0.03880,1.22561,0,0,51261
254.685000,408.047478,14.52514,-6.40815,-2.80738,-0.15518,-0.04587,1.23903,0,0,51262
254.690000,408.047478,14.21999,-7.68978,-4.39416,-0.15860,-0.05270,1.25343,0,0,51263
254.695000,408.062267,14.34205,-9.21553,-6.10300,-0.16153,-0.05807,1.26807,0,0,51264
254.700000,408.062267,14.83029,-11.10746,-7.93390,-0.16592,-0.06368,1.28515,0,0,51265
254.705000,408.062267,15.44059,-13.42660,-9.58171,-0.17007,-0.06588,1.29930,0,0,51266
254.710000,408.079852,16.47810,-16.17295,-11.35158,-0.17373,-0.06808,1.30808,0,0,51267
254.715000,408.079852,17.27149,-19.65166,-13.48763,-0.17617,-0.06856,1.31077,0,0,51268
254.720000,408.079852,17.27149,-21.97080,-15.13544,-0.17812,-0.06515,1.30833,0,0,51269
254.725000,408.092318,16.47810,-23.67964,-16.47810,-0.18032,-0.06100,1.30589,0,0,51270
254.730000,408.092318,15.19647,-25.99878,-17.51561,-0.17714,-0.05880,1.30003,0,0,51271
254.735000,408.092318,13.73175,-28.25689,-18.61415,-0.17080,-0.05978,1.28637,0,0,51272
254.740000,408.107350,12.81630,-30.63706,-19.46857,-0.16738,-0.06246,1.27051,0,0,51273
254.745000,408.107350,12.38909,-32.71208,-20.56711,-0.16885,-0.05978,1.25099,0,0,51274
254.750000,408.107350,12.69424,-34.42092,-21.78771,-0.17251,-0.05490,1.22903,0,0,51275
254.755000,408.122499,13.18248,-35.21431,-23.06934,-0.17153,-0.05197,1.21073,0,0,51276
254.760000,408.122499,13.67072,-35.88564,-25.08333,-0.16470,-0.04880,1.19511,0,0,51277
254.765000,408.122499,13.73175,-36.74006,-26.85320,-0.15714,-0.04490,1.18316,0,0,51278
254.770000,408.137531,12.99939,-37.59448,-28.68410,-0.15274,-0.03806,1.17340,0,0,51279
254.775000,408.137531,11.41261,-38.32684,-30.51500,-0.15177,-0.02635,1.15924,0,0,51280
254.780000,408.137531,9.15450,-38.93714,-32.34590,-0.15030,-0.01757,1.14168,0,0,51281
254.785000,408.152332,6.40815,-39.30332,-34.23783,-0.14396,-0.01147,1.12460,0,0,51282
254.790000,408.152332,2.68532,-39.54744,-36.86212,-0.13615,-0.00781,1.10727,0,0,51283
254.795000,408.152332,0.06103,-40.09671,-38.99817,-0.12883,-0.00537,1.08873,0,0,51284
254.800000,408.167152,-1.95296,-41.31731,-41.07319,-0.12420,0.00073,1.06530,0,0,51285
254.805000,408.167152,-3.11253,-42.90409,-43.08718,-0.11932,0.00903,1.03798,0,0,51286
254.810000,408.167152,-3.90592,-44.67396,-45.46735,-0.10834,0.01928,1.00650,0,0,51287
254.815000,408.182148,-4.39416,-45.28426,-47.05413,-0.09492,0.03221,0.97624,0,0,51288
254.820000,408.182148,-5.43167,-45.28426,-48.39679,-0.08150,0.05124,0.94574,0,0,51289
254.825000,408.182148,-6.71330,-45.28426,-49.43430,-0.06905,0.07369,0.91110,0,0,51290
254.830000,408.197478,-8.17802,-44.97911,-50.34975,-0.05466,0.09614,0.87279,0,0,51291
254.835000,408.197478,-10.19201,-43.75851,-50.83799,-0.03758,0.12688,0.83472,0,0,51292
254.840000,408.197478,-12.08394,-41.74452,-50.89902,-0.02855,0.15445,0.80715,0,0,51293
254.845000,408.212144,-13.12145,-39.36435,-50.89902,-0.02245,0.18105,0.78007,0,0,51294
254.850000,408.212144,-12.75527,-37.28933,-51.32623,-0.01415,0.21204,0.74640,0,0,51295
254.855000,408.212144,-10.80231,-35.15328,-51.93653,-0.00439,0.24278,0.71736,0,0,51296
254.860000,408.227059,-7.50669,-31.97972,-52.24168,0.01464,0.27182,0.69760,0,0,51297
254.865000,408.227059,-2.62429,-29.05028,-51.57035,0.03709,0.29963,0.69101,0,0,51298
254.870000,408.227059,1.58678,-26.36496,-50.22769,0.05734,0.32232,0.69247,0,0,51299
254.875000,408.242083,5.55373,-24.41200,-48.33576,0.07442,0.34160,0.69540,0,0,51300
254.880000,408.242083,8.84935,-23.25243,-46.38280,0.08808,0.35990,0.69906,0,0,51301
254.885000,408.242083,11.22952,-22.03183,-44.06366,0.09687,0.37698,0.70418,0,0,51302
254.890000,408.257038,11.90085,-20.75020,-42.41585,0.10272,0.39113,0.71004,0,0,51303
254.895000,408.257038,11.59570,-19.22445,-41.25628,0.11273,0.40724,0.71370,0,0,51304
254.900000,408.257038,9.94789,-17.33252,-40.21877,0.12200,0.42285,0.71785,0,0,51305
254.905000,408.272190,7.32360,-15.31853,-39.18126,0.12761,0.43749,0.72419,0,0,51306
254.910000,408.272190,3.53974,-12.81630,-37.65551,0.13371,0.45116,0.73517,0,0,51307
254.915000,408.272190,0.54927,-10.80231,-36.31285,0.13835,0.46360,0.74688,0,0,51308
254.920000,408.287255,-2.01399,-9.33759,-35.09225,0.13957,0.47702,0.75835,0,0,51309
254.925000,408.287255,-3.96695,-7.99493,-33.62753,0.13737,0.49239,0.76738,0,0,51310
254.930000,408.287255,-4.63828,-6.95742,-31.36942,0.13103,0.51094,0.77324,0,0,51311
254.935000,408.302518,-5.61476,-6.34712,-27.40247,0.13054,0.52143,0.78056,0,0,51312
254.940000,408.302518,-5.85888,-5.91991,-23.55758,0.13249,0.52387,0.78836,0,0,51313
254.945000,408.302518,-5.55373,-5.43167,-19.46857,0.13200,0.51850,0.79690,0,0,51314
254.950000,408.317491,-4.76034,-5.00446,-15.37956,0.12883,0.50923,0.80520,0,0,51315
254.955000,408.317491,-3.41768,-5.06549,-11.77879,0.12444,0.49654,0.81057,0,0,51316
254.960000,408.317491,-1.40369,-5.30961,-7.87287,0.11932,0.48019,0.81569,0,0,51317
254.965000,408.332182,-0.06103,-5.37064,-5.43167,0.11322,0.46433,0.81813,0,0,51318
254.970000,408.332182,0.91545,-5.06549,-3.60077,0.10443,0.44359,0.82350,0,0,51319
254.975000,408.332182,1.76987,-4.57725,-2.31914,0.09931,0.42139,0.82887,0,0,51320
254.980000,408.347165,2.07502,-4.02798,-1.34266,0.09858,0.39967,0.83424,0,0,51321
254.985000,408.347165,1.40369,-3.90592,-0.67133,0.09833,0.37820,0.83790,0,0,51322
254.990000,408.347165,0.36618,-3.96695,-0.61030,0.09760,0.36356,0.84156,0,0,51323
254.995000,408.362221,-1.09854,-3.72283,-1.15957,0.09760,0.35038,0.84253,0,0,51324
255.000000,408.362221,-2.50223,-3.05150,-1.83090,0.09760,0.33940,0.84131,0,0,51325
255.005000,408.362221,-3.72283,-1.76987,-2.50223,0.09736,0.33404,0.84131,0,0,51326
255.010000,408.377365,-4.63828,-0.42721,-3.05150,0.09540,0.33233,0.84766,0,0,51327
255.015000,408.377365,-5.06549,1.22060,-3.53974,0.09101,0.33062,0.85644,0,0,51328
255.020000,408.377365,-4.33313,1.34266,-4.02798,0.08442,0.33111,0.86181,0,0,51329
255.025000,408.392551,-2.74635,1.03751,-4.51622,0.07637,0.33355,0.86596,0,0,51330
255.030000,408.392551,-0.24412,1.09854,-4.69931,0.07418,0.33501,0.87132,0,0,51331
255.035000,408.392551,1.64781,1.34266,-3.96695,0.07784,0.33501,0.87938,0,0,51332
255.040000,408.407335,3.11253,2.07502,-2.56326,0.08442,0.33526,0.88889,0,0,51333
255.045000,408.407335,4.15004,2.80738,-0.42721,0.08369,0.33477,0.90256,0,0,51334
255.050000,408.407335,4.57725,3.17356,1.52575,0.07735,0.33282,0.91720,0,0,51335
255.055000,408.422210,4.76034,3.23459,2.92944,0.07198,0.32891,0.92452,0,0,51336
255.060000,408.422210,4.33313,3.17356,3.72283,0.06564,0.32257,0.93037,0,0,51337
255.065000,408.422210,3.90592,3.53974,3.96695,0.05954,0.31622,0.93745,0,0,51338
255.070000,408.437112,3.90592,3.90592,4.21107,0.05490,0.30939,0.94867,0,0,51339
255.075000,408.437112,4.21107,3.96695,4.63828,0.04929,0.30183,0.95941,0,0,51340
255.080000,408.437112,4.69931,3.78386,5.30961,0.04368,0.29451,0.96770,0,0,51341
255.085000,408.452211,5.12652,3.35665,5.98094,0.04172,0.28426,0.97283,0,0,51342
255.090000,408.452211,5.43167,3.05150,6.53021,0.03904,0.27182,0.97942,0,0,51343
255.095000,408.452211,5.43167,2.99047,6.71330,0.03806,0.25693,0.98478,0,0,51344
255.100000,408.467489,5.37064,2.86841,6.77433,0.04368,0.24083,0.98820,0,0,51345
255.105000,408.467489,5.00446,2.74635,6.34712,0.04929,0.22863,0.99015,0,0,51346
255.110000,408.467489,4.33313,2.56326,5.37064,0.05148,0.22204,0.98966,0,0,51347
255.115000,408.482413,3.60077,3.05150,5.00446,0.04587,0.21789,0.99406,0,0,51348
255.120000,408.482413,2.86841,3.66180,4.69931,0.03880,0.20911,1.00455,0,0,51349
255.125000,408.482413,2.80738,3.78386,4.08901,0.03636,0.20130,1.01333,0,0,51350
255.130000,408.497393,2.74635,3.29562,3.05150,0.03782,0.19422,1.01943,0,0,51351
255.135000,408.497393,2.31914,2.19708,1.58678,0.04270,0.19056,1.02163,0,0,51352
255.140000,408.497393,1.83090,1.46472,0.24412,0.04612,0.19081,1.02065,0,0,51353
255.145000,408.512536,1.22060,0.73236,-0.97648,0.04441,0.19325,1.01797,0,0,51354
255.150000,408.512536,0.54927,0.24412,-1.89193,0.04319,0.19764,1.01114,0,0,51355
255.155000,408.512536,-0.18309,0.00000,-2.74635,0.04514,0.20179,1.00138,0,0,51356
255.160000,408.527242,-0.67133,0.00000,-3.35665,0.05100,0.20764,0.99113,0,0,51357
255.165000,408.527242,-1.03751,0.48824,-3.47871,0.05026,0.21740,0.98283,0,0,51358
255.170000,408.527242,-1.15957,1.52575,-3.05150,0.04124,0.22668,0.98039,0,0,51359
255.175000,408.542219,-0.91545,2.62429,-2.44120,0.03636,0.23107,0.98161,0,0,51360
255.180000,408.542219,-0.24412,3.35665,-1.64781,0.04099,0.22960,0.98576,0,0,51361
255.185000,408.542219,0.67133,3.53974,-0.61030,0.04563,0.22546,0.99381,0,0,51362
255.190000,408.557554,1.03751,3.11253,0.00000,0.04343,0.22204,1.00211,0,0,51363
255.195000,408.557554,1.58678,2.44120,0.61030,0.04416,0.21618,1.00699,0,0,51364
255.200000,408.557554,2.01399,1.95296,0.85442,0.04734,0.20862,1.00650,0,0,51365
255.205000,408.572516,2.01399,1.70884,0.61030,0.04831,0.20057,1.00748,0,0,51366
255.210000,408.572516,1.95296,1.28163,0.18309,0.04856,0.19374,1.00894,0,0,51367
255.215000,408.572516,2.01399,1.03751,-0.30515,0.04856,0.18886,1.01040,0,0,51368
255.220000,408.587491,2.13605,0.54927,-0.85442,0.04685,0.18959,1.00943,0,0,51369
255.225000,408.587491,2.74635,0.12206,-1.28163,0.04343,0.19422,1.00748,0,0,51370
255.230000,408.587491,3.05150,0.00000,-2.31914,0.04148,0.20008,1.00772,0,0,51371
255.235000,408.602216,3.11253,0.42721,-3.29562,0.04416,0.20350,1.00918,0,0,51372
255.240000,408.602216,2.62429,0.54927,-3.35665,0.04904,0.20325,1.00796,0,0,51373
255.245000,408.602216,1.40369,0.36618,-2.99047,0.05295,0.20520,1.00674,0,0,51374
255.250000,408.617542,0.24412,-0.18309,-2.74635,0.05148,0.21008,1.00162,0,0,51375
255.255000,408.617542,-0.48824,-0.54927,-2.74635,0.04856,0.21374,0.99357,0,0,51376
255.260000,408.617542,-1.15957,-0.06103,-2.19708,0.05075,0.21155,0.98722,0,0,51377
255.265000,408.632417,-1.22060,0.54927,-1.76987,0.05392,0.20618,0.98698,0,0,51378
255.270000,408.632417,-0.85442,0.79339,-1.40369,0.05758,0.20057,0.98869,0,0,51379
255.275000,408.632417,0.00000,0.54927,-0.85442,0.05710,0.19837,0.98991,0,0,51380
255.280000,408.647536,0.97648,0.30515,-0.24412,0.05466,0.19837,0.99503,0,0,51381
255.285000,408.647536,2.07502,0.18309,0.42721,0.05075,0.20057,1.00260,0,0,51382
255.290000,408.647536,2.56326,0.12206,0.67133,0.04807,0.20032,1.00845,0,0,51383
255.295000,408.662546,2.56326,0.36618,0.97648,0.04807,0.19569,1.01309,0,0,51384
255.300000,408.662546,2.25811,0.48824,1.28163,0.04490,0.19203,1.01675,0,0,51385
255.305000,408.662546,1.76987,0.06103,1.34266,0.04148,0.19105,1.01894,0,0,51386
255.310000,408.677526,1.40369,-0.42721,1.22060,0.03660,0.19056,1.01675,0,0,51387
255.315000,408.677526,0.91545,-1.03751,0.36618,0.03489,0.19081,1.00821,0,0,51388
255.320000,408.677526,0.54927,-0.97648,-0.30515,0.03440,0.19276,0.99869,0,0,51389
255.325000,408.692212,-0.18309,-0.54927,-0.91545,0.03148,0.19447,0.99137,0,0,51390
255.330000,408.692212,-0.85442,0.06103,-1.28163,0.03562,0.19105,0.98649,0,0,51391
255.335000,408.692212,-0.91545,0.30515,-1.34266,0.04343,0.18422,0.98064,0,0,51392
255.340000,408.708621,-0.91545,0.24412,-1.64781,0.04856,0.17910,0.98210,0,0,51393
255.345000,408.708621,-0.73236,0.12206,-2.07502,0.04538,0.17666,0.98503,0,0,51394
255.350000,408.708621,-0.42721,0.00000,-2.50223,0.03904,0.17568,0.98796,0,0,51395
255.355000,408.722526,0.00000,-0.36618,-3.11253,0.04075,0.17397,0.99137,0,0,51396
255.360000,408.722526,0.67133,-1.09854,-3.96695,0.04880,0.17324,0.99284,0,0,51397
255.365000,408.722526,0.85442,-1.76987,-4.27210,0.04880,0.17763,0.99430,0,0,51398
255.370000,408.737224,0.91545,-2.25811,-4.27210,0.04587,0.18422,0.99845,0,0,51399
255.375000,408.737224,0.79339,-2.31914,-4.33313,0.04563,0.18959,0.99747,0,0,51400
255.380000,408.737224,0.24412,-2.25811,-4.51622,0.04514,0.19374,0.99381,0,0,51401
255.385000,408.752233,-0.91545,-2.19708,-4.94343,0.04807,0.20008,0.98796,0,0,51402
255.390000,408.752233,-2.07502,-2.19708,-5.18755,0.05124,0.20642,0.98137,0,0,51403
255.395000,408.752233,-3.11253,-2.01399,-5.18755,0.05368,0.21179,0.97600,0,0,51404
255.400000,408.767239,-3.41768,-1.70884,-5.00446,0.05636,0.21789,0.96770,0,0,51405
255.405000,408.767239,-3.05150,-1.34266,-4.69931,0.05563,0.22302,0.95746,0,0,51406
255.410000,408.767239,-2.01399,-0.91545,-3.90592,0.05417,0.22619,0.95087,0,0,51407
255.415000,408.782080,-0.54927,-0.48824,-2.86841,0.05783,0.22594,0.94818,0,0,51408
255.420000,408.782080,1.15957,-0.48824,-1.83090,0.06149,0.22472,0.94672,0,0,51409
255.425000,408.782080,2.50223,-0.54927,-0.79339,0.05734,0.22448,0.94867,0,0,51410
255.430000,408.797187,3.78386,-0.42721,0.06103,0.05344,0.22619,0.94940,0,0,51411
255.435000,408.797187,4.45519,0.42721,1.03751,0.04880,0.22887,0.95404,0,0,51412
255.440000,408.797187,3.78386,1.40369,1.28163,0.04221,0.23131,0.96282,0,0,51413
255.445000,408.812159,2.07502,2.19708,0.79339,0.04343,0.23107,0.97112,0,0,51414
255.450000,408.812159,-0.24412,2.62429,0.00000,0.05124,0.23009,0.97356,0,0,51415
255.455000,408.812159,-3.96695,3.29562,-0.61030,0.05417,0.23326,0.97624,0,0,51416
255.460000,408.827192,-6.46918,4.02798,-0.61030,0.04953,0.23912,0.98186,0,0,51417
255.465000,408.827192,-7.68978,4.45519,-0.36618,0.04319,0.24327,0.98503,0,0,51418
255.470000,408.827192,-7.62875,4.27210,-0.06103,0.04294,0.24107,0.98356,0,0,51419
255.475000,408.842188,-6.40815,3.53974,0.30515,0.04685,0.23692,0.98088,0,0,51420
255.480000,408.842188,-4.15004,2.56326,0.73236,0.04856,0.23400,0.97942,0,0,51421
255.485000,408.842188,-0.36618,1.46472,1.70884,0.04734,0.23058,0.97795,0,0,51422
255.490000,408.857157,2.56326,0.85442,2.68532,0.04538,0.22472,0.97820,0,0,51423
255.495000,408.857157,4.69931,0.73236,3.60077,0.04416,0.21789,0.98064,0,0,51424
255.500000,408.857157,5.30961,0.97648,4.27210,0.04246,0.21228,0.98600,0,0,51425
255.505000,408.872518,4.57725,1.09854,4.57725,0.03758,0.20667,0.99210,0,0,51426
255.510000,408.872518,2.56326,1.28163,4.51622,0.03294,0.19862,1.00040,0,0,51427
255.515000,408.872518,0.54927,1.70884,3.96695,0.03050,0.18861,1.00626,0,0,51428
255.520000,408.887398,-0.67133,1.95296,3.17356,0.03270,0.17958,1.01089,0,0,51429
255.525000,408.887398,-1.58678,2.01399,2.07502,0.03343,0.17251,1.01480,0,0,51430
255.530000,408.887398,-1.76987,1.46472,0.97648,0.03270,0.16836,1.01577,0,0,51431
255.535000,408.902237,-1.22060,0.48824,-0.36618,0.03636,0.16616,1.01211,0,0,51432
255.540000,408.902237,-0.48824,0.12206,-1.09854,0.03904,0.16885,1.00967,0,0,51433
255.545000,408.902237,0.06103,0.06103,-1.58678,0.03465,0.17470,1.00894,0,0,51434
255.550000,408.917567,0.73236,-0.48824,-2.19708,0.03148,0.18398,1.00382,0,0,51435
255.555000,408.917567,1.40369,-1.76987,-3.17356,0.03148,0.19520,0.99308,0,0,51436
255.560000,408.917567,1.28163,-2.25811,-3.78386,0.03294,0.20667,0.98234,0,0,51437
255.565000,408.932170,0.67133,-1.95296,-4.02798,0.03148,0.21716,0.97698,0,0,51438
255.570000,408.932170,-0.12206,-1.03751,-3.96695,0.02733,0.22497,0.97771,0,0,51439
255.575000,408.932170,-0.79339,-0.12206,-3.66180,0.02586,0.22887,0.98064,0,0,51440
255.575000,408.947213,-1.09854,0.36618,-3.29562,0.02806,0.22887,0.98381,0,0,51441
255.580000,408.947213,-1.46472,0.73236,-2.50223,0.03684,0.22912,0.98844,0,0,51442
255.585000,408.947213,-1.52575,0.79339,-1.58678,0.03855,0.23156,0.99186,0,0,51443
255.590000,408.962197,-1.28163,0.79339,-0.12206,0.03611,0.23351,0.99332,0,0,51444
255.595000,408.962197,-0.97648,0.85442,0.97648,0.03392,0.23180,0.99357,0,0,51445
255.600000,408.962197,-0.24412,0.61030,1.89193,0.03514,0.22497,0.99357,0,0,51446
255.605000,408.977546,0.30515,0.24412,2.13605,0.03880,0.21838,0.99162,0,0,51447
255.610000,408.977546,0.79339,-0.36618,2.13605,0.04416,0.21082,0.98844,0,0,51448
255.615000,408.977546,0.85442,-0.54927,2.07502,0.04563,0.20667,0.98430,0,0,51449
255.620000,408.992255,0.85442,-0.73236,1.89193,0.04416,0.20447,0.98283,0,0,51450
255.625000,408.992255,0.97648,-0.61030,1.46472,0.04172,0.20496,0.98064,0,0,51451
255.630000,408.992255,0.85442,-0.79339,0.85442,0.04148,0.20520,0.97673,0,0,51452
255.635000,409.007557,0.67133,-0.91545,0.42721,0.04392,0.20374,0.97234,0,0,51453
255.640000,409.007557,0.18309,-0.85442,0.06103,0.04660,0.20276,0.96673,0,0,51454
255.645000,409.007557,-0.54927,-0.06103,0.00000,0.04514,0.20228,0.96282,0,0,51455
255.650000,409.022213,-0.91545,0.73236,0.30515,0.04514,0.20106,0.96380,0,0,51456
255.655000,409.022213,-1.03751,1.95296,1.09854,0.04441,0.19984,0.97185,0,0,51457
255.660000,409.022213,-0.54927,2.38017,1.52575,0.04343,0.19886,0.97966,0,0,51458
255.665000,409.037241,0.12206,2.25811,1.64781,0.04172,0.20032,0.98503,0,0,51459
255.670000,409.037241,0.91545,1.58678,1.64781,0.03514,0.20569,0.98966,0,0,51460
255.675000,409.037241,0.79339,1.28163,1.64781,0.03099,0.20594,0.99284,0,0,51461
255.680000,409.052562,0.00000,1.15957,1.52575,0.03782,0.19788,0.99259,0,0,51462
255.685000,409.052562,-1.22060,1.34266,1.22060,0.04197,0.19227,0.99430,0,0,51463
255.690000,409.052562,-2.13605,1.52575,0.85442,0.04343,0.18764,0.99845,0,0,51464
255.690000,409.067242,-2.50223,1.64781,0.54927,0.04294,0.18739,0.99991,0,0,51465
255.695000,409.067242,-2.74635,2.01399,0.30515,0.04075,0.19105,0.99991,0,0,51466
255.700000,409.067242,-2.74635,2.13605,0.36618,0.04343,0.19178,1.00089,0,0,51467
255.705000,409.082328,-2.19708,1.95296,0.24412,0.04758,0.19349,0.99967,0,0,51468
255.710000,409.082328,-1.46472,1.64781,0.30515,0.04148,0.20032,1.00211,0,0,51469
255.715000,409.082328,-0.61030,1.40369,0.61030,0.03538,0.20594,1.00577,0,0,51470
255.720000,409.097498,0.48824,1.03751,0.85442,0.03660,0.20813,1.00504,0,0,51471
255.725000,409.097498,1.70884,0.48824,0.97648,0.04099,0.21130,1.00162,0,0,51472
255.730000,409.097498,1.52575,0.30515,0.85442,0.03880,0.21570,1.00235,0,0,51473
255.735000,409.112526,1.15957,0.06103,0.85442,0.03514,0.21911,1.00113,0,0,51474
255.740000,409.112526,0.61030,-0.18309,0.91545,0.03587,0.21862,0.99674,0,0,51475
255.745000,409.112526,0.12206,-0.30515,0.97648,0.03782,0.21570,0.99332,0,0,51476
255.750000,409.127449,-0.18309,-0.42721,0.85442,0.04221,0.21350,0.99210,0,0,51477
255.755000,409.127449,-0.24412,-0.48824,0.67133,0.04612,0.21008,0.99186,0,0,51478
255.760000,409.127449,-0.06103,-0.42721,0.42721,0.04734,0.20642,0.98942,0,0,51479
255.765000,409.142548,0.48824,-0.36618,0.36618,0.04709,0.20228,0.98674,0,0,51480
255.770000,409.142548,0.79339,-0.12206,0.48824,0.04685,0.19837,0.98552,0,0,51481
255.775000,409.142548,0.61030,-0.18309,0.42721,0.04709,0.19715,0.98430,0,0,51482
255.780000,409.157536,0.12206,-0.18309,0.18309,0.04514,0.19862,0.98381,0,0,51483
255.785000,409.157536,-1.22060,0.18309,-0.30515,0.03831,0.20252,0.98210,0,0,51484
255.790000,409.157536,-2.44120,0.85442,-0.54927,0.03684,0.20325,0.97844,0,0,51485
255.795000,409.172266,-3.53974,1.46472,-0.73236,0.04124,0.19984,0.97698,0,0,51486
255.800000,409.172266,-4.27210,1.70884,-0.73236,0.04246,0.19520,0.98161,0,0,51487
255.805000,409.172266,-3.66180,1.34266,-0.91545,0.04026,0.19544,0.98918,0,0,51488
255.810000,409.187471,-2.19708,1.15957,-0.85442,0.03806,0.19642,0.99332,0,0,51489
255.815000,409.187471,0.36618,0.61030,-0.48824,0.04124,0.19715,0.99552,0,0,51490
255.820000,409.187471,2.01399,0.18309,-0.06103,0.04465,0.19764,0.99820,0,0,51491
255.825000,409.202194,3.17356,-0.36618,0.48824,0.04709,0.19740,0.99942,0,0,51492
255.830000,409.202194,3.60077,-0.79339,1.03751,0.04978,0.19910,0.99869,0,0,51493
255.835000,409.202194,3.29562,-0.61030,1.58678,0.04685,0.20106,1.00064,0,0,51494
255.835000,409.218033,2.80738,-0.30515,1.89193,0.04465,0.20081,1.00357,0,0,51495
255.840000,409.218033,1.46472,0.06103,1.40369,0.04246,0.20032,1.00382,0,0,51496
255.845000,409.218033,0.18309,0.18309,0.79339,0.04172,0.19910,1.00455,0,0,51497
255.850000,409.232040,-0.85442,0.00000,-0.12206,0.04319,0.19910,1.00552,0,0,51498
255.855000,409.232040,-0.91545,-0.24412,-0.48824,0.04197,0.20520,1.00845,0,0,51499
255.860000,409.232040,-0.18309,-0.61030,-0.54927,0.04221,0.21057,1.01138,0,0,51500
255.865000,409.247352,0.97648,-1.15957,-0.54927,0.04172,0.21277,1.01114,0,0,51501
255.870000,409.247352,1.58678,-1.83090,-0.48824,0.03684,0.21740,1.00870,0,0,51502
255.875000,409.247352,1.28163,-2.38017,-0.54927,0.03392,0.22180,1.00528,0,0,51503
255.880000,409.262500,0.36618,-2.62429,-0.42721,0.03758,0.22472,0.99503,0,0,51504
255.885000,409.262500,-1.22060,-1.83090,0.06103,0.04319,0.22619,0.98698,0,0,51505
255.890000,409.262500,-4.02798,-0.48824,0.67133,0.04270,0.22643,0.98356,0,0,51506
255.895000,409.277177,-5.61476,0.24412,0.85442,0.03806,0.22594,0.98308,0,0,51507
255.900000,409.277177,-7.14051,1.03751,0.85442,0.03123,0.22204,0.98527,0,0,51508
255.905000,409.277177,-7.75081,1.83090,0.97648,0.03074,0.21496,0.98625,0,0,51509
255.910000,409.292164,-6.71330,1.76987,1.40369,0.03343,0.20716,0.98771,0,0,51510
255.915000,409.292164,-5.67579,1.46472,1.76987,0.03538,0.19764,0.99137,0,0,51511
255.920000,409.292164,-4.33313,1.15957,1.95296,0.03611,0.18934,0.99308,0,0,51512
255.925000,409.308560,-2.86841,0.61030,1.95296,0.03831,0.18300,0.99137,0,0,51513
255.930000,409.308560,-1.28163,0.00000,1.83090,0.04026,0.17763,0.98918,0,0,51514
255.935000,409.308560,-0.36618,-0.61030,1.40369,0.04050,0.17324,0.98893,0,0,51515
255.940000,409.323617,-0.12206,-0.79339,0.85442,0.03758,0.17153,0.98918,0,0,51516
255.945000,409.323617,-0.06103,-0.73236,0.30515,0.03489,0.17251,0.98576,0,0,51517
255.950000,409.323617,-0.24412,-0.36618,0.12206,0.03587,0.17251,0.98259,0,0,51518
255.955000,409.338706,-0.67133,0.18309,0.24412,0.03611,0.17129,0.98552,0,0,51519
255.960000,409.338706,-0.91545,0.30515,0.48824,0.03514,0.16909,0.99113,0,0,51520
255.965000,409.338706,-0.67133,0.00000,0.42721,0.03367,0.16885,0.99406,0,0,51521
255.970000,409.368564,-0.36618,-0.12206,0.30515,0.03270,0.16836,0.99357,0,0,51522
255.975000,409.368564,0.06103,-0.24412,0.42721,0.03392,0.16909,0.99088,0,0,51523
255.980000,409.368564,0.18309,-0.48824,0.54927,0.03489,0.16958,0.99040,0,0,51524
255.985000,409.369827,0.12206,-0.73236,0.61030,0.03660,0.16934,0.98942,0,0,51525
255.990000,409.369827,0.00000,-0.85442,0.06103,0.03806,0.17275,0.98649,0,0,51526
255.995000,409.369827,-0.24412,-0.54927,-0.54927,0.03782,0.17617,0.98600,0,0,51527
256.000000,409.382242,-0.48824,-0.48824,-0.85442,0.03953,0.17983,0.98771,0,0,51528
256.005000,409.382242,-0.18309,-0.73236,-1.34266,0.04197,0.18300,0.99137,0,0,51529
256.010000,409.382242,-0.06103,-1.09854,-1.76987,0.04172,0.18788,0.99259,0,0,51530
256.015000,409.397118,-0.61030,-1.03751,-2.25811,0.04246,0.19618,0.99210,0,0,51531
256.020000,409.397118,-1.46472,-0.73236,-2.25811,0.04197,0.20764,0.99162,0,0,51532
256.025000,409.397118,-2.92944,-0.12206,-1.83090,0.03660,0.21789,0.99284,0,0,51533
256.030000,409.412103,-4.08901,0.48824,-1.52575,0.03294,0.22326,0.99332,0,0,51534
256.035000,409.412103,-4.21107,0.67133,-1.34266,0.03270,0.22399,0.99235,0,0,51535
256.040000,409.412103,-3.47871,0.48824,-0.97648,0.03465,0.21887,0.99259,0,0,51536
256.045000,409.427156,-2.31914,0.06103,-0.30515,0.03977,0.21204,0.99210,0,0,51537
256.050000,409.427156,-0.79339,-0.48824,0.61030,0.04392,0.20545,0.99088,0,0,51538
256.055000,409.427156,0.42721,-0.85442,1.52575,0.04319,0.20032,0.98966,0,0,51539
256.060000,409.442333,1.34266,-1.03751,2.13605,0.03928,0.19471,0.98918,0,0,51540
256.065000,409.442333,2.01399,-1.22060,2.25811,0.03684,0.18764,0.98991,0,0,51541
256.070000,409.442333,1.64781,-1.15957,2.19708,0.03562,0.18129,0.99137,0,0,51542
256.075000,409.457067,0.85442,-0.97648,2.01399,0.03367,0.17934,0.99308,0,0,51543
256.080000,409.457067,-0.12206,-0.67133,1.70884,0.03196,0.17763,0.99552,0,0,51544
256.085000,409.457067,-1.09854,-0.48824,1.28163,0.03270,0.17544,0.99723,0,0,51545
256.090000,409.472513,-1.76987,-0.30515,1.09854,0.03245,0.17275,0.99723,0,0,51546
256.095000,409.472513,-1.83090,-0.54927,1.03751,0.03270,0.17007,0.99796,0,0,51547
256.100000,409.472513,-1.52575,-0.85442,0.61030,0.03367,0.16665,0.99503,0,0,51548
256.105000,409.487421,-1.34266,-0.61030,0.06103,0.03270,0.16446,0.99406,0,0,51549
256.110000,409.487421,-1.40369,-0.36618,-0.79339,0.03416,0.16299,0.99430,0,0,51550
256.115000,409.487421,-1.40369,-0.48824,-1.64781,0.03855,0.16470,0.99381,0,0,51551
256.120000,409.502204,-1.64781,-0.91545,-2.56326,0.04148,0.16909,0.99357,0,0,51552
256.125000,409.502204,-2.50223,-1.28163,-3.47871,0.03831,0.18251,0.98722,0,0,51553
256.130000,409.502204,-3.66180,-1.09854,-3.96695,0.03611,0.19300,0.98259,0,0,51554
256.135000,409.517463,-4.27210,-0.67133,-3.96695,0.03806,0.19862,0.97966,0,0,51555
256.140000,409.517463,-4.15004,-0.12206,-3.78386,0.04319,0.20179,0.97649,0,0,51556
256.145000,409.517463,-3.72283,-0.30515,-3.35665,0.04465,0.20569,0.97332,0,0,51557
256.150000,409.532190,-3.11253,-0.67133,-2.50223,0.04099,0.21033,0.97161,0,0,51558
256.155000,409.532190,-2.62429,-0.67133,-1.58678,0.04050,0.21155,0.97039,0,0,51559
256.160000,409.532190,-2.38017,-0.18309,-0.54927,0.04343,0.20984,0.96770,0,0,51560
256.165000,409.547450,-2.50223,0.00000,-0.06103,0.04465,0.20545,0.96941,0,0,51561
256.170000,409.547450,-2.44120,-0.24412,-0.06103,0.04709,0.20276,0.96868,0,0,51562
256.175000,409.547450,-2.38017,-0.42721,-0.18309,0.04978,0.20106,0.96648,0,0,51563
256.180000,409.562669,-2.44120,-0.54927,-0.30515,0.04856,0.20203,0.96453,0,0,51564
256.185000,409.562669,-2.56326,-0.42721,-0.24412,0.04929,0.20374,0.96112,0,0,51565
256.190000,409.562669,-3.29562,0.00000,-0.30515,0.05075,0.20642,0.95746,0,0,51566
256.195000,409.577443,-3.66180,0.18309,-0.24412,0.05344,0.20862,0.95526,0,0,51567
256.200000,409.577443,-3.90592,0.42721,-0.12206,0.05905,0.21008,0.95160,0,0,51568
256.205000,409.577443,-4.51622,0.91545,0.00000,0.06051,0.21350,0.94696,0,0,51569
256.210000,409.592537,-5.61476,1.95296,0.79339,0.05417,0.21570,0.95014,0,0,51570
256.215000,409.592537,-5.49270,2.38017,1.03751,0.05368,0.21472,0.94770,0,0,51571
256.220000,409.592537,-4.88240,2.56326,0.91545,0.05954,0.21301,0.94330,0,0,51572
256.225000,409.607159,-4.94343,2.62429,0.91545,0.06149,0.21179,0.94282,0,0,51573
256.230000,409.607159,-5.12652,2.80738,1.03751,0.05783,0.21082,0.94599,0,0,51574
256.235000,409.607159,-4.45519,2.50223,0.85442,0.05685,0.21155,0.94257,0,0,51575
256.240000,409.622524,-3.90592,2.19708,0.54927,0.05905,0.21252,0.93647,0,0,51576
256.245000,409.622524,-3.72283,2.13605,0.30515,0.05832,0.21570,0.93135,0,0,51577
256.250000,409.622524,-3.66180,2.62429,0.00000,0.05661,0.22106,0.92818,0,0,51578
256.255000,409.637527,-4.08901,3.29562,-0.36618,0.05783,0.22424,0.92818,0,0,51579
256.260000,409.637527,-5.24858,3.84489,-0.48824,0.05954,0.22912,0.92940,0,0,51580
256.265000,409.637527,-5.91991,3.78386,-0.48824,0.06198,0.23668,0.92769,0,0,51581
256.270000,409.652409,-6.34712,3.60077,-0.42721,0.06417,0.24351,0.92549,0,0,51582
256.275000,409.652409,-6.22506,3.60077,-0.18309,0.06661,0.24839,0.92256,0,0,51583
256.280000,409.652409,-6.10300,4.27210,0.42721,0.06856,0.25596,0.92061,0,0,51584
256.285000,409.667129,-6.10300,5.18755,1.22060,0.07076,0.26401,0.92086,0,0,51585
256.290000,409.667129,-5.85888,5.43167,2.13605,0.07466,0.27182,0.91842,0,0,51586
256.295000,409.667129,-5.55373,5.30961,2.74635,0.07930,0.27865,0.91305,0,0,51587
256.300000,409.682187,-5.37064,5.24858,3.29562,0.08125,0.28450,0.90719,0,0,51588
256.305000,409.682187,-5.18755,5.24858,4.08901,0.08418,0.29256,0.89987,0,0,51589
256.310000,409.682187,-4.88240,5.61476,4.69931,0.08784,0.30036,0.89304,0,0,51590
256.315000,409.697127,-4.51622,5.98094,5.18755,0.09296,0.30500,0.88548,0,0,51591
256.320000,409.697127,-4.21107,6.22506,5.43167,0.09882,0.31037,0.87742,0,0,51592
256.325000,409.697127,-3.78386,6.04197,5.49270,0.10468,0.31940,0.86474,0,0,51593
256.330000,409.712207,-3.05150,5.85888,5.55373,0.11151,0.32867,0.85156,0,0,51594
256.335000,409.712207,-1.52575,5.67579,5.73682,0.12176,0.33843,0.83424,0,0,51595
256.340000,409.712207,-0.06103,5.73682,6.22506,0.13249,0.35112,0.81618,0,0,51596
256.345000,409.727197,1.52575,6.10300,6.89639,0.13810,0.36771,0.80154,0,0,51597
256.350000,409.727197,3.05150,6.95742,7.93390,0.14103,0.38406,0.79080,0,0,51598
256.355000,409.727197,4.45519,8.30008,9.15450,0.14420,0.39772,0.78470,0,0,51599
256.360000,409.742251,5.43167,10.06995,10.61922,0.14640,0.41138,0.78446,0,0,51600
256.365000,409.742251,5.91991,12.51115,13.06042,0.14372,0.42505,0.79300,0,0,51601
256.370000,409.742251,6.28609,14.21999,15.37956,0.13518,0.43676,0.81032,0,0,51602
256.370000,409.757198,6.89639,15.25750,17.02737,0.12810,0.44359,0.82521,0,0,51603
256.375000,409.757198,8.11699,16.11192,19.22445,0.11712,0.44798,0.84302,0,0,51604
256.380000,409.757198,9.88686,16.66119,21.84874,0.10614,0.44603,0.85742,0,0,51605
256.385000,409.772177,10.49716,17.02737,23.92376,0.09980,0.43798,0.86913,0,0,51606
256.390000,409.772177,10.37510,17.39355,26.12084,0.09370,0.42676,0.87645,0,0,51607
256.395000,409.772177,9.58171,17.45458,27.40247,0.08784,0.41870,0.87718,0,0,51608
256.400000,409.787387,8.66626,17.88179,28.37895,0.08028,0.41016,0.87352,0,0,51609
256.405000,409.787387,7.56772,18.91930,29.66058,0.07418,0.39650,0.87303,0,0,51610
256.410000,409.787387,6.59124,20.01784,30.63706,0.07271,0.38235,0.87523,0,0,51611
256.415000,409.802181,5.73682,21.05535,31.49148,0.06832,0.36942,0.87450,0,0,51612
256.420000,409.802181,4.57725,21.72668,32.22384,0.05758,0.35819,0.87376,0,0,51613
256.425000,409.802181,3.90592,21.60462,32.77311,0.05124,0.35136,0.87572,0,0,51614
256.430000,409.832219,3.84489,21.48256,32.89517,0.05051,0.34087,0.87742,0,0,51615
256.435000,409.832219,4.08901,21.78771,33.01723,0.05197,0.32867,0.87791,0,0,51616
256.440000,409.832219,4.39416,22.21492,33.20032,0.04490,0.32110,0.88011,0,0,51617
256.445000,409.833742,5.12652,22.33698,33.44444,0.02952,0.31964,0.88230,0,0,51618
256.450000,409.833742,6.53021,22.03183,33.44444,0.01781,0.32208,0.88377,0,0,51619
256.455000,409.833742,7.93390,21.36050,33.07826,0.01610,0.32623,0.88108,0,0,51620
256.460000,409.848455,7.87287,21.17741,32.95620,0.01684,0.33160,0.87401,0,0,51621
256.465000,409.848455,6.71330,21.78771,33.26135,0.01074,0.33794,0.86913,0,0,51622
256.470000,409.848455,5.00446,22.88625,33.93268,0.00244,0.34526,0.86278,0,0,51623
256.475000,409.862185,2.74635,24.59509,34.97019,-0.00683,0.34746,0.85864,0,0,51624
256.480000,409.862185,0.54927,26.42599,36.25182,-0.01659,0.34428,0.85937,0,0,51625
256.485000,409.862185,-1.34266,28.56204,38.14375,-0.02855,0.33306,0.86230,0,0,51626
256.490000,409.877127,-1.76987,29.78264,39.91362,-0.03684,0.31866,0.86864,0,0,51627
256.495000,409.877127,-1.22060,30.57603,41.86658,-0.04392,0.30061,0.87620,0,0,51628
256.500000,409.877127,-0.12206,31.49148,43.81954,-0.05539,0.27914,0.88718,0,0,51629
256.505000,409.892126,1.46472,32.16281,45.46735,-0.07027,0.25913,0.89890,0,0,51630
256.510000,409.892126,3.41768,32.71208,47.17619,-0.08784,0.23400,0.91085,0,0,51631
256.515000,409.892126,4.51622,33.07826,48.27473,-0.09760,0.20691,0.92305,0,0,51632
256.520000,409.907166,4.76034,33.50547,48.88503,-0.10541,0.18227,0.93745,0,0,51633
256.525000,409.907166,4.27210,34.05474,48.76297,-0.11980,0.15860,0.95404,0,0,51634
256.530000,409.907166,3.47871,34.66504,48.33576,-0.13664,0.14103,0.96844,0,0,51635
256.535000,409.922276,2.80738,35.33637,47.66443,-0.15152,0.12298,0.98576,0,0,51636
256.540000,409.922276,2.86841,35.82461,46.93207,-0.15738,0.10150,1.00845,0,0,51637
256.545000,409.922276,3.53974,35.76358,46.44383,-0.16055,0.08028,1.03114,0,0,51638
256.550000,409.937536,4.57725,35.21431,45.89456,-0.16885,0.06124,1.05457,0,0,51639
256.555000,409.937536,5.85888,34.05474,45.34529,-0.18129,0.04538,1.07628,0,0,51640
256.560000,409.937536,7.50669,32.46796,44.49087,-0.18934,0.03074,1.09483,0,0,51641
256.565000,409.952182,7.87287,31.91869,43.08718,-0.19154,0.01781,1.10898,0,0,51642
256.570000,409.952182,6.40815,32.04075,41.43937,-0.19593,0.00634,1.12338,0,0,51643
256.575000,409.952182,3.23459,32.77311,39.79156,-0.20374,-0.00098,1.14192,0,0,51644
256.580000,409.967525,-0.85442,33.68856,38.20478,-0.20496,-0.00586,1.15705,0,0,51645
256.585000,409.967525,-6.71330,34.60401,36.31285,-0.19910,-0.01000,1.17242,0,0,51646
256.590000,409.967525,-12.32806,35.33637,35.15328,-0.20081,-0.01074,1.19170,0,0,51647
256.595000,409.982518,-17.63767,35.76358,34.35989,-0.21008,-0.01074,1.21390,0,0,51648
256.600000,409.982518,-21.48256,35.33637,33.81062,-0.21716,-0.01318,1.23269,0,0,51649
256.605000,409.982518,-23.25243,34.23783,33.20032,-0.22009,-0.01684,1.24464,0,0,51650
256.610000,409.997538,-22.70316,31.67457,31.91869,-0.22033,-0.02391,1.25343,0,0,51651
256.615000,409.997538,-20.44505,29.47749,30.88118,-0.22448,-0.03343,1.26392,0,0,51652
256.620000,409.997538,-16.66119,27.03629,30.33191,-0.23082,-0.04002,1.27880,0,0,51653
256.625000,410.012476,-11.41261,23.92376,29.90470,-0.23034,-0.04660,1.29027,0,0,51654
256.630000,410.012476,-3.35665,19.04136,28.31792,-0.22668,-0.05368,1.29637,0,0,51655
256.635000,410.012476,2.13605,15.31853,26.36496,-0.22619,-0.05758,1.29979,0,0,51656
256.640000,410.027335,5.61476,12.26703,24.10685,-0.23009,-0.05612,1.30345,0,0,51657
256.645000,410.027335,7.20154,9.70377,21.72668,-0.22985,-0.05319,1.30516,0,0,51658
256.650000,410.027335,7.01845,7.44566,19.22445,-0.22131,-0.05441,1.30320,0,0,51659
256.655000,410.042202,5.18755,5.30961,16.41707,-0.20862,-0.05905,1.29466,0,0,51660
256.660000,410.042202,1.03751,2.99047,12.75527,-0.19813,-0.06442,1.28149,0,0,51661
256.665000,410.042202,-3.35665,1.70884,9.58171,-0.19130,-0.06661,1.26782,0,0,51662
256.670000,410.057512,-7.87287,0.73236,5.91991,-0.18642,-0.06564,1.25050,0,0,51663
256.675000,410.057512,-12.08394,-0.06103,1.70884,-0.17958,-0.06051,1.22537,0,0,51664
256.680000,410.057512,-15.80677,-0.79339,-2.62429,-0.17202,-0.04807,1.20268,0,0,51665
256.685000,410.072316,-18.85827,-1.09854,-6.59124,-0.16494,-0.02806,1.18145,0,0,51666
256.690000,410.072316,-21.17741,-1.46472,-10.37510,-0.15884,-0.00854,1.16290,0,0,51667
256.695000,410.072316,-21.97080,-1.83090,-12.02291,-0.14933,0.00952,1.14900,0,0,51668
256.700000,410.087300,-21.54359,-2.74635,-12.93836,-0.13640,0.02562,1.13558,0,0,51669
256.705000,410.087300,-20.38402,-3.72283,-13.42660,-0.12444,0.04294,1.11850,0,0,51670
256.710000,410.087300,-19.04136,-4.45519,-13.67072,-0.11810,0.06076,1.10215,0,0,51671
256.715000,410.102517,-17.82076,-4.88240,-13.54866,-0.11468,0.07832,1.08824,0,0,51672
256.720000,410.102517,-16.78325,-4.94343,-13.12145,-0.11053,0.09687,1.07506,0,0,51673
256.725000,410.102517,-15.92883,-4.63828,-12.75527,-0.10565,0.10980,1.06482,0,0,51674
256.730000,410.117504,-15.13544,-4.51622,-12.57218,-0.09931,0.12151,1.05286,0,0,51675
256.735000,410.117504,-14.40308,-4.57725,-12.32806,-0.09174,0.13298,1.03822,0,0,51676
256.740000,410.117504,-14.09793,-4.63828,-12.08394,-0.08808,0.14250,1.02992,0,0,51677
256.745000,410.132241,-13.73175,-5.06549,-11.71776,-0.08198,0.15177,1.02138,0,0,51678
256.750000,410.132241,-12.87733,-5.67579,-11.10746,-0.07418,0.15982,1.01187,0,0,51679
256.755000,410.132241,-11.59570,-6.16403,-10.37510,-0.07052,0.16909,1.00138,0,0,51680
256.760000,410.147154,-9.76480,-6.53021,-9.70377,-0.07149,0.17714,0.98844,0,0,51681
256.765000,410.147154,-6.65227,-6.83536,-8.91038,-0.07027,0.18154,0.97649,0,0,51682
256.770000,410.147154,-3.84489,-7.14051,-8.48317,-0.06539,0.18080,0.97063,0,0,51683
256.775000,410.162502,-0.67133,-7.50669,-8.11699,-0.05807,0.18129,0.96795,0,0,51684
256.780000,410.162502,2.50223,-8.11699,-7.81184,-0.05100,0.18324,0.96258,0,0,51685
256.785000,410.162502,5.30961,-8.97141,-6.95742,-0.04368,0.18568,0.95404,0,0,51686
256.790000,410.177216,5.61476,-9.21553,-6.22506,-0.03855,0.18910,0.94379,0,0,51687
256.795000,410.177216,3.78386,-8.48317,-5.43167,-0.03880,0.19496,0.93476,0,0,51688
256.800000,410.177216,0.67133,-6.65227,-4.76034,-0.04075,0.19642,0.93281,0,0,51689
256.805000,410.192158,-2.74635,-4.45519,-4.57725,-0.04441,0.19715,0.93208,0,0,51690
256.810000,410.192158,-6.22506,-2.86841,-5.06549,-0.05295,0.19886,0.92891,0,0,51691
256.815000,410.192158,-8.48317,-2.19708,-5.55373,-0.06124,0.19935,0.92744,0,0,51692
256.820000,410.207490,-9.70377,-1.52575,-5.85888,-0.06368,0.20057,0.92744,0,0,51693
256.825000,410.207490,-9.76480,-1.15957,-6.04197,-0.06002,0.20057,0.92622,0,0,51694
256.830000,410.207490,-8.91038,-1.09854,-5.73682,-0.05490,0.20032,0.92354,0,0,51695
256.835000,410.222476,-7.38463,-0.85442,-4.33313,-0.05026,0.20179,0.92110,0,0,51696
256.840000,410.222476,-5.91991,-0.61030,-2.62429,-0.05148,0.20423,0.91793,0,0,51697
256.845000,410.222476,-4.33313,-0.36618,-0.67133,-0.05490,0.20252,0.91622,0,0,51698
256.850000,410.237285,-2.80738,-0.18309,1.15957,-0.05710,0.19740,0.91598,0,0,51699
256.855000,410.237285,-1.34266,0.00000,2.68532,-0.05588,0.18983,0.91842,0,0,51700
256.860000,410.237285,-0.12206,0.42721,4.02798,-0.05539,0.18105,0.92427,0,0,51701
256.865000,410.252029,0.24412,0.85442,4.45519,-0.05929,0.17226,0.93062,0,0,51702
256.870000,410.252029,-0.24412,1.03751,4.33313,-0.06515,0.16397,0.93452,0,0,51703
256.875000,410.252029,-1.40369,0.91545,4.02798,-0.07222,0.15860,0.93940,0,0,51704
256.880000,410.267490,-2.01399,0.61030,3.53974,-0.07369,0.15421,0.94160,0,0,51705
256.885000,410.267490,-2.01399,0.12206,2.86841,-0.07149,0.14933,0.93842,0,0,51706
256.890000,410.267490,-1.70884,0.18309,2.56326,-0.07149,0.14518,0.93623,0,0,51707
256.895000,410.282235,-1.09854,0.48824,2.74635,-0.07515,0.14128,0.93379,0,0,51708
256.900000,410.282235,-0.06103,0.73236,2.62429,-0.08247,0.14030,0.93184,0,0,51709
256.905000,410.282235,1.46472,0.73236,2.13605,-0.08394,0.14030,0.92769,0,0,51710
256.910000,410.297215,3.05150,0.06103,1.03751,-0.08052,0.14054,0.92256,0,0,51711
256.915000,410.297215,3.84489,0.00000,0.18309,-0.07588,0.14006,0.91866,0,0,51712
256.920000,410.297215,3.96695,0.48824,-0.36618,-0.07369,0.14079,0.91866,0,0,51713
256.925000,410.312242,3.78386,1.34266,-0.85442,-0.07271,0.14420,0.92500,0,0,51714
256.930000,410.312242,3.78386,2.31914,-1.15957,-0.07222,0.15348,0.93428,0,0,51715
256.935000,410.312242,3.35665,3.78386,-0.85442,-0.07320,0.16250,0.94843,0,0,51716
256.940000,410.327132,2.50223,4.27210,-0.36618,-0.07271,0.16909,0.96160,0,0,51717
256.945000,410.327132,1.09854,4.27210,0.06103,-0.07491,0.17763,0.97454,0,0,51718
256.950000,410.327132,-0.61030,4.21107,0.30515,-0.07735,0.18373,0.98064,0,0,51719
256.955000,410.342193,-2.86841,4.63828,0.54927,-0.07930,0.18715,0.98015,0,0,51720
256.960000,410.342193,-5.73682,5.55373,0.79339,-0.08101,0.18520,0.98503,0,0,51721
256.965000,410.342193,-6.77433,5.85888,0.85442,-0.08028,0.18178,0.98942,0,0,51722
256.970000,410.357425,-6.34712,5.55373,0.54927,-0.07808,0.17666,0.99332,0,0,51723
256.975000,410.357425,-5.18755,4.82137,0.48824,-0.07686,0.17348,0.99210,0,0,51724
256.980000,410.357425,-3.23459,3.60077,0.73236,-0.07906,0.17251,0.99162,0,0,51725
256.985000,410.372493,-0.61030,2.44120,1.15957,-0.08052,0.17324,0.98966,0,0,51726
256.990000,410.372493,2.86841,1.70884,2.25811,-0.08125,0.17470,0.98966,0,0,51727
256.995000,410.372493,5.00446,1.58678,3.41768,-0.08223,0.17666,0.99479,0,0,51728
257.000000,410.387532,6.34712,1.64781,4.57725,-0.08198,0.17592,1.00040,0,0,51729
257.005000,410.387532,6.53021,1.70884,5.30961,-0.08320,0.17324,1.00235,0,0,51730
257.010000,410.387532,5.61476,1.76987,5.55373,-0.08711,0.16812,1.00626,0,0,51731
257.015000,410.402092,4.27210,2.13605,5.43167,-0.08979,0.16226,1.01089,0,0,51732
257.020000,410.402092,2.99047,2.50223,4.94343,-0.08833,0.15250,1.01528,0,0,51733
257.025000,410.402092,1.58678,2.56326,4.27210,-0.08369,0.14274,1.01846,0,0,51734
257.030000,410.417079,0.06103,2.56326,3.35665,-0.07906,0.13444,1.01772,0,0,51735
257.035000,410.417079,-2.13605,2.62429,2.07502,-0.07613,0.12834,1.01406,0,0,51736
257.040000,410.417079,-3.53974,2.68532,1.03751,-0.07930,0.12810,1.01162,0,0,51737
257.045000,410.432411,-4.15004,2.68532,0.06103,-0.08272,0.12932,1.01162,0,0,51738
257.050000,410.432411,-3.90592,2.50223,-0.85442,-0.08320,0.12956,1.00992,0,0,51739
257.055000,410.432411,-2.99047,2.19708,-1.34266,-0.07564,0.12883,1.00455,0,0,51740
257.060000,410.447323,-1.58678,1.64781,-1.52575,-0.07418,0.13176,1.00357,0,0,51741
257.065000,410.447323,-0.30515,1.34266,-1.46472,-0.07930,0.13786,1.00504,0,0,51742
257.070000,410.447323,0.97648,1.22060,-1.52575,-0.07857,0.14420,1.00455,0,0,51743
257.075000,410.462436,2.01399,1.34266,-1.40369,-0.07369,0.14957,1.00211,0,0,51744
257.080000,410.462436,2.13605,1.58678,-1.28163,-0.07637,0.15396,1.00748,0,0,51745
257.085000,410.462436,2.19708,1.52575,-1.15957,-0.08369,0.16006,1.01480,0,0,51746
257.090000,410.477414,2.31914,1.03751,-1.03751,-0.08930,0.16592,1.01699,0,0,51747
257.095000,410.477414,2.25811,0.48824,-0.97648,-0.08857,0.16812,1.01846,0,0,51748
257.100000,410.477414,2.44120,-0.18309,-1.09854,-0.07857,0.16568,1.01699,0,0,51749
257.105000,410.492509,2.80738,-0.85442,-1.15957,-0.07174,0.16616,1.01577,0,0,51750
257.110000,410.492509,2.68532,-1.15957,-0.85442,-0.07881,0.17251,1.01504,0,0,51751
257.115000,410.492509,2.74635,-1.46472,-0.24412,-0.08369,0.17544,1.01211,0,0,51752
257.120000,410.507181,2.86841,-1.58678,0.00000,-0.07442,0.17348,1.00504,0,0,51753
257.125000,410.507181,2.19708,-1.58678,-0.12206,-0.06466,0.17031,0.99869,0,0,51754
257.130000,410.507181,0.42721,-1.58678,-0.42721,-0.06661,0.17056,0.99357,0,0,51755
257.135000,410.522520,-0.67133,-1.34266,-0.36618,-0.07222,0.17275,0.98649,0,0,51756
257.140000,410.522520,-1.40369,-0.73236,-0.30515,-0.07174,0.16934,0.98137,0,0,51757
257.145000,410.522520,-2.01399,0.18309,-0.48824,-0.06222,0.16177,0.97698,0,0,51758
257.150000,410.537336,-2.80738,0.97648,-0.67133,-0.06222,0.15836,0.97820,0,0,51759
257.155000,410.537336,-3.23459,1.34266,-0.85442,-0.07247,0.16128,0.98552,0,0,51760
257.160000,410.537336,-2.62429,1.40369,-1.28163,-0.07784,0.16421,0.99210,0,0,51761
257.165000,410.552446,-1.70884,1.28163,-1.64781,-0.07491,0.16616,0.99357,0,0,51762
257.170000,410.552446,-1.28163,1.22060,-1.89193,-0.07320,0.17300,0.99357,0,0,51763
257.175000,410.552446,-1.83090,1.46472,-1.70884,-0.07637,0.17861,0.99552,0,0,51764
257.180000,410.567172,-2.62429,1.76987,-1.15957,-0.07906,0.18080,0.99625,0,0,51765
257.185000,410.567172,-3.72283,2.19708,-0.42721,-0.08028,0.18032,0.99479,0,0,51766
257.190000,410.567172,-5.12652,2.92944,0.06103,-0.08076,0.17812,0.99552,0,0,51767
257.195000,410.582523,-6.59124,3.84489,0.48824,-0.08418,0.17519,0.99479,0,0,51768
257.200000,410.582523,-7.93390,4.57725,0.79339,-0.08833,0.16934,0.99528,0,0,51769
257.205000,410.582523,-8.91038,4.69931,1.09854,-0.08930,0.16031,0.99747,0,0,51770
257.210000,410.597487,-8.72729,4.57725,1.46472,-0.08955,0.15201,0.99918,0,0,51771
257.215000,410.597487,-7.62875,4.33313,1.89193,-0.09004,0.14689,1.00430,0,0,51772
257.220000,410.597487,-5.79785,3.84489,2.38017,-0.09199,0.14396,1.01016,0,0,51773
257.225000,410.612498,-3.29562,2.74635,2.74635,-0.09394,0.14103,1.01504,0,0,51774
257.230000,410.612498,0.48824,0.97648,2.92944,-0.09492,0.13859,1.01748,0,0,51775
257.235000,410.612498,2.99047,-0.42721,2.74635,-0.09443,0.13957,1.01528,0,0,51776
257.240000,410.627503,4.57725,-1.34266,2.56326,-0.09345,0.14079,1.01260,0,0,51777
257.245000,410.627503,5.18755,-1.76987,2.50223,-0.09174,0.14006,1.00821,0,0,51778
257.250000,410.627503,5.00446,-2.07502,2.31914,-0.09052,0.13932,1.00406,0,0,51779
257.255000,410.642197,4.45519,-2.19708,1.76987,-0.09077,0.13859,0.99796,0,0,51780
257.260000,410.642197,3.66180,-2.19708,0.91545,-0.09296,0.13835,0.99162,0,0,51781
257.265000,410.642197,2.86841,-2.07502,0.36618,-0.09443,0.13810,0.98844,0,0,51782
257.270000,410.657209,2.25811,-2.13605,-0.42721,-0.09443,0.13884,0.98381,0,0,51783
257.275000,410.657209,1.70884,-2.07502,-1.09854,-0.09199,0.14079,0.97746,0,0,51784
257.280000,410.657209,1.15957,-1.70884,-1.52575,-0.08833,0.14396,0.97478,0,0,51785
257.285000,410.672163,0.61030,-1.34266,-1.89193,-0.08735,0.14982,0.97356,0,0,51786
257.290000,410.672163,0.24412,-1.03751,-2.38017,-0.08613,0.15592,0.97039,0,0,51787
257.295000,410.672163,-0.18309,-0.42721,-2.50223,-0.08198,0.16104,0.96795,0,0,51788
257.300000,410.687219,-1.22060,0.24412,-2.50223,-0.07808,0.16885,0.96697,0,0,51789
257.305000,410.687219,-2.56326,0.67133,-1.70884,-0.07735,0.17885,0.96673,0,0,51790
257.310000,410.687219,-3.47871,1.09854,-0.85442,-0.07857,0.18642,0.96673,0,0,51791
257.315000,410.702229,-3.90592,1.76987,0.06103,-0.08052,0.18886,0.96892,0,0,51792
257.320000,410.702229,-3.60077,2.38017,0.67133,-0.08296,0.19008,0.97405,0,0,51793
257.325000,410.702229,-2.44120,2.38017,1.03751,-0.08760,0.18959,0.98015,0,0,51794
257.330000,410.717175,-0.85442,1.89193,1.70884,-0.09101,0.19056,0.98747,0,0,51795
257.335000,410.717175,1.22060,1.09854,2.50223,-0.09077,0.18642,0.99235,0,0,51796
257.340000,410.717175,2.44120,0.24412,2.92944,-0.08906,0.17910,0.99406,0,0,51797
257.345000,410.732564,2.99047,-0.48824,3.29562,-0.08662,0.17397,0.99235,0,0,51798
257.350000,410.732564,2.74635,-0.85442,3.60077,-0.08735,0.16860,0.99235,0,0,51799
257.355000,410.732564,1.52575,-1.03751,3.72283,-0.08857,0.16055,0.98869,0,0,51800
257.360000,410.747202,0.30515,-1.09854,3.41768,-0.08882,0.15250,0.98137,0,0,51801
257.365000,410.747202,-0.30515,-1.03751,2.74635,-0.08760,0.14274,0.97551,0,0,51802
257.370000,410.747202,-0.24412,-0.61030,1.76987,-0.08150,0.12981,0.97210,0,0,51803
257.375000,410.762267,0.30515,-0.18309,0.79339,-0.07564,0.12151,0.97502,0,0,51804
257.380000,410.762267,0.79339,0.12206,-0.12206,-0.07466,0.12054,0.97820,0,0,51805
257.385000,410.762267,1.22060,-0.06103,-1.09854,-0.07759,0.12664,0.97844,0,0,51806
257.390000,410.777196,1.28163,-0.67133,-1.64781,-0.08125,0.13615,0.97844,0,0,51807
257.395000,410.777196,1.03751,-1.03751,-2.25811,-0.08418,0.14616,0.98039,0,0,51808
257.400000,410.777196,0.54927,-0.97648,-2.74635,-0.08418,0.15348,0.98064,0,0,51809
257.405000,410.792527,-0.36618,-0.30515,-2.92944,-0.08125,0.16031,0.97771,0,0,51810
257.410000,410.792527,-1.15957,0.42721,-2.86841,-0.08028,0.16519,0.97600,0,0,51811
257.415000,410.792527,-1.28163,0.79339,-2.86841,-0.08003,0.16909,0.97600,0,0,51812
257.420000,410.807196,-1.03751,0.73236,-2.92944,-0.07686,0.17373,0.97454,0,0,51813
257.425000,410.807196,-0.61030,0.73236,-2.86841,-0.07613,0.18007,0.97454,0,0,51814
257.430000,410.807196,0.00000,0.85442,-1.89193,-0.07613,0.18495,0.97478,0,0,51815
257.435000,410.822490,0.67133,0.97648,-1.03751,-0.07540,0.18520,0.97454,0,0,51816
257.440000,410.822490,1.40369,0.97648,-0.24412,-0.07442,0.18105,0.97527,0,0,51817
257.445000,410.822490,2.01399,1.03751,0.42721,-0.07393,0.17690,0.97771,0,0,51818
257.450000,410.837547,2.19708,1.22060,0.97648,-0.07393,0.17495,0.98161,0,0,51819
257.455000,410.837547,2.01399,1.40369,1.40369,-0.07442,0.17544,0.98674,0,0,51820
257.460000,410.837547,1.40369,1.58678,1.70884,-0.07442,0.17519,0.98966,0,0,51821
257.465000,410.852211,0.36618,1.70884,2.13605,-0.07491,0.17446,0.99113,0,0,51822
257.470000,410.852211,-0.79339,2.13605,2.50223,-0.07393,0.17080,0.99406,0,0,51823
257.475000,410.852211,-1.58678,2.31914,2.74635,-0.07393,0.16812,0.99723,0,0,51824
257.480000,410.867204,-1.89193,2.31914,2.80738,-0.07540,0.16543,0.99991,0,0,51825
257.485000,410.867204,-1.64781,2.07502,2.62429,-0.07515,0.16202,1.00113,0,0,51826
257.490000,410.867204,-1.22060,1.83090,2.13605,-0.07540,0.16153,1.00211,0,0,51827
257.495000,410.882450,-0.85442,1.64781,1.83090,-0.07930,0.16324,1.00455,0,0,51828
257.500000,410.882450,-0.24412,1.52575,1.64781,-0.08272,0.16592,1.00479,0,0,51829
257.505000,410.882450,0.24412,1.46472,1.46472,-0.08296,0.16763,1.00284,0,0,51830
257.510000,410.897475,0.24412,1.64781,2.07502,-0.08418,0.16860,1.00528,0,0,51831
257.515000,410.897475,-0.12206,1.46472,2.44120,-0.08540,0.16665,1.00674,0,0,51832
257.520000,410.897475,-0.73236,1.09854,2.56326,-0.08662,0.16299,1.00699,0,0,51833
257.525000,410.912242,-1.46472,1.03751,2.31914,-0.08662,0.15860,1.00601,0,0,51834
257.530000,410.912242,-2.92944,1.40369,1.70884,-0.08857,0.15299,1.00308,0,0,51835
257.535000,410.912242,-4.27210,1.52575,1.03751,-0.09150,0.14957,1.00089,0,0,51836
257.540000,410.927213,-5.61476,1.46472,0.36618,-0.09101,0.14567,0.99723,0,0,51837
257.545000,410.927213,-6.89639,1.46472,-0.36618,-0.08784,0.14006,0.99064,0,0,51838
257.550000,410.927213,-7.93390,1.70884,-1.15957,-0.08735,0.13444,0.98893,0,0,51839
257.555000,410.942553,-8.54420,2.01399,-1.83090,-0.08882,0.12981,0.98966,0,0,51840
257.560000,410.942553,-8.72729,2.07502,-2.31914,-0.09077,0.12639,0.99381,0,0,51841
257.565000,410.942553,-8.05596,1.76987,-2.74635,-0.08808,0.12127,0.99772,0,0,51842
257.570000,410.957173,-7.01845,1.40369,-3.05150,-0.08540,0.11639,1.00162,0,0,51843
257.575000,410.957173,-5.30961,1.03751,-3.17356,-0.08467,0.11248,1.00357,0,0,51844
257.580000,410.957173,-3.11253,0.54927,-2.80738,-0.08491,0.11175,1.00357,0,0,51845
257.585000,410.972533,0.00000,-0.12206,-1.83090,-0.08638,0.11322,1.00723,0,0,51846
257.590000,410.972533,3.23459,-1.15957,-1.22060,-0.08686,0.11663,1.01114,0,0,51847
257.595000,410.972533,6.83536,-2.56326,-1.40369,-0.08833,0.12493,1.01065,0,0,51848
257.600000,410.987179,9.94789,-3.72283,-1.95296,-0.09174,0.13762,1.01040,0,0,51849
257.605000,410.987179,12.38909,-4.76034,-2.19708,-0.09443,0.15079,1.01089,0,0,51850
257.610000,410.987179,13.42660,-5.24858,-2.01399,-0.09467,0.16275,1.01040,0,0,51851
257.615000,411.002236,13.54866,-5.43167,-1.64781,-0.09126,0.17153,1.01211,0,0,51852
257.620000,411.002236,13.24351,-5.30961,-1.22060,-0.08711,0.17836,1.01065,0,0,51853
257.625000,411.002236,12.32806,-5.37064,-0.79339,-0.08394,0.18276,1.00748,0,0,51854
257.630000,411.017206,10.61922,-5.24858,-0.18309,-0.08198,0.18422,1.00260,0,0,51855
257.635000,411.017206,6.65227,-4.39416,0.18309,-0.08247,0.18520,0.99625,0,0,51856
257.640000,411.017206,2.44120,-3.05150,-0.06103,-0.08686,0.18593,0.99088,0,0,51857
257.645000,411.032216,-1.83090,-1.40369,-0.67133,-0.08906,0.18495,0.98942,0,0,51858
257.650000,411.032216,-5.24858,0.00000,-1.34266,-0.08857,0.18032,0.98966,0,0,51859
257.655000,411.032216,-7.44566,1.09854,-2.13605,-0.08735,0.17446,0.99088,0,0,51860
257.660000,411.047234,-7.56772,1.34266,-2.62429,-0.08589,0.16958,0.99332,0,0,51861
257.665000,411.047234,-6.46918,0.91545,-2.86841,-0.08442,0.16738,0.99308,0,0,51862
257.670000,411.047234,-4.76034,0.24412,-2.68532,-0.08369,0.16860,0.99113,0,0,51863
257.675000,411.062436,-3.11253,-0.30515,-2.25811,-0.08467,0.17080,0.98844,0,0,51864
257.680000,411.062436,-1.03751,-0.79339,-1.46472,-0.08467,0.17129,0.98527,0,0,51865
257.685000,411.062436,0.12206,-0.91545,-0.67133,-0.08296,0.16934,0.98283,0,0,51866
257.690000,411.077535,0.30515,-1.09854,-0.06103,-0.08491,0.16714,0.98015,0,0,51867
257.695000,411.077535,0.06103,-1.15957,0.36618,-0.08760,0.16348,0.98112,0,0,51868
257.700000,411.077535,-0.54927,-1.03751,0.67133,-0.08613,0.16104,0.98234,0,0,51869
257.705000,411.092542,-1.40369,-0.42721,1.09854,-0.08345,0.15518,0.98088,0,0,51870
257.710000,411.092542,-1.89193,0.00000,1.52575,-0.08223,0.14811,0.98356,0,0,51871
257.715000,411.092542,-1.89193,0.24412,1.76987,-0.08442,0.14274,0.98674,0,0,51872
257.720000,411.107310,-1.34266,-0.12206,2.19708,-0.08442,0.13884,0.98918,0,0,51873
257.725000,411.107310,-0.73236,-0.67133,2.31914,-0.08198,0.13566,0.98600,0,0,51874
257.730000,411.107310,-0.12206,-0.97648,2.50223,-0.08028,0.13542,0.98088,0,0,51875
257.735000,411.122234,-0.06103,-0.61030,2.56326,-0.08272,0.13810,0.97746,0,0,51876
257.740000,411.122234,-0.30515,0.12206,2.38017,-0.08760,0.13981,0.97332,0,0,51877
257.745000,411.122234,-0.85442,0.91545,2.07502,-0.08882,0.13884,0.97185,0,0,51878
257.750000,411.137317,-1.40369,1.46472,1.83090,-0.08662,0.13566,0.97283,0,0,51879
257.755000,411.137317,-1.83090,1.70884,1.34266,-0.08516,0.13420,0.97624,0,0,51880
257.760000,411.137317,-1.70884,1.58678,0.73236,-0.08735,0.13615,0.98259,0,0,51881
257.765000,411.152540,-1.22060,1.40369,0.12206,-0.09028,0.14298,0.98771,0,0,51882
257.770000,411.152540,-0.79339,1.28163,-0.18309,-0.09199,0.15104,0.98844,0,0,51883
257.775000,411.152540,-0.79339,1.34266,-0.18309,-0.09077,0.15323,0.99186,0,0,51884
257.780000,411.167244,-0.97648,1.15957,-0.12206,-0.08686,0.15226,0.99601,0,0,51885
257.785000,411.167244,-1.52575,0.79339,-0.18309,-0.08394,0.15055,0.99845,0,0,51886
257.790000,411.167244,-2.07502,0.30515,-0.18309,-0.08223,0.14957,0.99357,0,0,51887
257.795000,411.182202,-2.56326,0.00000,-0.12206,-0.07808,0.14664,0.98576,0,0,51888
257.800000,411.182202,-2.92944,0.30515,0.12206,-0.07125,0.14323,0.97868,0,0,51889
257.805000,411.182202,-2.86841,0.97648,0.42721,-0.07076,0.14323,0.97917,0,0,51890
257.810000,411.197218,-2.44120,0.85442,0.42721,-0.07296,0.14494,0.97917,0,0,51891
257.815000,411.197218,-1.83090,0.48824,0.18309,-0.07296,0.14957,0.97454,0,0,51892
257.820000,411.197218,-1.34266,0.18309,-0.12206,-0.07271,0.15470,0.97258,0,0,51893
257.825000,411.212271,-0.73236,0.30515,-0.24412,-0.07174,0.15787,0.97307,0,0,51894
257.830000,411.212271,0.06103,0.30515,-0.06103,-0.07369,0.16055,0.97527,0,0,51895
257.835000,411.212271,0.61030,0.42721,0.18309,-0.07906,0.16177,0.98186,0,0,51896
257.840000,411.227120,1.46472,0.30515,0.54927,-0.08296,0.16348,0.98991,0,0,51897
257.845000,411.227120,2.50223,0.00000,0.73236,-0.08394,0.16299,0.99723,0,0,51898
257.850000,411.227120,3.05150,-0.42721,0.54927,-0.08418,0.15958,0.99845,0,0,51899
257.855000,411.242139,2.92944,-0.79339,0.42721,-0.08662,0.15616,0.99894,0,0,51900
257.860000,411.242139,2.25811,-1.09854,0.36618,-0.08930,0.15274,0.99942,0,0,51901
257.865000,411.242139,1.83090,-1.09854,0.00000,-0.08760,0.14664,0.99772,0,0,51902
257.870000,411.257538,1.52575,-1.15957,-0.36618,-0.08345,0.14323,0.99284,0,0,51903
257.875000,411.257538,1.09854,-1.09854,-0.91545,-0.08516,0.14445,0.98991,0,0,51904
257.880000,411.257538,0.91545,-0.79339,-1.22060,-0.09150,0.15030,0.98893,0,0,51905
257.885000,411.272465,1.52575,-1.09854,-1.15957,-0.09345,0.15640,0.98893,0,0,51906
257.890000,411.272465,2.50223,-1.09854,-0.91545,-0.08979,0.16226,0.98942,0,0,51907
257.895000,411.272465,3.60077,-0.91545,-0.54927,-0.08467,0.16665,0.99162,0,0,51908
257.900000,411.287540,4.15004,-0.48824,0.36618,-0.08320,0.16958,0.99674,0,0,51909
257.905000,411.287540,4.08901,0.18309,1.46472,-0.08564,0.17226,1.00186,0,0,51910
257.910000,411.287540,3.53974,0.79339,2.44120,-0.09028,0.17129,1.00796,0,0,51911
257.915000,411.302210,2.68532,1.22060,3.35665,-0.09540,0.16543,1.01992,0,0,51912
257.920000,411.302210,1.95296,1.22060,3.90592,-0.09833,0.15543,1.03358,0,0,51913
257.925000,411.302210,1.83090,0.73236,4.15004,-0.09931,0.14128,1.04237,0,0,51914
257.930000,411.317481,2.19708,-0.12206,4.08901,-0.10175,0.12468,1.04749,0,0,51915
257.935000,411.317481,3.17356,-0.97648,3.78386,-0.10492,0.11224,1.05018,0,0,51916
257.940000,411.317481,4.33313,-2.01399,3.23459,-0.11297,0.10712,1.05066,0,0,51917
257.945000,411.332368,5.49270,-3.05150,2.44120,-0.11956,0.10565,1.04822,0,0,51918
257.950000,411.332368,6.53021,-3.72283,1.58678,-0.12127,0.10346,1.04627,0,0,51919
257.955000,411.332368,7.38463,-3.96695,0.91545,-0.12224,0.09980,1.04798,0,0,51920
257.960000,411.347205,7.99493,-3.66180,0.97648,-0.12615,0.09736,1.05310,0,0,51921
257.965000,411.347205,8.42214,-3.11253,1.40369,-0.12810,0.09174,1.06189,0,0,51922
257.970000,411.347205,8.60523,-2.86841,1.64781,-0.12712,0.08198,1.07262,0,0,51923
257.975000,411.362232,8.72729,-2.86841,1.64781,-0.12371,0.07222,1.08312,0,0,51924
257.980000,411.362232,8.66626,-2.74635,1.89193,-0.12761,0.06393,1.10044,0,0,51925
257.985000,411.362232,8.84935,-2.50223,2.13605,-0.13664,0.05978,1.12118,0,0,51926
257.990000,411.377535,10.06995,-2.74635,2.13605,-0.14518,0.05588,1.14338,0,0,51927
257.995000,411.377535,11.96188,-3.29562,1.89193,-0.14933,0.04953,1.16681,0,0,51928
258.000000,411.377535,13.85381,-4.08901,1.83090,-0.15152,0.04368,1.18706,0,0,51929
258.005000,411.392526,15.01338,-5.06549,2.07502,-0.15689,0.03709,1.20878,0,0,51930
258.010000,411.392526,15.13544,-6.10300,2.19708,-0.16128,0.03026,1.22586,0,0,51931
258.015000,411.392526,14.52514,-7.14051,1.76987,-0.16641,0.01976,1.23879,0,0,51932
258.020000,411.407272,13.12145,-8.23905,1.03751,-0.17373,0.00732,1.24952,0,0,51933
258.025000,411.407272,11.22952,-9.58171,-0.12206,-0.18251,-0.00512,1.25880,0,0,51934
258.030000,411.407272,8.97141,-12.02291,-2.01399,-0.19154,-0.01952,1.26465,0,0,51935
258.035000,411.422208,7.44566,-14.09793,-4.02798,-0.19569,-0.03245,1.26660,0,0,51936
258.040000,411.422208,6.40815,-16.11192,-6.71330,-0.19813,-0.04392,1.26465,0,0,51937
258.045000,411.422208,6.10300,-18.06488,-9.76480,-0.20374,-0.05124,1.26026,0,0,51938
258.050000,411.437550,6.59124,-19.89578,-12.81630,-0.20716,-0.05368,1.25660,0,0,51939
258.055000,411.437550,7.87287,-22.58110,-16.29501,-0.20764,-0.05173,1.25123,0,0,51940
258.060000,411.437550,9.03244,-25.08333,-18.55312,-0.20496,-0.04734,1.24391,0,0,51941
258.065000,411.452328,9.64274,-27.46350,-20.26196,-0.19959,-0.04221,1.23049,0,0,51942
258.070000,411.452328,9.21553,-29.29440,-21.60462,-0.19422,-0.03806,1.21219,0,0,51943
258.075000,411.452328,7.38463,-30.20985,-22.58110,-0.19130,-0.03538,1.19609,0,0,51944
258.080000,411.467530,4.57725,-30.69809,-23.67964,-0.18959,-0.03611,1.17779,0,0,51945
258.085000,411.467530,0.73236,-31.12530,-25.38848,-0.18812,-0.03806,1.15876,0,0,51946
258.090000,411.467530,-2.25811,-31.67457,-26.85320,-0.18837,-0.04148,1.14168,0,0,51947
258.095000,411.482580,-4.45519,-32.52899,-28.56204,-0.18568,-0.04392,1.11801,0,0,51948
258.100000,411.482580,-6.53021,-33.99371,-31.24736,-0.17836,-0.04636,1.09044,0,0,51949
258.105000,411.482580,-7.87287,-34.66504,-33.44444,-0.16665,-0.04856,1.06018,0,0,51950
258.110000,411.497533,-9.21553,-34.84813,-35.51946,-0.15689,-0.04807,1.03212,0,0,51951
258.115000,411.497533,-10.49716,-34.78710,-37.65551,-0.14567,-0.04343,1.00455,0,0,51952
258.120000,411.497533,-11.47364,-34.90916,-39.79156,-0.13542,-0.03636,0.97527,0,0,51953
258.125000,411.512503,-12.14497,-35.39740,-41.80555,-0.12420,-0.02879,0.94770,0,0,51954
258.130000,411.512503,-12.08394,-35.64152,-44.42984,-0.11322,-0.01659,0.91793,0,0,51955
258.135000,411.512503,-11.65673,-35.27534,-46.44383,-0.10443,-0.00171,0.89499,0,0,51956
258.140000,411.527210,-11.22952,-34.29886,-48.51885,-0.09565,0.01806,0.87547,0,0,51957
258.145000,411.527210,-10.98540,-33.01723,-50.65490,-0.08345,0.04002,0.85912,0,0,51958
258.150000,411.527210,-11.22952,-31.67457,-52.54683,-0.06832,0.06100,0.84814,0,0,51959
258.155000,411.542161,-11.83982,-30.27088,-54.13361,-0.05051,0.08613,0.83960,0,0,51960
258.160000,411.542161,-12.14497,-28.80616,-55.53730,-0.03050,0.11541,0.83058,0,0,51961
258.165000,411.542161,-11.83982,-27.52453,-56.08657,-0.01488,0.15079,0.82399,0,0,51962
258.170000,411.557124,-11.59570,-25.51054,-55.72039,-0.00756,0.18568,0.82521,0,0,51963
258.175000,411.557124,-10.86334,-23.43552,-54.92700,-0.00366,0.21789,0.83033,0,0,51964
258.180000,411.557124,-9.15450,-21.78771,-54.01155,-0.00049,0.25181,0.83497,0,0,51965
258.185000,411.572519,-7.44566,-21.29947,-52.79095,0.00732,0.28353,0.83741,0,0,51966
258.190000,411.572519,-5.67579,-20.81123,-51.08211,0.01952,0.31769,0.83960,0,0,51967
258.195000,411.572519,-3.60077,-20.20093,-48.88503,0.03392,0.34794,0.84253,0,0,51968
258.200000,411.587226,-1.58678,-18.98033,-45.52838,0.05051,0.37454,0.84351,0,0,51969
258.205000,411.587226,0.06103,-16.66119,-39.79156,0.06515,0.39870,0.85132,0,0,51970
258.210000,411.587226,0.67133,-15.01338,-35.09225,0.07344,0.41114,0.86181,0,0,51971
258.215000,411.602369,0.97648,-13.97587,-30.75912,0.07784,0.41748,0.87181,0,0,51972
258.220000,411.602369,1.15957,-13.42660,-26.79217,0.07930,0.41529,0.87889,0,0,51973
258.225000,411.602369,1.46472,-12.93836,-22.64213,0.07832,0.40626,0.88401,0,0,51974
258.230000,411.617288,2.01399,-12.75527,-19.83475,0.07979,0.39235,0.88767,0,0,51975
258.235000,411.617288,2.68532,-12.75527,-17.63767,0.08125,0.37722,0.88865,0,0,51976
258.240000,411.617288,3.41768,-13.06042,-15.98986,0.08369,0.36332,0.88792,0,0,51977
258.245000,411.632248,3.90592,-13.36557,-15.01338,0.08345,0.35331,0.88548,0,0,51978
258.250000,411.632248,4.15004,-13.60969,-14.83029,0.08369,0.34648,0.88157,0,0,51979
258.255000,411.632248,3.90592,-13.85381,-15.19647,0.08491,0.34282,0.87352,0,0,51980
258.260000,411.662442,3.41768,-13.91484,-15.37956,0.08589,0.34087,0.86352,0,0,51981
258.265000,411.662442,2.80738,-13.67072,-15.31853,0.08589,0.34062,0.85254,0,0,51982
258.270000,411.662442,2.13605,-13.06042,-15.25750,0.08394,0.34160,0.84351,0,0,51983
258.275000,411.663434,1.34266,-12.08394,-15.07441,0.08125,0.34380,0.83546,0,0,51984
258.280000,411.663434,0.61030,-10.92437,-15.01338,0.08174,0.34355,0.82667,0,0,51985
258.285000,411.663434,0.61030,-9.88686,-14.83029,0.08930,0.34014,0.82082,0,0,51986
258.290000,411.677289,0.36618,-8.36111,-14.40308,0.09565,0.33940,0.81911,0,0,51987
258.295000,411.677289,-0.18309,-6.89639,-13.73175,0.09638,0.34306,0.82521,0,0,51988
258.300000,411.677289,-0.18309,-5.55373,-12.87733,0.09296,0.34819,0.83058,0,0,51989
258.305000,411.692230,-0.12206,-4.21107,-11.59570,0.08979,0.35429,0.83326,0,0,51990
258.310000,411.692230,-0.36618,-2.80738,-9.94789,0.08686,0.35478,0.84302,0,0,51991
258.315000,411.692230,-0.48824,-1.52575,-7.93390,0.08223,0.35282,0.85742,0,0,51992
258.320000,411.707200,-0.12206,-0.85442,-6.40815,0.07759,0.35087,0.86791,0,0,51993
258.325000,411.707200,0.24412,-0.24412,-4.69931,0.07344,0.34892,0.87742,0,0,51994
258.330000,411.707200,0.61030,0.30515,-3.11253,0.06856,0.34624,0.88694,0,0,51995
258.335000,411.722363,1.34266,0.85442,-1.52575,0.06417,0.34209,0.89719,0,0,51996
258.340000,411.722363,2.44120,0.97648,0.00000,0.06295,0.33135,0.90695,0,0,51997
258.345000,411.722363,3.78386,0.91545,1.40369,0.06344,0.31818,0.91427,0,0,51998
258.350000,411.737324,5.24858,0.91545,2.62429,0.06466,0.30207,0.92159,0,0,51999
258.355000,411.737324,6.95742,0.61030,3.84489,0.06466,0.28402,0.92744,0,0,52000
258.360000,411.737324,7.81184,0.24412,4.33313,0.06588,0.26889,0.93232,0,0,52001
258.365000,411.752442,8.05596,-0.12206,4.27210,0.06783,0.25742,0.93476,0,0,52002
258.370000,411.752442,7.68978,-0.18309,3.66180,0.06661,0.25205,0.93598,0,0,52003
258.375000,411.752442,6.53021,0.18309,2.80738,0.05807,0.25522,0.93623,0,0,52004
258.380000,411.767127,5.24858,0.48824,2.01399,0.04856,0.25888,0.93476,0,0,52005
258.385000,411.767127,4.08901,0.54927,1.46472,0.04343,0.26206,0.93281,0,0,52006
258.390000,411.767127,3.96695,0.67133,1.64781,0.04368,0.26059,0.93354,0,0,52007
258.395000,411.782430,4.27210,0.91545,2.50223,0.04416,0.25474,0.93794,0,0,52008
258.400000,411.782430,5.30961,1.28163,3.41768,0.04148,0.24668,0.94306,0,0,52009
258.405000,411.782430,6.04197,1.70884,4.21107,0.04050,0.23717,0.94867,0,0,52010
258.410000,411.797511,6.40815,2.13605,5.00446,0.03880,0.22838,0.95502,0,0,52011
258.415000,411.797511,6.10300,2.50223,5.67579,0.03416,0.22082,0.96234,0,0,52012
258.420000,411.797511,5.06549,2.80738,5.91991,0.02855,0.21496,0.96819,0,0,52013
258.425000,411.812530,3.53974,3.35665,5.85888,0.02098,0.20984,0.97624,0,0,52014
258.430000,411.812530,2.19708,3.72283,5.61476,0.01269,0.20325,0.98210,0,0,52015
258.435000,411.812530,1.95296,3.60077,5.24858,0.01391,0.19593,0.98454,0,0,52016
258.440000,411.827195,2.19708,3.17356,4.88240,0.02025,0.18739,0.98820,0,0,52017
258.445000,411.827195,2.62429,2.68532,4.69931,0.01415,0.18227,0.99381,0,0,52018
258.450000,411.827195,3.41768,2.19708,4.51622,0.00293,0.18105,0.99698,0,0,52019
258.455000,411.842430,5.30961,1.58678,4.15004,0.00171,0.17495,1.00308,0,0,52020
258.460000,411.842430,6.65227,1.28163,3.41768,0.00732,0.16763,1.00967,0,0,52021
258.465000,411.842430,7.20154,0.79339,2.38017,0.00659,0.16568,1.01724,0,0,52022
258.470000,411.872227,7.56772,-0.30515,1.40369,0.00122,0.16714,1.02212,0,0,52023
258.475000,411.872227,7.99493,-1.28163,0.54927,0.00049,0.16909,1.02334,0,0,52024
258.480000,411.872227,8.11699,-2.38017,-0.67133,0.00293,0.17153,1.02309,0,0,52025
258.485000,411.873314,7.93390,-2.92944,-1.46472,0.00610,0.17300,1.02285,0,0,52026
258.490000,411.873314,7.87287,-3.35665,-2.38017,0.00854,0.17324,1.02138,0,0,52027
258.495000,411.873314,7.44566,-3.66180,-3.05150,0.01220,0.17324,1.01675,0,0,52028
258.500000,411.887127,6.53021,-3.66180,-3.41768,0.01488,0.17519,1.01675,0,0,52029
258.505000,411.887127,5.12652,-3.60077,-3.78386,0.01610,0.18056,1.01480,0,0,52030
258.510000,411.887127,3.29562,-3.23459,-3.90592,0.01684,0.18837,1.01187,0,0,52031
258.515000,411.902526,0.67133,-2.56326,-3.78386,0.01830,0.19471,1.00796,0,0,52032
258.520000,411.902526,-2.19708,-1.83090,-3.35665,0.01659,0.19984,1.00235,0,0,52033
258.525000,411.902526,-5.49270,-0.91545,-2.62429,0.01342,0.20203,0.99479,0,0,52034
258.530000,411.917338,-6.83536,-0.54927,-2.01399,0.01586,0.20081,0.98625,0,0,52035
258.535000,411.917338,-6.89639,-0.36618,-1.58678,0.02147,0.19813,0.97990,0,0,52036
258.540000,411.917338,-5.61476,-0.24412,-1.22060,0.02562,0.19447,0.97527,0,0,52037
258.545000,411.932513,-3.47871,-0.18309,-0.54927,0.02464,0.19691,0.96990,0,0,52038
258.550000,411.932513,-0.36618,-0.12206,0.91545,0.02074,0.20203,0.96892,0,0,52039
258.555000,411.932513,2.31914,0.00000,1.89193,0.02464,0.20106,0.97307,0,0,52040
258.560000,411.947522,4.51622,-0.12206,2.19708,0.03026,0.19740,0.97649,0,0,52041
258.565000,411.947522,5.67579,-0.24412,2.25811,0.02611,0.19618,0.98161,0,0,52042
258.570000,411.947522,5.98094,-0.24412,2.38017,0.02001,0.19813,0.98698,0,0,52043
258.575000,411.962217,5.67579,-0.06103,2.13605,0.01952,0.19691,0.99284,0,0,52044
258.580000,411.962217,4.33313,0.79339,1.64781,0.02440,0.19081,0.99918,0,0,52045
258.585000,411.962217,2.31914,1.64781,1.09854,0.02416,0.18666,1.00723,0,0,52046
258.590000,411.977538,-0.06103,2.19708,0.61030,0.02245,0.18324,1.01211,0,0,52047
258.595000,411.977538,-1.89193,2.38017,0.30515,0.02342,0.17934,1.01431,0,0,52048
258.600000,411.977538,-3.17356,2.19708,0.00000,0.02635,0.17300,1.01431,0,0,52049
258.605000,411.992549,-3.84489,1.58678,0.00000,0.02782,0.16909,1.01284,0,0,52050
258.610000,411.992549,-3.78386,0.97648,0.24412,0.02904,0.16665,1.00967,0,0,52051
258.615000,411.992549,-2.80738,0.36618,0.61030,0.03050,0.16714,1.00430,0,0,52052
258.620000,412.007241,-1.46472,-0.36618,0.91545,0.02611,0.16934,1.00235,0,0,52053
258.625000,412.007241,0.48824,-1.28163,0.85442,0.01928,0.17397,1.00040,0,0,52054
258.630000,412.007241,2.31914,-1.76987,0.67133,0.01610,0.17592,0.99820,0,0,52055
258.635000,412.022260,3.53974,-1.89193,0.48824,0.01635,0.17763,0.99601,0,0,52056
258.640000,412.022260,3.96695,-1.64781,0.42721,0.01928,0.17592,0.99601,0,0,52057
258.645000,412.022260,3.60077,-1.28163,0.54927,0.02098,0.17153,0.99820,0,0,52058
258.650000,412.037215,2.62429,-1.03751,0.54927,0.02342,0.16885,0.99772,0,0,52059
258.655000,412.037215,0.97648,-0.42721,0.61030,0.02001,0.16934,0.99845,0,0,52060
258.660000,412.037215,-0.54927,0.12206,0.73236,0.01854,0.16616,0.99967,0,0,52061
258.665000,412.052211,-1.46472,0.30515,0.42721,0.02708,0.15860,0.99747,0,0,52062
258.670000,412.052211,-1.83090,-0.12206,-0.24412,0.03074,0.15226,0.99406,0,0,52063
258.675000,412.052211,-1.70884,-0.79339,-0.97648,0.02513,0.15323,0.98991,0,0,52064
258.680000,412.067209,-0.42721,-1.70884,-1.83090,0.02025,0.15689,0.98454,0,0,52065
258.685000,412.067209,1.22060,-1.89193,-2.68532,0.02538,0.15762,0.97990,0,0,52066
258.690000,412.067209,2.56326,-2.01399,-3.72283,0.03611,0.15933,0.97527,0,0,52067
258.695000,412.082521,3.35665,-2.25811,-4.45519,0.03538,0.16763,0.97454,0,0,52068
258.700000,412.082521,3.17356,-2.62429,-4.57725,0.02904,0.17934,0.97405,0,0,52069
258.705000,412.082521,3.17356,-2.62429,-4.27210,0.03318,0.18593,0.97161,0,0,52070
258.710000,412.097238,2.56326,-2.25811,-4.08901,0.04197,0.19471,0.96746,0,0,52071
258.715000,412.097238,1.40369,-1.46472,-3.78386,0.03880,0.20862,0.96917,0,0,52072
258.720000,412.097238,0.36618,-0.48824,-3.11253,0.03001,0.21911,0.97307,0,0,52073
258.725000,412.112190,-0.30515,0.30515,-2.13605,0.02513,0.22228,0.97649,0,0,52074
258.730000,412.112190,-0.79339,0.79339,-0.85442,0.02538,0.22082,0.97966,0,0,52075
258.735000,412.112190,-1.03751,0.79339,0.00000,0.02586,0.21740,0.98088,0,0,52076
258.740000,412.127208,-1.22060,0.73236,0.73236,0.02611,0.21130,0.98088,0,0,52077
258.745000,412.127208,-1.09854,0.67133,1.15957,0.02586,0.20447,0.98015,0,0,52078
258.750000,412.127208,-0.54927,0.91545,1.46472,0.02562,0.19935,0.97673,0,0,52079
258.755000,412.142192,0.18309,1.09854,1.89193,0.02611,0.19447,0.97307,0,0,52080
258.760000,412.142192,0.36618,1.15957,2.07502,0.02464,0.19130,0.96990,0,0,52081
258.765000,412.142192,0.36618,1.28163,2.19708,0.02147,0.18959,0.96795,0,0,52082
258.770000,412.157539,0.30515,1.76987,2.31914,0.01586,0.18764,0.96966,0,0,52083
258.775000,412.157539,0.30515,2.07502,2.31914,0.01586,0.18666,0.97258,0,0,52084
258.780000,412.157539,0.42721,1.95296,1.95296,0.01562,0.18568,0.97795,0,0,52085
258.785000,412.172502,0.61030,1.83090,1.76987,0.01391,0.18349,0.98332,0,0,52086
258.790000,412.172502,0.85442,1.28163,1.70884,0.01293,0.18105,0.98796,0,0,52087
258.795000,412.172502,1.03751,0.73236,1.58678,0.01244,0.17910,0.99137,0,0,52088
258.800000,412.187527,1.15957,0.18309,1.34266,0.01196,0.17592,0.99186,0,0,52089
258.805000,412.187527,1.28163,-0.12206,1.22060,0.00976,0.17422,0.99162,0,0,52090
258.810000,412.187527,1.03751,-0.36618,0.91545,0.01098,0.16934,0.99040,0,0,52091
258.815000,412.202519,0.79339,-0.30515,0.48824,0.01854,0.16324,0.98722,0,0,52092
258.820000,412.202519,0.18309,-0.24412,0.00000,0.02342,0.16055,0.98064,0,0,52093
258.825000,412.202519,-0.85442,0.24412,-0.30515,0.02220,0.16177,0.97649,0,0,52094
258.830000,412.217245,-1.40369,1.03751,-0.12206,0.02123,0.15982,0.97551,0,0,52095
258.835000,412.217245,-1.46472,1.83090,0.12206,0.02318,0.15689,0.97795,0,0,52096
258.840000,412.217245,-0.91545,2.13605,0.12206,0.02098,0.15933,0.98600,0,0,52097
258.845000,412.232524,-0.24412,2.01399,0.06103,0.01391,0.16519,0.99308,0,0,52098
258.850000,412.232524,0.61030,1.46472,-0.06103,0.00610,0.17422,0.99747,0,0,52099
258.855000,412.232524,1.09854,1.09854,-0.24412,0.00659,0.17910,0.99698,0,0,52100
258.860000,412.247407,0.79339,1.09854,-0.48824,0.01025,0.18154,0.99552,0,0,52101
258.865000,412.247407,0.00000,1.22060,-0.61030,0.01293,0.18398,0.99772,0,0,52102
258.870000,412.247407,-0.91545,1.70884,-0.48824,0.01098,0.18593,1.00138,0,0,52103
258.875000,412.262370,-1.34266,1.83090,-0.36618,0.00756,0.18642,1.00504,0,0,52104
258.880000,412.262370,-1.76987,1.64781,-0.36618,0.00586,0.18520,1.00674,0,0,52105
258.885000,412.262370,-1.76987,1.22060,-0.79339,0.00708,0.18495,1.00674,0,0,52106
258.890000,412.277553,-1.70884,0.36618,-0.85442,0.00878,0.18520,1.00504,0,0,52107
258.895000,412.277553,-1.46472,-0.24412,-0.97648,0.01122,0.18520,1.00089,0,0,52108
258.900000,412.277553,-1.15957,-0.42721,-0.79339,0.01220,0.18495,0.99528,0,0,52109
258.905000,412.292520,-0.97648,-0.30515,-0.48824,0.01342,0.18544,0.99186,0,0,52110
258.910000,412.292520,-0.61030,-0.42721,-0.30515,0.01464,0.18373,0.98722,0,0,52111
258.915000,412.292520,-0.24412,-0.54927,-0.12206,0.01610,0.18154,0.98039,0,0,52112
258.920000,412.307298,0.06103,-0.61030,0.06103,0.01610,0.17910,0.97795,0,0,52113
258.925000,412.307298,0.48824,-0.73236,0.36618,0.01610,0.17641,0.97283,0,0,52114
258.930000,412.307298,1.03751,-0.85442,0.61030,0.01440,0.17251,0.96917,0,0,52115
258.935000,412.322192,1.89193,-1.03751,0.67133,0.01342,0.16763,0.96917,0,0,52116
258.940000,412.322192,2.99047,-1.09854,0.42721,0.02147,0.16397,0.97039,0,0,52117
258.945000,412.322192,3.96695,-1.03751,0.12206,0.02855,0.16324,0.97258,0,0,52118
258.950000,412.337428,4.57725,-0.97648,-0.18309,0.02904,0.16665,0.97527,0,0,52119
258.955000,412.337428,4.57725,-0.61030,-0.30515,0.02440,0.17202,0.97917,0,0,52120
258.960000,412.337428,3.84489,0.12206,-0.18309,0.02147,0.17788,0.98283,0,0,52121
258.965000,412.352146,2.56326,1.09854,0.12206,0.02050,0.18324,0.98844,0,0,52122
258.970000,412.352146,1.34266,2.19708,0.24412,0.02367,0.18202,0.99894,0,0,52123
258.975000,412.352146,-0.06103,3.11253,0.48824,0.02513,0.17763,1.00552,0,0,52124
258.980000,412.367508,-0.48824,2.92944,0.54927,0.02245,0.17617,1.00870,0,0,52125
258.985000,412.367508,-0.79339,2.62429,0.36618,0.01440,0.17373,1.01431,0,0,52126
258.990000,412.367508,-0.67133,2.38017,-0.18309,0.00878,0.17178,1.01772,0,0,52127
258.995000,412.382517,-0.30515,2.01399,-1.28163,0.00854,0.17373,1.01992,0,0,52128
259.000000,412.382517,0.06103,1.40369,-1.70884,0.01025,0.17910,1.02041,0,0,52129
259.005000,412.382517,0.30515,0.91545,-1.64781,0.00927,0.18788,1.01724,0,0,52130
259.010000,412.397540,0.36618,0.61030,-1.22060,0.00805,0.19618,1.01236,0,0,52131
259.015000,412.397540,0.24412,0.30515,-0.48824,0.00561,0.19910,1.00674,0,0,52132
259.020000,412.397540,0.18309,0.12206,0.12206,0.00488,0.19837,1.00113,0,0,52133
259.025000,412.412223,0.12206,0.12206,0.48824,0.00512,0.19398,0.99674,0,0,52134
259.030000,412.412223,0.18309,0.00000,0.42721,0.00805,0.18812,0.99210,0,0,52135
259.035000,412.412223,0.30515,-0.06103,0.18309,0.01196,0.17983,0.98844,0,0,52136
259.040000,412.427173,0.54927,-0.12206,0.06103,0.01659,0.17422,0.98625,0,0,52137
259.045000,412.427173,1.22060,0.12206,-0.18309,0.02147,0.16958,0.98625,0,0,52138
259.050000,412.427173,1.46472,0.36618,-0.24412,0.02196,0.17104,0.98918,0,0,52139
259.055000,412.442205,1.64781,0.48824,-0.24412,0.01610,0.17934,0.99479,0,0,52140
259.060000,412.442205,1.52575,0.61030,-0.30515,0.01293,0.18715,1.00113,0,0,52141
259.065000,412.442205,0.97648,0.73236,-0.36618,0.01147,0.19252,1.00626,0,0,52142
259.065000,412.457393,0.30515,0.85442,-0.24412,0.00830,0.19593,1.00943,0,0,52143
259.070000,412.457393,-0.67133,0.91545,0.30515,0.00244,0.20008,1.01236,0,0,52144
259.075000,412.457393,-0.67133,0.97648,0.91545,0.00927,0.19471,1.01089,0,0,52145
259.080000,412.472366,-0.54927,1.15957,1.58678,0.01952,0.18593,1.00796,0,0,52146
259.085000,412.472366,-1.03751,1.22060,2.25811,0.01366,0.18056,1.01040,0,0,52147
259.090000,412.472366,-0.85442,0.67133,2.44120,0.00854,0.17836,1.00845,0,0,52148
259.095000,412.487115,-0.54927,0.36618,2.44120,0.00878,0.17617,1.00577,0,0,52149
259.100000,412.487115,-0.73236,0.54927,2.07502,0.00927,0.17202,1.00552,0,0,52150
259.105000,412.487115,-1.15957,0.61030,1.40369,0.00732,0.16812,1.00601,0,0,52151
259.110000,412.502247,-2.01399,0.54927,0.67133,0.00610,0.16494,1.00626,0,0,52152
259.115000,412.502247,-3.17356,0.73236,0.12206,0.00390,0.16250,1.00772,0,0,52153
259.120000,412.502247,-4.15004,1.09854,-0.54927,0.00146,0.15811,1.01065,0,0,52154
259.125000,412.517266,-4.27210,1.09854,-1.34266,0.00342,0.15323,1.01406,0,0,52155
259.130000,412.517266,-3.90592,0.73236,-1.89193,0.00659,0.15152,1.01577,0,0,52156
259.135000,412.517266,-2.99047,0.06103,-2.38017,0.00683,0.15128,1.01846,0,0,52157
259.140000,412.532248,-1.58678,-0.73236,-2.92944,0.00732,0.15274,1.01821,0,0,52158
259.145000,412.532248,0.06103,-1.64781,-3.47871,0.01147,0.15616,1.01528,0,0,52159
259.150000,412.532248,1.58678,-2.62429,-4.02798,0.01342,0.16348,1.01284,0,0,52160
259.155000,412.547258,2.38017,-2.92944,-4.27210,0.01464,0.17348,1.01260,0,0,52161
259.160000,412.547258,2.86841,-3.17356,-4.08901,0.01366,0.18349,1.01162,0,0,52162
259.165000,412.547258,2.74635,-3.47871,-3.78386,0.01464,0.19276,1.01236,0,0,52163
259.170000,412.562190,1.89193,-3.23459,-3.35665,0.01464,0.19715,1.01309,0,0,52164
259.175000,412.562190,0.79339,-2.62429,-3.23459,0.01488,0.19813,1.01187,0,0,52165
259.180000,412.562190,-0.61030,-2.01399,-2.99047,0.01708,0.19984,1.00626,0,0,52166
259.185000,412.577571,-1.95296,-1.46472,-2.62429,0.01903,0.20203,0.99625,0,0,52167
259.190000,412.577571,-3.29562,-0.91545,-1.70884,0.01903,0.20057,0.99406,0,0,52168
259.195000,412.577571,-4.02798,-0.54927,-1.03751,0.01757,0.19862,0.99137,0,0,52169
259.200000,412.592232,-3.72283,-0.48824,-0.67133,0.01879,0.19740,0.98552,0,0,52170
259.205000,412.592232,-3.17356,-0.67133,-0.67133,0.01879,0.19569,0.97917,0,0,52171
259.210000,412.592232,-2.74635,-0.67133,-0.42721,0.02025,0.19276,0.97136,0,0,52172
259.215000,412.607539,-2.01399,-0.67133,-0.42721,0.02220,0.18959,0.96819,0,0,52173
259.220000,412.607539,-1.15957,-0.48824,-0.36618,0.02245,0.18642,0.96795,0,0,52174
259.225000,412.607539,-0.67133,-0.30515,-0.61030,0.02391,0.18495,0.96746,0,0,52175
259.230000,412.622196,-0.79339,0.00000,-0.97648,0.02733,0.18373,0.96746,0,0,52176
259.235000,412.622196,-1.28163,0.36618,-1.15957,0.02757,0.18398,0.97185,0,0,52177
259.240000,412.622196,-1.83090,0.48824,-1.28163,0.02660,0.18617,0.97576,0,0,52178
259.245000,412.637232,-2.25811,0.48824,-1.40369,0.02513,0.19008,0.97795,0,0,52179
259.250000,412.637232,-2.92944,0.67133,-1.58678,0.02464,0.19203,0.98064,0,0,52180
259.255000,412.637232,-3.29562,0.97648,-1.76987,0.02318,0.19105,0.98283,0,0,52181
259.260000,412.652195,-3.35665,0.91545,-1.52575,0.02098,0.18934,0.98454,0,0,52182
259.265000,412.652195,-2.99047,0.48824,-1.15957,0.02074,0.18739,0.98649,0,0,52183
259.270000,412.652195,-1.76987,-0.61030,-0.61030,0.02147,0.18495,0.98454,0,0,52184
259.275000,412.667353,-0.24412,-1.28163,-0.24412,0.02196,0.18129,0.98112,0,0,52185
259.280000,412.667353,1.28163,-1.34266,0.12206,0.02123,0.17592,0.97942,0,0,52186
259.285000,412.667353,2.68532,-1.58678,0.67133,0.02074,0.17226,0.97893,0,0,52187
259.290000,412.682551,3.96695,-1.95296,0.73236,0.01830,0.17178,0.97527,0,0,52188
259.295000,412.682551,4.27210,-2.19708,0.79339,0.01830,0.17251,0.96868,0,0,52189
259.300000,412.682551,4.15004,-1.89193,0.61030,0.02147,0.17056,0.96624,0,0,52190
259.305000,412.697259,3.41768,-0.97648,0.48824,0.02269,0.16934,0.96575,0,0,52191
259.310000,412.697259,2.38017,0.18309,0.54927,0.02025,0.16860,0.96917,0,0,52192
259.315000,412.697259,1.28163,1.03751,0.79339,0.01854,0.16787,0.97356,0,0,52193
259.320000,412.712218,0.30515,1.64781,0.79339,0.01928,0.16519,0.97893,0,0,52194
259.325000,412.712218,-0.79339,1.64781,0.18309,0.01781,0.16568,0.98283,0,0,52195
259.330000,412.712218,-1.70884,1.83090,-0.36618,0.01318,0.16738,0.98698,0,0,52196
259.335000,412.727151,-2.31914,2.07502,-0.85442,0.01562,0.16714,0.98844,0,0,52197
259.340000,412.727151,-2.62429,1.95296,-1.22060,0.02147,0.16714,0.98869,0,0,52198
259.345000,412.727151,-2.25811,1.22060,-1.64781,0.02196,0.17300,0.98893,0,0,52199
259.350000,412.742215,-1.58678,0.42721,-1.83090,0.02025,0.18056,0.98844,0,0,52200
259.355000,412.742215,-0.67133,0.00000,-1.58678,0.01976,0.18739,0.98625,0,0,52201
259.360000,412.742215,0.18309,-0.18309,-1.09854,0.02123,0.19349,0.98527,0,0,52202
259.365000,412.757245,0.97648,-0.06103,-0.42721,0.02245,0.20008,0.98308,0,0,52203
259.370000,412.757245,1.64781,0.24412,0.91545,0.02440,0.20350,0.98234,0,0,52204
259.375000,412.757245,1.46472,0.67133,2.01399,0.02513,0.20106,0.98576,0,0,52205
259.380000,412.772196,1.03751,1.22060,3.05150,0.02269,0.19447,0.99308,0,0,52206
259.385000,412.772196,0.24412,1.64781,3.60077,0.01781,0.18544,1.00186,0,0,52207
259.390000,412.772196,-0.61030,1.95296,3.84489,0.01318,0.17568,1.00992,0,0,52208
259.395000,412.787269,-1.40369,1.70884,3.29562,0.01000,0.16690,1.01358,0,0,52209
259.400000,412.787269,-1.76987,1.15957,2.56326,0.00830,0.15836,1.01333,0,0,52210
259.405000,412.787269,-1.40369,0.18309,1.52575,0.00781,0.15201,1.00821,0,0,52211
259.410000,412.802296,-0.73236,-0.36618,0.61030,0.00756,0.14738,1.00260,0,0,52212
259.415000,412.802296,0.12206,-0.61030,-0.18309,0.00878,0.14494,0.99796,0,0,52213
259.420000,412.802296,1.15957,-1.15957,-1.46472,0.01220,0.14591,0.98893,0,0,52214
259.425000,412.817212,1.34266,-1.22060,-2.19708,0.01464,0.15104,0.98112,0,0,52215
259.430000,412.817212,0.97648,-0.85442,-2.62429,0.01464,0.15811,0.97893,0,0,52216
259.435000,412.817212,0.30515,-0.24412,-2.99047,0.01415,0.16446,0.97893,0,0,52217
259.440000,412.832124,-0.54927,0.24412,-3.23459,0.01464,0.17153,0.97966,0,0,52218
259.445000,412.832124,-1.83090,0.67133,-3.47871,0.01293,0.17983,0.97917,0,0,52219
259.450000,412.832124,-2.56326,0.97648,-3.47871,0.01025,0.18788,0.98186,0,0,52220
259.455000,412.847165,-3.17356,1.09854,-3.35665,0.01049,0.19300,0.98430,0,0,52221
259.460000,412.847165,-3.41768,1.09854,-3.11253,0.01488,0.19471,0.98210,0,0,52222
259.465000,412.847165,-3.05150,0.79339,-2.44120,0.01928,0.19447,0.97917,0,0,52223
259.470000,412.862230,-2.50223,0.79339,-1.64781,0.01903,0.19496,0.97820,0,0,52224
259.475000,412.862230,-1.40369,0.79339,-0.61030,0.01659,0.19544,0.97698,0,0,52225
259.480000,412.862230,-0.42721,0.48824,-0.18309,0.01732,0.19349,0.97600,0,0,52226
259.485000,412.877224,0.06103,0.06103,0.06103,0.02050,0.19178,0.96990,0,0,52227
259.490000,412.877224,-0.79339,0.73236,0.00000,0.01854,0.18959,0.96551,0,0,52228
259.495000,412.877224,-2.38017,1.40369,-0.42721,0.01635,0.18593,0.96282,0,0,52229
259.500000,412.892750,-3.05150,1.95296,-0.91545,0.01708,0.18373,0.96136,0,0,52230
259.505000,412.892750,-3.29562,2.25811,-1.15957,0.01586,0.18422,0.96234,0,0,52231
259.510000,412.892750,-2.62429,2.31914,-1.03751,0.01415,0.18544,0.96478,0,0,52232
259.515000,412.907164,-1.22060,2.01399,-0.67133,0.01342,0.18739,0.96648,0,0,52233
259.520000,412.907164,0.79339,1.64781,-0.30515,0.01488,0.18788,0.97014,0,0,52234
259.525000,412.907164,2.31914,1.34266,0.18309,0.01757,0.18642,0.97502,0,0,52235
259.530000,412.922170,3.35665,1.22060,0.85442,0.01928,0.18617,0.98112,0,0,52236
259.535000,412.922170,3.66180,1.28163,1.64781,0.01732,0.18715,0.98893,0,0,52237
259.540000,412.922170,3.35665,1.64781,2.31914,0.01562,0.18642,0.99503,0,0,52238
259.545000,412.937210,2.50223,2.31914,2.74635,0.01659,0.18227,1.00186,0,0,52239
259.550000,412.937210,1.22060,3.11253,2.74635,0.01732,0.17592,1.01065,0,0,52240
259.555000,412.937210,0.12206,3.47871,2.31914,0.01464,0.16982,1.02187,0,0,52241
259.560000,412.952102,-0.85442,3.29562,1.89193,0.01049,0.16568,1.03017,0,0,52242
259.565000,412.952102,-1.09854,2.80738,1.28163,0.00903,0.16446,1.03310,0,0,52243
259.570000,412.952102,-0.85442,2.13605,0.73236,0.00878,0.16397,1.03383,0,0,52244
259.575000,412.967199,-0.36618,1.52575,0.30515,0.00854,0.16324,1.03310,0,0,52245
259.580000,412.967199,0.06103,0.61030,0.06103,0.00830,0.16299,1.02724,0,0,52246
259.585000,412.967199,0.24412,0.06103,0.00000,0.00659,0.16616,1.01577,0,0,52247
259.590000,412.982118,0.06103,0.06103,0.24412,0.00390,0.17080,1.00601,0,0,52248
259.595000,412.982118,-0.48824,0.67133,0.36618,0.00146,0.17324,0.99772,0,0,52249
259.600000,412.982118,-0.79339,1.15957,0.42721,0.00049,0.17275,0.99210,0,0,52250
259.605000,412.997031,-1.03751,1.46472,0.61030,0.00024,0.17153,0.99235,0,0,52251
259.610000,412.997031,-1.09854,1.83090,0.85442,-0.00122,0.16787,0.99674,0,0,52252
259.615000,412.997031,-0.67133,1.95296,0.97648,0.00073,0.16397,1.00040,0,0,52253
259.620000,413.012113,-0.18309,1.83090,1.03751,0.00415,0.15884,1.00504,0,0,52254
259.625000,413.012113,0.24412,1.34266,0.91545,0.00415,0.15518,1.01187,0,0,52255
259.630000,413.012113,0.67133,0.73236,0.36618,0.00146,0.15592,1.01504,0,0,52256
259.635000,413.027187,0.61030,0.36618,-0.42721,-0.00098,0.15982,1.01650,0,0,52257
259.640000,413.027187,0.12206,0.36618,-1.22060,-0.00122,0.16299,1.01553,0,0,52258
259.645000,413.027187,-0.48824,0.79339,-1.64781,0.00098,0.16616,1.01480,0,0,52259
259.650000,413.042058,-1.03751,0.91545,-1.40369,-0.00049,0.16958,1.01528,0,0,52260
259.655000,413.042058,-1.28163,0.42721,-1.03751,-0.00244,0.17178,1.01406,0,0,52261
259.660000,413.042058,-0.97648,-0.12206,-0.73236,-0.00366,0.17397,1.01187,0,0,52262
259.665000,413.057125,-0.42721,-0.36618,-0.36618,-0.00293,0.17348,1.00943,0,0,52263
259.670000,413.057125,0.36618,-0.18309,0.06103,-0.00122,0.16958,1.00748,0,0,52264
259.675000,413.057125,0.73236,-0.30515,0.36618,-0.00122,0.16641,1.00577,0,0,52265
259.680000,413.072160,1.15957,-0.91545,0.42721,-0.00073,0.16177,1.00382,0,0,52266
259.685000,413.072160,1.64781,-1.52575,0.18309,0.00317,0.15884,0.99967,0,0,52267
259.690000,413.072160,1.83090,-1.76987,-0.54927,0.00781,0.15762,0.99454,0,0,52268
259.695000,413.087105,1.34266,-1.40369,-1.34266,0.00976,0.15933,0.99454,0,0,52269
259.700000,413.087105,0.61030,-1.15957,-1.95296,0.00952,0.16275,0.99576,0,0,52270
259.705000,413.087105,-0.24412,-0.85442,-2.56326,0.00878,0.16616,0.99772,0,0,52271
259.710000,413.102174,-0.79339,-0.79339,-3.17356,0.00927,0.17080,1.00138,0,0,52272
259.715000,413.102174,-1.40369,-0.79339,-3.47871,0.01025,0.17812,1.00260,0,0,52273
259.720000,413.102174,-2.19708,-0.91545,-3.72283,0.01098,0.18544,1.00430,0,0,52274
259.725000,413.117231,-2.44120,-0.97648,-3.66180,0.01122,0.19032,1.00504,0,0,52275
259.730000,413.117231,-2.19708,-1.22060,-3.53974,0.01391,0.19422,1.00504,0,0,52276
259.735000,413.117231,-1.46472,-1.40369,-3.29562,0.01440,0.19764,1.00308,0,0,52277
259.740000,413.132149,-0.54927,-1.64781,-2.99047,0.01464,0.19935,0.99991,0,0,52278
259.745000,413.132149,0.67133,-2.13605,-2.38017,0.01732,0.19886,0.99552,0,0,52279
259.750000,413.132149,1.34266,-2.19708,-2.19708,0.02147,0.19618,0.98966,0,0,52280
259.755000,413.147173,1.89193,-2.13605,-1.89193,0.02391,0.19618,0.98137,0,0,52281
259.760000,413.147173,2.13605,-1.76987,-1.28163,0.02440,0.19910,0.97698,0,0,52282
259.765000,413.147173,1.70884,-1.03751,-0.30515,0.02123,0.20179,0.97893,0,0,52283
259.770000,413.162161,0.79339,-0.42721,0.30515,0.01635,0.20374,0.98308,0,0,52284
259.775000,413.162161,-0.67133,0.18309,0.48824,0.01171,0.20276,0.98552,0,0,52285
259.780000,413.162161,-2.01399,0.54927,0.30515,0.01049,0.20130,0.98576,0,0,52286
259.785000,413.177123,-3.23459,0.73236,0.18309,0.01196,0.19837,0.98966,0,0,52287
259.790000,413.177123,-3.96695,0.73236,0.00000,0.01464,0.19422,0.99162,0,0,52288
259.795000,413.177123,-4.08901,0.61030,-0.30515,0.01708,0.19154,0.98918,0,0,52289
259.800000,413.192072,-4.15004,0.48824,-0.61030,0.01952,0.18861,0.98625,0,0,52290
259.805000,413.192072,-4.27210,0.61030,-0.85442,0.02196,0.18788,0.98161,0,0,52291
259.810000,413.192072,-4.63828,1.15957,-1.09854,0.01610,0.19105,0.97820,0,0,52292
259.815000,413.207162,-4.51622,1.58678,-1.03751,0.00854,0.19471,0.97746,0,0,52293
259.820000,413.207162,-2.62429,1.09854,-0.54927,0.00976,0.19569,0.97673,0,0,52294
259.825000,413.207162,-0.48824,0.61030,-0.12206,0.01244,0.19496,0.97990,0,0,52295
259.830000,413.222162,2.19708,0.12206,0.54927,0.01244,0.19227,0.98649,0,0,52296
259.835000,413.222162,5.49270,-0.42721,1.40369,0.01318,0.18617,0.99406,0,0,52297
259.840000,413.222162,8.72729,-1.22060,2.13605,0.01659,0.17958,1.00089,0,0,52298
259.845000,413.237197,12.08394,-2.44120,2.86841,0.01781,0.17470,1.00674,0,0,52299
259.850000,413.237197,14.28102,-3.35665,3.35665,0.01562,0.17080,1.01333,0,0,52300
259.855000,413.237197,15.68471,-4.27210,3.60077,0.01220,0.16958,1.01870,0,0,52301
259.860000,413.252157,15.98986,-4.63828,3.66180,0.00952,0.16836,1.02236,0,0,52302
259.865000,413.252157,15.19647,-4.63828,3.60077,0.01196,0.16885,1.02651,0,0,52303
259.870000,413.252157,12.75527,-4.08901,3.17356,0.01342,0.17129,1.02382,0,0,52304
259.875000,413.267230,9.88686,-3.60077,3.35665,0.01586,0.17568,1.01382,0,0,52305
259.880000,413.267230,6.59124,-2.62429,4.02798,0.01537,0.17714,1.00894,0,0,52306
259.885000,413.267230,3.41768,-1.52575,4.33313,0.00976,0.17251,1.00845,0,0,52307
259.890000,413.282161,0.97648,-1.15957,3.53974,0.00781,0.16909,1.00235,0,0,52308
259.895000,413.282161,-0.61030,-1.28163,2.50223,0.00683,0.16763,0.99210,0,0,52309
259.900000,413.282161,-2.13605,-1.52575,1.46472,0.00805,0.16934,0.98430,0,0,52310
259.905000,413.297160,-2.99047,-1.34266,0.36618,0.01025,0.17129,0.97893,0,0,52311
259.910000,413.297160,-2.99047,-1.28163,-0.67133,0.01488,0.17422,0.97551,0,0,52312
259.915000,413.297160,-2.31914,-1.46472,-1.52575,0.01757,0.17885,0.97258,0,0,52313
259.920000,413.312065,-1.40369,-1.52575,-1.89193,0.01854,0.18788,0.96770,0,0,52314
259.925000,413.312065,-0.36618,-1.64781,-1.95296,0.01684,0.19910,0.96502,0,0,52315
259.930000,413.312065,0.67133,-1.76987,-1.89193,0.01537,0.20886,0.96429,0,0,52316
259.935000,413.327160,1.52575,-1.52575,-1.95296,0.01610,0.21570,0.96478,0,0,52317
259.940000,413.327160,1.89193,-0.85442,-1.95296,0.01879,0.21984,0.96697,0,0,52318
259.945000,413.327160,1.46472,-0.18309,-1.76987,0.02172,0.22302,0.97039,0,0,52319
259.950000,413.342202,0.54927,0.18309,-1.46472,0.02611,0.22546,0.97405,0,0,52320
259.955000,413.342202,-0.54927,0.42721,-0.85442,0.02830,0.22521,0.97746,0,0,52321
259.960000,413.342202,-1.52575,0.61030,-0.18309,0.02830,0.22350,0.97722,0,0,52322
259.965000,413.358836,-2.25811,0.73236,0.36618,0.02928,0.22131,0.97380,0,0,52323
259.970000,413.358836,-2.74635,1.15957,1.15957,0.03099,0.21594,0.96941,0,0,52324
259.975000,413.358836,-2.80738,1.46472,1.70884,0.03465,0.21228,0.96380,0,0,52325
259.980000,413.372111,-2.92944,1.70884,2.86841,0.03733,0.21082,0.95843,0,0,52326
259.985000,413.372111,-2.74635,2.01399,3.84489,0.03977,0.21057,0.95209,0,0,52327
259.990000,413.372111,-2.56326,2.38017,4.33313,0.03806,0.21155,0.94550,0,0,52328
259.995000,413.387122,-2.80738,3.05150,4.57725,0.03367,0.21179,0.94013,0,0,52329
260.000000,413.387122,-3.17356,3.23459,4.39416,0.03367,0.21057,0.93476,0,0,52330
260.005000,413.387122,-3.84489,3.23459,3.96695,0.04026,0.20935,0.92720,0,0,52331
260.010000,413.402186,-5.67579,3.84489,3.60077,0.03953,0.21228,0.92281,0,0,52332
260.015000,413.402186,-8.66626,5.18755,3.11253,0.03270,0.21521,0.92427,0,0,52333
260.020000,413.402186,-10.06995,5.91991,2.50223,0.03367,0.21667,0.92183,0,0,52334
260.025000,413.417073,-10.68025,6.22506,1.83090,0.03806,0.21984,0.92012,0,0,52335
260.030000,413.417073,-10.55819,6.34712,1.52575,0.04221,0.22692,0.92305,0,0,52336
260.035000,413.417073,-9.52068,6.28609,1.64781,0.04782,0.23595,0.92427,0,0,52337
260.040000,413.432189,-7.87287,6.04197,1.95296,0.05222,0.24424,0.92281,0,0,52338
260.045000,413.432189,-5.00446,5.43167,2.92944,0.05368,0.25400,0.92232,0,0,52339
260.050000,413.432189,-1.34266,4.39416,4.27210,0.04880,0.26279,0.92183,0,0,52340
260.055000,413.447092,3.35665,3.17356,5.91991,0.04368,0.27108,0.92086,0,0,52341
260.060000,413.447092,8.42214,2.07502,7.81184,0.04050,0.27548,0.92305,0,0,52342
260.065000,413.447092,12.93836,1.40369,9.64274,0.04197,0.27645,0.92525,0,0,52343
260.070000,413.462175,15.74574,0.97648,11.10746,0.04734,0.27523,0.92647,0,0,52344
260.075000,413.462175,16.23398,0.85442,12.38909,0.04978,0.27645,0.92256,0,0,52345
260.080000,413.462175,13.67072,1.40369,13.18248,0.05051,0.28255,0.91671,0,0,52346
260.085000,413.477158,9.15450,2.86841,13.85381,0.05100,0.28719,0.91134,0,0,52347
260.090000,413.477158,2.74635,5.61476,13.42660,0.05490,0.28743,0.90426,0,0,52348
260.095000,413.477158,-2.13605,7.50669,12.69424,0.05734,0.28548,0.89280,0,0,52349
260.100000,413.492058,-6.65227,8.54420,12.02291,0.06149,0.28231,0.88011,0,0,52350
260.105000,413.492058,-10.00892,9.09347,11.35158,0.07027,0.28206,0.86132,0,0,52351
260.110000,413.492058,-11.90085,9.09347,9.94789,0.08101,0.28865,0.84497,0,0,52352
260.115000,413.507039,-12.87733,8.05596,7.50669,0.09443,0.29817,0.82716,0,0,52353
260.120000,413.507039,-10.43613,5.55373,3.53974,0.11297,0.31720,0.79764,0,0,52354
260.125000,413.507039,-5.37064,3.05150,0.85442,0.13493,0.34819,0.76982,0,0,52355
260.130000,413.522086,0.24412,0.12206,-0.73236,0.15592,0.39016,0.74493,0,0,52356
260.135000,413.522086,5.55373,-3.47871,-2.07502,0.17153,0.44262,0.71102,0,0,52357
260.140000,413.522086,12.02291,-7.75081,-4.08901,0.18373,0.50972,0.66026,0,0,52358
260.145000,413.537002,16.53913,-9.64274,-4.82137,0.19740,0.58682,0.60780,0,0,52359
260.150000,413.537002,20.13990,-9.52068,-4.02798,0.21692,0.65758,0.56364,0,0,52360
260.155000,413.537002,22.70316,-7.01845,-1.70884,0.22887,0.73200,0.53314,0,0,52361
260.160000,413.552037,24.22891,-2.44120,2.50223,0.23351,0.80105,0.51630,0,0,52362
260.165000,413.552037,25.02230,4.02798,9.39862,0.22838,0.85937,0.49044,0,0,52363
260.170000,413.552037,24.35097,13.42660,20.56711,0.20423,0.89621,0.46311,0,0,52364
260.175000,413.567104,20.56711,21.05535,31.91869,0.17568,0.90353,0.46360,0,0,52365
260.180000,413.567104,16.11192,29.53852,45.16220,0.15201,0.88035,0.48898,0,0,52366
260.185000,413.567104,12.38909,38.75405,58.71086,0.13493,0.83204,0.51777,0,0,52367
260.190000,413.582008,6.34712,49.31224,75.31102,0.09662,0.76128,0.55583,0,0,52368
260.195000,413.582008,0.36618,57.24614,86.84569,0.03684,0.67442,0.60561,0,0,52369
260.200000,413.582008,-2.80738,63.10502,96.42740,-0.00903,0.58048,0.64465,0,0,52370
260.205000,413.597008,-4.02798,67.25506,104.23924,-0.05295,0.47214,0.69223,0,0,52371
260.210000,413.597008,-4.82137,71.46613,110.58636,-0.09784,0.36283,0.75640,0,0,52372
260.215000,413.597008,-4.45519,76.16544,115.89597,-0.14128,0.25766,0.82033,0,0,52373
260.220000,413.612166,-3.96695,79.21694,117.54378,-0.18471,0.15714,0.88718,0,0,52374
260.225000,413.612166,-3.90592,81.59711,116.01803,-0.22521,0.05368,0.96575,0,0,52375
260.230000,413.612166,-3.23459,82.32947,111.50181,-0.24473,-0.04563,1.04139,0,0,52376
260.235000,413.627100,-2.50223,80.37651,105.45984,-0.24693,-0.13152,1.11069,0,0,52377
260.240000,413.627100,-3.11253,76.53162,98.62448,-0.24912,-0.20886,1.18608,0,0,52378
260.245000,413.627100,-3.84489,70.12347,88.43247,-0.26059,-0.27182,1.25562,0,0,52379
260.250000,413.642170,-2.80738,63.77635,78.78973,-0.27352,-0.31232,1.30857,0,0,52380
260.255000,413.642170,-1.03751,56.94099,68.35360,-0.28938,-0.33452,1.35469,0,0,52381
260.260000,413.642170,0.91545,49.86151,57.61232,-0.30354,-0.34087,1.38543,0,0,52382
260.265000,413.657105,2.44120,42.84306,46.87104,-0.31574,-0.33526,1.40788,0,0,52383
260.270000,413.657105,4.51622,33.81062,33.74959,-0.32354,-0.31769,1.42252,0,0,52384
260.275000,413.657105,5.61476,26.60908,23.92376,-0.32501,-0.29548,1.42447,0,0,52385
260.280000,413.672006,6.28609,19.65166,15.37956,-0.32281,-0.26206,1.41203,0,0,52386
260.285000,413.672006,5.85888,13.12145,7.62875,-0.31940,-0.22058,1.38104,0,0,52387
260.290000,413.672006,4.76034,7.32360,1.03751,-0.31720,-0.17690,1.34127,0,0,52388
260.295000,413.687098,3.60077,2.31914,-5.61476,-0.31598,-0.13200,1.30247,0,0,52389
260.300000,413.687098,3.29562,-0.36618,-10.13098,-0.31330,-0.08882,1.26978,0,0,52390
260.305000,413.687098,3.41768,-1.95296,-13.79278,-0.30768,-0.04124,1.23562,0,0,52391
260.310000,413.702087,4.02798,-2.80738,-15.92883,-0.29768,-0.00488,1.20682,0,0,52392
260.315000,413.702087,5.06549,-2.99047,-16.29501,-0.28572,0.03392,1.17998,0,0,52393
260.320000,413.702087,5.30961,-2.68532,-15.31853,-0.27108,0.06490,1.16144,0,0,52394
260.325000,413.717085,5.49270,-2.01399,-13.60969,-0.25766,0.09004,1.14680,0,0,52395
260.330000,413.717085,5.43167,-0.91545,-11.41261,-0.24571,0.11102,1.13265,0,0,52396
260.335000,413.717085,4.57725,0.73236,-8.48317,-0.23473,0.12054,1.12508,0,0,52397
260.340000,413.732138,3.05150,2.86841,-5.30961,-0.22106,0.12322,1.12484,0,0,52398
260.345000,413.732138,1.03751,5.55373,-1.83090,-0.21106,0.12029,1.13484,0,0,52399
260.350000,413.732138,-0.30515,7.26257,0.06103,-0.20423,0.11322,1.14875,0,0,52400
260.355000,413.747055,-1.64781,8.42214,1.22060,-0.19520,0.10321,1.15949,0,0,52401
260.360000,413.747055,-3.29562,9.15450,1.76987,-0.18617,0.09540,1.16827,0,0,52402
260.365000,413.747055,-5.73682,9.33759,1.76987,-0.18080,0.09101,1.17169,0,0,52403
260.370000,413.762144,-9.76480,9.15450,1.09854,-0.17763,0.08589,1.17266,0,0,52404
260.375000,413.762144,-13.36557,8.78832,-0.06103,-0.17080,0.08101,1.17022,0,0,52405
260.380000,413.762144,-16.47810,9.09347,-1.40369,-0.16128,0.07613,1.16437,0,0,52406
260.385000,413.777098,-18.91930,9.03244,-2.86841,-0.15079,0.07271,1.15754,0,0,52407
260.390000,413.777098,-19.95681,8.60523,-4.45519,-0.14274,0.07369,1.15339,0,0,52408
260.395000,413.777098,-19.65166,7.99493,-5.49270,-0.13664,0.07540,1.15144,0,0,52409
260.400000,413.792127,-18.43106,7.14051,-6.46918,-0.13078,0.07784,1.14851,0,0,52410
260.405000,413.792127,-16.60016,6.16403,-7.68978,-0.12395,0.08394,1.14436,0,0,52411
260.410000,413.792127,-14.70823,5.06549,-8.66626,-0.11761,0.09370,1.14265,0,0,52412
260.415000,413.807062,-12.45012,3.90592,-9.39862,-0.10882,0.10565,1.14338,0,0,52413
260.420000,413.807062,-10.74128,3.05150,-9.21553,-0.10077,0.12029,1.14290,0,0,52414
260.425000,413.807062,-9.21553,2.31914,-8.60523,-0.10028,0.13737,1.14338,0,0,52415
260.430000,413.822147,-8.11699,1.40369,-8.05596,-0.10199,0.15250,1.14216,0,0,52416
260.435000,413.822147,-7.50669,0.24412,-7.99493,-0.10028,0.16568,1.13460,0,0,52417
260.440000,413.822147,-7.68978,-1.03751,-7.99493,-0.09784,0.17788,1.12069,0,0,52418
260.445000,413.837154,-8.97141,-2.38017,-7.68978,-0.09370,0.18934,1.10434,0,0,52419
260.450000,413.837154,-10.06995,-3.17356,-7.26257,-0.08686,0.19520,1.08263,0,0,52420
260.455000,413.837154,-11.10746,-3.53974,-6.83536,-0.08052,0.19691,1.06067,0,0,52421
260.460000,413.852133,-11.59570,-3.78386,-6.40815,-0.07710,0.19666,1.04261,0,0,52422
260.465000,413.852133,-10.86334,-4.27210,-6.04197,-0.07613,0.19837,1.02700,0,0,52423
260.470000,413.852133,-8.05596,-5.18755,-5.55373,-0.07930,0.19959,1.01577,0,0,52424
260.475000,413.867112,-4.45519,-5.98094,-4.82137,-0.07906,0.20228,1.00626,0,0,52425
260.480000,413.867112,-0.61030,-6.40815,-3.90592,-0.07418,0.20398,0.99552,0,0,52426
260.485000,413.867112,2.74635,-7.14051,-3.41768,-0.07247,0.20667,0.98844,0,0,52427
260.490000,413.882141,4.94343,-7.38463,-2.68532,-0.07247,0.20960,0.98186,0,0,52428
260.495000,413.882141,5.00446,-6.95742,-2.19708,-0.07052,0.20984,0.97649,0,0,52429
260.500000,413.882141,3.72283,-6.16403,-1.83090,-0.06954,0.20886,0.97283,0,0,52430
260.505000,413.897195,0.97648,-5.24858,-1.70884,-0.07076,0.20594,0.96819,0,0,52431
260.510000,413.897195,-3.90592,-3.90592,-1.95296,-0.07442,0.20301,0.96112,0,0,52432
260.515000,413.897195,-7.81184,-2.86841,-2.31914,-0.07491,0.19788,0.96038,0,0,52433
260.520000,413.912161,-10.74128,-1.95296,-2.68532,-0.07198,0.19374,0.95697,0,0,52434
260.525000,413.912161,-12.51115,-1.09854,-2.86841,-0.07320,0.19008,0.95428,0,0,52435
260.530000,413.912161,-13.12145,-0.48824,-2.68532,-0.07686,0.18959,0.95282,0,0,52436
260.535000,413.927062,-12.08394,-0.36618,-1.89193,-0.08101,0.19032,0.95453,0,0,52437
260.540000,413.927062,-9.52068,-0.73236,-0.54927,-0.08516,0.19008,0.95770,0,0,52438
260.545000,413.927062,-5.12652,-1.34266,1.34266,-0.09101,0.18983,0.96063,0,0,52439
260.550000,413.941894,-1.22060,-2.19708,3.11253,-0.09614,0.18886,0.96112,0,0,52440
260.555000,413.941894,2.62429,-3.05150,4.88240,-0.09882,0.18495,0.96282,0,0,52441
260.560000,413.941894,6.10300,-3.66180,6.40815,-0.09955,0.17788,0.96502,0,0,52442
260.565000,413.957013,6.95742,-3.66180,6.65227,-0.10394,0.16982,0.96600,0,0,52443
260.570000,413.957013,6.04197,-3.47871,6.46918,-0.11078,0.16104,0.96722,0,0,52444
260.575000,413.957013,3.90592,-3.35665,5.73682,-0.11273,0.15201,0.96770,0,0,52445
260.580000,413.971972,1.64781,-3.35665,4.69931,-0.10712,0.14152,0.96624,0,0,52446
260.585000,413.971972,-1.64781,-2.99047,2.56326,-0.10248,0.13420,0.96429,0,0,52447
260.590000,413.971972,-4.08901,-2.68532,0.67133,-0.10809,0.13200,0.96258,0,0,52448
260.595000,413.987122,-5.73682,-2.56326,-0.85442,-0.11517,0.13322,0.95819,0,0,52449
260.600000,413.987122,-5.98094,-2.62429,-2.31914,-0.11029,0.13274,0.95160,0,0,52450
260.605000,413.987122,-4.94343,-2.68532,-3.84489,-0.09614,0.13152,0.94379,0,0,52451
260.610000,414.002053,-4.45519,-2.74635,-4.33313,-0.09272,0.13688,0.93940,0,0,52452
260.615000,414.002053,-3.66180,-3.17356,-4.45519,-0.10004,0.14835,0.93696,0,0,52453
260.620000,414.002053,-2.56326,-3.47871,-4.45519,-0.09980,0.15714,0.93184,0,0,52454
260.625000,414.017031,-1.89193,-3.17356,-4.57725,-0.09443,0.16177,0.92891,0,0,52455
260.630000,414.017031,-1.89193,-2.25811,-4.88240,-0.09028,0.16372,0.93306,0,0,52456
260.635000,414.017031,-2.74635,-1.09854,-5.12652,-0.09126,0.16616,0.93989,0,0,52457
260.640000,414.032209,-4.02798,-0.79339,-5.12652,-0.10150,0.17275,0.94892,0,0,52458
260.645000,414.032209,-4.82137,-0.54927,-5.24858,-0.10590,0.17958,0.95648,0,0,52459
260.650000,414.032209,-5.06549,-0.24412,-5.43167,-0.09687,0.18495,0.95770,0,0,52460
260.655000,414.047304,-5.61476,0.24412,-5.43167,-0.08686,0.18715,0.95794,0,0,52461
260.660000,414.047304,-6.28609,0.24412,-4.94343,-0.08418,0.19154,0.95819,0,0,52462
260.665000,414.047304,-7.07948,0.61030,-3.72283,-0.08930,0.19862,0.95770,0,0,52463
260.670000,414.062446,-7.01845,1.03751,-2.92944,-0.09077,0.20350,0.95355,0,0,52464
260.675000,414.062446,-6.10300,1.09854,-2.44120,-0.08930,0.20789,0.94892,0,0,52465
260.680000,414.062446,-5.18755,1.09854,-2.13605,-0.08638,0.21057,0.94770,0,0,52466
260.685000,414.077488,-3.35665,0.91545,-1.22060,-0.08320,0.21179,0.95014,0,0,52467
260.690000,414.077488,-1.64781,0.91545,-0.06103,-0.07979,0.21082,0.95672,0,0,52468
260.695000,414.077488,-0.06103,0.85442,1.03751,-0.08028,0.20886,0.96234,0,0,52469
260.700000,414.092191,1.40369,0.54927,1.89193,-0.08320,0.20618,0.96624,0,0,52470
260.705000,414.092191,2.38017,0.06103,2.44120,-0.08272,0.20081,0.97136,0,0,52471
260.710000,414.092191,2.80738,-0.24412,2.74635,-0.07735,0.19325,0.97624,0,0,52472
260.715000,414.107205,2.38017,-0.30515,2.74635,-0.07442,0.18568,0.97990,0,0,52473
260.720000,414.107205,1.46472,-0.36618,2.62429,-0.07637,0.18398,0.97917,0,0,52474
260.725000,414.107205,0.30515,-0.48824,2.44120,-0.08101,0.18544,0.97698,0,0,52475
260.730000,414.122150,-0.67133,-0.42721,2.31914,-0.08369,0.18690,0.97307,0,0,52476
260.735000,414.122150,-1.52575,0.06103,2.25811,-0.08711,0.18764,0.96868,0,0,52477
260.740000,414.122150,-2.07502,0.61030,2.31914,-0.09126,0.18642,0.96868,0,0,52478
260.745000,414.137185,-1.95296,0.97648,2.25811,-0.09370,0.18349,0.96746,0,0,52479
260.750000,414.137185,-1.28163,0.91545,2.13605,-0.10053,0.17739,0.96575,0,0,52480
260.755000,414.137185,-0.12206,0.54927,2.25811,-0.10126,0.16836,0.96502,0,0,52481
260.760000,414.152511,1.83090,-0.06103,2.25811,-0.09394,0.16202,0.96282,0,0,52482
260.765000,414.152511,3.78386,-0.48824,2.25811,-0.08272,0.15055,0.96892,0,0,52483
260.770000,414.152511,5.18755,-0.85442,2.19708,-0.07979,0.14298,0.97258,0,0,52484
260.775000,414.167480,6.53021,-0.91545,2.07502,-0.08394,0.14176,0.97258,0,0,52485
260.780000,414.167480,7.14051,-0.85442,1.95296,-0.08394,0.14030,0.97429,0,0,52486
260.785000,414.167480,6.77433,-0.79339,1.40369,-0.08247,0.13664,0.97893,0,0,52487
260.790000,414.182498,5.73682,-0.61030,0.79339,-0.08198,0.13518,0.98796,0,0,52488
260.795000,414.182498,4.45519,-0.54927,0.06103,-0.08076,0.13566,0.99528,0,0,52489
260.800000,414.182498,3.35665,-0.12206,-0.18309,-0.08320,0.13688,0.99967,0,0,52490
260.805000,414.197520,2.31914,0.54927,-0.24412,-0.08662,0.13640,1.00455,0,0,52491
260.810000,414.197520,0.97648,0.85442,-0.54927,-0.08833,0.13396,1.01065,0,0,52492
260.815000,414.197520,0.12206,0.61030,-1.03751,-0.09150,0.13566,1.01528,0,0,52493
260.820000,414.212606,-0.48824,-0.06103,-1.46472,-0.09882,0.14054,1.01894,0,0,52494
260.825000,414.212606,-0.48824,-0.73236,-2.01399,-0.09882,0.14518,1.01943,0,0,52495
260.830000,414.212606,-0.30515,-0.97648,-2.56326,-0.09223,0.14762,1.01480,0,0,52496
260.835000,414.227113,-0.61030,-0.97648,-2.86841,-0.09321,0.15250,1.01187,0,0,52497
260.840000,414.227113,-1.58678,-0.48824,-2.68532,-0.10077,0.16128,1.00967,0,0,52498
260.845000,414.227113,-2.31914,-0.24412,-2.25811,-0.10468,0.16738,1.00650,0,0,52499
260.850000,414.242270,-2.56326,-0.18309,-1.89193,-0.10443,0.16763,1.00528,0,0,52500
260.855000,414.242270,-2.07502,-0.30515,-1.58678,-0.10224,0.16568,1.00479,0,0,52501
260.860000,414.242270,-0.54927,-0.79339,-1.40369,-0.09980,0.16397,1.00528,0,0,52502
260.865000,414.257483,1.22060,-1.40369,-1.46472,-0.10053,0.16324,1.00699,0,0,52503
260.870000,414.257483,3.47871,-2.13605,-1.52575,-0.09980,0.16324,1.00626,0,0,52504
260.875000,414.257483,5.49270,-2.74635,-1.64781,-0.09540,0.16275,1.00528,0,0,52505
260.880000,414.272203,6.89639,-3.29562,-1.58678,-0.09345,0.16275,1.00406,0,0,52506
260.885000,414.272203,6.95742,-3.53974,-1.89193,-0.09370,0.16690,1.00406,0,0,52507
260.890000,414.272203,5.85888,-3.53974,-2.31914,-0.09126,0.17275,1.00113,0,0,52508
260.895000,414.287120,3.78386,-3.29562,-2.86841,-0.08638,0.17885,0.99137,0,0,52509
260.900000,414.287120,0.67133,-2.62429,-3.11253,-0.08345,0.18276,0.98381,0,0,52510
260.905000,414.287120,-3.11253,-1.52575,-3.23459,-0.08394,0.18300,0.98039,0,0,52511
260.910000,414.302494,-4.82137,-1.09854,-3.47871,-0.08174,0.18105,0.97576,0,0,52512
260.915000,414.302494,-5.18755,-1.03751,-3.96695,-0.07540,0.17958,0.96990,0,0,52513
260.920000,414.302494,-4.51622,-1.03751,-4.33313,-0.06954,0.18178,0.96478,0,0,52514
260.925000,414.317214,-3.29562,-0.85442,-4.33313,-0.06954,0.18715,0.96429,0,0,52515
260.930000,414.317214,-1.83090,-0.54927,-3.66180,-0.07296,0.19422,0.96575,0,0,52516
260.935000,414.317214,0.06103,-0.30515,-2.38017,-0.07735,0.20154,0.96770,0,0,52517
260.940000,414.332193,1.28163,-0.73236,-1.46472,-0.08003,0.20423,0.97014,0,0,52518
260.945000,414.332193,2.44120,-1.28163,-0.67133,-0.07637,0.20374,0.97112,0,0,52519
260.950000,414.332193,2.92944,-1.46472,0.30515,-0.07027,0.19959,0.97112,0,0,52520
260.955000,414.347172,2.74635,-1.28163,1.34266,-0.06759,0.19544,0.97210,0,0,52521
260.960000,414.347172,1.95296,-0.79339,2.25811,-0.07076,0.19325,0.97380,0,0,52522
260.965000,414.347172,0.79339,0.00000,2.68532,-0.07418,0.18910,0.97502,0,0,52523
260.970000,414.362169,-0.24412,0.79339,2.19708,-0.07100,0.18227,0.97429,0,0,52524
260.975000,414.362169,-1.28163,1.52575,1.40369,-0.07027,0.17910,0.97673,0,0,52525
260.980000,414.362169,-2.68532,2.38017,0.85442,-0.07100,0.17788,0.98186,0,0,52526
260.985000,414.377178,-3.84489,2.92944,0.54927,-0.07418,0.17836,0.98454,0,0,52527
260.990000,414.377178,-4.33313,2.99047,0.30515,-0.07832,0.18007,0.98552,0,0,52528
260.995000,414.377178,-4.39416,2.62429,0.00000,-0.07954,0.18227,0.98698,0,0,52529
261.000000,414.392483,-3.66180,2.25811,-0.24412,-0.07832,0.18324,0.99040,0,0,52530
261.005000,414.392483,-2.62429,2.01399,-0.24412,-0.07906,0.18422,0.99162,0,0,52531
261.010000,414.392483,-0.97648,1.09854,0.36618,-0.07832,0.18446,0.99015,0,0,52532
261.015000,414.407150,0.18309,0.48824,0.97648,-0.07808,0.18324,0.98722,0,0,52533
261.020000,414.407150,1.22060,0.00000,1.40369,-0.07954,0.17788,0.98283,0,0,52534
261.025000,414.407150,2.31914,-0.48824,1.58678,-0.07930,0.17373,0.97917,0,0,52535
261.030000,414.422241,3.35665,-0.85442,1.64781,-0.07686,0.17300,0.97454,0,0,52536
261.035000,414.422241,4.51622,-1.09854,1.40369,-0.07881,0.17446,0.97210,0,0,52537
261.040000,414.422241,4.94343,-0.73236,1.15957,-0.07906,0.17495,0.97478,0,0,52538
261.045000,414.437143,4.76034,0.00000,0.91545,-0.07540,0.17422,0.97771,0,0,52539
261.050000,414.437143,3.96695,0.61030,0.91545,-0.06783,0.17300,0.98137,0,0,52540
261.055000,414.437143,2.56326,1.03751,1.40369,-0.06588,0.17714,0.98844,0,0,52541
261.060000,414.452321,1.09854,1.46472,2.13605,-0.06881,0.18300,0.99796,0,0,52542
261.065000,414.452321,-0.42721,2.01399,3.11253,-0.07393,0.18593,1.00504,0,0,52543
261.070000,414.452321,-1.15957,2.19708,3.35665,-0.07832,0.18593,1.00870,0,0,52544
261.075000,414.467388,-1.34266,2.07502,3.05150,-0.07979,0.18617,1.01284,0,0,52545
261.080000,414.467388,-1.22060,1.52575,2.80738,-0.08174,0.18471,1.01626,0,0,52546
261.085000,414.467388,-0.73236,0.85442,2.25811,-0.08150,0.18105,1.01358,0,0,52547
261.090000,414.482516,0.00000,0.06103,1.83090,-0.07832,0.17910,1.00552,0,0,52548
261.095000,414.482516,0.36618,-0.24412,1.28163,-0.07637,0.17739,0.99820,0,0,52549
261.100000,414.482516,0.42721,-0.30515,0.91545,-0.07759,0.17861,0.98991,0,0,52550
261.105000,414.497211,0.48824,-0.30515,0.61030,-0.07930,0.18007,0.98381,0,0,52551
261.110000,414.497211,0.12206,0.00000,0.12206,-0.08174,0.18227,0.97942,0,0,52552
261.115000,414.497211,0.00000,0.42721,-0.18309,-0.08174,0.18422,0.97795,0,0,52553
261.120000,414.512372,-0.48824,0.97648,-0.30515,-0.08223,0.18544,0.97893,0,0,52554
261.125000,414.512372,-1.22060,1.22060,-0.24412,-0.08198,0.18446,0.98234,0,0,52555
261.130000,414.512372,-2.01399,1.46472,-0.36618,-0.08320,0.18251,0.98771,0,0,52556
261.135000,414.527285,-1.95296,1.40369,-0.67133,-0.08247,0.18080,0.99162,0,0,52557
261.140000,414.527285,-1.34266,0.97648,-1.09854,-0.08150,0.18105,0.99528,0,0,52558
261.145000,414.527285,-0.97648,0.54927,-1.09854,-0.08223,0.18471,1.00138,0,0,52559
261.150000,414.542307,-0.42721,0.12206,-0.97648,-0.08442,0.18886,1.00552,0,0,52560
261.155000,414.542307,-0.18309,-0.36618,-0.73236,-0.08442,0.19178,1.00406,0,0,52561
261.160000,414.542307,-0.73236,-0.79339,-0.42721,-0.08613,0.19276,0.99845,0,0,52562
261.165000,414.557557,-1.22060,-1.22060,-0.18309,-0.08760,0.19300,0.99357,0,0,52563
261.170000,414.557557,-1.64781,-1.28163,-0.06103,-0.08662,0.19227,0.98698,0,0,52564
261.175000,414.557557,-2.07502,-0.79339,0.36618,-0.08686,0.19227,0.97795,0,0,52565
261.180000,414.572262,-2.62429,0.00000,1.34266,-0.08760,0.18983,0.97136,0,0,52566
261.185000,414.572262,-2.25811,0.54927,2.13605,-0.08711,0.18471,0.96892,0,0,52567
261.190000,414.572262,-1.34266,0.85442,2.50223,-0.08345,0.17397,0.96966,0,0,52568
261.195000,414.602212,-0.36618,0.97648,2.86841,-0.08272,0.16665,0.97088,0,0,52569
261.200000,414.602212,0.30515,1.03751,3.29562,-0.09077,0.16421,0.97551,0,0,52570
261.205000,414.602212,1.58678,0.85442,3.23459,-0.09492,0.16031,0.98039,0,0,52571
261.210000,414.603800,2.74635,0.61030,2.68532,-0.09296,0.15372,0.98478,0,0,52572
261.215000,414.603800,3.23459,0.48824,1.95296,-0.08735,0.14811,0.99186,0,0,52573
261.220000,414.603800,3.05150,0.30515,1.52575,-0.08394,0.14469,0.99796,0,0,52574
261.225000,414.618483,2.31914,0.06103,1.34266,-0.08272,0.14567,1.00064,0,0,52575
261.230000,414.618483,1.40369,-0.12206,0.85442,-0.08247,0.15104,0.99820,0,0,52576
261.235000,414.618483,-0.30515,0.06103,0.06103,-0.08442,0.15640,0.99332,0,0,52577
261.240000,414.632393,-1.95296,0.91545,-0.42721,-0.08247,0.15811,0.99064,0,0,52578
261.245000,414.632393,-3.60077,1.64781,-0.79339,-0.08272,0.16104,0.99308,0,0,52579
261.250000,414.632393,-4.63828,1.95296,-0.91545,-0.08418,0.16494,0.99406,0,0,52580
261.255000,414.647274,-5.12652,1.83090,-1.03751,-0.08223,0.16860,0.99064,0,0,52581
261.260000,414.647274,-5.24858,1.52575,-1.15957,-0.08125,0.16836,0.98552,0,0,52582
261.265000,414.647274,-4.51622,0.91545,-1.40369,-0.08125,0.17031,0.98234,0,0,52583
261.270000,414.662235,-2.74635,0.30515,-1.64781,-0.08345,0.17470,0.98112,0,0,52584
261.275000,414.662235,-0.97648,-0.24412,-1.70884,-0.08296,0.18007,0.97795,0,0,52585
261.280000,414.662235,0.67133,-0.48824,-1.28163,-0.08052,0.18544,0.97429,0,0,52586
261.285000,414.677367,1.28163,-0.36618,-0.85442,-0.08052,0.18959,0.97283,0,0,52587
261.290000,414.677367,1.22060,0.00000,0.00000,-0.08125,0.19374,0.97258,0,0,52588
261.295000,414.677367,0.24412,0.36618,0.85442,-0.08369,0.19520,0.97576,0,0,52589
261.300000,414.692672,0.06103,0.30515,1.22060,-0.08540,0.19447,0.97844,0,0,52590
261.305000,414.692672,0.18309,0.30515,1.40369,-0.08857,0.19203,0.97868,0,0,52591
261.310000,414.692672,0.67133,0.36618,1.52575,-0.08784,0.18812,0.98088,0,0,52592
261.315000,414.707203,1.15957,0.36618,1.52575,-0.08442,0.18324,0.98137,0,0,52593
261.320000,414.707203,1.89193,0.06103,1.64781,-0.07930,0.17861,0.97917,0,0,52594
261.325000,414.707203,2.25811,-0.30515,1.70884,-0.07784,0.17666,0.97527,0,0,52595
261.330000,414.722500,2.19708,-0.48824,1.52575,-0.07832,0.17324,0.96990,0,0,52596
261.335000,414.722500,1.52575,-0.06103,0.97648,-0.07613,0.16982,0.96307,0,0,52597
261.340000,414.722500,0.67133,0.67133,0.97648,-0.07515,0.16812,0.95770,0,0,52598
261.340000,414.737153,-0.18309,1.40369,0.97648,-0.07637,0.16885,0.95721,0,0,52599
261.345000,414.737153,-1.34266,2.19708,0.97648,-0.07784,0.17031,0.95892,0,0,52600
261.350000,414.737153,-2.56326,3.17356,0.91545,-0.07759,0.16934,0.96160,0,0,52601
261.355000,414.752256,-3.29562,3.78386,0.79339,-0.07857,0.16714,0.96795,0,0,52602
261.360000,414.752256,-3.29562,3.66180,0.24412,-0.08272,0.16714,0.97624,0,0,52603
261.365000,414.752256,-2.44120,3.05150,-0.06103,-0.08442,0.17056,0.98186,0,0,52604
261.370000,414.767264,-1.58678,2.56326,-0.18309,-0.08540,0.17422,0.98576,0,0,52605
261.375000,414.767264,-0.48824,2.07502,-0.30515,-0.08418,0.18007,0.98918,0,0,52606
261.380000,414.767264,0.12206,1.70884,-0.42721,-0.08150,0.18349,0.99064,0,0,52607
261.385000,414.782234,-0.42721,1.70884,-0.12206,-0.07954,0.18690,0.99113,0,0,52608
261.390000,414.782234,-0.97648,1.70884,0.30515,-0.08345,0.19203,0.99284,0,0,52609
261.395000,414.782234,-1.76987,1.64781,0.85442,-0.08930,0.19154,0.99845,0,0,52610
261.400000,414.797366,-2.31914,1.89193,1.52575,-0.08857,0.18739,1.00186,0,0,52611
261.405000,414.797366,-2.01399,2.38017,2.50223,-0.08808,0.18300,1.00430,0,0,52612
261.410000,414.797366,-1.58678,2.31914,3.23459,-0.08955,0.17422,1.00796,0,0,52613
261.415000,414.812210,-0.91545,1.64781,3.47871,-0.09028,0.16421,1.01040,0,0,52614
261.420000,414.812210,0.30515,0.61030,3.29562,-0.09589,0.15884,1.00772,0,0,52615
261.425000,414.812210,1.70884,-0.24412,2.92944,-0.10028,0.15518,1.00528,0,0,52616
261.430000,414.827213,2.44120,-0.61030,2.56326,-0.10175,0.15128,1.00479,0,0,52617
261.435000,414.827213,3.05150,-0.91545,1.76987,-0.09955,0.14054,1.00504,0,0,52618
261.440000,414.827213,2.68532,-0.97648,1.03751,-0.09906,0.13688,0.99918,0,0,52619
261.445000,414.842326,0.42721,-0.79339,0.00000,-0.10272,0.14054,0.99918,0,0,52620
261.450000,414.842326,-2.13605,-0.91545,-1.03751,-0.09858,0.13615,1.00089,0,0,52621
261.455000,414.842326,-4.94343,-0.79339,-2.62429,-0.09248,0.13493,0.99308,0,0,52622
261.460000,414.858414,-6.71330,-0.42721,-3.17356,-0.08979,0.14372,0.98820,0,0,52623
261.465000,414.858414,-8.60523,0.12206,-3.29562,-0.09248,0.16080,0.98918,0,0,52624
261.470000,414.858414,-9.82583,0.73236,-2.86841,-0.09052,0.16055,0.99430,0,0,52625
261.475000,414.872253,-9.58171,1.22060,-2.68532,-0.08760,0.15958,0.99503,0,0,52626
261.480000,414.872253,-7.81184,0.85442,-2.44120,-0.08735,0.16299,0.99576,0,0,52627
261.485000,414.872253,-6.34712,0.06103,-1.70884,-0.08491,0.16226,0.99430,0,0,52628
261.490000,414.887204,-5.24858,-0.36618,-1.09854,-0.08296,0.17129,0.98332,0,0,52629
261.495000,414.887204,-5.18755,-0.12206,-0.12206,-0.08320,0.18007,0.98942,0,0,52630
261.500000,414.887204,-5.30961,0.36618,0.79339,-0.08418,0.18251,0.99503,0,0,52631
261.505000,414.902207,-4.63828,0.79339,1.15957,-0.08442,0.18812,0.98381,0,0,52632
261.510000,414.902207,-4.57725,1.46472,1.89193,-0.08662,0.19056,0.97405,0,0,52633
261.515000,414.902207,-4.94343,1.83090,2.92944,-0.08955,0.19032,0.97283,0,0,52634
261.520000,414.917588,-4.51622,2.01399,3.78386,-0.09174,0.18934,0.97234,0,0,52635
261.525000,414.917588,-3.41768,2.19708,4.51622,-0.09248,0.19252,0.96770,0,0,52636
261.530000,414.917588,-2.19708,2.44120,5.55373,-0.08906,0.18959,0.96282,0,0,52637
261.535000,414.932229,-0.91545,2.86841,7.20154,-0.08442,0.18276,0.95868,0,0,52638
261.540000,414.932229,0.42721,3.05150,7.99493,-0.08101,0.17958,0.95575,0,0,52639
261.545000,414.932229,1.83090,2.92944,8.78832,-0.07808,0.17788,0.95380,0,0,52640
261.550000,414.947180,2.74635,2.68532,9.94789,-0.07466,0.17617,0.95282,0,0,52641
261.555000,414.947180,2.80738,1.95296,12.20600,-0.07808,0.17666,0.95209,0,0,52642
261.560000,414.947180,0.97648,2.38017,12.69424,-0.08906,0.17617,0.95038,0,0,52643
261.565000,414.962128,0.18309,2.99047,11.65673,-0.09614,0.17153,0.94550,0,0,52644
261.570000,414.962128,-1.03751,3.60077,9.88686,-0.09248,0.16299,0.94648,0,0,52645
261.575000,414.962128,-2.38017,4.45519,7.87287,-0.08272,0.15738,0.95599,0,0,52646
261.580000,414.977311,-2.99047,4.63828,4.94343,-0.07979,0.15543,0.96307,0,0,52647
261.585000,414.977311,-2.68532,3.84489,2.92944,-0.08882,0.15348,0.96868,0,0,52648
261.590000,414.977311,-2.74635,3.47871,2.07502,-0.08857,0.16006,0.98088,0,0,52649
261.595000,414.992455,-2.92944,4.02798,1.58678,-0.08979,0.16812,0.99088,0,0,52650
261.600000,414.992455,-2.13605,3.96695,-0.06103,-0.10102,0.16860,0.99015,0,0,52651
261.605000,414.992455,-2.68532,3.47871,-1.58678,-0.10785,0.16909,0.99576,0,0,52652
261.610000,415.007285,-3.66180,3.72283,-1.70884,-0.10760,0.17007,1.00138,0,0,52653
261.615000,415.007285,-4.63828,4.33313,-1.03751,-0.10248,0.16836,1.00455,0,0,52654
261.620000,415.007285,-5.55373,4.88240,-0.30515,-0.09736,0.16470,1.00796,0,0,52655
261.625000,415.022182,-6.34712,4.76034,-0.06103,-0.09345,0.16202,1.00699,0,0,52656
261.630000,415.022182,-7.01845,4.15004,0.00000,-0.09223,0.15787,0.99991,0,0,52657
261.635000,415.022182,-7.50669,3.35665,0.42721,-0.09174,0.15274,0.99137,0,0,52658
261.640000,415.037276,-7.93390,3.47871,1.09854,-0.09028,0.14860,0.98674,0,0,52659
261.645000,415.037276,-7.44566,4.02798,1.58678,-0.09126,0.14835,0.98600,0,0,52660
261.650000,415.037276,-6.04197,4.33313,1.58678,-0.09321,0.14591,0.98576,0,0,52661
261.655000,415.052160,-4.39416,4.57725,1.15957,-0.09370,0.14274,0.98747,0,0,52662
261.660000,415.052160,-2.31914,4.76034,0.91545,-0.09467,0.14128,0.99503,0,0,52663
261.665000,415.052160,-0.54927,4.45519,0.97648,-0.09345,0.14420,1.00552,0,0,52664
261.670000,415.067359,1.15957,4.21107,0.85442,-0.09272,0.14811,1.01455,0,0,52665
261.675000,415.067359,2.92944,3.72283,0.91545,-0.09589,0.15348,1.01894,0,0,52666
261.680000,415.067359,4.08901,3.41768,1.28163,-0.10077,0.15396,1.02334,0,0,52667
261.685000,415.082254,5.06549,2.99047,1.70884,-0.10443,0.15665,1.02334,0,0,52668
261.690000,415.082254,5.73682,2.31914,2.07502,-0.10492,0.16006,1.02578,0,0,52669
261.695000,415.082254,5.55373,1.64781,2.19708,-0.10541,0.16299,1.02309,0,0,52670
261.700000,415.097173,4.88240,0.85442,1.83090,-0.10687,0.16446,1.01797,0,0,52671
261.705000,415.097173,4.02798,0.12206,1.15957,-0.10492,0.16226,1.01187,0,0,52672
261.710000,415.097173,3.47871,-0.18309,0.67133,-0.10126,0.16372,1.00357,0,0,52673
261.715000,415.112571,2.68532,-0.06103,0.48824,-0.10077,0.16836,0.99723,0,0,52674
261.720000,415.112571,1.70884,0.30515,0.67133,-0.10150,0.17080,0.99528,0,0,52675
261.725000,415.112571,0.61030,0.67133,1.03751,-0.10053,0.17056,0.99381,0,0,52676
261.730000,415.127237,-0.30515,0.91545,1.28163,-0.10126,0.16763,0.98844,0,0,52677
261.735000,415.127237,-1.15957,1.40369,1.22060,-0.10272,0.16055,0.98698,0,0,52678
261.740000,415.127237,-1.28163,1.76987,0.97648,-0.10053,0.15665,0.99113,0,0,52679
261.745000,415.142204,-0.85442,2.07502,0.79339,-0.09882,0.15055,0.99650,0,0,52680
261.750000,415.142204,-0.30515,2.07502,0.73236,-0.09467,0.14298,1.00016,0,0,52681
261.755000,415.142204,0.30515,1.70884,0.67133,-0.09223,0.13591,1.00650,0,0,52682
261.755000,415.157599,0.54927,1.40369,0.30515,-0.09443,0.13371,1.01284,0,0,52683
261.760000,415.157599,0.54927,1.34266,-0.24412,-0.10028,0.13371,1.02212,0,0,52684
261.765000,415.157599,0.36618,1.34266,-0.61030,-0.10712,0.13078,1.03285,0,0,52685
261.770000,415.172240,0.36618,0.85442,-1.09854,-0.10687,0.12468,1.04066,0,0,52686
261.775000,415.172240,0.18309,0.48824,-1.58678,-0.10760,0.12151,1.04603,0,0,52687
261.780000,415.172240,-0.18309,0.12206,-1.95296,-0.11322,0.12005,1.05213,0,0,52688
261.785000,415.187296,-0.48824,-0.24412,-2.13605,-0.11761,0.11712,1.05798,0,0,52689
261.790000,415.187296,-0.42721,-0.36618,-2.31914,-0.11810,0.11468,1.06384,0,0,52690
261.795000,415.187296,0.00000,-0.48824,-2.44120,-0.11858,0.11419,1.06872,0,0,52691
261.800000,415.202151,0.30515,-0.54927,-2.56326,-0.12151,0.11346,1.07214,0,0,52692
261.805000,415.202151,0.36618,-0.36618,-2.50223,-0.12517,0.11151,1.08043,0,0,52693
261.810000,415.202151,0.91545,-0.24412,-2.38017,-0.12956,0.11224,1.09166,0,0,52694
261.815000,415.217553,1.52575,-0.18309,-2.07502,-0.13347,0.11151,1.09946,0,0,52695
261.820000,415.217553,2.92944,-0.42721,-1.34266,-0.14201,0.10736,1.11118,0,0,52696
261.825000,415.217553,4.27210,-1.09854,-0.85442,-0.15348,0.10394,1.12094,0,0,52697
261.830000,415.232208,6.16403,-2.13605,-0.36618,-0.16372,0.09906,1.13314,0,0,52698
261.835000,415.232208,7.01845,-2.74635,-0.06103,-0.16787,0.09370,1.14265,0,0,52699
261.840000,415.232208,7.26257,-2.80738,0.61030,-0.17178,0.08516,1.15192,0,0,52700
261.845000,415.247565,6.89639,-2.80738,0.97648,-0.17739,0.07710,1.15900,0,0,52701
261.850000,415.247565,5.43167,-3.05150,1.46472,-0.18837,0.06027,1.16925,0,0,52702
261.855000,415.247565,3.90592,-3.53974,1.70884,-0.19666,0.03684,1.18096,0,0,52703
261.860000,415.262557,2.50223,-4.69931,1.15957,-0.19910,0.01440,1.18828,0,0,52704
261.865000,415.262557,1.03751,-5.55373,-0.48824,-0.20594,-0.00634,1.19096,0,0,52705
261.870000,415.262557,0.00000,-6.46918,-2.80738,-0.21399,-0.02782,1.19536,0,0,52706
261.875000,415.277163,-0.91545,-8.11699,-4.76034,-0.20618,-0.05051,1.20560,0,0,52707
261.880000,415.277163,-0.91545,-10.19201,-5.67579,-0.20252,-0.06759,1.22073,0,0,52708
261.885000,415.277163,-0.48824,-12.63321,-6.89639,-0.20472,-0.08101,1.23244,0,0,52709
261.890000,415.292559,0.12206,-15.31853,-8.66626,-0.20984,-0.09418,1.23708,0,0,52710
261.895000,415.292559,0.36618,-17.69870,-11.22952,-0.22375,-0.10712,1.23610,0,0,52711
261.900000,415.292559,-0.42721,-20.13990,-14.15896,-0.22887,-0.11907,1.23391,0,0,52712
261.905000,415.307433,-1.89193,-21.54359,-15.68471,-0.22399,-0.12932,1.22878,0,0,52713
261.910000,415.307433,-3.41768,-22.52007,-17.51561,-0.22790,-0.13469,1.22146,0,0,52714
261.915000,415.307433,-3.96695,-23.25243,-20.26196,-0.23790,-0.13786,1.21268,0,0,52715
261.920000,415.322578,-3.05150,-24.71715,-23.06934,-0.23692,-0.13786,1.19804,0,0,52716
261.925000,415.322578,-1.76987,-27.34144,-25.63260,-0.23522,-0.13322,1.18608,0,0,52717
261.930000,415.322578,-0.97648,-29.11131,-27.64659,-0.23570,-0.12981,1.17535,0,0,52718
261.935000,415.337294,-0.12206,-30.45397,-29.96573,-0.23595,-0.12834,1.15949,0,0,52719
261.940000,415.337294,0.54927,-31.36942,-32.71208,-0.23058,-0.12639,1.14558,0,0,52720
261.945000,415.337294,1.46472,-31.61354,-36.25182,-0.21814,-0.11834,1.13436,0,0,52721
261.950000,415.352320,2.44120,-32.10178,-37.96066,-0.20838,-0.10785,1.12752,0,0,52722
261.955000,415.352320,1.70884,-32.46796,-39.24229,-0.21008,-0.09589,1.12728,0,0,52723
261.960000,415.352320,0.97648,-32.59002,-40.89010,-0.21326,-0.08784,1.12094,0,0,52724
261.965000,415.367236,0.30515,-32.65105,-42.96512,-0.21252,-0.08613,1.11386,0,0,52725
261.970000,415.367236,-1.40369,-32.59002,-46.44383,-0.20496,-0.08516,1.11044,0,0,52726
261.975000,415.367236,-2.92944,-32.71208,-49.12915,-0.19398,-0.08516,1.10752,0,0,52727
261.980000,415.382340,-4.27210,-33.44444,-51.75344,-0.18202,-0.08198,1.10142,0,0,52728
261.985000,415.382340,-5.49270,-34.48195,-54.25567,-0.17080,-0.07564,1.09434,0,0,52729
261.990000,415.382340,-6.77433,-35.76358,-56.45275,-0.16714,-0.06320,1.08897,0,0,52730
261.995000,415.397166,-7.75081,-36.92315,-58.03953,-0.16226,-0.04856,1.08507,0,0,52731
262.000000,415.397166,-8.42214,-38.20478,-59.38219,-0.15445,-0.03221,1.07653,0,0,52732
262.005000,415.397166,-8.17802,-39.30332,-60.66382,-0.15006,-0.01757,1.06457,0,0,52733
262.010000,415.412572,-7.44566,-40.52392,-62.00648,-0.14689,0.00122,1.04798,0,0,52734
262.015000,415.412572,-6.28609,-41.68349,-62.98296,-0.14030,0.02123,1.03017,0,0,52735
262.020000,415.412572,-4.69931,-43.14821,-63.59326,-0.12932,0.03880,1.01236,0,0,52736
262.025000,415.427272,-3.96695,-43.94160,-64.08150,-0.12102,0.04856,0.99942,0,0,52737
262.030000,415.427272,-3.47871,-45.10117,-64.99695,-0.11053,0.05978,0.97576,0,0,52738
262.035000,415.427272,-3.66180,-45.89456,-66.27858,-0.10175,0.07393,0.94916,0,0,52739
262.040000,415.442108,-5.30961,-45.22323,-68.10948,-0.09418,0.09345,0.92281,0,0,52740
262.045000,415.442108,-7.50669,-43.51439,-69.08596,-0.08369,0.11614,0.90207,0,0,52741
262.050000,415.442108,-10.98540,-40.58495,-69.51317,-0.07320,0.14152,0.88865,0,0,52742
262.055000,415.457214,-13.91484,-38.44890,-69.94038,-0.07125,0.17397,0.88352,0,0,52743
262.060000,415.457214,-15.80677,-36.86212,-70.73377,-0.07174,0.20911,0.88035,0,0,52744
262.065000,415.457214,-15.62368,-35.94667,-70.91686,-0.06710,0.24180,0.87376,0,0,52745
262.070000,415.472281,-13.67072,-35.03122,-70.12347,-0.05783,0.26645,0.86718,0,0,52746
262.075000,415.472281,-11.59570,-34.48195,-69.39111,-0.04270,0.28938,0.85693,0,0,52747
262.080000,415.472281,-9.09347,-34.05474,-68.96390,-0.02586,0.31183,0.84668,0,0,52748
262.085000,415.487111,-6.34712,-34.11577,-68.41463,-0.00903,0.33452,0.83594,0,0,52749
262.090000,415.487111,-3.23459,-34.90916,-67.31609,0.01342,0.35941,0.82155,0,0,52750
262.095000,415.487111,0.61030,-35.45843,-65.05798,0.04099,0.38674,0.80544,0,0,52751
262.100000,415.502307,3.47871,-35.45843,-63.22708,0.06539,0.40846,0.78739,0,0,52752
262.105000,415.502307,5.79785,-35.21431,-61.51824,0.08735,0.43042,0.76958,0,0,52753
262.110000,415.502307,7.26257,-34.72607,-59.62631,0.11053,0.45530,0.74884,0,0,52754
262.115000,415.517185,8.05596,-33.93268,-57.42923,0.13127,0.47702,0.72785,0,0,52755
262.120000,415.517185,7.81184,-31.79663,-54.49979,0.15128,0.49630,0.70784,0,0,52756
262.125000,415.517185,6.59124,-28.80616,-51.81447,0.16494,0.51728,0.69101,0,0,52757
262.130000,415.532470,4.63828,-24.96127,-48.51885,0.17397,0.54510,0.67905,0,0,52758
262.135000,415.532470,2.38017,-20.68917,-44.24675,0.17812,0.58218,0.67198,0,0,52759
262.140000,415.532470,0.54927,-16.05089,-38.99817,0.17544,0.61781,0.67320,0,0,52760
262.145000,415.547624,-0.73236,-11.53467,-33.07826,0.17202,0.64245,0.67759,0,0,52761
262.150000,415.547624,-2.01399,-6.59124,-25.02230,0.17324,0.65441,0.68832,0,0,52762
262.155000,415.547624,-2.86841,-3.17356,-17.82076,0.17275,0.65490,0.71004,0,0,52763
262.160000,415.562167,-2.50223,-0.48824,-10.13098,0.16592,0.64392,0.73127,0,0,52764
262.165000,415.562167,-0.42721,1.03751,-2.80738,0.15323,0.61830,0.74518,0,0,52765
262.170000,415.562167,3.53974,1.89193,4.94343,0.13981,0.57486,0.75250,0,0,52766
262.175000,415.577259,6.89639,2.56326,9.82583,0.13371,0.53168,0.76079,0,0,52767
262.180000,415.577259,9.76480,3.17356,13.30454,0.12517,0.49434,0.76933,0,0,52768
262.185000,415.577259,11.65673,3.78386,15.80677,0.11175,0.45604,0.77592,0,0,52769
262.190000,415.592568,12.14497,4.51622,18.06488,0.10126,0.41504,0.78300,0,0,52770
262.195000,415.592568,10.92437,5.61476,20.62814,0.08930,0.36600,0.79983,0,0,52771
262.200000,415.592568,8.78832,6.53021,21.84874,0.07686,0.32354,0.82765,0,0,52772
262.205000,415.607289,7.32360,7.01845,21.11638,0.07393,0.28084,0.84790,0,0,52773
262.210000,415.607289,6.89639,6.71330,19.22445,0.07418,0.23863,0.86547,0,0,52774
262.215000,415.607289,5.79785,6.16403,17.08840,0.06808,0.20594,0.89182,0,0,52775
262.220000,415.622438,4.57725,5.37064,14.46411,0.06490,0.17836,0.91378,0,0,52776
262.225000,415.622438,4.08901,3.60077,10.00892,0.06734,0.15860,0.92769,0,0,52777
262.230000,415.622438,3.96695,2.44120,6.04197,0.05807,0.14567,0.93428,0,0,52778
262.235000,415.637363,3.41768,1.64781,3.47871,0.04490,0.13932,0.94111,0,0,52779
262.240000,415.637363,3.17356,1.22060,2.13605,0.03880,0.13957,0.94501,0,0,52780
262.245000,415.637363,4.21107,0.30515,-0.06103,0.03855,0.14591,0.93891,0,0,52781
262.250000,415.652238,6.53021,-0.54927,-2.19708,0.04172,0.15323,0.92915,0,0,52782
262.255000,415.652238,8.23905,-0.85442,-3.29562,0.04441,0.16128,0.93159,0,0,52783
262.260000,415.652238,9.27656,-0.18309,-3.53974,0.04587,0.17373,0.93769,0,0,52784
262.265000,415.667381,10.37510,0.79339,-3.53974,0.04636,0.18934,0.94208,0,0,52785
262.270000,415.667381,10.25304,1.52575,-2.86841,0.04368,0.20569,0.94989,0,0,52786
262.275000,415.667381,8.91038,2.56326,-2.19708,0.04002,0.21618,0.95794,0,0,52787
262.280000,415.682264,6.89639,3.78386,-1.40369,0.03562,0.22228,0.96600,0,0,52788
262.285000,415.682264,4.08901,5.30961,-0.36618,0.03099,0.22399,0.97429,0,0,52789
262.290000,415.682264,-0.06103,7.44566,0.79339,0.02538,0.21984,0.98430,0,0,52790
262.295000,415.697174,-3.05150,8.66626,1.58678,0.02245,0.20886,0.99381,0,0,52791
262.300000,415.697174,-4.76034,9.21553,1.89193,0.02147,0.18642,1.00064,0,0,52792
262.305000,415.697174,-4.88240,9.15450,1.64781,0.01610,0.16372,1.00089,0,0,52793
262.310000,415.712502,-4.45519,8.72729,1.22060,0.00830,0.14884,1.00455,0,0,52794
262.315000,415.712502,-4.02798,8.11699,0.79339,0.00610,0.13566,1.00382,0,0,52795
262.320000,415.712502,-3.84489,7.44566,-0.12206,0.00854,0.12273,1.00235,0,0,52796
262.325000,415.727276,-4.02798,6.77433,-1.70884,0.01122,0.11126,1.00406,0,0,52797
262.330000,415.727276,-3.41768,6.22506,-2.99047,0.00952,0.10882,1.00284,0,0,52798
262.335000,415.727276,-2.38017,5.24858,-3.96695,0.00317,0.11248,1.00186,0,0,52799
262.340000,415.742261,-0.97648,4.27210,-4.51622,-0.00098,0.11785,1.00064,0,0,52800
262.345000,415.742261,1.03751,3.47871,-4.57725,-0.00122,0.12224,1.00089,0,0,52801
262.350000,415.742261,4.02798,3.11253,-4.15004,0.00146,0.12883,1.00211,0,0,52802
262.355000,415.759771,6.53021,2.80738,-3.41768,0.00390,0.13274,1.00382,0,0,52803
262.360000,415.759771,8.23905,2.13605,-2.44120,0.00586,0.13688,1.00504,0,0,52804
262.365000,415.759771,9.39862,1.34266,-1.22060,0.01513,0.13957,1.00357,0,0,52805
262.370000,415.772259,9.76480,0.48824,-0.73236,0.02050,0.14396,0.99576,0,0,52806
262.375000,415.772259,8.78832,-0.06103,-0.36618,0.01635,0.14982,0.98771,0,0,52807
262.380000,415.772259,7.07948,0.48824,0.12206,0.01806,0.15079,0.98088,0,0,52808
262.385000,415.787432,4.82137,1.40369,0.30515,0.02269,0.15030,0.97332,0,0,52809
262.390000,415.787432,1.34266,2.44120,0.00000,0.02245,0.14982,0.96551,0,0,52810
262.395000,415.787432,-1.28163,3.11253,-0.30515,0.02050,0.14933,0.95404,0,0,52811
262.400000,415.802265,-3.35665,3.96695,-0.73236,0.01976,0.15177,0.94721,0,0,52812
262.405000,415.802265,-4.63828,5.30961,-1.40369,0.02074,0.15201,0.94526,0,0,52813
262.410000,415.802265,-4.63828,6.53021,-2.07502,0.02806,0.15274,0.94721,0,0,52814
262.415000,415.817268,-3.90592,7.07948,-2.25811,0.03270,0.15323,0.95331,0,0,52815
262.420000,415.817268,-2.86841,7.14051,-1.89193,0.03123,0.15445,0.96526,0,0,52816
262.425000,415.817268,-1.76987,7.26257,-1.64781,0.02830,0.15518,0.97600,0,0,52817
262.430000,415.832564,-0.48824,7.44566,-1.83090,0.02977,0.15884,0.98698,0,0,52818
262.435000,415.832564,0.61030,7.07948,-1.83090,0.03074,0.16250,0.99869,0,0,52819
262.440000,415.832564,0.85442,6.46918,-1.34266,0.02855,0.16592,1.00943,0,0,52820
262.445000,415.847192,0.91545,6.16403,-0.79339,0.02635,0.16519,1.01821,0,0,52821
262.450000,415.847192,1.03751,6.10300,-0.54927,0.02050,0.16372,1.02578,0,0,52822
262.455000,415.847192,0.79339,5.85888,-0.67133,0.01879,0.16275,1.03700,0,0,52823
262.460000,415.862195,0.42721,5.37064,-0.73236,0.02123,0.16177,1.04725,0,0,52824
262.465000,415.862195,0.30515,4.39416,-0.97648,0.02513,0.16226,1.05335,0,0,52825
262.470000,415.862195,0.36618,3.29562,-0.85442,0.02611,0.16250,1.05506,0,0,52826
262.475000,415.877559,1.09854,2.07502,-0.30515,0.01903,0.16543,1.05310,0,0,52827
262.480000,415.877559,2.07502,1.15957,0.06103,0.01440,0.16958,1.04383,0,0,52828
262.485000,415.877559,3.11253,0.48824,0.36618,0.01488,0.17080,1.03505,0,0,52829
262.490000,415.892095,3.66180,0.18309,0.54927,0.01635,0.17104,1.02724,0,0,52830
262.495000,415.892095,3.66180,-0.06103,0.61030,0.01440,0.17495,1.02016,0,0,52831
262.500000,415.892095,2.74635,0.06103,0.91545,0.01562,0.17910,1.01724,0,0,52832
262.505000,415.907231,1.40369,0.42721,1.40369,0.01635,0.18178,1.01821,0,0,52833
262.510000,415.907231,-0.36618,0.54927,1.70884,0.01074,0.18105,1.02163,0,0,52834
262.515000,415.907231,-2.07502,0.54927,1.76987,0.00927,0.17519,1.02504,0,0,52835
262.520000,415.922149,-3.35665,0.48824,1.46472,0.01220,0.16958,1.02504,0,0,52836
262.525000,415.922149,-4.33313,0.24412,1.34266,0.01293,0.16641,1.02870,0,0,52837
262.530000,415.922149,-4.27210,0.06103,1.46472,0.01244,0.16080,1.02919,0,0,52838
262.535000,415.937501,-3.72283,0.00000,1.28163,0.01293,0.15250,1.02578,0,0,52839
262.540000,415.937501,-3.23459,-0.12206,0.73236,0.01000,0.14616,1.02065,0,0,52840
262.545000,415.937501,-2.56326,-0.67133,0.18309,0.00781,0.14054,1.01626,0,0,52841
262.550000,415.952451,-1.64781,-1.22060,-0.24412,0.00732,0.13737,1.01138,0,0,52842
262.555000,415.952451,-0.24412,-1.52575,-0.91545,0.00390,0.13615,1.00479,0,0,52843
262.560000,415.952451,0.79339,-1.58678,-1.34266,0.00317,0.13444,0.99650,0,0,52844
262.565000,415.967206,1.52575,-1.52575,-1.70884,0.00683,0.13078,0.99015,0,0,52845
262.570000,415.967206,1.70884,-1.58678,-1.89193,0.00927,0.12981,0.98820,0,0,52846
262.575000,415.967206,1.46472,-0.91545,-2.07502,0.01318,0.13152,0.98942,0,0,52847
262.580000,415.982455,0.79339,-0.30515,-2.31914,0.01244,0.13591,0.99137,0,0,52848
262.585000,415.982455,-0.12206,0.12206,-2.62429,0.01171,0.14176,0.99698,0,0,52849
262.590000,415.982455,-0.85442,0.06103,-2.80738,0.01049,0.14835,0.99942,0,0,52850
262.595000,415.997269,-1.28163,-0.06103,-2.68532,0.01171,0.15372,0.99796,0,0,52851
262.600000,415.997269,-1.09854,-0.54927,-1.95296,0.01415,0.15811,0.99210,0,0,52852
262.605000,415.997269,-0.67133,-0.61030,-1.22060,0.00781,0.16324,0.98820,0,0,52853
262.610000,416.012263,0.06103,-0.79339,-0.61030,0.00171,0.16275,0.98771,0,0,52854
262.615000,416.012263,1.58678,-1.34266,-0.06103,0.00464,0.15982,0.98430,0,0,52855
262.620000,416.012263,2.56326,-1.76987,0.30515,0.00830,0.15909,0.98015,0,0,52856
262.625000,416.027337,2.86841,-2.07502,0.61030,0.00805,0.16080,0.97893,0,0,52857
262.630000,416.027337,2.50223,-2.01399,1.09854,0.00561,0.16104,0.97527,0,0,52858
262.635000,416.027337,1.64781,-1.34266,1.40369,0.00683,0.15640,0.97210,0,0,52859
262.640000,416.042582,0.91545,-0.73236,1.70884,0.01025,0.15445,0.97063,0,0,52860
262.645000,416.042582,0.24412,-0.36618,1.95296,0.00927,0.15421,0.97234,0,0,52861
262.650000,416.042582,-0.54927,0.00000,2.13605,0.00268,0.15274,0.97576,0,0,52862
262.655000,416.057301,-0.61030,0.24412,2.01399,0.00439,0.14933,0.97868,0,0,52863
262.660000,416.057301,-0.24412,0.67133,1.46472,0.01366,0.14225,0.98698,0,0,52864
262.665000,416.057301,0.24412,0.61030,1.15957,0.01269,0.14201,0.99479,0,0,52865
262.670000,416.072249,0.91545,0.06103,0.73236,0.00610,0.14616,1.00138,0,0,52866
262.675000,416.072249,1.83090,-1.03751,0.30515,0.00708,0.15006,0.99942,0,0,52867
262.680000,416.072249,2.07502,-1.58678,-0.18309,0.01025,0.15616,0.99820,0,0,52868
262.685000,416.088416,1.58678,-1.40369,-0.97648,0.01171,0.16470,0.99381,0,0,52869
262.690000,416.088416,1.22060,-0.97648,-1.64781,0.01000,0.17788,0.98893,0,0,52870
262.695000,416.088416,0.48824,-0.54927,-1.52575,0.01074,0.18593,0.98918,0,0,52871
262.700000,416.103661,-0.36618,0.18309,-1.03751,0.01122,0.18690,0.99064,0,0,52872
262.705000,416.103661,-1.09854,0.79339,-0.67133,0.01025,0.18690,0.99259,0,0,52873
262.710000,416.103661,-1.58678,1.34266,-0.30515,0.01562,0.18398,0.99650,0,0,52874
262.715000,416.117576,-1.83090,1.64781,0.36618,0.01903,0.18007,0.99942,0,0,52875
262.720000,416.117576,-2.13605,1.58678,1.34266,0.01366,0.17739,1.00211,0,0,52876
262.725000,416.117576,-1.76987,1.28163,1.64781,0.00903,0.17495,0.99942,0,0,52877
262.730000,416.132217,-1.15957,1.09854,1.76987,0.00903,0.17056,0.99698,0,0,52878
262.735000,416.132217,-0.67133,1.09854,2.01399,0.00903,0.16665,0.99601,0,0,52879
262.740000,416.132217,-0.30515,1.03751,2.31914,0.01318,0.16324,0.99747,0,0,52880
262.745000,416.147537,0.00000,0.91545,2.62429,0.02074,0.15836,0.99845,0,0,52881
262.750000,416.147537,0.18309,0.24412,3.05150,0.01976,0.15616,1.00211,0,0,52882
262.755000,416.147537,-0.12206,0.30515,2.86841,0.01391,0.15714,1.00260,0,0,52883
262.760000,416.162263,0.42721,0.42721,2.50223,0.01366,0.15396,0.99894,0,0,52884
262.765000,416.162263,1.03751,0.54927,2.50223,0.01879,0.15079,0.99991,0,0,52885
262.770000,416.162263,1.34266,0.91545,2.74635,0.01879,0.15226,1.00089,0,0,52886
262.775000,416.177091,1.58678,0.97648,3.23459,0.01244,0.15518,1.00089,0,0,52887
262.780000,416.177091,1.64781,1.03751,3.35665,0.00732,0.15470,1.00333,0,0,52888
262.785000,416.177091,1.89193,1.28163,3.05150,0.00415,0.15152,1.00089,0,0,52889
262.790000,416.192153,1.89193,1.52575,2.50223,0.00195,0.14933,1.00260,0,0,52890
262.795000,416.192153,1.58678,1.52575,1.89193,0.00146,0.14738,1.00870,0,0,52891
262.800000,416.192153,1.09854,0.91545,0.97648,0.00049,0.14420,1.01065,0,0,52892
262.805000,416.222105,0.79339,0.30515,0.06103,0.00220,0.13932,1.00967,0,0,52893
262.810000,416.222105,0.67133,-0.18309,-0.79339,0.01025,0.13688,1.00601,0,0,52894
262.815000,416.222105,0.67133,-0.54927,-1.40369,0.01196,0.13469,1.00260,0,0,52895
262.820000,416.223250,0.79339,-0.73236,-1.95296,0.00952,0.13493,0.99772,0,0,52896
262.825000,416.223250,0.91545,-0.73236,-2.62429,0.00708,0.13835,0.99186,0,0,52897
262.830000,416.223250,0.61030,-0.24412,-3.17356,0.00854,0.14054,0.98820,0,0,52898
262.835000,416.237050,0.36618,0.12206,-3.72283,0.01952,0.14372,0.98454,0,0,52899
262.840000,416.237050,-0.30515,0.61030,-3.90592,0.02294,0.15079,0.98478,0,0,52900
262.845000,416.237050,-1.09854,1.09854,-3.66180,0.01708,0.15762,0.99235,0,0,52901
262.850000,416.252065,-1.40369,1.46472,-3.47871,0.01757,0.15958,0.99869,0,0,52902
262.855000,416.252065,-0.91545,1.64781,-3.35665,0.02367,0.16006,1.00382,0,0,52903
262.860000,416.252065,-0.42721,1.58678,-2.99047,0.02318,0.16616,1.01065,0,0,52904
262.865000,416.267091,0.61030,1.46472,-2.31914,0.01488,0.17617,1.01870,0,0,52905
262.870000,416.267091,2.19708,0.61030,-1.22060,0.00878,0.18324,1.02090,0,0,52906
262.875000,416.267091,2.99047,-0.12206,-0.48824,0.00854,0.18910,1.02041,0,0,52907
262.880000,416.282070,3.11253,-0.61030,0.18309,0.00952,0.19081,1.01943,0,0,52908
262.885000,416.282070,2.56326,-0.85442,0.97648,0.01220,0.18812,1.01699,0,0,52909
262.890000,416.282070,1.58678,-0.91545,1.70884,0.01244,0.18324,1.01431,0,0,52910
262.895000,416.297009,0.79339,-0.97648,2.01399,0.01000,0.17568,1.01528,0,0,52911
262.900000,416.297009,0.30515,-1.15957,1.83090,0.01025,0.16860,1.01138,0,0,52912
262.905000,416.297009,0.36618,-1.22060,1.34266,0.01147,0.16055,1.00723,0,0,52913
262.910000,416.311987,0.73236,-1.09854,0.73236,0.01074,0.15128,1.00699,0,0,52914
262.915000,416.311987,1.34266,-0.97648,-0.12206,0.00781,0.14640,1.00967,0,0,52915
262.920000,416.311987,1.76987,-1.03751,-1.03751,0.00781,0.14884,1.01089,0,0,52916
262.925000,416.327056,1.28163,-1.70884,-2.07502,0.01000,0.15152,1.01236,0,0,52917
262.930000,416.327056,0.18309,-1.89193,-2.92944,0.01342,0.15079,1.00821,0,0,52918
262.935000,416.327056,-1.34266,-1.52575,-3.90592,0.01806,0.15274,1.00211,0,0,52919
262.940000,416.342000,-3.05150,-0.85442,-4.45519,0.02220,0.15494,0.99796,0,0,52920
262.945000,416.342000,-4.27210,-0.12206,-4.08901,0.02294,0.15518,0.99772,0,0,52921
262.950000,416.342000,-4.08901,0.18309,-3.41768,0.02074,0.15470,0.99845,0,0,52922
262.955000,416.357300,-2.74635,-0.18309,-3.11253,0.01732,0.15665,0.99576,0,0,52923
262.960000,416.357300,-1.15957,-0.54927,-2.74635,0.01928,0.16104,0.99381,0,0,52924
262.965000,416.357300,0.67133,-0.91545,-2.25811,0.02294,0.16519,0.99357,0,0,52925
262.970000,416.372470,2.62429,-1.22060,-1.09854,0.02196,0.16836,0.99284,0,0,52926
262.975000,416.372470,3.78386,-1.46472,-0.06103,0.01928,0.16958,0.99137,0,0,52927
262.980000,416.372470,4.15004,-1.58678,0.79339,0.01976,0.16934,0.98796,0,0,52928
262.985000,416.387445,3.66180,-1.40369,1.46472,0.01781,0.17226,0.98234,0,0,52929
262.990000,416.387445,2.38017,-0.67133,2.50223,0.01244,0.17788,0.98015,0,0,52930
262.995000,416.387445,0.91545,-0.06103,3.17356,0.01342,0.18032,0.98064,0,0,52931
263.000000,416.402527,-0.67133,0.48824,3.60077,0.01318,0.17739,0.97990,0,0,52932
263.005000,416.402527,-2.07502,1.09854,3.84489,0.01220,0.17397,0.98015,0,0,52933
263.010000,416.402527,-2.99047,1.64781,4.08901,0.01098,0.16885,0.98381,0,0,52934
263.015000,416.417405,-3.17356,1.95296,4.27210,0.00927,0.16372,0.98747,0,0,52935
263.020000,416.417405,-2.74635,1.58678,4.27210,0.00781,0.15640,0.98966,0,0,52936
263.025000,416.417405,-1.46472,0.85442,3.90592,0.00756,0.15250,0.98820,0,0,52937
263.030000,416.432323,-0.18309,0.24412,3.53974,0.00805,0.15104,0.98649,0,0,52938
263.035000,416.432323,1.09854,-0.30515,2.99047,0.00708,0.14811,0.98186,0,0,52939
263.040000,416.432323,1.89193,-0.48824,2.07502,0.00415,0.14323,0.97771,0,0,52940
263.045000,416.447326,2.38017,-0.24412,1.15957,0.00756,0.13932,0.97576,0,0,52941
263.050000,416.447326,2.38017,0.36618,0.36618,0.00952,0.14006,0.97551,0,0,52942
263.055000,416.447326,1.70884,0.61030,-0.12206,0.00586,0.14128,0.97722,0,0,52943
263.060000,416.462341,0.67133,0.97648,-0.67133,0.00390,0.14079,0.98088,0,0,52944
263.065000,416.462341,-0.12206,1.28163,-1.09854,0.00610,0.13981,0.98478,0,0,52945
263.070000,416.462341,-1.03751,1.64781,-1.64781,0.00854,0.13908,0.99113,0,0,52946
263.075000,416.477289,-1.58678,1.70884,-2.19708,0.01000,0.13810,0.99918,0,0,52947
263.080000,416.477289,-1.58678,1.64781,-2.44120,0.01074,0.13932,1.00308,0,0,52948
263.085000,416.477289,-1.22060,1.34266,-2.50223,0.00805,0.14250,1.00406,0,0,52949
263.090000,416.492102,-0.67133,0.91545,-2.62429,0.00342,0.14713,1.00577,0,0,52950
263.095000,416.492102,0.12206,0.00000,-2.99047,0.00439,0.15128,1.00528,0,0,52951
263.100000,416.492102,0.54927,-0.42721,-2.99047,0.00805,0.15372,1.00113,0,0,52952
263.105000,416.507062,0.61030,-0.48824,-2.50223,0.00854,0.15909,0.99625,0,0,52953
263.110000,416.507062,0.48824,-0.36618,-1.64781,0.00781,0.16470,0.99186,0,0,52954
263.115000,416.507062,0.30515,-0.36618,-0.85442,0.00683,0.16714,0.98722,0,0,52955
263.120000,416.522531,0.00000,-0.42721,-0.42721,0.00708,0.16763,0.98088,0,0,52956
263.125000,416.522531,-0.54927,-0.12206,-0.12206,0.01171,0.16738,0.97502,0,0,52957
263.130000,416.522531,-0.61030,0.30515,0.18309,0.01440,0.16641,0.97234,0,0,52958
263.135000,416.537285,-0.36618,0.67133,0.48824,0.01586,0.16446,0.97063,0,0,52959
263.140000,416.537285,-0.18309,1.15957,1.09854,0.01464,0.16421,0.97429,0,0,52960
263.145000,416.537285,-0.24412,1.76987,1.52575,0.01293,0.16226,0.98405,0,0,52961
263.150000,416.552195,-0.18309,1.95296,1.28163,0.01269,0.15958,0.99284,0,0,52962
263.155000,416.552195,-0.24412,1.89193,1.03751,0.01464,0.15348,1.00138,0,0,52963
263.160000,416.552195,-0.18309,1.89193,0.85442,0.01342,0.14713,1.00552,0,0,52964
263.165000,416.567365,0.00000,1.70884,0.61030,0.01244,0.14323,1.00650,0,0,52965
263.170000,416.567365,0.06103,1.52575,0.06103,0.01049,0.13908,1.00992,0,0,52966
263.175000,416.567365,0.54927,1.15957,-0.85442,0.00512,0.13859,1.00430,0,0,52967
263.180000,416.582205,1.09854,0.85442,-1.83090,0.00342,0.13908,0.99869,0,0,52968
263.185000,416.582205,1.34266,0.54927,-2.38017,0.00976,0.13810,0.99381,0,0,52969
263.190000,416.582205,2.25811,0.24412,-2.62429,0.01269,0.13835,0.98820,0,0,52970
263.195000,416.597262,3.47871,0.30515,-2.68532,0.01147,0.14176,0.98356,0,0,52971
263.200000,416.597262,4.15004,0.42721,-2.44120,0.01147,0.14640,0.97942,0,0,52972
263.205000,416.597262,4.63828,0.67133,-2.13605,0.01293,0.14957,0.97673,0,0,52973
263.210000,416.612559,4.88240,1.03751,-1.76987,0.01440,0.15640,0.97722,0,0,52974
263.215000,416.612559,4.69931,1.58678,-1.34266,0.01391,0.16299,0.98210,0,0,52975
263.220000,416.612559,4.33313,2.01399,-0.79339,0.01293,0.16763,0.99064,0,0,52976
263.225000,416.627597,3.90592,2.44120,-0.24412,0.01293,0.17422,0.99601,0,0,52977
263.230000,416.627597,3.60077,2.68532,0.06103,0.01025,0.17812,0.99942,0,0,52978
263.235000,416.627597,3.11253,2.80738,0.36618,0.00805,0.17763,1.00333,0,0,52979
263.240000,416.642542,2.74635,2.38017,0.48824,0.00854,0.17812,1.00333,0,0,52980
263.245000,416.642542,2.50223,1.58678,0.30515,0.00659,0.18032,0.99967,0,0,52981
263.250000,416.642542,2.25811,1.03751,0.30515,0.00610,0.18349,0.99698,0,0,52982
263.255000,416.657258,2.31914,1.28163,0.79339,0.00634,0.18251,0.99674,0,0,52983
263.260000,416.657258,2.62429,1.76987,0.97648,0.00439,0.17910,0.99601,0,0,52984
263.265000,416.657258,2.44120,1.89193,1.03751,0.00415,0.17763,0.99723,0,0,52985
263.270000,416.672232,1.28163,1.83090,1.28163,0.00415,0.17666,0.99869,0,0,52986
263.275000,416.672232,0.48824,1.89193,1.52575,0.00366,0.17739,0.99991,0,0,52987
263.280000,416.672232,0.06103,1.52575,1.70884,0.00122,0.17641,1.00162,0,0,52988
263.285000,416.687266,-0.06103,1.03751,1.89193,-0.00073,0.17226,1.00406,0,0,52989
263.290000,416.687266,0.12206,0.61030,2.07502,-0.00024,0.16982,1.00479,0,0,52990
263.295000,416.687266,0.73236,0.00000,2.56326,0.00146,0.16958,1.00430,0,0,52991
263.300000,416.702176,1.15957,-0.30515,2.86841,0.00317,0.16885,1.00357,0,0,52992
263.305000,416.702176,1.34266,-0.54927,3.11253,0.00366,0.16690,1.00235,0,0,52993
263.310000,416.702176,1.09854,-0.54927,3.05150,0.00512,0.16153,1.00138,0,0,52994
263.315000,416.717445,0.42721,-0.48824,2.74635,0.00683,0.15689,1.00064,0,0,52995
263.320000,416.717445,-0.67133,-0.48824,1.95296,0.00586,0.15421,0.99991,0,0,52996
263.325000,416.717445,-1.58678,-0.79339,0.91545,0.00439,0.15299,0.99845,0,0,52997
263.330000,416.732630,-2.31914,-0.79339,-0.18309,0.00342,0.15348,0.99698,0,0,52998
263.335000,416.732630,-2.68532,-0.61030,-1.15957,0.00268,0.15592,0.99381,0,0,52999
263.340000,416.732630,-2.99047,-0.48824,-1.83090,0.00317,0.15811,0.99162,0,0,53000
263.345000,416.747237,-3.53974,-0.42721,-2.13605,0.00220,0.16153,0.99210,0,0,53001
263.350000,416.747237,-4.51622,-0.42721,-2.44120,0.00268,0.16348,0.99186,0,0,53002
263.355000,416.747237,-5.06549,-0.42721,-2.44120,0.00781,0.16226,0.98991,0,0,53003
263.360000,416.762310,-4.94343,-0.24412,-2.44120,0.00903,0.16324,0.98698,0,0,53004
263.365000,416.762310,-4.08901,-0.06103,-2.19708,0.00366,0.16812,0.98454,0,0,53005
263.370000,416.762310,-2.74635,0.00000,-1.64781,-0.00098,0.17178,0.98308,0,0,53006
263.375000,416.777580,-0.61030,0.00000,-0.97648,0.00537,0.17178,0.98064,0,0,53007
263.380000,416.777580,0.73236,0.30515,-0.67133,0.01781,0.17007,0.97820,0,0,53008
263.385000,416.777580,1.76987,0.97648,0.18309,0.02196,0.16665,0.98088,0,0,53009
263.390000,416.792556,2.31914,1.83090,1.15957,0.01488,0.16714,0.98527,0,0,53010
263.395000,416.792556,2.31914,2.38017,2.07502,0.00976,0.16543,0.99040,0,0,53011
263.400000,416.792556,2.25811,2.38017,2.13605,0.00927,0.16421,0.99528,0,0,53012
263.405000,416.807193,2.25811,2.25811,1.89193,0.00903,0.16324,0.99820,0,0,53013
263.410000,416.807193,2.38017,2.31914,2.01399,0.01196,0.16031,1.00186,0,0,53014
263.415000,416.807193,2.50223,2.44120,2.50223,0.01293,0.15421,1.00333,0,0,53015
263.420000,416.822585,2.74635,2.44120,2.74635,0.00878,0.14811,1.00357,0,0,53016
263.425000,416.822585,3.29562,2.31914,2.25811,0.00293,0.14225,1.00333,0,0,53017
263.430000,416.822585,3.47871,2.01399,1.40369,0.00146,0.13981,1.00284,0,0,53018
263.435000,416.837571,3.60077,1.83090,0.48824,0.00171,0.14201,0.99772,0,0,53019
263.440000,416.837571,3.35665,1.95296,-0.30515,0.00195,0.14713,0.99357,0,0,53020
263.445000,416.837571,2.38017,2.50223,-0.79339,0.00342,0.14933,0.99698,0,0,53021
263.450000,416.852230,1.70884,2.68532,-1.28163,0.01244,0.15299,0.99747,0,0,53022
263.455000,416.852230,1.28163,1.76987,-0.97648,-0.00098,0.15738,1.00064,0,0,53023
263.460000,416.852230,0.18309,1.95296,-1.76987,-0.01000,0.16250,1.00138,0,0,53024
263.465000,416.867326,2.62429,1.34266,-3.05150,-0.00512,0.16299,0.99576,0,0,53025
263.470000,416.867326,4.76034,0.54927,-3.90592,0.00244,0.16958,1.00016,0,0,53026
263.475000,416.867326,5.98094,0.06103,-3.41768,0.00586,0.17470,1.00382,0,0,53027
263.480000,416.882657,6.83536,-0.79339,-2.74635,0.00488,0.17983,0.99796,0,0,53028
263.485000,416.882657,6.83536,-1.09854,-2.13605,0.00268,0.18715,0.99137,0,0,53029
263.490000,416.882657,5.98094,-0.42721,-1.64781,-0.00122,0.19276,0.99235,0,0,53030
263.495000,416.897284,4.88240,0.12206,-1.03751,-0.00390,0.19886,0.99259,0,0,53031
263.500000,416.897284,3.47871,0.30515,0.36618,0.00146,0.19837,0.98966,0,0,53032
263.505000,416.897284,2.01399,0.91545,1.64781,0.00146,0.19813,0.99284,0,0,53033
263.510000,416.912410,0.61030,1.76987,2.56326,0.01513,0.19422,0.99259,0,0,53034
263.515000,416.912410,-0.61030,2.25811,3.17356,0.01952,0.18446,0.99942,0,0,53035
263.520000,416.912410,-1.58678,1.76987,3.29562,0.01562,0.17373,1.00821,0,0,53036
263.525000,416.927170,-1.40369,0.91545,3.17356,0.01098,0.17007,1.01114,0,0,53037
263.530000,416.927170,-0.67133,0.18309,3.23459,0.01171,0.16836,1.00992,0,0,53038
263.535000,416.927170,0.00000,-0.30515,3.47871,0.01562,0.16690,1.00918,0,0,53039
263.540000,416.942356,0.12206,-0.48824,3.47871,0.01586,0.16592,1.00772,0,0,53040
263.545000,416.942356,0.18309,-0.85442,2.99047,0.01269,0.16519,1.00528,0,0,53041
263.550000,416.942356,0.18309,-1.40369,2.50223,0.00805,0.16714,0.99820,0,0,53042
263.555000,416.957218,-1.03751,-1.09854,2.19708,0.00293,0.17129,0.99113,0,0,53043
263.560000,416.957218,-1.22060,-0.79339,1.64781,0.00488,0.17324,0.98283,0,0,53044
263.565000,416.957218,-1.64781,-0.42721,1.34266,0.00878,0.17592,0.98259,0,0,53045
263.570000,416.972470,-2.19708,0.00000,1.28163,0.00659,0.17763,0.98112,0,0,53046
263.575000,416.972470,-2.01399,0.06103,1.03751,0.00146,0.17641,0.98015,0,0,53047
263.580000,416.972470,-1.64781,0.06103,0.67133,0.00146,0.17617,0.97966,0,0,53048
263.585000,416.988806,-0.91545,0.06103,0.36618,0.00634,0.17666,0.98039,0,0,53049
263.590000,416.988806,0.00000,0.06103,0.00000,0.01000,0.17910,0.98259,0,0,53050
263.595000,416.988806,0.61030,0.06103,0.06103,0.00903,0.18422,0.98527,0,0,53051
263.600000,417.003774,0.79339,-0.06103,0.36618,0.00952,0.18983,0.98747,0,0,53052
263.605000,417.003774,0.42721,-0.30515,0.67133,0.00927,0.19618,0.98600,0,0,53053
263.610000,417.003774,-0.42721,-0.36618,0.85442,0.00976,0.20154,0.98356,0,0,53054
263.615000,417.017261,-1.89193,-0.24412,1.09854,0.01098,0.20130,0.98137,0,0,53055
263.620000,417.017261,-4.57725,0.18309,1.40369,0.01122,0.20106,0.97795,0,0,53056
263.625000,417.017261,-6.83536,0.67133,1.34266,0.01171,0.20032,0.97502,0,0,53057
263.630000,417.032472,-8.60523,1.03751,1.09854,0.01244,0.19862,0.97014,0,0,53058
263.635000,417.032472,-9.94789,0.97648,0.91545,0.01391,0.19740,0.96307,0,0,53059
263.640000,417.032472,-10.68025,0.91545,0.97648,0.01684,0.19642,0.95746,0,0,53060
263.645000,417.047584,-10.92437,0.79339,1.09854,0.02220,0.19422,0.95136,0,0,53061
263.650000,417.047584,-10.49716,0.85442,1.03751,0.02489,0.19471,0.94428,0,0,53062
263.655000,417.047584,-9.88686,0.91545,1.09854,0.02416,0.19862,0.93525,0,0,53063
263.660000,417.062264,-9.09347,1.34266,1.28163,0.02391,0.20447,0.92769,0,0,53064
263.665000,417.062264,-8.11699,1.83090,1.70884,0.02635,0.21057,0.92354,0,0,53065
263.670000,417.062264,-6.65227,2.74635,2.74635,0.02806,0.21277,0.92452,0,0,53066
263.675000,417.077173,-5.18755,3.29562,3.60077,0.02635,0.21448,0.92647,0,0,53067
263.680000,417.077173,-3.35665,3.60077,4.63828,0.02660,0.21082,0.92866,0,0,53068
263.685000,417.077173,-1.28163,3.47871,5.55373,0.02977,0.20350,0.93159,0,0,53069
263.690000,417.092172,1.09854,3.23459,6.22506,0.02660,0.19959,0.93232,0,0,53070
263.695000,417.092172,3.60077,2.99047,7.14051,0.02147,0.19569,0.93525,0,0,53071
263.700000,417.092172,5.12652,2.68532,7.56772,0.01928,0.19154,0.93647,0,0,53072
263.705000,417.107525,5.98094,2.25811,7.20154,0.02196,0.18983,0.93476,0,0,53073
263.710000,417.107525,5.43167,2.07502,6.46918,0.02464,0.19056,0.93159,0,0,53074
263.715000,417.107525,2.86841,2.62429,5.73682,0.02391,0.19178,0.92769,0,0,53075
263.720000,417.122273,0.42721,3.23459,5.24858,0.02708,0.19349,0.92305,0,0,53076
263.725000,417.122273,-2.13605,3.96695,4.76034,0.03001,0.19862,0.91915,0,0,53077
263.730000,417.122273,-4.57725,4.76034,4.08901,0.02733,0.20569,0.91573,0,0,53078
263.735000,417.137316,-6.46918,5.61476,3.60077,0.02830,0.21423,0.90890,0,0,53079
263.740000,417.137316,-8.23905,6.71330,3.53974,0.03367,0.22253,0.90573,0,0,53080
263.745000,417.137316,-9.58171,7.87287,4.15004,0.03928,0.22936,0.90548,0,0,53081
263.750000,417.152533,-9.58171,8.30008,4.88240,0.03977,0.23522,0.90353,0,0,53082
263.755000,417.152533,-8.91038,8.17802,5.73682,0.04099,0.23961,0.90036,0,0,53083
263.760000,417.152533,-7.87287,8.11699,6.46918,0.04856,0.24229,0.89402,0,0,53084
263.765000,417.167581,-6.89639,8.23905,6.95742,0.05319,0.24790,0.88865,0,0,53085
263.770000,417.167581,-6.65227,8.78832,7.20154,0.05417,0.25840,0.88328,0,0,53086
263.775000,417.167581,-6.71330,9.09347,7.01845,0.05783,0.26938,0.87596,0,0,53087
263.780000,417.182277,-6.65227,9.27656,6.89639,0.06344,0.28719,0.86620,0,0,53088
263.785000,417.182277,-6.77433,9.76480,7.01845,0.06783,0.30671,0.85571,0,0,53089
263.790000,417.182277,-6.89639,10.37510,7.62875,0.07369,0.32086,0.84814,0,0,53090
263.795000,417.197243,-7.20154,11.35158,8.84935,0.07906,0.33379,0.84107,0,0,53091
263.800000,417.197243,-7.62875,12.08394,9.82583,0.07954,0.35087,0.83106,0,0,53092
263.805000,417.197243,-8.17802,12.81630,10.86334,0.07906,0.36088,0.81984,0,0,53093
263.810000,417.212574,-9.03244,13.73175,12.02291,0.08223,0.36820,0.81106,0,0,53094
263.815000,417.212574,-9.94789,14.76926,13.24351,0.08491,0.37991,0.80447,0,0,53095
263.820000,417.212574,-10.68025,15.92883,14.76926,0.08564,0.38845,0.79446,0,0,53096
263.825000,417.227315,-11.16849,16.84428,16.11192,0.08760,0.39333,0.78763,0,0,53097
263.830000,417.227315,-11.16849,17.88179,17.33252,0.08906,0.39821,0.78056,0,0,53098
263.835000,417.227315,-10.55819,19.22445,18.55312,0.08882,0.40748,0.77616,0,0,53099
263.840000,417.242623,-9.94789,20.68917,20.26196,0.08296,0.41797,0.78056,0,0,53100
263.845000,417.242623,-9.27656,22.76419,23.13037,0.07857,0.42529,0.79568,0,0,53101
263.850000,417.242623,-8.05596,23.92376,25.69363,0.07979,0.42846,0.80496,0,0,53102
263.855000,417.257580,-7.56772,24.71715,28.80616,0.05954,0.43212,0.82326,0,0,53103
263.860000,417.257580,-8.05596,26.73114,31.06427,0.03294,0.42993,0.84009,0,0,53104
263.865000,417.257580,-6.04197,27.09732,32.65105,0.02147,0.41822,0.84717,0,0,53105
263.870000,417.272252,-5.18755,27.34144,34.54298,0.01464,0.40431,0.85888,0,0,53106
263.875000,417.272252,-4.88240,27.40247,36.55697,0.00927,0.38894,0.86547,0,0,53107
263.880000,417.272252,-4.94343,27.40247,38.26581,-0.00049,0.37430,0.86669,0,0,53108
263.885000,417.287305,-5.12652,27.58556,39.60847,-0.01708,0.35966,0.86840,0,0,53109
263.890000,417.287305,-5.06549,28.07380,40.89010,-0.02904,0.34306,0.87230,0,0,53110
263.895000,417.287305,-4.82137,28.50101,42.35482,-0.03636,0.31988,0.88182,0,0,53111
263.900000,417.302214,-4.51622,28.31792,43.33130,-0.03953,0.29573,0.88962,0,0,53112
263.905000,417.302214,-4.21107,28.01277,44.49087,-0.04392,0.27377,0.89914,0,0,53113
263.910000,417.302214,-4.08901,27.82968,45.83353,-0.05685,0.25181,0.90695,0,0,53114
263.915000,417.317300,-3.66180,27.52453,46.93207,-0.07588,0.22838,0.91207,0,0,53115
263.920000,417.317300,-2.07502,26.85320,47.23722,-0.09174,0.20301,0.92012,0,0,53116
263.925000,417.317300,-0.42721,26.18187,47.11516,-0.10199,0.17983,0.93184,0,0,53117
263.930000,417.332619,1.40369,25.63260,47.05413,-0.11419,0.15762,0.94452,0,0,53118
263.935000,417.332619,3.66180,24.90024,46.87104,-0.12761,0.13615,0.95624,0,0,53119
263.940000,417.332619,6.34712,23.92376,46.38280,-0.13713,0.11761,0.96453,0,0,53120
263.945000,417.348542,8.97141,23.00831,45.95559,-0.14542,0.10150,0.97307,0,0,53121
263.950000,417.348542,11.90085,22.27595,44.85705,-0.15543,0.08833,0.98283,0,0,53122
263.955000,417.348542,13.54866,21.78771,43.75851,-0.16519,0.07540,0.99332,0,0,53123
263.960000,417.362221,14.76926,21.54359,42.90409,-0.17300,0.06442,1.00089,0,0,53124
263.965000,417.362221,15.31853,21.97080,41.80555,-0.17836,0.05368,1.01016,0,0,53125
263.970000,417.362221,14.64720,22.52007,40.34083,-0.17934,0.04270,1.02065,0,0,53126
263.975000,417.378355,12.69424,23.31346,38.26581,-0.17617,0.03196,1.03066,0,0,53127
263.980000,417.378355,9.52068,24.28994,35.64152,-0.17544,0.02635,1.03968,0,0,53128
263.985000,417.378355,4.76034,25.02230,32.10178,-0.17910,0.02830,1.04627,0,0,53129
263.990000,417.393337,1.28163,25.08333,29.53852,-0.18812,0.03928,1.04993,0,0,53130
263.995000,417.393337,-1.46472,25.02230,27.28041,-0.19813,0.05880,1.04920,0,0,53131
264.000000,417.393337,-3.11253,25.08333,25.87672,-0.20496,0.07564,1.04554,0,0,53132
264.005000,417.407084,-3.41768,25.51054,25.81569,-0.21326,0.08760,1.04676,0,0,53133
264.010000,417.407084,-2.44120,26.05981,26.91423,-0.22326,0.09443,1.05628,0,0,53134
264.015000,417.407084,-0.30515,26.24290,28.80616,-0.23058,0.09223,1.07336,0,0,53135
264.020000,417.422103,2.99047,25.93775,31.12530,-0.23546,0.08125,1.09751,0,0,53136
264.025000,417.422103,7.99493,25.14436,34.05474,-0.24107,0.06320,1.12777,0,0,53137
264.030000,417.422103,11.90085,24.47303,36.61800,-0.24668,0.03855,1.16168,0,0,53138
264.035000,417.437053,15.13544,23.37449,38.81508,-0.25181,0.00708,1.19682,0,0,53139
264.040000,417.437053,16.96634,21.90977,40.15774,-0.25352,-0.02684,1.23049,0,0,53140
264.045000,417.437053,17.08840,20.07887,40.40186,-0.25791,-0.05905,1.25636,0,0,53141
264.050000,417.452153,14.64720,18.98033,39.36435,-0.26352,-0.08906,1.27783,0,0,53142
264.055000,417.452153,11.29055,17.75973,37.41139,-0.26694,-0.11858,1.30076,0,0,53143
264.060000,417.452153,8.05596,16.11192,34.60401,-0.26572,-0.14054,1.31418,0,0,53144
264.065000,417.467080,5.12652,13.79278,31.06427,-0.26059,-0.15811,1.31614,0,0,53145
264.070000,417.467080,1.34266,10.74128,26.36496,-0.25620,-0.17666,1.31028,0,0,53146
264.075000,417.467080,-1.15957,8.60523,22.52007,-0.25327,-0.18934,1.29784,0,0,53147
264.080000,417.481957,-2.99047,7.32360,18.55312,-0.24400,-0.19837,1.28783,0,0,53148
264.085000,417.481957,-4.02798,6.16403,14.58617,-0.22619,-0.20325,1.27417,0,0,53149
264.090000,417.481957,-4.57725,4.02798,11.53467,-0.21984,-0.20057,1.26514,0,0,53150
264.095000,417.497084,-5.30961,2.99047,7.75081,-0.22131,-0.19520,1.25660,0,0,53151
264.100000,417.497084,-5.18755,2.38017,4.51622,-0.22228,-0.18812,1.24855,0,0,53152
264.105000,417.497084,-4.69931,1.70884,0.85442,-0.21643,-0.17739,1.24196,0,0,53153
264.110000,417.512059,-3.90592,0.79339,-2.80738,-0.20716,-0.16202,1.23635,0,0,53154
264.115000,417.512059,-2.86841,-0.24412,-6.28609,-0.20228,-0.13396,1.22903,0,0,53155
264.120000,417.512059,-2.19708,-1.52575,-9.94789,-0.19984,-0.09540,1.21976,0,0,53156
264.125000,417.527050,-2.44120,-2.62429,-12.02291,-0.19178,-0.06246,1.21000,0,0,53157
264.130000,417.527050,-3.53974,-3.60077,-13.48763,-0.18422,-0.03099,1.19950,0,0,53158
264.135000,417.527050,-4.88240,-4.27210,-14.64720,-0.17836,-0.00342,1.18535,0,0,53159
264.140000,417.542127,-6.46918,-4.82137,-15.37956,-0.17324,0.02123,1.17193,0,0,53160
264.145000,417.542127,-7.93390,-5.67579,-15.80677,-0.16592,0.04002,1.15851,0,0,53161
264.150000,417.542127,-8.60523,-6.46918,-15.98986,-0.15909,0.05612,1.14363,0,0,53162
264.155000,417.557055,-8.36111,-7.01845,-16.11192,-0.15543,0.07344,1.12606,0,0,53163
264.160000,417.557055,-7.01845,-7.81184,-15.62368,-0.14811,0.08955,1.10483,0,0,53164
264.165000,417.557055,-5.49270,-8.66626,-15.01338,-0.13713,0.10248,1.08409,0,0,53165
264.170000,417.572023,-4.15004,-9.33759,-14.46411,-0.12639,0.11444,1.06750,0,0,53166
264.175000,417.572023,-3.05150,-9.64274,-14.03690,-0.11907,0.12688,1.05286,0,0,53167
264.180000,417.572023,-2.25811,-9.94789,-13.42660,-0.11297,0.14030,1.03968,0,0,53168
264.185000,417.586997,-1.76987,-9.94789,-12.75527,-0.10638,0.14616,1.02724,0,0,53169
264.190000,417.586997,-1.95296,-9.45965,-12.02291,-0.09955,0.14786,1.01602,0,0,53170
264.195000,417.586997,-2.80738,-8.60523,-11.77879,-0.09760,0.15079,1.01162,0,0,53171
264.200000,417.601983,-3.84489,-7.81184,-11.90085,-0.09394,0.15567,1.00796,0,0,53172
264.205000,417.601983,-4.82137,-7.07948,-11.90085,-0.08833,0.16275,1.00284,0,0,53173
264.210000,417.601983,-6.04197,-6.28609,-11.22952,-0.08272,0.17104,0.99991,0,0,53174
264.215000,417.616983,-7.50669,-5.67579,-10.31407,-0.07710,0.17641,0.99601,0,0,53175
264.220000,417.616983,-9.03244,-4.76034,-8.97141,-0.07808,0.17934,0.98820,0,0,53176
264.225000,417.616983,-9.27656,-4.33313,-7.75081,-0.08320,0.17885,0.98112,0,0,53177
264.230000,417.631989,-8.66626,-3.96695,-6.71330,-0.08223,0.17519,0.97332,0,0,53178
264.235000,417.631989,-7.62875,-3.72283,-5.73682,-0.07832,0.16934,0.96551,0,0,53179
264.240000,417.631989,-6.53021,-3.53974,-4.88240,-0.07979,0.16665,0.96063,0,0,53180
264.245000,417.647009,-5.00446,-3.41768,-4.15004,-0.08028,0.16568,0.95941,0,0,53181
264.250000,417.647009,-2.50223,-3.47871,-3.29562,-0.07637,0.16421,0.95550,0,0,53182
264.255000,417.647009,-1.15957,-3.90592,-2.62429,-0.07393,0.16397,0.94965,0,0,53183
264.260000,417.661984,0.06103,-4.08901,-2.13605,-0.07540,0.16543,0.94379,0,0,53184
264.265000,417.661984,0.91545,-3.60077,-1.40369,-0.08125,0.16934,0.94160,0,0,53185
264.270000,417.661984,1.28163,-3.17356,-0.85442,-0.08345,0.17080,0.94038,0,0,53186
264.275000,417.676993,1.34266,-2.80738,-0.67133,-0.08394,0.16958,0.94013,0,0,53187
264.280000,417.676993,1.15957,-2.62429,-0.61030,-0.08394,0.16860,0.94135,0,0,53188
264.285000,417.676993,0.73236,-2.38017,-0.54927,-0.08467,0.16714,0.94404,0,0,53189
264.290000,417.692007,0.24412,-1.89193,-0.42721,-0.08589,0.16226,0.94965,0,0,53190
264.295000,417.692007,-0.61030,-1.46472,-0.42721,-0.09004,0.15567,0.95672,0,0,53191
264.300000,417.692007,-1.15957,-1.34266,-0.61030,-0.09492,0.14933,0.96185,0,0,53192
264.305000,417.707022,-1.58678,-1.58678,-0.91545,-0.09638,0.14323,0.96404,0,0,53193
264.310000,417.707022,-1.95296,-1.95296,-1.52575,-0.09687,0.14152,0.96526,0,0,53194
264.315000,417.707022,-2.19708,-2.01399,-2.38017,-0.10028,0.14372,0.96648,0,0,53195
264.320000,417.722000,-2.07502,-2.07502,-3.47871,-0.10224,0.14640,0.96648,0,0,53196
264.325000,417.722000,-1.70884,-2.25811,-3.96695,-0.10224,0.15250,0.96502,0,0,53197
264.330000,417.722000,-0.97648,-2.62429,-4.33313,-0.10126,0.15860,0.96307,0,0,53198
264.335000,417.736991,-0.18309,-2.80738,-4.45519,-0.09906,0.16397,0.96063,0,0,53199
264.340000,417.736991,0.30515,-2.92944,-4.33313,-0.09589,0.16714,0.95965,0,0,53200
264.345000,417.736991,0.73236,-2.92944,-3.90592,-0.09296,0.17104,0.95746,0,0,53201
264.350000,417.751998,0.91545,-2.99047,-3.53974,-0.08979,0.17080,0.95672,0,0,53202
264.355000,417.751998,0.91545,-2.56326,-3.11253,-0.08930,0.16519,0.95697,0,0,53203
264.360000,417.751998,0.24412,-1.83090,-2.38017,-0.09687,0.16372,0.95746,0,0,53204
264.365000,417.767003,-0.42721,-1.70884,-2.13605,-0.10175,0.16177,0.95868,0,0,53205
264.370000,417.767003,-0.48824,-1.89193,-2.74635,-0.09638,0.16226,0.95233,0,0,53206
264.375000,417.767003,-1.09854,-1.58678,-3.47871,-0.09345,0.16665,0.94477,0,0,53207
264.380000,417.781897,-2.13605,-0.97648,-3.84489,-0.09662,0.17446,0.93867,0,0,53208
264.385000,417.781897,-3.17356,-0.42721,-3.84489,-0.09955,0.18300,0.93403,0,0,53209
264.390000,417.781897,-4.08901,0.36618,-3.53974,-0.09809,0.18666,0.93428,0,0,53210
264.395000,417.796943,-4.51622,0.85442,-3.17356,-0.09931,0.18861,0.93794,0,0,53211
264.400000,417.796943,-4.39416,1.28163,-2.62429,-0.09955,0.18690,0.94257,0,0,53212
264.405000,417.796943,-3.90592,1.64781,-2.01399,-0.09858,0.18324,0.94770,0,0,53213
264.410000,417.812012,-3.29562,1.58678,-1.58678,-0.09955,0.18422,0.95062,0,0,53214
264.415000,417.812012,-2.74635,1.46472,-1.22060,-0.10102,0.18276,0.95160,0,0,53215
264.420000,417.812012,-2.38017,1.83090,-1.09854,-0.09809,0.18080,0.95453,0,0,53216
264.425000,417.827001,-2.13605,2.25811,-0.73236,-0.09516,0.17983,0.95941,0,0,53217
264.430000,417.827001,-1.95296,2.44120,-0.18309,-0.09052,0.17763,0.96331,0,0,53218
264.435000,417.827001,-2.01399,2.50223,0.30515,-0.08784,0.17983,0.96575,0,0,53219
264.440000,417.841989,-2.25811,2.38017,0.61030,-0.08808,0.18398,0.96746,0,0,53220
264.445000,417.841989,-2.31914,1.95296,1.40369,-0.09077,0.18837,0.96795,0,0,53221
264.450000,417.841989,-1.64781,1.64781,2.19708,-0.09418,0.19008,0.96673,0,0,53222
264.455000,417.857192,-0.67133,1.58678,3.17356,-0.09443,0.18398,0.96600,0,0,53223
264.460000,417.857192,0.67133,1.76987,4.15004,-0.09199,0.17495,0.96746,0,0,53224
264.465000,417.857192,2.13605,1.95296,4.57725,-0.09443,0.16909,0.96990,0,0,53225
264.470000,417.872360,3.66180,1.95296,5.00446,-0.09858,0.16372,0.97356,0,0,53226
264.475000,417.872360,4.45519,2.13605,5.18755,-0.10077,0.15470,0.97624,0,0,53227
264.480000,417.872360,4.88240,2.38017,5.00446,-0.10004,0.14884,0.97844,0,0,53228
264.485000,417.902090,4.69931,2.92944,4.57725,-0.09833,0.14567,0.98478,0,0,53229
264.490000,417.902090,3.84489,3.47871,4.08901,-0.09736,0.14372,0.99137,0,0,53230
264.495000,417.902090,2.56326,3.47871,3.41768,-0.09540,0.14420,0.99308,0,0,53231
264.495000,417.903293,1.46472,3.35665,2.86841,-0.09345,0.14738,0.99406,0,0,53232
264.500000,417.903293,-0.24412,3.53974,2.38017,-0.09394,0.15152,0.99479,0,0,53233
264.505000,417.903293,-0.97648,3.53974,2.19708,-0.09565,0.15445,0.99601,0,0,53234
264.510000,417.917167,-1.03751,3.17356,2.13605,-0.09492,0.15567,0.99698,0,0,53235
264.515000,417.917167,-0.48824,2.44120,1.95296,-0.09540,0.15592,0.99698,0,0,53236
264.520000,417.917167,0.06103,1.89193,2.01399,-0.09882,0.15714,0.99552,0,0,53237
264.525000,417.932443,0.42721,1.70884,2.13605,-0.09711,0.15616,0.99601,0,0,53238
264.530000,417.932443,0.42721,1.64781,2.38017,-0.09565,0.15396,0.99528,0,0,53239
264.535000,417.932443,0.06103,1.22060,2.86841,-0.09931,0.15079,0.99552,0,0,53240
264.540000,417.947334,-0.36618,1.22060,3.11253,-0.09809,0.14494,0.99723,0,0,53241
264.545000,417.947334,-0.42721,1.46472,3.23459,-0.09614,0.13908,1.00113,0,0,53242
264.550000,417.947334,-0.79339,1.40369,2.80738,-0.09858,0.13542,1.00260,0,0,53243
264.555000,417.962574,-1.03751,1.28163,2.38017,-0.09784,0.13444,1.00186,0,0,53244
264.560000,417.962574,-1.28163,1.40369,2.19708,-0.09248,0.13347,1.00162,0,0,53245
264.565000,417.962574,-1.09854,1.34266,2.07502,-0.09052,0.13469,1.00430,0,0,53246
264.570000,417.977306,-0.67133,1.22060,1.95296,-0.09394,0.13542,1.00723,0,0,53247
264.575000,417.977306,-0.24412,0.85442,1.46472,-0.09589,0.13615,1.00748,0,0,53248
264.580000,417.977306,0.18309,0.42721,0.61030,-0.09784,0.14079,1.00821,0,0,53249
264.585000,417.992579,0.85442,0.06103,-0.61030,-0.09736,0.14494,1.00772,0,0,53250
264.590000,417.992579,1.22060,0.12206,-1.28163,-0.09370,0.14591,1.00699,0,0,53251
264.595000,417.992579,1.22060,0.54927,-1.58678,-0.09565,0.14494,1.01065,0,0,53252
264.600000,418.007480,1.03751,0.91545,-1.89193,-0.09736,0.14591,1.01187,0,0,53253
264.605000,418.007480,0.61030,0.79339,-2.68532,-0.09784,0.15152,1.01138,0,0,53254
264.610000,418.007480,-0.06103,0.61030,-3.17356,-0.09784,0.15982,1.00918,0,0,53255
264.615000,418.022208,-0.97648,0.73236,-3.23459,-0.09516,0.17373,1.00504,0,0,53256
264.620000,418.022208,-1.58678,0.85442,-2.38017,-0.09370,0.18471,0.99918,0,0,53257
264.625000,418.022208,-2.01399,0.91545,-1.09854,-0.09540,0.18983,0.99650,0,0,53258
264.630000,418.037618,-2.19708,0.85442,-0.24412,-0.09662,0.19081,0.99357,0,0,53259
264.635000,418.037618,-2.07502,0.67133,0.85442,-0.09345,0.18788,0.98796,0,0,53260
264.640000,418.037618,-1.70884,0.67133,1.76987,-0.08979,0.18154,0.98186,0,0,53261
264.645000,418.052247,-1.28163,0.85442,2.74635,-0.08857,0.17568,0.97917,0,0,53262
264.650000,418.052247,-1.09854,0.97648,3.47871,-0.09296,0.17275,0.97746,0,0,53263
264.655000,418.052247,-0.67133,0.85442,4.27210,-0.09906,0.17104,0.97868,0,0,53264
264.660000,418.067269,-0.54927,0.79339,4.57725,-0.10053,0.16738,0.98088,0,0,53265
264.665000,418.067269,-0.18309,1.09854,5.00446,-0.10394,0.15933,0.98576,0,0,53266
264.670000,418.067269,0.48824,0.91545,5.18755,-0.10712,0.14982,0.98918,0,0,53267
264.675000,418.082280,1.09854,0.73236,5.12652,-0.10468,0.13688,0.99015,0,0,53268
264.680000,418.082280,1.64781,0.54927,5.12652,-0.10297,0.12688,0.99088,0,0,53269
264.685000,418.082280,2.38017,0.42721,4.94343,-0.10516,0.11956,0.99235,0,0,53270
264.685000,418.097254,2.99047,0.18309,4.76034,-0.10321,0.11370,0.99113,0,0,53271
264.690000,418.097254,4.02798,-0.42721,4.27210,-0.09784,0.10760,0.98356,0,0,53272
264.695000,418.097254,4.33313,-1.28163,3.47871,-0.10126,0.10931,0.97624,0,0,53273
264.700000,418.114974,4.21107,-1.64781,2.86841,-0.10126,0.11053,0.96624,0,0,53274
264.705000,418.114974,3.96695,-1.22060,1.76987,-0.08906,0.11175,0.95892,0,0,53275
264.710000,418.114974,3.11253,-0.42721,0.79339,-0.08320,0.11883,0.95941,0,0,53276
264.715000,418.127377,2.01399,0.12206,0.18309,-0.08711,0.12468,0.96087,0,0,53277
264.720000,418.127377,0.42721,0.79339,-0.48824,-0.09589,0.13542,0.96697,0,0,53278
264.725000,418.127377,-1.09854,1.58678,-1.34266,-0.09858,0.14738,0.97502,0,0,53279
264.730000,418.142405,-1.83090,2.01399,-1.89193,-0.09906,0.15787,0.98283,0,0,53280
264.735000,418.142405,-2.07502,1.89193,-2.44120,-0.09931,0.16494,0.99015,0,0,53281
264.740000,418.142405,-1.95296,1.58678,-2.44120,-0.09614,0.17031,0.99454,0,0,53282
264.745000,418.157263,-1.83090,1.09854,-2.19708,-0.09443,0.17495,0.99357,0,0,53283
264.750000,418.157263,-1.70884,0.54927,-1.52575,-0.09223,0.18276,0.98966,0,0,53284
264.755000,418.157263,-1.46472,-0.06103,-0.36618,-0.09272,0.18764,0.98308,0,0,53285
264.760000,418.172548,-1.70884,0.24412,1.40369,-0.09296,0.18910,0.97258,0,0,53286
264.765000,418.172548,-1.76987,0.54927,2.86841,-0.09321,0.18593,0.96282,0,0,53287
264.770000,418.172548,-1.70884,0.85442,4.63828,-0.09150,0.17910,0.95599,0,0,53288
264.775000,418.187252,-1.64781,0.97648,5.18755,-0.09052,0.17226,0.95282,0,0,53289
264.780000,418.187252,-0.54927,1.58678,5.73682,-0.09589,0.16250,0.95160,0,0,53290
264.785000,418.187252,0.91545,2.01399,5.73682,-0.10370,0.15274,0.95794,0,0,53291
264.790000,418.202343,2.99047,2.07502,5.55373,-0.10394,0.14250,0.96575,0,0,53292
264.795000,418.202343,4.02798,1.76987,5.37064,-0.09809,0.13176,0.97454,0,0,53293
264.800000,418.202343,4.27210,1.34266,4.88240,-0.09736,0.12664,0.98137,0,0,53294
264.800000,418.217496,3.96695,1.09854,4.27210,-0.10077,0.12517,0.98600,0,0,53295
264.805000,418.217496,2.62429,1.22060,3.17356,-0.10687,0.12517,0.99235,0,0,53296
264.810000,418.217496,1.40369,1.40369,2.31914,-0.10785,0.12639,0.99747,0,0,53297
264.815000,418.232262,0.18309,1.46472,1.40369,-0.10785,0.12590,1.00016,0,0,53298
264.820000,418.232262,-0.73236,1.76987,0.97648,-0.10614,0.12322,1.00504,0,0,53299
264.825000,418.232262,-1.58678,2.01399,0.54927,-0.10468,0.12127,1.00918,0,0,53300
264.830000,418.247540,-1.52575,1.64781,0.30515,-0.10492,0.12176,1.00967,0,0,53301
264.835000,418.247540,-1.34266,0.97648,0.18309,-0.10272,0.12224,1.00699,0,0,53302
264.840000,418.247540,-1.22060,0.54927,0.06103,-0.09760,0.12273,1.00528,0,0,53303
264.845000,418.262371,-1.70884,0.18309,-0.79339,-0.09638,0.12712,1.00406,0,0,53304
264.850000,418.262371,-2.25811,-0.30515,-1.70884,-0.10321,0.13444,0.99942,0,0,53305
264.855000,418.262371,-2.86841,-0.48824,-2.38017,-0.10419,0.14274,0.99259,0,0,53306
264.860000,418.277388,-3.47871,-0.36618,-2.56326,-0.10028,0.14762,0.98600,0,0,53307
264.865000,418.277388,-3.96695,0.18309,-2.50223,-0.09589,0.15518,0.97673,0,0,53308
264.870000,418.277388,-3.78386,0.61030,-1.89193,-0.09662,0.15836,0.97380,0,0,53309
264.875000,418.292597,-2.92944,1.09854,-0.97648,-0.09906,0.16080,0.97307,0,0,53310
264.880000,418.292597,-1.09854,1.28163,0.12206,-0.09931,0.15933,0.97429,0,0,53311
264.885000,418.292597,0.61030,0.97648,0.73236,-0.09809,0.15421,0.97405,0,0,53312
264.890000,418.307550,2.13605,0.91545,1.22060,-0.10077,0.15079,0.97478,0,0,53313
264.895000,418.307550,3.29562,1.46472,1.52575,-0.10102,0.14786,0.97917,0,0,53314
264.900000,418.307550,3.41768,1.83090,1.22060,-0.10053,0.14689,0.98259,0,0,53315
264.905000,418.322332,2.80738,1.83090,0.85442,-0.10346,0.14811,0.98576,0,0,53316
264.910000,418.322332,1.58678,1.83090,0.67133,-0.10614,0.14860,0.98600,0,0,53317
264.915000,418.322332,0.18309,2.01399,0.30515,-0.10468,0.14689,0.98600,0,0,53318
264.920000,418.337599,-0.79339,2.31914,-0.12206,-0.10126,0.14713,0.98820,0,0,53319
264.925000,418.337599,-1.09854,2.31914,-0.61030,-0.09906,0.14835,0.99137,0,0,53320
264.930000,418.337599,-0.42721,2.13605,-0.18309,-0.10004,0.15006,0.99528,0,0,53321
264.935000,418.352268,0.54927,1.58678,0.30515,-0.10248,0.15079,0.99942,0,0,53322
264.940000,418.352268,1.70884,0.97648,0.67133,-0.10370,0.15079,1.00113,0,0,53323
264.945000,418.352268,2.56326,0.30515,1.03751,-0.10102,0.15006,0.99894,0,0,53324
264.950000,418.367269,2.68532,0.18309,1.28163,-0.10150,0.14811,0.99918,0,0,53325
264.955000,418.367269,2.92944,-0.06103,1.28163,-0.10199,0.14567,0.99918,0,0,53326
264.960000,418.367269,2.50223,-0.18309,1.09854,-0.10370,0.14323,1.00040,0,0,53327
264.965000,418.382540,1.76987,-0.06103,0.79339,-0.10370,0.14103,1.00186,0,0,53328
264.970000,418.382540,0.30515,0.36618,0.30515,-0.10370,0.14006,1.00235,0,0,53329
264.975000,418.382540,-1.09854,0.48824,0.00000,-0.10468,0.14103,0.99991,0,0,53330
264.975000,418.397174,-2.01399,0.48824,-0.06103,-0.10565,0.14250,0.99918,0,0,53331
264.980000,418.397174,-2.86841,0.48824,0.00000,-0.10663,0.14518,0.99918,0,0,53332
264.985000,418.397174,-2.74635,0.42721,0.06103,-0.10736,0.14713,0.99601,0,0,53333
264.990000,418.412586,-1.95296,0.18309,0.12206,-0.10785,0.15030,0.99186,0,0,53334
264.995000,418.412586,-0.67133,-0.06103,0.48824,-0.10468,0.15323,0.98966,0,0,53335
265.000000,418.412586,0.24412,-0.36618,1.03751,-0.10248,0.15543,0.98796,0,0,53336
265.005000,418.427568,0.97648,-0.54927,1.52575,-0.10565,0.15421,0.98796,0,0,53337
265.010000,418.427568,1.64781,-0.54927,1.89193,-0.10736,0.15006,0.98893,0,0,53338
265.015000,418.427568,1.95296,-0.67133,2.01399,-0.10614,0.14469,0.99040,0,0,53339
265.020000,418.442113,1.95296,-0.79339,1.83090,-0.10346,0.13859,0.99040,0,0,53340
265.025000,418.442113,1.89193,-0.79339,1.40369,-0.10175,0.13566,0.98844,0,0,53341
265.030000,418.442113,1.64781,-0.36618,1.34266,-0.10614,0.13664,0.98942,0,0,53342
265.035000,418.457258,1.70884,-0.30515,1.22060,-0.10785,0.13640,0.99040,0,0,53343
265.040000,418.457258,1.83090,-0.36618,0.79339,-0.10346,0.13493,0.99015,0,0,53344
265.045000,418.457258,1.52575,-0.79339,-0.24412,-0.10004,0.13762,0.98869,0,0,53345
265.050000,418.472313,0.85442,-0.61030,-0.91545,-0.10175,0.14616,0.98698,0,0,53346
265.055000,418.472313,0.06103,-0.24412,-1.22060,-0.10346,0.15177,0.98796,0,0,53347
265.060000,418.472313,-0.61030,0.12206,-1.40369,-0.10321,0.15714,0.98893,0,0,53348
265.065000,418.487263,-1.15957,0.30515,-1.46472,-0.10346,0.16616,0.98576,0,0,53349
265.070000,418.487263,-1.83090,0.36618,-1.22060,-0.10468,0.17666,0.98137,0,0,53350
265.075000,418.487263,-2.25811,0.67133,-0.97648,-0.10468,0.18056,0.98039,0,0,53351
265.080000,418.502278,-2.25811,1.03751,-0.48824,-0.10224,0.18178,0.97917,0,0,53352
265.085000,418.502278,-1.89193,1.34266,0.54927,-0.10102,0.18251,0.98234,0,0,53353
265.090000,418.502278,-1.46472,1.46472,1.76987,-0.10516,0.18080,0.98747,0,0,53354
265.095000,418.517203,-0.85442,1.22060,2.44120,-0.11126,0.17641,0.99064,0,0,53355
265.100000,418.517203,0.18309,1.09854,2.38017,-0.11370,0.16909,0.99284,0,0,53356
265.105000,418.517203,0.85442,1.03751,2.31914,-0.11468,0.16202,0.99454,0,0,53357
265.110000,418.532477,1.34266,0.91545,2.74635,-0.11444,0.15616,0.99796,0,0,53358
265.115000,418.532477,1.83090,0.54927,3.11253,-0.11078,0.14811,0.99820,0,0,53359
265.120000,418.532477,1.95296,0.18309,3.05150,-0.10760,0.14006,0.99528,0,0,53360
265.125000,418.547579,1.28163,0.30515,2.50223,-0.10736,0.13469,0.99479,0,0,53361
265.130000,418.547579,0.61030,0.54927,1.83090,-0.10614,0.13152,0.99454,0,0,53362
265.135000,418.547579,0.12206,0.79339,1.28163,-0.10346,0.13249,0.99308,0,0,53363
265.140000,418.562271,-0.18309,0.61030,0.67133,-0.10028,0.13493,0.99064,0,0,53364
265.145000,418.562271,-0.24412,0.42721,0.48824,-0.09955,0.13957,0.98991,0,0,53365
265.150000,418.562271,-0.12206,0.36618,0.48824,-0.10053,0.14323,0.99137,0,0,53366
265.155000,418.577357,0.61030,0.30515,0.91545,-0.10492,0.14664,0.99284,0,0,53367
265.160000,418.577357,1.64781,0.24412,1.22060,-0.11102,0.14957,0.99357,0,0,53368
265.165000,418.577357,2.62429,0.06103,1.22060,-0.11444,0.15348,0.99357,0,0,53369
265.170000,418.592148,3.47871,-0.48824,1.09854,-0.11322,0.15226,0.99381,0,0,53370
265.175000,418.592148,4.02798,-0.73236,0.97648,-0.11248,0.14860,0.99259,0,0,53371
265.180000,418.592148,4.15004,-0.61030,0.97648,-0.11346,0.14616,0.99357,0,0,53372
265.185000,418.607142,3.66180,-0.42721,0.91545,-0.11614,0.14518,0.99406,0,0,53373
265.190000,418.607142,2.80738,-0.36618,0.79339,-0.11322,0.14201,0.99235,0,0,53374
265.195000,418.607142,1.34266,-0.48824,0.42721,-0.10321,0.13884,0.98869,0,0,53375
265.200000,418.622415,0.00000,-0.18309,0.00000,-0.10199,0.13786,0.98747,0,0,53376
265.205000,418.622415,-0.97648,0.30515,-0.18309,-0.10736,0.13932,0.98674,0,0,53377
265.210000,418.622415,-1.52575,0.61030,-0.48824,-0.11078,0.13981,0.98478,0,0,53378
265.215000,418.637482,-1.89193,0.79339,-0.91545,-0.10297,0.13762,0.98625,0,0,53379
265.220000,418.637482,-2.31914,0.85442,-1.52575,-0.09272,0.13713,0.98259,0,0,53380
265.225000,418.637482,-2.80738,0.61030,-1.64781,-0.09052,0.14298,0.97966,0,0,53381
265.230000,418.652591,-2.86841,0.48824,-1.09854,-0.09077,0.15226,0.97990,0,0,53382
265.235000,418.652591,-2.56326,0.61030,-0.61030,-0.09028,0.16104,0.97722,0,0,53383
265.240000,418.652591,-1.95296,0.73236,-0.30515,-0.09028,0.16836,0.97746,0,0,53384
265.245000,418.667611,-1.52575,0.97648,0.18309,-0.09004,0.17080,0.97917,0,0,53385
265.250000,418.667611,-0.73236,1.22060,1.22060,-0.08857,0.17031,0.98454,0,0,53386
265.255000,418.667611,-0.18309,1.34266,1.83090,-0.08589,0.16836,0.99040,0,0,53387
265.260000,418.682239,-0.24412,1.34266,1.95296,-0.08003,0.16470,0.99552,0,0,53388
265.265000,418.682239,-0.42721,1.09854,1.83090,-0.07857,0.16421,0.99650,0,0,53389
265.270000,418.682239,-0.42721,0.79339,1.89193,-0.08101,0.16592,0.99845,0,0,53390
265.275000,418.697209,-0.30515,0.61030,1.95296,-0.08150,0.16616,0.99991,0,0,53391
265.280000,418.697209,0.06103,0.54927,1.95296,-0.08101,0.16421,1.00064,0,0,53392
265.285000,418.697209,0.67133,0.42721,1.52575,-0.07808,0.16372,1.00260,0,0,53393
265.290000,418.712594,1.15957,0.30515,0.91545,-0.07393,0.16641,1.00211,0,0,53394
265.295000,418.712594,1.40369,0.48824,0.24412,-0.07344,0.17373,1.00528,0,0,53395
265.300000,418.712594,1.03751,0.67133,0.00000,-0.07491,0.18080,1.00601,0,0,53396
265.300000,418.727401,0.36618,1.15957,-0.06103,-0.07369,0.18373,1.00601,0,0,53397
265.305000,418.727401,-0.91545,2.62429,0.18309,-0.07296,0.18861,1.00870,0,0,53398
265.310000,418.727401,-3.05150,3.78386,0.97648,-0.07832,0.19227,1.01528,0,0,53399
265.315000,418.742179,-4.69931,4.21107,1.83090,-0.08638,0.19081,1.02016,0,0,53400
265.320000,418.742179,-6.10300,3.84489,2.56326,-0.09150,0.18617,1.02236,0,0,53401
265.325000,418.742179,-6.28609,3.90592,2.99047,-0.09223,0.18251,1.02334,0,0,53402
265.330000,418.757330,-6.22506,4.27210,3.23459,-0.09321,0.18032,1.02504,0,0,53403
265.335000,418.757330,-5.79785,4.33313,3.66180,-0.09345,0.17544,1.02700,0,0,53404
265.340000,418.757330,-4.51622,3.96695,4.51622,-0.09345,0.16812,1.02822,0,0,53405
265.345000,418.772292,-3.35665,3.66180,4.88240,-0.09296,0.15884,1.02968,0,0,53406
265.350000,418.772292,-2.01399,3.47871,5.55373,-0.09296,0.15201,1.03358,0,0,53407
265.355000,418.772292,-0.36618,3.47871,6.46918,-0.09711,0.14616,1.03920,0,0,53408
265.360000,418.787444,1.03751,3.23459,7.26257,-0.10102,0.14201,1.04456,0,0,53409
265.365000,418.787444,3.29562,2.44120,8.11699,-0.10907,0.13640,1.05188,0,0,53410
265.370000,418.787444,4.63828,1.89193,8.60523,-0.11810,0.13274,1.06042,0,0,53411
265.375000,418.802208,5.43167,1.34266,9.15450,-0.12249,0.12810,1.06408,0,0,53412
265.380000,418.802208,5.00446,0.97648,9.33759,-0.12298,0.11736,1.06506,0,0,53413
265.385000,418.802208,3.53974,0.97648,9.03244,-0.12542,0.10638,1.06726,0,0,53414
265.390000,418.817594,2.44120,1.09854,8.91038,-0.13127,0.09858,1.06799,0,0,53415
265.395000,418.817594,1.15957,0.97648,8.60523,-0.14176,0.08760,1.07067,0,0,53416
265.400000,418.817594,0.30515,0.67133,8.11699,-0.14640,0.07710,1.07238,0,0,53417
265.405000,418.832371,0.24412,0.18309,7.44566,-0.14957,0.06734,1.07604,0,0,53418
265.410000,418.832371,1.34266,-0.30515,7.32360,-0.15836,0.06271,1.07994,0,0,53419
265.415000,418.832371,3.60077,-0.85442,7.50669,-0.16665,0.05978,1.08458,0,0,53420
265.415000,418.847241,4.94343,-1.15957,7.81184,-0.17275,0.05978,1.08702,0,0,53421
265.420000,418.847241,6.59124,-1.64781,8.30008,-0.18227,0.06002,1.09166,0,0,53422
265.425000,418.847241,7.99493,-1.70884,9.09347,-0.19227,0.05661,1.10264,0,0,53423
265.430000,418.862215,9.76480,-2.38017,10.06995,-0.20520,0.04856,1.11874,0,0,53424
265.435000,418.862215,10.68025,-3.05150,10.37510,-0.21545,0.03367,1.13216,0,0,53425
265.440000,418.862215,11.35158,-3.90592,10.55819,-0.21936,0.01464,1.14485,0,0,53426
265.445000,418.877264,11.59570,-4.94343,10.43613,-0.22399,-0.00244,1.15754,0,0,53427
265.450000,418.877264,11.29055,-5.98094,9.94789,-0.23180,-0.01854,1.16290,0,0,53428
265.455000,418.877264,10.43613,-6.95742,9.09347,-0.23692,-0.04124,1.16632,0,0,53429
265.460000,418.892299,9.70377,-7.50669,7.99493,-0.24132,-0.06466,1.17486,0,0,53430
265.465000,418.892299,8.97141,-8.36111,6.53021,-0.24790,-0.08930,1.19048,0,0,53431
265.470000,418.892299,8.36111,-9.64274,5.06549,-0.25547,-0.11566,1.20731,0,0,53432
265.475000,418.907231,7.99493,-11.29055,3.66180,-0.26108,-0.13688,1.21902,0,0,53433
265.480000,418.907231,7.81184,-13.48763,1.76987,-0.26279,-0.15494,1.22586,0,0,53434
265.485000,418.907231,7.26257,-14.76926,0.00000,-0.26376,-0.17397,1.23440,0,0,53435
265.490000,418.922265,6.59124,-16.23398,-2.44120,-0.26425,-0.19056,1.23928,0,0,53436
265.495000,418.922265,5.55373,-17.88179,-5.37064,-0.26523,-0.20276,1.23708,0,0,53437
265.500000,418.922265,3.66180,-19.28548,-8.72729,-0.26620,-0.21374,1.23391,0,0,53438
265.505000,418.937238,1.95296,-20.56711,-11.90085,-0.27572,-0.21911,1.22878,0,0,53439
265.510000,418.937238,0.67133,-22.27595,-15.31853,-0.28426,-0.21960,1.22512,0,0,53440
265.515000,418.937238,0.42721,-23.49655,-18.85827,-0.28792,-0.21887,1.22195,0,0,53441
265.520000,418.952318,0.85442,-24.77818,-23.49655,-0.29109,-0.20813,1.21805,0,0,53442
265.525000,418.952318,1.83090,-26.36496,-27.95174,-0.29036,-0.19227,1.21805,0,0,53443
265.530000,418.952318,3.90592,-28.37895,-31.67457,-0.28694,-0.17129,1.22122,0,0,53444
265.535000,418.967527,5.06549,-29.35543,-33.44444,-0.28524,-0.15543,1.22439,0,0,53445
265.540000,418.967527,6.28609,-31.06427,-35.27534,-0.28548,-0.13054,1.22146,0,0,53446
265.545000,418.967527,6.40815,-33.38341,-36.74006,-0.28158,-0.10980,1.21170,0,0,53447
265.550000,418.982280,5.55373,-34.78710,-37.71654,-0.27572,-0.09126,1.19853,0,0,53448
265.555000,418.982280,3.60077,-35.58049,-38.75405,-0.27157,-0.08052,1.18340,0,0,53449
265.560000,418.982280,1.58678,-35.94667,-39.48641,-0.26791,-0.07564,1.16998,0,0,53450
265.565000,418.997378,0.06103,-36.19079,-40.21877,-0.26084,-0.07393,1.15876,0,0,53451
265.570000,418.997378,-1.64781,-36.49594,-41.56143,-0.24815,-0.07418,1.14143,0,0,53452
265.575000,418.997378,-3.35665,-36.74006,-43.45336,-0.24034,-0.07247,1.12655,0,0,53453
265.580000,419.012374,-4.27210,-37.22830,-45.04014,-0.23692,-0.07052,1.11606,0,0,53454
265.585000,419.012374,-4.69931,-38.38787,-47.29825,-0.23131,-0.06832,1.10532,0,0,53455
265.590000,419.012374,-4.33313,-39.48641,-49.55636,-0.22033,-0.06686,1.09702,0,0,53456
265.595000,419.027571,-3.96695,-40.52392,-51.38726,-0.21082,-0.06442,1.08702,0,0,53457
265.600000,419.027571,-3.96695,-42.72100,-54.49979,-0.20008,-0.05588,1.06774,0,0,53458
265.605000,419.027571,-4.51622,-44.73499,-57.00202,-0.19105,-0.04319,1.04359,0,0,53459
265.610000,419.042353,-5.85888,-46.07765,-59.56528,-0.18105,-0.02489,1.01406,0,0,53460
265.615000,419.042353,-8.30008,-46.93207,-62.67781,-0.16616,-0.00878,0.98820,0,0,53461
265.620000,419.042353,-10.25304,-46.99310,-65.18004,-0.14835,0.00903,0.96380,0,0,53462
265.625000,419.057316,-12.02291,-46.99310,-67.74330,-0.13176,0.03538,0.94184,0,0,53463
265.630000,419.057316,-13.67072,-47.29825,-70.48965,-0.11663,0.06856,0.91866,0,0,53464
265.635000,419.057316,-13.73175,-47.54237,-72.19849,-0.09931,0.09882,0.89719,0,0,53465
265.640000,419.072292,-13.18248,-47.90855,-73.29703,-0.08589,0.13908,0.87523,0,0,53466
265.645000,419.072292,-12.87733,-47.48134,-73.72424,-0.07442,0.18520,0.85620,0,0,53467
265.650000,419.072292,-11.83982,-46.44383,-74.21248,-0.05368,0.22082,0.83131,0,0,53468
265.655000,419.087569,-10.13098,-45.71147,-74.15145,-0.03538,0.26206,0.81398,0,0,53469
265.660000,419.087569,-10.06995,-44.30778,-72.62570,-0.01854,0.30158,0.80178,0,0,53470
265.665000,419.087569,-9.27656,-43.45336,-71.58819,0.00293,0.33330,0.77763,0,0,53471
265.670000,419.102333,-9.09347,-42.41585,-70.79480,0.02074,0.36698,0.76055,0,0,53472
265.675000,419.102333,-9.88686,-40.52392,-70.12347,0.04343,0.39821,0.74859,0,0,53473
265.680000,419.102333,-10.13098,-38.38787,-68.96390,0.07613,0.42773,0.73542,0,0,53474
265.685000,419.117594,-10.92437,-36.86212,-67.31609,0.10199,0.45726,0.72614,0,0,53475
265.690000,419.117594,-11.71776,-35.33637,-64.99695,0.11834,0.48946,0.71346,0,0,53476
265.695000,419.117594,-11.29055,-33.62753,-62.31163,0.12664,0.52021,0.70199,0,0,53477
265.700000,419.132639,-9.58171,-31.67457,-59.62631,0.14128,0.54802,0.69638,0,0,53478
265.705000,419.132639,-7.50669,-28.92822,-55.23215,0.16153,0.57413,0.69491,0,0,53479
265.710000,419.132639,-5.91991,-26.97526,-50.83799,0.17836,0.59731,0.68832,0,0,53480
265.715000,419.147605,-4.08901,-25.75466,-46.07765,0.18202,0.61756,0.68027,0,0,53481
265.720000,419.147605,-3.05150,-23.67964,-41.31731,0.18032,0.63342,0.67905,0,0,53482
265.725000,419.147605,-0.54927,-21.36050,-36.74006,0.18739,0.64221,0.67881,0,0,53483
265.730000,419.162578,1.70884,-18.91930,-30.63706,0.19544,0.64855,0.68369,0,0,53484
265.735000,419.162578,2.74635,-16.90531,-24.90024,0.20008,0.64562,0.68857,0,0,53485
265.740000,419.162578,3.35665,-14.95235,-18.73621,0.19618,0.63074,0.69540,0,0,53486
265.745000,419.177283,2.92944,-12.63321,-13.42660,0.19081,0.60756,0.70516,0,0,53487
265.750000,419.177283,3.17356,-10.13098,-8.91038,0.18910,0.57316,0.71126,0,0,53488
265.755000,419.177283,3.47871,-8.54420,-6.04197,0.18739,0.54070,0.72151,0,0,53489
265.760000,419.192263,3.96695,-7.01845,-3.47871,0.17788,0.51167,0.73249,0,0,53490
265.765000,419.192263,4.76034,-5.98094,-1.15957,0.16519,0.48532,0.74078,0,0,53491
265.770000,419.192263,5.73682,-5.18755,0.91545,0.15543,0.45994,0.74664,0,0,53492
265.770000,419.207343,6.59124,-4.57725,2.31914,0.14762,0.44115,0.75079,0,0,53493
265.775000,419.207343,8.17802,-3.11253,4.45519,0.13566,0.41138,0.75689,0,0,53494
265.780000,419.207343,9.15450,-1.83090,6.16403,0.13005,0.38284,0.76421,0,0,53495
265.785000,419.222274,9.70377,-0.30515,8.23905,0.12615,0.35502,0.77543,0,0,53496
265.790000,419.222274,9.58171,0.91545,9.33759,0.11883,0.32867,0.78958,0,0,53497
265.795000,419.222274,9.33759,1.95296,9.88686,0.11078,0.30329,0.80593,0,0,53498
265.800000,419.237262,9.27656,2.74635,9.88686,0.10858,0.28597,0.81935,0,0,53499
265.805000,419.237262,9.15450,3.96695,9.33759,0.10443,0.26352,0.84204,0,0,53500
265.810000,419.237262,8.72729,4.76034,8.48317,0.09711,0.24717,0.86278,0,0,53501
265.815000,419.252237,8.36111,5.73682,6.77433,0.08686,0.23375,0.88548,0,0,53502
265.820000,419.252237,8.17802,6.34712,4.76034,0.07710,0.22594,0.90670,0,0,53503
265.825000,419.252237,7.93390,6.34712,2.92944,0.06978,0.22399,0.92549,0,0,53504
265.830000,419.267203,7.26257,5.79785,1.34266,0.07052,0.22424,0.94184,0,0,53505
265.835000,419.267203,6.34712,5.12652,0.00000,0.06808,0.22741,0.95282,0,0,53506
265.840000,419.267203,5.43167,4.33313,-1.09854,0.05978,0.23375,0.95843,0,0,53507
265.845000,419.282208,4.45519,3.47871,-1.52575,0.05441,0.23814,0.95892,0,0,53508
265.850000,419.282208,4.39416,2.19708,-1.58678,0.05295,0.23985,0.95258,0,0,53509
265.855000,419.282208,5.37064,1.52575,-1.40369,0.05344,0.24132,0.94940,0,0,53510
265.860000,419.297627,6.83536,1.40369,-0.91545,0.05783,0.24229,0.95111,0,0,53511
265.865000,419.297627,8.42214,1.40369,-0.06103,0.05832,0.24424,0.95843,0,0,53512
265.870000,419.297627,9.70377,1.46472,1.22060,0.05563,0.24522,0.96770,0,0,53513
265.875000,419.312388,9.58171,1.76987,2.01399,0.05124,0.24644,0.97820,0,0,53514
265.880000,419.312388,8.60523,2.13605,2.62429,0.04612,0.24766,0.98722,0,0,53515
265.885000,419.312388,7.01845,2.68532,2.92944,0.04026,0.24912,0.99332,0,0,53516
265.890000,419.327584,5.06549,3.23459,2.92944,0.04026,0.24937,0.99625,0,0,53517
265.895000,419.327584,2.99047,3.84489,3.11253,0.04099,0.24449,0.99918,0,0,53518
265.900000,419.327584,0.48824,4.15004,3.66180,0.04050,0.23961,0.99942,0,0,53519
265.905000,419.343507,-0.91545,3.90592,3.96695,0.03684,0.23473,0.99820,0,0,53520
265.910000,419.343507,-0.79339,3.47871,4.15004,0.03684,0.22594,0.99113,0,0,53521
265.915000,419.343507,0.24412,2.99047,4.45519,0.04197,0.21667,0.98332,0,0,53522
265.920000,419.358490,1.09854,2.86841,4.82137,0.04221,0.21204,0.97893,0,0,53523
265.925000,419.358490,2.50223,2.92944,5.67579,0.04075,0.20545,0.97576,0,0,53524
265.930000,419.358490,3.90592,3.35665,6.95742,0.04124,0.19935,0.97576,0,0,53525
265.935000,419.372278,4.27210,3.53974,7.26257,0.04416,0.19300,0.97551,0,0,53526
265.940000,419.372278,3.90592,4.02798,7.56772,0.04319,0.18398,0.97990,0,0,53527
265.945000,419.372278,3.29562,5.30961,7.93390,0.03806,0.17470,0.98503,0,0,53528
265.950000,419.387219,2.74635,6.28609,8.05596,0.03099,0.16519,0.99088,0,0,53529
265.955000,419.387219,2.13605,6.71330,7.75081,0.02684,0.15518,1.00040,0,0,53530
265.960000,419.387219,1.83090,6.53021,7.07948,0.02538,0.14347,1.00772,0,0,53531
265.965000,419.402225,1.89193,6.10300,6.16403,0.03050,0.13322,1.01187,0,0,53532
265.970000,419.402225,2.19708,5.79785,5.12652,0.03636,0.12468,1.01675,0,0,53533
265.975000,419.402225,2.68532,5.30961,4.02798,0.03831,0.12054,1.02016,0,0,53534
265.980000,419.417206,3.29562,4.45519,3.17356,0.03587,0.12371,1.02041,0,0,53535
265.985000,419.417206,3.47871,3.72283,2.38017,0.02977,0.13518,1.01748,0,0,53536
265.990000,419.417206,3.41768,3.11253,1.58678,0.02562,0.14811,1.01358,0,0,53537
265.995000,419.432217,2.99047,2.68532,0.73236,0.02098,0.16031,1.00967,0,0,53538
266.000000,419.432217,2.01399,2.74635,-0.18309,0.01976,0.17178,1.00699,0,0,53539
266.005000,419.432217,0.85442,2.92944,-0.73236,0.02172,0.17934,1.00430,0,0,53540
266.010000,419.447266,-0.36618,3.17356,-0.73236,0.02611,0.18251,1.00406,0,0,53541
266.015000,419.447266,-2.07502,3.29562,-0.67133,0.03123,0.18471,1.00723,0,0,53542
266.020000,419.447266,-3.96695,3.29562,-0.42721,0.03245,0.18349,1.00748,0,0,53543
266.025000,419.462074,-4.94343,3.41768,-0.18309,0.03611,0.17836,1.00699,0,0,53544
266.030000,419.462074,-4.69931,3.66180,0.12206,0.04075,0.17519,1.00772,0,0,53545
266.035000,419.462074,-3.72283,3.90592,0.79339,0.04197,0.17422,1.01333,0,0,53546
266.035000,419.477055,-2.38017,3.84489,1.34266,0.03806,0.17666,1.01846,0,0,53547
266.040000,419.477055,0.30515,3.41768,2.31914,0.02879,0.18056,1.02578,0,0,53548
266.045000,419.477055,2.31914,2.62429,3.17356,0.02025,0.18324,1.03310,0,0,53549
266.050000,419.492049,3.84489,1.95296,4.27210,0.01854,0.18007,1.03895,0,0,53550
266.055000,419.492049,4.33313,1.64781,4.69931,0.02684,0.16909,1.04115,0,0,53551
266.060000,419.492049,3.96695,1.46472,4.88240,0.02440,0.16177,1.04310,0,0,53552
266.065000,419.507052,3.11253,1.15957,4.94343,0.01708,0.15201,1.04505,0,0,53553
266.070000,419.507052,2.50223,0.85442,4.27210,0.02342,0.13762,1.04042,0,0,53554
266.075000,419.507052,1.76987,0.79339,3.05150,0.02660,0.12956,1.03798,0,0,53555
266.080000,419.522045,1.52575,0.67133,1.95296,0.02538,0.12395,1.03676,0,0,53556
266.085000,419.522045,2.01399,0.36618,0.73236,0.02928,0.12005,1.03285,0,0,53557
266.090000,419.522045,2.80738,-0.18309,-0.42721,0.02977,0.12346,1.03334,0,0,53558
266.095000,419.537023,3.66180,-1.03751,-1.15957,0.02318,0.13274,1.03212,0,0,53559
266.100000,419.537023,4.69931,-1.95296,-1.76987,0.01903,0.14372,1.02773,0,0,53560
266.105000,419.537023,5.24858,-2.38017,-2.07502,0.02660,0.15006,1.02187,0,0,53561
266.110000,419.552017,4.76034,-2.44120,-2.50223,0.02757,0.15543,1.01919,0,0,53562
266.115000,419.552017,3.29562,-2.31914,-2.92944,0.01732,0.16006,1.01846,0,0,53563
266.120000,419.552017,1.83090,-1.89193,-3.29562,0.01440,0.16348,1.01919,0,0,53564
266.125000,419.567022,0.91545,-1.46472,-3.53974,0.02147,0.16348,1.01724,0,0,53565
266.130000,419.567022,-0.73236,-1.15957,-4.08901,0.02830,0.16763,1.01236,0,0,53566
266.135000,419.567022,-2.19708,-0.91545,-3.53974,0.02123,0.17641,1.00870,0,0,53567
266.140000,419.582029,-2.92944,-0.67133,-2.56326,0.01171,0.18568,1.00699,0,0,53568
266.145000,419.582029,-2.74635,-0.73236,-1.58678,0.01049,0.19154,1.00455,0,0,53569
266.150000,419.582029,-2.25811,-0.73236,-0.97648,0.01342,0.19349,1.00235,0,0,53570
266.155000,419.597049,-1.70884,-0.48824,-0.18309,0.01513,0.19203,0.99796,0,0,53571
266.160000,419.597049,-1.22060,-0.36618,0.91545,0.01806,0.18666,0.99357,0,0,53572
266.165000,419.597049,-0.97648,-0.36618,2.07502,0.01610,0.18032,0.98966,0,0,53573
266.170000,419.612021,-0.85442,-0.67133,2.50223,0.01074,0.17056,0.98698,0,0,53574
266.175000,419.612021,-0.85442,-0.85442,2.38017,0.01513,0.15958,0.98308,0,0,53575
266.180000,419.612021,-1.15957,-0.54927,1.89193,0.02342,0.14713,0.97771,0,0,53576
266.185000,419.626949,-1.58678,-0.24412,1.22060,0.02245,0.14054,0.97795,0,0,53577
266.190000,419.626949,-1.95296,-0.24412,0.73236,0.01903,0.13835,0.97795,0,0,53578
266.195000,419.626949,-1.95296,-0.12206,0.18309,0.02513,0.13371,0.97820,0,0,53579
266.200000,419.641973,-1.52575,0.18309,-0.61030,0.03245,0.13152,0.98015,0,0,53580
266.205000,419.641973,-1.52575,0.30515,-1.15957,0.02855,0.13591,0.98454,0,0,53581
266.210000,419.641973,-1.28163,0.36618,-1.70884,0.02830,0.13835,0.98747,0,0,53582
266.215000,419.657019,-1.03751,0.30515,-2.07502,0.03270,0.14030,0.98844,0,0,53583
266.220000,419.657019,-0.97648,0.00000,-2.80738,0.03343,0.14738,0.99259,0,0,53584
266.225000,419.657019,-0.97648,-0.73236,-3.66180,0.03123,0.15543,0.99186,0,0,53585
266.230000,419.672041,-0.79339,-1.34266,-4.27210,0.02708,0.16665,0.98796,0,0,53586
266.235000,419.672041,-0.85442,-1.83090,-4.63828,0.02733,0.17812,0.98308,0,0,53587
266.240000,419.672041,-0.67133,-1.95296,-4.63828,0.03465,0.18861,0.97673,0,0,53588
266.245000,419.687012,-0.54927,-1.64781,-3.90592,0.03684,0.20057,0.97185,0,0,53589
266.250000,419.687012,-0.73236,-1.22060,-2.68532,0.04075,0.20960,0.96844,0,0,53590
266.255000,419.687012,-0.97648,-0.36618,-1.34266,0.04465,0.21130,0.96526,0,0,53591
266.260000,419.702016,-1.22060,0.42721,0.12206,0.04538,0.20789,0.96478,0,0,53592
266.265000,419.702016,-1.22060,1.03751,1.52575,0.04612,0.20374,0.96575,0,0,53593
266.270000,419.702016,-0.91545,2.07502,2.74635,0.04221,0.20130,0.97088,0,0,53594
266.275000,419.717002,-0.97648,2.56326,3.35665,0.03733,0.19666,0.97844,0,0,53595
266.280000,419.717002,-1.09854,2.74635,3.72283,0.04050,0.18642,0.98600,0,0,53596
266.285000,419.717002,-1.40369,2.68532,3.72283,0.04392,0.17714,0.99113,0,0,53597
266.290000,419.731998,-1.52575,2.50223,3.47871,0.04026,0.17104,0.99650,0,0,53598
266.295000,419.731998,-1.15957,2.01399,3.17356,0.03318,0.16543,0.99942,0,0,53599
266.300000,419.731998,-0.24412,1.64781,2.68532,0.03392,0.15836,1.00016,0,0,53600
266.300000,419.747050,0.42721,1.15957,2.07502,0.03684,0.15518,1.00089,0,0,53601
266.305000,419.747050,1.15957,0.73236,1.09854,0.03611,0.15445,1.00040,0,0,53602
266.310000,419.747050,1.76987,0.24412,0.42721,0.03196,0.15665,0.99723,0,0,53603
266.315000,419.761991,1.95296,0.00000,0.30515,0.02806,0.15933,0.99552,0,0,53604
266.320000,419.761991,1.64781,-0.06103,0.30515,0.03123,0.15933,0.99284,0,0,53605
266.325000,419.761991,0.97648,0.12206,0.24412,0.03758,0.15836,0.99137,0,0,53606
266.330000,419.777020,0.36618,0.36618,0.36618,0.03806,0.15665,0.99357,0,0,53607
266.335000,419.777020,-0.24412,0.18309,0.48824,0.03709,0.15226,0.99576,0,0,53608
266.340000,419.777020,-0.24412,0.18309,0.42721,0.03489,0.15055,0.99772,0,0,53609
266.345000,419.791991,0.18309,-0.06103,0.54927,0.03172,0.15372,1.00308,0,0,53610
266.350000,419.791991,0.67133,-0.42721,0.61030,0.03099,0.15836,1.00430,0,0,53611
266.355000,419.791991,0.97648,-0.79339,0.67133,0.03123,0.16348,1.00113,0,0,53612
266.360000,419.807313,1.15957,-0.79339,0.97648,0.03074,0.16470,0.99479,0,0,53613
266.365000,419.807313,1.15957,-0.42721,1.64781,0.02855,0.16446,0.98820,0,0,53614
266.370000,419.807313,0.79339,-0.06103,2.07502,0.02782,0.16128,0.98552,0,0,53615
266.375000,419.822073,0.18309,0.48824,2.07502,0.02879,0.15518,0.98430,0,0,53616
266.380000,419.822073,-0.36618,0.97648,1.95296,0.02733,0.14884,0.98576,0,0,53617
266.385000,419.822073,-0.79339,1.52575,1.70884,0.02464,0.14494,0.98771,0,0,53618
266.390000,419.837127,-1.03751,2.13605,1.22060,0.02294,0.14396,0.99332,0,0,53619
266.395000,419.837127,-0.97648,1.83090,0.36618,0.02489,0.14640,0.99650,0,0,53620
266.400000,419.837127,-0.48824,1.40369,-0.06103,0.02586,0.15299,0.99650,0,0,53621
266.405000,419.852154,-0.12206,1.15957,0.18309,0.02464,0.15884,0.99601,0,0,53622
266.410000,419.852154,0.30515,1.03751,0.61030,0.02220,0.16055,0.99479,0,0,53623
266.415000,419.852154,0.97648,0.79339,0.61030,0.02245,0.16080,0.99357,0,0,53624
266.420000,419.867373,1.46472,0.73236,0.36618,0.02098,0.16494,0.99113,0,0,53625
266.425000,419.867373,1.40369,1.34266,-0.42721,0.02147,0.16714,0.99820,0,0,53626
266.430000,419.867373,2.13605,1.40369,-1.09854,0.03392,0.16372,1.00113,0,0,53627
266.435000,419.882261,1.46472,0.79339,-0.42721,0.03074,0.16885,1.01724,0,0,53628
266.440000,419.882261,0.00000,0.48824,0.54927,0.02196,0.16738,1.01968,0,0,53629
266.445000,419.882261,-0.61030,-0.12206,0.54927,0.01684,0.16250,1.02016,0,0,53630
266.450000,419.897343,-1.09854,-0.36618,0.18309,0.01586,0.15933,1.02187,0,0,53631
266.455000,419.897343,-1.28163,-0.73236,-0.12206,0.01684,0.15250,1.01943,0,0,53632
266.460000,419.897343,-0.54927,-1.34266,0.00000,0.01806,0.14640,1.01480,0,0,53633
266.465000,419.912248,0.42721,-1.76987,0.12206,0.01830,0.14152,1.01114,0,0,53634
266.470000,419.912248,1.34266,-2.13605,-0.06103,0.02098,0.13737,1.00382,0,0,53635
266.475000,419.912248,1.64781,-2.31914,-0.61030,0.02269,0.13762,0.99796,0,0,53636
266.475000,419.927428,1.70884,-2.31914,-1.15957,0.02342,0.14006,0.99406,0,0,53637
266.480000,419.927428,1.34266,-1.95296,-1.64781,0.02538,0.14494,0.98893,0,0,53638
266.485000,419.927428,0.61030,-1.34266,-1.52575,0.02757,0.14933,0.98820,0,0,53639
266.490000,419.942458,-0.30515,-0.48824,-0.97648,0.02855,0.15226,0.99357,0,0,53640
266.495000,419.942458,-1.15957,0.12206,-0.61030,0.02708,0.15543,0.99845,0,0,53641
266.500000,419.942458,-1.70884,0.36618,-0.36618,0.02611,0.15811,1.00211,0,0,53642
266.505000,419.957336,-1.89193,0.30515,-0.24412,0.02513,0.15762,1.00357,0,0,53643
266.510000,419.957336,-1.52575,-0.06103,-0.24412,0.02294,0.15494,1.00552,0,0,53644
266.515000,419.957336,-0.48824,-0.36618,-0.61030,0.02220,0.15226,1.00601,0,0,53645
266.520000,419.972285,0.12206,-0.30515,-0.79339,0.02391,0.15299,1.00699,0,0,53646
266.525000,419.972285,0.48824,-0.30515,-0.67133,0.02220,0.15299,1.00796,0,0,53647
266.530000,419.972285,0.79339,-1.03751,-0.73236,0.02220,0.15518,1.00455,0,0,53648
266.535000,419.987317,1.09854,-1.58678,-0.73236,0.02196,0.15616,0.99845,0,0,53649
266.540000,419.987317,1.22060,-1.64781,-0.61030,0.02245,0.15494,0.99381,0,0,53650
266.545000,419.987317,1.03751,-1.09854,-0.48824,0.02611,0.15177,0.99040,0,0,53651
266.550000,420.002216,0.61030,-0.54927,-0.61030,0.02708,0.15030,0.98918,0,0,53652
266.555000,420.002216,0.12206,-0.24412,-0.79339,0.02464,0.15177,0.98698,0,0,53653
266.560000,420.002216,-0.79339,0.24412,-1.03751,0.01806,0.15177,0.98966,0,0,53654
266.565000,420.017609,-1.03751,1.03751,-1.95296,0.02684,0.15030,0.99040,0,0,53655
266.570000,420.017609,-0.30515,0.61030,-2.01399,0.03562,0.14835,0.99357,0,0,53656
266.575000,420.017609,-0.61030,0.12206,-1.28163,0.02806,0.15104,1.00113,0,0,53657
266.580000,420.032600,0.06103,-0.36618,-0.67133,0.02586,0.14933,0.99747,0,0,53658
266.585000,420.032600,1.28163,-0.97648,-1.15957,0.03050,0.15079,0.99235,0,0,53659
266.590000,420.032600,1.58678,-1.22060,-1.76987,0.03392,0.15250,0.99040,0,0,53660
266.595000,420.047257,1.58678,-1.28163,-1.76987,0.03636,0.15250,0.98722,0,0,53661
266.600000,420.047257,1.22060,-0.91545,-1.70884,0.03904,0.15494,0.98454,0,0,53662
266.605000,420.047257,0.48824,-0.48824,-1.89193,0.03660,0.15982,0.98478,0,0,53663
266.610000,420.062654,-0.18309,-0.18309,-2.07502,0.03148,0.16226,0.98552,0,0,53664
266.615000,420.062654,-0.79339,-0.06103,-2.25811,0.02904,0.16519,0.98234,0,0,53665
266.620000,420.062654,-1.34266,0.18309,-2.25811,0.03050,0.16568,0.98112,0,0,53666
266.625000,420.077554,-1.70884,0.79339,-1.95296,0.03611,0.16470,0.98234,0,0,53667
266.630000,420.077554,-1.89193,1.22060,-1.89193,0.03928,0.17007,0.97722,0,0,53668
266.635000,420.077554,-2.01399,1.34266,-1.83090,0.03684,0.17056,0.98308,0,0,53669
266.640000,420.092149,-1.52575,1.28163,-1.83090,0.03684,0.17104,0.98649,0,0,53670
266.645000,420.092149,-0.67133,1.09854,-1.70884,0.03806,0.17373,0.98454,0,0,53671
266.650000,420.092149,0.30515,1.34266,-1.09854,0.03904,0.17641,0.98478,0,0,53672
266.655000,420.107497,0.67133,1.64781,-0.67133,0.03904,0.17739,0.98942,0,0,53673
266.660000,420.107497,1.03751,1.89193,-0.18309,0.03684,0.17592,0.99503,0,0,53674
266.665000,420.107497,1.15957,1.76987,0.12206,0.03416,0.17324,0.99723,0,0,53675
266.670000,420.122268,0.91545,1.52575,0.36618,0.03392,0.16885,0.99650,0,0,53676
266.675000,420.122268,0.36618,1.22060,0.67133,0.03270,0.16446,0.99698,0,0,53677
266.680000,420.122268,-0.12206,0.91545,0.79339,0.02879,0.15933,0.99552,0,0,53678
266.685000,420.137567,0.12206,0.54927,0.61030,0.02684,0.15518,0.99259,0,0,53679
266.690000,420.137567,0.42721,0.54927,0.36618,0.02562,0.15421,0.99284,0,0,53680
266.695000,420.137567,0.79339,0.54927,0.12206,0.02342,0.15421,0.99552,0,0,53681
266.700000,420.152311,0.79339,0.48824,-0.12206,0.02513,0.15616,0.99406,0,0,53682
266.705000,420.152311,0.42721,0.36618,-0.36618,0.02879,0.15787,0.99210,0,0,53683
266.710000,420.152311,0.18309,0.30515,-0.54927,0.02952,0.16080,0.99235,0,0,53684
266.715000,420.167282,0.06103,0.24412,-0.61030,0.02733,0.16568,0.99137,0,0,53685
266.720000,420.167282,0.06103,0.48824,-0.61030,0.02220,0.16909,0.98942,0,0,53686
266.725000,420.167282,0.54927,0.97648,-0.61030,0.02123,0.16885,0.99064,0,0,53687
266.730000,420.182272,0.79339,1.03751,-0.79339,0.02196,0.16787,0.99259,0,0,53688
266.735000,420.182272,0.67133,0.73236,-0.79339,0.02489,0.16738,0.99552,0,0,53689
266.740000,420.182272,0.12206,0.54927,-0.42721,0.02733,0.16470,0.99552,0,0,53690
266.745000,420.197311,-0.54927,0.61030,-0.06103,0.02708,0.16348,0.99528,0,0,53691
266.750000,420.197311,-1.95296,1.09854,0.36618,0.02416,0.16153,0.99650,0,0,53692
266.755000,420.197311,-2.80738,1.34266,0.48824,0.02147,0.15933,1.00113,0,0,53693
266.760000,420.212483,-3.29562,1.15957,0.18309,0.02123,0.15470,1.00040,0,0,53694
266.765000,420.212483,-3.41768,0.85442,-0.54927,0.02220,0.15372,0.99332,0,0,53695
266.770000,420.212483,-3.53974,0.97648,-1.15957,0.02147,0.15348,0.99235,0,0,53696
266.775000,420.227743,-3.41768,0.91545,-1.58678,0.02196,0.15372,0.99308,0,0,53697
266.780000,420.227743,-3.11253,0.54927,-2.19708,0.02220,0.15689,0.99332,0,0,53698
266.785000,420.227743,-2.92944,0.24412,-2.38017,0.02342,0.15982,0.99015,0,0,53699
266.790000,420.242431,-2.86841,-0.36618,-2.44120,0.02708,0.15982,0.98405,0,0,53700
266.795000,420.242431,-2.68532,-0.48824,-2.38017,0.02928,0.16031,0.97795,0,0,53701
266.800000,420.242431,-2.44120,-0.61030,-2.38017,0.02952,0.15958,0.97429,0,0,53702
266.800000,420.257669,-2.38017,-0.54927,-2.31914,0.02879,0.15884,0.97161,0,0,53703
266.805000,420.257669,-2.62429,0.00000,-2.62429,0.03001,0.16006,0.97014,0,0,53704
266.810000,420.257669,-2.50223,0.42721,-2.92944,0.03416,0.16348,0.97063,0,0,53705
266.815000,420.272331,-2.19708,0.54927,-2.80738,0.03562,0.16568,0.97454,0,0,53706
266.820000,420.272331,-1.70884,0.73236,-2.62429,0.03074,0.16812,0.97820,0,0,53707
266.825000,420.272331,-1.28163,1.15957,-2.56326,0.02611,0.16885,0.98503,0,0,53708
266.830000,420.287581,-0.67133,0.79339,-2.68532,0.02806,0.16860,0.98478,0,0,53709
266.835000,420.287581,-0.06103,0.30515,-2.68532,0.02952,0.17031,0.98161,0,0,53710
266.840000,420.287581,0.24412,0.36618,-2.38017,0.02855,0.17324,0.97820,0,0,53711
266.845000,420.302275,0.06103,0.73236,-1.83090,0.02538,0.17788,0.97795,0,0,53712
266.850000,420.302275,-0.85442,1.22060,-1.52575,0.02440,0.17910,0.97771,0,0,53713
266.855000,420.302275,-1.95296,1.52575,-1.52575,0.02733,0.17836,0.97600,0,0,53714
266.860000,420.317462,-2.99047,1.64781,-1.64781,0.02928,0.17934,0.97405,0,0,53715
266.865000,420.317462,-3.47871,1.76987,-1.70884,0.02928,0.17910,0.97258,0,0,53716
266.870000,420.317462,-3.60077,2.01399,-1.28163,0.03245,0.17617,0.97332,0,0,53717
266.875000,420.332624,-3.53974,2.13605,-0.67133,0.03367,0.17348,0.97185,0,0,53718
266.880000,420.332624,-3.35665,2.01399,-0.48824,0.03318,0.17056,0.97136,0,0,53719
266.885000,420.332624,-2.50223,1.52575,-0.79339,0.03538,0.16958,0.97112,0,0,53720
266.890000,420.347358,-1.89193,1.34266,-1.15957,0.03489,0.17226,0.97136,0,0,53721
266.895000,420.347358,-1.46472,1.15957,-1.46472,0.03294,0.17666,0.96990,0,0,53722
266.900000,420.347358,-1.34266,1.09854,-1.70884,0.03245,0.18373,0.96892,0,0,53723
266.905000,420.362603,-1.52575,1.22060,-2.07502,0.03050,0.18812,0.96966,0,0,53724
266.910000,420.362603,-1.76987,1.64781,-2.68532,0.03196,0.19032,0.97185,0,0,53725
266.915000,420.362603,-2.62429,2.07502,-3.23459,0.03684,0.19447,0.97454,0,0,53726
266.920000,420.377320,-3.90592,2.56326,-3.66180,0.03904,0.20203,0.97795,0,0,53727
266.925000,420.377320,-6.04197,2.86841,-4.15004,0.03806,0.21008,0.98308,0,0,53728
266.930000,420.377320,-7.75081,2.86841,-4.69931,0.03733,0.21472,0.98527,0,0,53729
266.935000,420.392282,-9.15450,2.62429,-5.43167,0.04148,0.21789,0.98161,0,0,53730
266.940000,420.392282,-10.43613,2.19708,-6.22506,0.04978,0.22131,0.97746,0,0,53731
266.945000,420.392282,-11.59570,1.95296,-6.89639,0.05588,0.22570,0.97454,0,0,53732
266.950000,420.407556,-12.45012,1.83090,-7.56772,0.05880,0.22887,0.97283,0,0,53733
266.955000,420.407556,-13.30454,1.58678,-8.11699,0.06246,0.23375,0.96941,0,0,53734
266.960000,420.407556,-14.09793,1.09854,-8.42214,0.06710,0.24083,0.96160,0,0,53735
266.965000,420.422609,-15.25750,0.48824,-8.84935,0.07198,0.24790,0.95087,0,0,53736
266.970000,420.422609,-16.72222,0.48824,-9.27656,0.07393,0.25547,0.93842,0,0,53737
266.975000,420.422609,-18.55312,0.85442,-9.76480,0.07418,0.26352,0.92696,0,0,53738
266.980000,420.437224,-20.50608,1.22060,-10.68025,0.07393,0.27084,0.91573,0,0,53739
266.985000,420.437224,-22.82522,1.28163,-11.77879,0.07466,0.27914,0.90036,0,0,53740
266.990000,420.437224,-23.25243,0.79339,-12.69424,0.07930,0.29036,0.87694,0,0,53741
266.995000,420.452186,-21.84874,0.18309,-13.30454,0.08589,0.30622,0.85107,0,0,53742
267.000000,420.452186,-17.39355,-0.36618,-13.18248,0.09492,0.32989,0.82570,0,0,53743
267.005000,420.452186,-12.81630,-0.54927,-12.45012,0.10590,0.35258,0.80569,0,0,53744
267.010000,420.467530,-9.21553,-0.36618,-11.59570,0.11175,0.36820,0.79593,0,0,53745
267.015000,420.467530,-4.76034,0.54927,-10.19201,0.11370,0.39504,0.78714,0,0,53746
267.020000,420.467530,0.30515,2.01399,-7.62875,0.11761,0.42407,0.78470,0,0,53747
267.025000,420.482305,3.53974,3.47871,-4.69931,0.12224,0.44701,0.79349,0,0,53748
267.030000,420.482305,6.77433,5.00446,0.12206,0.12566,0.46018,0.80593,0,0,53749
267.035000,420.482305,9.45965,5.79785,4.02798,0.12127,0.46872,0.81374,0,0,53750
267.040000,420.497311,11.41261,6.28609,6.83536,0.11517,0.47775,0.82228,0,0,53751
267.045000,420.497311,14.64720,6.71330,11.35158,0.11688,0.48727,0.84009,0,0,53752
267.050000,420.497311,16.96634,6.65227,15.01338,0.12590,0.49459,0.85254,0,0,53753
267.055000,420.512237,18.55312,6.53021,19.71269,0.13274,0.50386,0.85498,0,0,53754
267.060000,420.512237,18.06488,7.20154,23.86273,0.12981,0.51289,0.85083,0,0,53755
267.065000,420.512237,15.80677,8.78832,28.07380,0.11883,0.52070,0.84717,0,0,53756
267.070000,420.527218,12.45012,10.80231,31.97972,0.11078,0.52411,0.84497,0,0,53757
267.075000,420.527218,7.20154,13.36557,36.06873,0.10516,0.52265,0.84644,0,0,53758
267.080000,420.527218,2.86841,15.37956,39.18126,0.10126,0.51191,0.84912,0,0,53759
267.085000,420.542557,-0.48824,17.14943,42.11070,0.09784,0.49922,0.84668,0,0,53760
267.090000,420.542557,-3.05150,18.18694,44.85705,0.09418,0.48507,0.83985,0,0,53761
267.095000,420.542557,-4.33313,18.67518,47.54237,0.08857,0.47434,0.83033,0,0,53762
267.100000,420.557208,-3.78386,19.71269,50.83799,0.07930,0.46531,0.82496,0,0,53763
267.105000,420.557208,-1.83090,21.05535,53.34022,0.06686,0.46043,0.82326,0,0,53764
267.110000,420.557208,1.40369,22.15389,56.02554,0.04929,0.45604,0.81545,0,0,53765
267.115000,420.572606,4.51622,23.06934,59.13807,0.02733,0.45067,0.80984,0,0,53766
267.120000,420.572606,7.07948,24.16788,62.18957,0.00464,0.44359,0.80300,0,0,53767
267.125000,420.572606,9.21553,25.87672,64.99695,-0.01488,0.43286,0.79934,0,0,53768
267.130000,420.587223,11.41261,28.74513,68.53669,-0.03050,0.41700,0.80374,0,0,53769
267.135000,420.587223,13.24351,31.30839,71.46613,-0.03953,0.39455,0.81252,0,0,53770
267.140000,420.587223,14.83029,33.56650,74.45660,-0.04953,0.36893,0.82838,0,0,53771
267.145000,420.602609,16.35604,35.51946,77.32501,-0.06759,0.34258,0.84400,0,0,53772
267.150000,420.602609,17.69870,37.16727,79.64415,-0.08979,0.31500,0.86010,0,0,53773
267.155000,420.602609,18.67518,39.12023,82.20741,-0.10736,0.27962,0.88279,0,0,53774
267.160000,420.617212,18.91930,40.82907,83.91625,-0.12224,0.24034,0.90841,0,0,53775
267.165000,420.617212,18.79724,42.29379,85.38097,-0.14030,0.19496,0.94477,0,0,53776
267.170000,420.617212,18.49209,43.02615,86.23539,-0.15665,0.14811,0.97698,0,0,53777
267.175000,420.632640,17.63767,43.27027,86.35745,-0.17592,0.10492,1.00552,0,0,53778
267.180000,420.632640,15.98986,43.14821,85.44200,-0.19642,0.06271,1.03920,0,0,53779
267.185000,420.632640,14.64720,42.96512,83.73316,-0.21204,0.01952,1.07311,0,0,53780
267.190000,420.647396,13.54866,42.04967,81.35299,-0.22424,-0.02635,1.10386,0,0,53781
267.195000,420.647396,12.57218,40.70701,78.78973,-0.23375,-0.07320,1.13118,0,0,53782
267.200000,420.647396,12.26703,38.93714,75.98235,-0.24717,-0.11053,1.15485,0,0,53783
267.205000,420.662181,11.65673,37.83860,71.95437,-0.26206,-0.15543,1.18486,0,0,53784
267.210000,420.662181,11.71776,37.10624,66.94991,-0.25644,-0.21716,1.21024,0,0,53785
267.215000,420.662181,12.57218,34.42092,61.76236,-0.25864,-0.26230,1.24684,0,0,53786
267.220000,420.677569,12.63321,31.36942,57.00202,-0.26986,-0.29500,1.27710,0,0,53787
267.225000,420.677569,14.15896,26.97526,49.73945,-0.27645,-0.32403,1.29686,0,0,53788
267.230000,420.677569,14.34205,23.43552,43.02615,-0.27938,-0.34136,1.31296,0,0,53789
267.235000,420.692252,13.79278,20.26196,36.31285,-0.27621,-0.34892,1.32102,0,0,53790
267.240000,420.692252,12.51115,17.08840,29.90470,-0.27084,-0.35087,1.32224,0,0,53791
267.245000,420.692252,10.74128,14.03690,23.86273,-0.26596,-0.34672,1.31370,0,0,53792
267.250000,420.707551,9.09347,11.22952,18.12591,-0.26279,-0.33233,1.30028,0,0,53793
267.255000,420.707551,7.14051,8.54420,11.41261,-0.25864,-0.30817,1.28320,0,0,53794
267.260000,420.707551,5.06549,7.14051,6.34712,-0.25132,-0.28084,1.26807,0,0,53795
267.265000,420.722288,2.80738,6.22506,1.70884,-0.24620,-0.24961,1.25684,0,0,53796
267.270000,420.722288,1.09854,5.30961,-1.95296,-0.23595,-0.22033,1.24904,0,0,53797
267.275000,420.722288,-0.24412,4.39416,-4.82137,-0.22155,-0.19544,1.24294,0,0,53798
267.280000,420.737627,-0.91545,3.23459,-7.44566,-0.20935,-0.16641,1.23342,0,0,53799
267.285000,420.737627,-0.85442,1.09854,-10.37510,-0.20032,-0.12712,1.22244,0,0,53800
267.290000,420.737627,-0.79339,-0.54927,-12.08394,-0.19349,-0.09223,1.21146,0,0,53801
267.295000,420.752332,-0.91545,-1.40369,-13.36557,-0.18788,-0.06027,1.19828,0,0,53802
267.300000,420.752332,-1.89193,-1.83090,-14.52514,-0.17861,-0.02757,1.18242,0,0,53803
267.305000,420.752332,-3.29562,-1.83090,-15.31853,-0.16860,-0.00268,1.16925,0,0,53804
267.310000,420.767383,-5.55373,-1.64781,-15.86780,-0.15689,0.01854,1.15680,0,0,53805
267.315000,420.767383,-8.11699,-1.34266,-16.17295,-0.14152,0.03684,1.14290,0,0,53806
267.320000,420.767383,-10.80231,-0.97648,-16.11192,-0.12956,0.05270,1.13265,0,0,53807
267.325000,420.782634,-12.32806,-0.54927,-15.80677,-0.12029,0.06783,1.12582,0,0,53808
267.330000,420.782634,-13.30454,-0.61030,-15.68471,-0.11053,0.08247,1.11703,0,0,53809
267.335000,420.782634,-13.79278,-1.03751,-15.44059,-0.10224,0.09711,1.10922,0,0,53810
267.340000,420.797316,-13.79278,-1.58678,-14.83029,-0.09467,0.11200,1.10068,0,0,53811
267.345000,420.797316,-13.67072,-2.01399,-14.03690,-0.08516,0.12249,1.08897,0,0,53812
267.350000,420.797316,-13.60969,-2.56326,-13.12145,-0.07515,0.13396,1.07384,0,0,53813
267.355000,420.812610,-13.48763,-2.86841,-12.51115,-0.06808,0.14591,1.05603,0,0,53814
267.360000,420.812610,-13.06042,-2.80738,-11.90085,-0.06295,0.15738,1.03895,0,0,53815
267.365000,420.812610,-12.75527,-2.31914,-11.16849,-0.06027,0.16592,1.02529,0,0,53816
267.370000,420.827279,-12.32806,-2.01399,-10.61922,-0.06027,0.17275,1.01260,0,0,53817
267.375000,420.827279,-11.10746,-1.83090,-9.76480,-0.06222,0.17934,0.99747,0,0,53818
267.380000,420.827279,-9.70377,-1.64781,-9.03244,-0.06246,0.18764,0.98722,0,0,53819
267.385000,420.842537,-7.32360,-1.46472,-7.81184,-0.06198,0.19374,0.98137,0,0,53820
267.390000,420.842537,-4.63828,-1.46472,-6.53021,-0.05954,0.19642,0.97746,0,0,53821
267.395000,420.842537,-2.19708,-1.46472,-5.18755,-0.05319,0.19642,0.97356,0,0,53822
267.395000,420.857238,-0.73236,-1.52575,-4.15004,-0.05026,0.19764,0.97258,0,0,53823
267.400000,420.857238,1.28163,-1.28163,-2.38017,-0.04734,0.19813,0.97405,0,0,53824
267.405000,420.857238,1.09854,-0.67133,-1.22060,-0.04294,0.19544,0.97502,0,0,53825
267.410000,420.872258,-0.24412,-0.18309,-0.48824,-0.04319,0.19447,0.97551,0,0,53826
267.415000,420.872258,-1.95296,0.18309,-0.30515,-0.04270,0.19422,0.97405,0,0,53827
267.420000,420.872258,-4.57725,1.15957,-0.36618,-0.03977,0.19227,0.97478,0,0,53828
267.425000,420.887290,-6.40815,1.76987,-0.30515,-0.03806,0.19056,0.97746,0,0,53829
267.430000,420.887290,-8.78832,2.38017,-0.06103,-0.03855,0.18886,0.98137,0,0,53830
267.435000,420.887290,-10.68025,2.86841,0.30515,-0.04392,0.18593,0.98478,0,0,53831
267.440000,420.902405,-11.83982,3.47871,0.30515,-0.04734,0.17983,0.98722,0,0,53832
267.445000,420.902405,-11.47364,3.78386,-0.06103,-0.04929,0.17544,0.99088,0,0,53833
267.450000,420.902405,-10.31407,3.35665,-0.24412,-0.05148,0.17397,0.98893,0,0,53834
267.455000,420.917248,-9.33759,2.80738,-0.18309,-0.05490,0.17470,0.98649,0,0,53835
267.460000,420.917248,-7.81184,2.25811,0.18309,-0.05661,0.17788,0.97990,0,0,53836
267.465000,420.917248,-6.22506,2.13605,0.85442,-0.05441,0.17739,0.97795,0,0,53837
267.470000,420.932317,-6.10300,2.50223,1.34266,-0.05880,0.17324,0.97844,0,0,53838
267.475000,420.932317,-7.01845,2.92944,1.52575,-0.06295,0.16934,0.97917,0,0,53839
267.480000,420.932317,-7.93390,2.80738,1.46472,-0.06271,0.16641,0.97746,0,0,53840
267.485000,420.947647,-8.42214,3.05150,1.28163,-0.06100,0.16421,0.97722,0,0,53841
267.490000,420.947647,-8.72729,3.35665,1.15957,-0.05758,0.15909,0.97844,0,0,53842
267.495000,420.947647,-8.60523,3.72283,1.28163,-0.05905,0.15616,0.98234,0,0,53843
267.500000,420.962426,-7.62875,3.23459,1.46472,-0.06051,0.15372,0.98747,0,0,53844
267.505000,420.962426,-6.65227,2.38017,1.34266,-0.06173,0.15201,0.98820,0,0,53845
267.510000,420.962426,-5.24858,1.03751,1.15957,-0.06295,0.15299,0.98308,0,0,53846
267.510000,420.977249,-4.08901,0.54927,1.03751,-0.06271,0.15396,0.97624,0,0,53847
267.515000,420.977249,-2.62429,-0.24412,1.22060,-0.06490,0.15494,0.96844,0,0,53848
267.520000,420.977249,-1.58678,-0.30515,1.09854,-0.06978,0.15592,0.96087,0,0,53849
267.525000,420.992627,-0.73236,-0.30515,0.79339,-0.07222,0.15396,0.95428,0,0,53850
267.530000,420.992627,-0.06103,-0.06103,0.73236,-0.07588,0.15030,0.94916,0,0,53851
267.535000,420.992627,0.61030,0.36618,0.67133,-0.07442,0.14445,0.94623,0,0,53852
267.540000,421.007312,1.22060,0.97648,0.85442,-0.07027,0.14225,0.94965,0,0,53853
267.545000,421.007312,1.28163,1.22060,0.85442,-0.06930,0.14250,0.95453,0,0,53854
267.550000,421.007312,1.15957,1.22060,0.61030,-0.06978,0.14250,0.95721,0,0,53855
267.555000,421.022655,1.03751,1.40369,0.30515,-0.07247,0.14494,0.96112,0,0,53856
267.560000,421.022655,0.91545,1.52575,0.12206,-0.07540,0.15006,0.96526,0,0,53857
267.565000,421.022655,0.61030,1.64781,0.12206,-0.07247,0.15470,0.96746,0,0,53858
267.570000,421.037303,-0.36618,1.70884,0.00000,-0.06856,0.16031,0.96868,0,0,53859
267.575000,421.037303,-1.83090,2.07502,0.12206,-0.06954,0.16885,0.97112,0,0,53860
267.580000,421.037303,-3.05150,2.38017,0.54927,-0.07125,0.17397,0.97893,0,0,53861
267.585000,421.052266,-4.02798,2.86841,1.09854,-0.06930,0.17910,0.98186,0,0,53862
267.590000,421.052266,-4.39416,2.99047,1.83090,-0.07052,0.18007,0.98356,0,0,53863
267.595000,421.052266,-4.45519,3.11253,2.74635,-0.07222,0.17690,0.98454,0,0,53864
267.600000,421.067600,-3.78386,3.05150,3.84489,-0.06978,0.17495,0.98576,0,0,53865
267.605000,421.067600,-2.50223,3.23459,4.94343,-0.06905,0.17031,0.99064,0,0,53866
267.610000,421.067600,-0.48824,3.41768,5.73682,-0.07637,0.16641,0.99284,0,0,53867
267.615000,421.082265,1.22060,3.17356,6.04197,-0.08028,0.15811,0.99308,0,0,53868
267.620000,421.082265,2.92944,2.86841,6.04197,-0.07906,0.14957,0.99479,0,0,53869
267.625000,421.082265,4.27210,2.50223,5.85888,-0.07906,0.14591,0.99747,0,0,53870
267.630000,421.097482,4.82137,2.07502,5.49270,-0.08101,0.14250,0.99942,0,0,53871
267.635000,421.097482,4.51622,1.64781,4.76034,-0.08223,0.14054,1.00040,0,0,53872
267.640000,421.097482,3.66180,1.40369,3.41768,-0.08442,0.14079,0.99845,0,0,53873
267.645000,421.112610,2.92944,1.58678,2.19708,-0.08564,0.14030,1.00016,0,0,53874
267.650000,421.112610,2.25811,1.83090,1.22060,-0.08540,0.14006,1.00284,0,0,53875
267.655000,421.112610,1.34266,1.95296,0.48824,-0.08223,0.13981,1.00455,0,0,53876
267.660000,421.127440,0.54927,1.95296,-0.24412,-0.07686,0.13932,1.00479,0,0,53877
267.665000,421.127440,-0.42721,1.83090,-1.28163,-0.07369,0.13908,1.00186,0,0,53878
267.670000,421.127440,-1.22060,1.83090,-1.64781,-0.07393,0.14103,0.99845,0,0,53879
267.675000,421.142598,-2.01399,1.95296,-1.46472,-0.07027,0.14274,0.99625,0,0,53880
267.680000,421.142598,-2.62429,2.07502,-1.22060,-0.06564,0.14542,0.99894,0,0,53881
267.685000,421.142598,-3.11253,2.01399,-1.22060,-0.06710,0.15201,1.00260,0,0,53882
267.690000,421.157317,-3.05150,1.95296,-1.15957,-0.06661,0.15592,1.00406,0,0,53883
267.695000,421.157317,-3.05150,1.89193,-1.03751,-0.06222,0.16031,1.00650,0,0,53884
267.700000,421.157317,-2.92944,2.07502,-0.42721,-0.06149,0.16592,1.01016,0,0,53885
267.705000,421.172595,-2.92944,2.13605,0.30515,-0.06515,0.17348,1.01602,0,0,53886
267.710000,421.172595,-2.50223,1.58678,1.34266,-0.06856,0.17763,1.01797,0,0,53887
267.715000,421.172595,-1.76987,1.15957,1.89193,-0.06686,0.17812,1.01748,0,0,53888
267.720000,421.187332,-1.09854,0.97648,2.19708,-0.06515,0.17641,1.01748,0,0,53889
267.725000,421.187332,-0.24412,0.91545,2.68532,-0.06759,0.17348,1.01650,0,0,53890
267.730000,421.187332,0.36618,0.42721,2.92944,-0.07271,0.16812,1.01358,0,0,53891
267.735000,421.202229,0.91545,-0.12206,3.05150,-0.07296,0.16080,1.00479,0,0,53892
267.740000,421.202229,1.34266,-0.18309,3.17356,-0.07125,0.15518,1.00089,0,0,53893
267.745000,421.202229,1.52575,-0.18309,3.53974,-0.07125,0.14786,0.99894,0,0,53894
267.750000,421.217578,1.76987,-0.30515,3.84489,-0.07247,0.14201,0.99820,0,0,53895
267.755000,421.217578,2.19708,-0.36618,3.84489,-0.07369,0.13518,0.99894,0,0,53896
267.760000,421.217578,2.80738,-0.36618,3.53974,-0.07003,0.12737,1.00040,0,0,53897
267.765000,421.232507,3.29562,-0.48824,2.99047,-0.06881,0.12249,1.00430,0,0,53898
267.770000,421.232507,3.17356,-0.73236,2.31914,-0.07686,0.12371,1.00723,0,0,53899
267.775000,421.232507,2.86841,-0.54927,1.40369,-0.08003,0.12444,1.00748,0,0,53900
267.780000,421.247616,2.44120,-0.30515,0.73236,-0.07710,0.12493,1.00870,0,0,53901
267.785000,421.247616,1.34266,-0.06103,-0.12206,-0.07271,0.12688,1.01065,0,0,53902
267.790000,421.247616,-0.54927,-0.12206,-1.09854,-0.07735,0.13152,1.00723,0,0,53903
267.795000,421.262463,-1.58678,0.30515,-1.52575,-0.07930,0.13469,1.00406,0,0,53904
267.800000,421.262463,-2.01399,0.54927,-1.76987,-0.07076,0.13566,1.00040,0,0,53905
267.805000,421.262463,-2.80738,0.12206,-2.25811,-0.06661,0.13981,0.99186,0,0,53906
267.805000,421.277281,-3.17356,-0.06103,-2.50223,-0.06637,0.14494,0.98405,0,0,53907
267.810000,421.277281,-4.15004,0.24412,-2.13605,-0.06783,0.15226,0.97332,0,0,53908
267.815000,421.277281,-4.08901,1.15957,-1.58678,-0.06686,0.15421,0.96722,0,0,53909
267.820000,421.292220,-3.60077,2.01399,-0.85442,-0.06588,0.15396,0.97039,0,0,53910
267.825000,421.292220,-2.56326,2.13605,-0.36618,-0.06808,0.15616,0.97454,0,0,53911
267.830000,421.292220,0.00000,1.83090,0.67133,-0.07052,0.16153,0.98088,0,0,53912
267.835000,421.307282,2.25811,1.40369,1.58678,-0.07076,0.16275,0.99088,0,0,53913
267.840000,421.307282,4.45519,0.73236,2.25811,-0.07222,0.16128,1.00016,0,0,53914
267.845000,421.307282,6.22506,0.00000,2.80738,-0.07271,0.16031,1.00455,0,0,53915
267.850000,421.322126,7.32360,-0.48824,3.29562,-0.07491,0.15933,1.00699,0,0,53916
267.855000,421.322126,7.62875,-0.54927,3.78386,-0.07466,0.15470,1.00626,0,0,53917
267.860000,421.322126,6.95742,-0.24412,4.27210,-0.07466,0.14982,1.00552,0,0,53918
267.865000,421.337175,5.12652,-0.18309,4.08901,-0.07930,0.14372,1.00357,0,0,53919
267.870000,421.337175,3.41768,-0.48824,3.17356,-0.08442,0.13640,0.99674,0,0,53920
267.875000,421.337175,1.34266,-0.42721,2.01399,-0.08345,0.13152,0.99284,0,0,53921
267.880000,421.352165,-0.67133,-0.06103,0.36618,-0.07930,0.13103,0.98893,0,0,53922
267.885000,421.352165,-1.58678,-0.06103,-0.73236,-0.07613,0.13200,0.98552,0,0,53923
267.890000,421.352165,-2.07502,0.12206,-1.58678,-0.07588,0.13200,0.98552,0,0,53924
267.895000,421.368422,-2.25811,0.00000,-2.38017,-0.07418,0.13932,0.98161,0,0,53925
267.900000,421.368422,-2.38017,-0.30515,-3.05150,-0.07418,0.14786,0.97942,0,0,53926
267.905000,421.368422,-2.38017,-0.48824,-3.05150,-0.07320,0.15421,0.97771,0,0,53927
267.910000,421.383429,-2.13605,-0.24412,-2.92944,-0.07076,0.16446,0.97502,0,0,53928
267.915000,421.383429,-2.38017,0.06103,-2.62429,-0.06930,0.17714,0.97112,0,0,53929
267.920000,421.383429,-2.99047,0.36618,-2.07502,-0.07003,0.18812,0.96868,0,0,53930
267.925000,421.398378,-3.41768,0.73236,-1.22060,-0.07149,0.19325,0.96770,0,0,53931
267.930000,421.398378,-3.53974,1.22060,0.00000,-0.07027,0.19544,0.96722,0,0,53932
267.935000,421.398378,-3.47871,1.40369,0.97648,-0.07100,0.19520,0.96746,0,0,53933
267.940000,421.413263,-3.17356,1.58678,2.01399,-0.07418,0.19178,0.96868,0,0,53934
267.945000,421.413263,-2.86841,1.52575,2.92944,-0.07296,0.18422,0.96941,0,0,53935
267.950000,421.413263,-2.19708,1.28163,3.78386,-0.06442,0.17251,0.96722,0,0,53936
267.955000,421.428232,-1.22060,1.28163,4.45519,-0.06271,0.15933,0.96697,0,0,53937
267.960000,421.428232,0.54927,1.58678,4.76034,-0.06759,0.14689,0.97039,0,0,53938
267.965000,421.428232,1.83090,1.52575,4.51622,-0.06637,0.13664,0.97673,0,0,53939
267.970000,421.443270,2.68532,1.58678,3.90592,-0.06466,0.13152,0.98430,0,0,53940
267.975000,421.443270,3.35665,1.15957,3.29562,-0.07003,0.13005,0.99113,0,0,53941
267.980000,421.443270,3.66180,0.97648,2.62429,-0.07564,0.12786,0.99503,0,0,53942
267.985000,421.458245,3.53974,1.28163,1.95296,-0.07735,0.12664,0.99845,0,0,53943
267.990000,421.458245,2.62429,1.64781,1.09854,-0.07710,0.12542,1.00260,0,0,53944
267.995000,421.458245,1.03751,1.52575,-0.24412,-0.07759,0.12615,1.00260,0,0,53945
268.000000,421.473285,-1.09854,1.34266,-1.58678,-0.07906,0.13005,0.99845,0,0,53946
268.005000,421.473285,-3.29562,1.40369,-2.68532,-0.08003,0.13713,0.99308,0,0,53947
268.010000,421.473285,-4.27210,1.40369,-3.17356,-0.08272,0.14494,0.98991,0,0,53948
268.015000,421.488262,-4.33313,1.28163,-3.11253,-0.08491,0.15201,0.98844,0,0,53949
268.020000,421.488262,-3.35665,0.91545,-2.62429,-0.08662,0.15762,0.98576,0,0,53950
268.025000,421.488262,-1.89193,0.30515,-1.83090,-0.08223,0.15836,0.98161,0,0,53951
268.030000,421.503257,-0.61030,-0.12206,-1.03751,-0.07808,0.15787,0.97942,0,0,53952
268.035000,421.503257,0.97648,-0.54927,-0.12206,-0.07442,0.15640,0.97966,0,0,53953
268.040000,421.503257,2.19708,-0.97648,0.42721,-0.07198,0.15616,0.97893,0,0,53954
268.045000,421.517011,2.80738,-0.97648,0.73236,-0.07174,0.15470,0.97771,0,0,53955
268.050000,421.517011,2.56326,-0.48824,0.85442,-0.07247,0.15616,0.97771,0,0,53956
268.055000,421.517011,1.58678,-0.06103,0.67133,-0.07271,0.15665,0.98088,0,0,53957
268.060000,421.531980,0.06103,0.42721,0.42721,-0.07247,0.15592,0.98478,0,0,53958
268.065000,421.531980,-1.95296,1.03751,0.36618,-0.07125,0.15665,0.98674,0,0,53959
268.070000,421.531980,-3.05150,1.52575,0.48824,-0.06978,0.15665,0.99210,0,0,53960
268.075000,421.547019,-2.80738,2.13605,0.67133,-0.07369,0.15177,1.00308,0,0,53961
268.080000,421.547019,-1.09854,1.83090,0.36618,-0.07784,0.14469,1.00870,0,0,53962
268.085000,421.547019,0.42721,0.73236,0.06103,-0.07613,0.14103,1.00821,0,0,53963
268.090000,421.562038,1.89193,-0.48824,-0.24412,-0.07271,0.14274,1.00479,0,0,53964
268.095000,421.562038,2.99047,-1.15957,-0.48824,-0.07540,0.14982,0.99991,0,0,53965
268.100000,421.562038,3.29562,-1.34266,-0.36618,-0.07906,0.15421,0.99332,0,0,53966
268.105000,421.577002,2.86841,-1.22060,-0.36618,-0.07857,0.15470,0.98918,0,0,53967
268.110000,421.577002,2.25811,-0.97648,-0.42721,-0.07930,0.15567,0.98698,0,0,53968
268.115000,421.577002,1.64781,-0.91545,-0.48824,-0.08589,0.15884,0.98649,0,0,53969
268.120000,421.592006,1.40369,-0.61030,-0.42721,-0.08711,0.15982,0.98600,0,0,53970
268.125000,421.592006,1.70884,-0.12206,-0.42721,-0.07930,0.15714,0.98332,0,0,53971
268.130000,421.592006,1.89193,0.24412,-0.18309,-0.07832,0.15665,0.98454,0,0,53972
268.135000,421.607009,1.76987,0.06103,0.00000,-0.08198,0.15762,0.98747,0,0,53973
268.140000,421.607009,1.46472,-0.12206,-0.06103,-0.07710,0.15421,0.98454,0,0,53974
268.145000,421.607009,0.73236,0.06103,-0.36618,-0.07271,0.15299,0.98186,0,0,53975
268.150000,421.622014,-0.36618,0.54927,-0.54927,-0.07881,0.15226,0.98259,0,0,53976
268.155000,421.622014,-1.34266,0.67133,-0.97648,-0.08101,0.14860,0.98137,0,0,53977
268.160000,421.622014,-2.01399,0.48824,-1.15957,-0.07637,0.14347,0.98039,0,0,53978
268.165000,421.636973,-2.44120,0.18309,-1.52575,-0.07662,0.14347,0.98259,0,0,53979
268.170000,421.636973,-2.44120,-0.18309,-1.95296,-0.08076,0.14225,0.98381,0,0,53980
268.175000,421.636973,-1.46472,-0.42721,-2.38017,-0.07808,0.13981,0.98381,0,0,53981
268.180000,421.652016,-0.12206,-0.36618,-2.25811,-0.07735,0.14103,0.98820,0,0,53982
268.185000,421.652016,0.61030,-0.67133,-1.89193,-0.07613,0.14274,0.99186,0,0,53983
268.190000,421.652016,0.97648,-0.91545,-1.52575,-0.06954,0.14298,0.98674,0,0,53984
268.195000,421.667008,0.97648,-0.67133,-1.15957,-0.06954,0.14591,0.98430,0,0,53985
268.200000,421.667008,0.73236,0.06103,-0.61030,-0.07686,0.14640,0.98503,0,0,53986
268.205000,421.667008,0.36618,0.79339,-0.36618,-0.07735,0.14347,0.98625,0,0,53987
268.210000,421.682012,0.30515,1.28163,-0.24412,-0.07296,0.14079,0.99284,0,0,53988
268.215000,421.682012,0.30515,1.28163,-0.36618,-0.07637,0.13981,1.00113,0,0,53989
268.220000,421.682012,0.61030,0.79339,-0.54927,-0.07906,0.13835,1.00577,0,0,53990
268.225000,421.697222,1.22060,0.24412,-0.79339,-0.07344,0.13884,1.00504,0,0,53991
268.230000,421.697222,1.58678,-0.24412,-1.22060,-0.07344,0.14323,1.00357,0,0,53992
268.235000,421.697222,1.76987,-0.36618,-1.46472,-0.07930,0.14933,1.00211,0,0,53993
268.240000,421.712029,1.89193,-0.30515,-1.64781,-0.08198,0.15348,0.99796,0,0,53994
268.245000,421.712029,1.58678,-0.24412,-1.83090,-0.08028,0.15567,0.99381,0,0,53995
268.250000,421.712029,0.91545,-0.18309,-1.83090,-0.07784,0.15982,0.99235,0,0,53996
268.255000,421.727314,0.18309,0.24412,-1.46472,-0.07808,0.16324,0.99137,0,0,53997
268.260000,421.727314,-0.42721,0.67133,-0.91545,-0.07686,0.16446,0.98942,0,0,53998
268.265000,421.727314,-0.73236,0.97648,-0.79339,-0.07808,0.16470,0.98893,0,0,53999
268.270000,421.742366,-0.97648,1.15957,-0.91545,-0.07759,0.16446,0.99015,0,0,54000
268.275000,421.742366,-1.09854,1.09854,-0.79339,-0.07125,0.16275,0.98991,0,0,54001
268.280000,421.742366,-1.40369,0.97648,-0.61030,-0.06954,0.16202,0.99064,0,0,54002
268.285000,421.757210,-1.40369,0.97648,-0.42721,-0.07442,0.16250,0.99210,0,0,54003
268.290000,421.757210,-1.22060,1.03751,-0.30515,-0.07588,0.16250,0.99015,0,0,54004
268.295000,421.757210,-1.03751,1.03751,-0.24412,-0.07320,0.15836,0.98771,0,0,54005
268.300000,421.772254,-0.73236,1.15957,-0.18309,-0.07320,0.15445,0.98747,0,0,54006
268.305000,421.772254,0.18309,1.09854,-0.12206,-0.07662,0.15177,0.98991,0,0,54007
268.310000,421.772254,1.34266,0.91545,0.06103,-0.07710,0.14786,0.99235,0,0,54008
268.315000,421.787321,2.56326,0.79339,0.06103,-0.07271,0.14567,0.99332,0,0,54009
268.320000,421.787321,3.35665,0.73236,-0.18309,-0.07564,0.14591,0.99772,0,0,54010
268.325000,421.787321,3.90592,0.67133,-0.36618,-0.07979,0.14664,0.99869,0,0,54011
268.330000,421.802213,4.33313,0.36618,-0.42721,-0.07491,0.14591,0.99869,0,0,54012
268.335000,421.802213,4.08901,0.12206,-0.30515,-0.07613,0.15152,0.99869,0,0,54013
268.340000,421.802213,3.53974,0.24412,-0.12206,-0.08052,0.15543,0.99894,0,0,54014
268.345000,421.817334,3.29562,0.54927,-0.18309,-0.07442,0.15250,0.99918,0,0,54015
268.350000,421.817334,2.80738,0.85442,-0.12206,-0.06930,0.15055,1.00308,0,0,54016
268.355000,421.817334,2.01399,0.85442,0.18309,-0.07832,0.15055,1.01089,0,0,54017
268.360000,421.832452,1.83090,0.54927,0.18309,-0.07881,0.14494,1.01602,0,0,54018
268.365000,421.832452,1.89193,0.18309,-0.30515,-0.07125,0.13981,1.01894,0,0,54019
268.370000,421.832452,1.52575,-0.06103,-0.67133,-0.07271,0.13908,1.02285,0,0,54020
268.375000,421.847312,1.46472,-0.91545,-1.09854,-0.07564,0.14225,1.02090,0,0,54021
268.380000,421.847312,1.52575,-1.58678,-1.46472,-0.08003,0.14738,1.01626,0,0,54022
268.385000,421.847312,1.83090,-2.25811,-1.76987,-0.08052,0.15372,1.00918,0,0,54023
268.390000,421.862330,2.56326,-2.80738,-1.83090,-0.07198,0.15518,0.99845,0,0,54024
268.395000,421.862330,3.17356,-2.92944,-1.58678,-0.06612,0.15738,0.99015,0,0,54025
268.400000,421.862330,3.29562,-2.44120,-1.22060,-0.07174,0.15958,0.98869,0,0,54026
268.405000,421.877216,3.41768,-2.19708,-0.97648,-0.07857,0.16202,0.98576,0,0,54027
268.410000,421.877216,4.15004,-2.01399,-1.15957,-0.07149,0.16104,0.97771,0,0,54028
268.415000,421.877216,4.45519,-1.70884,-1.15957,-0.06588,0.16299,0.97380,0,0,54029
268.420000,421.892640,4.45519,-1.34266,-0.91545,-0.06930,0.16470,0.97502,0,0,54030
268.425000,421.892640,4.94343,-1.34266,-0.54927,-0.06856,0.16397,0.97161,0,0,54031
268.430000,421.892640,5.98094,-1.40369,-0.30515,-0.06442,0.16494,0.96819,0,0,54032
268.435000,421.907603,6.83536,-1.28163,0.24412,-0.06515,0.16690,0.96941,0,0,54033
268.440000,421.907603,7.62875,-0.97648,1.22060,-0.06637,0.16958,0.97210,0,0,54034
268.445000,421.907603,7.81184,-0.36618,2.31914,-0.06612,0.17080,0.97454,0,0,54035
268.450000,421.922324,7.38463,0.61030,3.41768,-0.06686,0.16934,0.98259,0,0,54036
268.455000,421.922324,6.40815,2.01399,4.51622,-0.06954,0.16421,0.99503,0,0,54037
268.460000,421.922324,4.63828,3.60077,5.67579,-0.07540,0.15494,1.01284,0,0,54038
268.465000,421.937182,3.23459,4.45519,6.59124,-0.08345,0.14664,1.03285,0,0,54039
268.470000,421.937182,2.38017,4.82137,7.32360,-0.09126,0.13713,1.05530,0,0,54040
268.475000,421.937182,2.07502,4.69931,7.75081,-0.10175,0.12371,1.07409,0,0,54041
268.480000,421.952310,2.62429,3.96695,7.75081,-0.11614,0.11078,1.08946,0,0,54042
268.485000,421.952310,3.66180,3.05150,7.62875,-0.12956,0.09931,1.10410,0,0,54043
268.490000,421.952310,5.24858,1.76987,7.50669,-0.14201,0.08979,1.11362,0,0,54044
268.495000,421.967213,6.89639,0.48824,7.20154,-0.15006,0.07930,1.11874,0,0,54045
268.500000,421.967213,8.36111,-0.48824,6.77433,-0.15494,0.06564,1.12582,0,0,54046
268.505000,421.967213,9.39862,-1.15957,5.98094,-0.15714,0.05148,1.13167,0,0,54047
268.510000,421.982256,9.27656,-1.76987,5.24858,-0.15860,0.04124,1.13802,0,0,54048
268.515000,421.982256,8.17802,-2.44120,4.21107,-0.16055,0.03123,1.14485,0,0,54049
268.520000,421.982256,6.53021,-3.11253,2.80738,-0.16055,0.02025,1.15119,0,0,54050
268.525000,421.997341,4.57725,-3.53974,1.34266,-0.15982,0.00756,1.15754,0,0,54051
268.530000,421.997341,2.62429,-3.72283,-0.18309,-0.16006,-0.00415,1.16681,0,0,54052
268.535000,421.997341,0.42721,-4.33313,-2.19708,-0.15958,-0.01708,1.17437,0,0,54053
268.540000,422.012596,-0.91545,-5.37064,-4.02798,-0.15958,-0.02586,1.17925,0,0,54054
268.545000,422.012596,-2.19708,-6.65227,-5.91991,-0.16519,-0.02782,1.18242,0,0,54055
268.550000,422.012596,-2.99047,-7.68978,-8.11699,-0.16982,-0.02708,1.18291,0,0,54056
268.555000,422.027657,-3.41768,-8.84935,-10.06995,-0.16982,-0.02489,1.17901,0,0,54057
268.560000,422.027657,-3.84489,-10.61922,-12.14497,-0.17031,-0.01732,1.17169,0,0,54058
268.565000,422.027657,-4.08901,-11.65673,-13.73175,-0.17056,-0.00781,1.16559,0,0,54059
268.570000,422.042358,-4.57725,-12.45012,-15.13544,-0.17153,0.00244,1.15924,0,0,54060
268.575000,422.042358,-5.06549,-12.87733,-16.35604,-0.17129,0.01074,1.15192,0,0,54061
268.580000,422.042358,-5.37064,-13.12145,-16.78325,-0.16665,0.01293,1.14826,0,0,54062
268.585000,422.057349,-4.94343,-13.12145,-16.78325,-0.16080,0.01196,1.14826,0,0,54063
268.590000,422.057349,-4.27210,-13.54866,-16.84428,-0.15884,0.00976,1.15217,0,0,54064
268.595000,422.057349,-3.05150,-14.40308,-17.21046,-0.15762,0.00830,1.15778,0,0,54065
268.600000,422.072308,-1.64781,-15.50162,-17.75973,-0.15811,0.00854,1.16193,0,0,54066
268.605000,422.072308,-0.30515,-17.08840,-18.43106,-0.16055,0.01196,1.16486,0,0,54067
268.610000,422.072308,0.61030,-18.91930,-19.46857,-0.16494,0.01488,1.16534,0,0,54068
268.615000,422.087358,0.42721,-19.89578,-20.32299,-0.16616,0.01464,1.16510,0,0,54069
268.620000,422.087358,-0.48824,-20.26196,-21.23844,-0.16616,0.01366,1.16437,0,0,54070
268.625000,422.087358,-1.89193,-20.50608,-22.39801,-0.16519,0.01074,1.16168,0,0,54071
268.630000,422.102387,-3.47871,-21.05535,-23.86273,-0.16080,0.00610,1.15412,0,0,54072
268.635000,422.102387,-5.00446,-22.15389,-25.75466,-0.15567,0.00293,1.14607,0,0,54073
268.640000,422.102387,-5.12652,-22.94728,-27.21938,-0.15152,0.00220,1.14460,0,0,54074
268.645000,422.117622,-4.69931,-23.74067,-28.43998,-0.14713,0.00342,1.14680,0,0,54075
268.650000,422.117622,-4.63828,-24.77818,-29.53852,-0.14298,0.00415,1.15046,0,0,54076
268.655000,422.117622,-4.82137,-25.93775,-30.51500,-0.13908,0.00805,1.14948,0,0,54077
268.660000,422.132309,-5.18755,-27.09732,-31.49148,-0.13664,0.01171,1.14924,0,0,54078
268.665000,422.132309,-5.30961,-28.31792,-32.40693,-0.13444,0.01440,1.14704,0,0,54079
268.670000,422.132309,-4.76034,-29.23337,-32.77311,-0.12883,0.01440,1.14265,0,0,54080
268.675000,422.147121,-3.53974,-30.14882,-33.26135,-0.12176,0.01488,1.13850,0,0,54081
268.680000,422.147121,-1.76987,-31.36942,-34.42092,-0.12127,0.01879,1.13436,0,0,54082
268.685000,422.147121,-0.18309,-32.34590,-35.64152,-0.12249,0.02928,1.12948,0,0,54083
268.690000,422.162257,1.58678,-33.62753,-36.80109,-0.12249,0.03928,1.12191,0,0,54084
268.695000,422.162257,3.60077,-34.78710,-37.83860,-0.11590,0.04587,1.11069,0,0,54085
268.700000,422.162257,5.43167,-35.58049,-38.93714,-0.10638,0.04904,1.10459,0,0,54086
268.705000,422.177245,6.83536,-36.25182,-40.03568,-0.09955,0.05734,1.10215,0,0,54087
268.710000,422.177245,7.32360,-37.10624,-41.37834,-0.09589,0.06588,1.09776,0,0,54088
268.715000,422.177245,7.26257,-37.83860,-42.41585,-0.09614,0.07222,1.09214,0,0,54089
268.720000,422.192141,7.32360,-38.50993,-43.51439,-0.09248,0.07857,1.08848,0,0,54090
268.725000,422.192141,7.50669,-39.30332,-44.67396,-0.08442,0.08174,1.08482,0,0,54091
268.730000,422.192141,7.75081,-40.52392,-46.26074,-0.08247,0.08686,1.07628,0,0,54092
268.735000,422.207248,7.68978,-41.74452,-47.42031,-0.08467,0.09492,1.06213,0,0,54093
268.740000,422.207248,7.20154,-42.78203,-48.76297,-0.07784,0.10394,1.04676,0,0,54094
268.745000,422.207248,6.04197,-43.45336,-50.28872,-0.06734,0.11688,1.02870,0,0,54095
268.750000,422.222065,3.78386,-43.51439,-51.69241,-0.06173,0.13030,1.00821,0,0,54096
268.755000,422.222065,0.85442,-43.45336,-52.66889,-0.05514,0.14469,0.98576,0,0,54097
268.760000,422.222065,-2.86841,-43.33130,-53.46228,-0.04514,0.15860,0.96453,0,0,54098
268.765000,422.237071,-5.24858,-43.27027,-54.19464,-0.03636,0.17519,0.94062,0,0,54099
268.770000,422.237071,-8.11699,-42.47688,-54.62185,-0.03148,0.19081,0.91158,0,0,54100
268.775000,422.237071,-11.59570,-41.25628,-54.98803,-0.03001,0.20276,0.89158,0,0,54101
268.780000,422.252073,-15.31853,-39.91362,-55.29318,-0.02635,0.21448,0.87181,0,0,54102
268.785000,422.252073,-16.60016,-39.60847,-55.84245,-0.01464,0.22668,0.84619,0,0,54103
268.790000,422.252073,-16.90531,-39.42538,-56.26966,-0.00049,0.23400,0.82179,0,0,54104
268.795000,422.267070,-16.05089,-38.69302,-56.26966,0.01732,0.24498,0.79642,0,0,54105
268.800000,422.267070,-13.42660,-37.71654,-56.08657,0.02904,0.26059,0.77397,0,0,54106
268.805000,422.267070,-10.68025,-37.41139,-55.47627,0.04221,0.27670,0.75274,0,0,54107
268.810000,422.282068,-8.30008,-36.61800,-54.80494,0.06149,0.29548,0.73322,0,0,54108
268.815000,422.282068,-6.46918,-35.03122,-54.01155,0.08125,0.32159,0.71687,0,0,54109
268.820000,422.282068,-5.24858,-33.01723,-52.91301,0.09345,0.34624,0.70467,0,0,54110
268.825000,422.297063,-4.33313,-30.82015,-51.38726,0.10443,0.36722,0.69857,0,0,54111
268.830000,422.297063,-3.35665,-28.74513,-49.73945,0.12029,0.38942,0.69296,0,0,54112
268.835000,422.297063,-2.01399,-26.54805,-47.23722,0.13420,0.40968,0.68735,0,0,54113
268.840000,422.312057,-0.91545,-24.71715,-44.24675,0.14298,0.42944,0.68491,0,0,54114
268.845000,422.312057,0.24412,-22.76419,-40.76804,0.15055,0.45530,0.68344,0,0,54115
268.850000,422.312057,0.79339,-20.62814,-36.80109,0.15982,0.48117,0.68100,0,0,54116
268.855000,422.327072,0.06103,-18.00385,-32.46796,0.17226,0.50557,0.68149,0,0,54117
268.860000,422.327072,-2.44120,-14.83029,-26.36496,0.18178,0.52411,0.68564,0,0,54118
268.865000,422.327072,-4.69931,-12.45012,-20.87226,0.18788,0.52655,0.69028,0,0,54119
268.870000,422.342049,-6.22506,-10.13098,-15.25750,0.19325,0.51460,0.69613,0,0,54120
268.875000,422.342049,-6.77433,-7.75081,-9.94789,0.19227,0.49800,0.70272,0,0,54121
268.880000,422.342049,-6.34712,-5.61476,-5.55373,0.18446,0.47873,0.71004,0,0,54122
268.885000,422.357295,-4.33313,-3.53974,-1.34266,0.17958,0.45482,0.71712,0,0,54123
268.890000,422.357295,-1.95296,-2.68532,1.03751,0.17617,0.43310,0.72297,0,0,54124
268.895000,422.357295,0.48824,-1.95296,2.62429,0.17275,0.41358,0.72956,0,0,54125
268.900000,422.372165,3.23459,-1.40369,3.47871,0.16592,0.39699,0.73298,0,0,54126
268.905000,422.372165,6.16403,-0.48824,4.15004,0.15470,0.38162,0.74030,0,0,54127
268.910000,422.372165,7.87287,0.48824,4.63828,0.14860,0.36722,0.75128,0,0,54128
268.915000,422.387375,9.39862,1.15957,5.37064,0.14664,0.35160,0.76396,0,0,54129
268.920000,422.387375,10.80231,1.76987,6.46918,0.14591,0.33086,0.77958,0,0,54130
268.925000,422.387375,11.96188,2.44120,7.68978,0.14176,0.31403,0.79446,0,0,54131
268.930000,422.402119,12.57218,3.17356,8.84935,0.13249,0.29744,0.81130,0,0,54132
268.935000,422.402119,12.93836,4.02798,9.52068,0.12176,0.27792,0.82911,0,0,54133
268.940000,422.402119,13.12145,4.76034,9.39862,0.11712,0.26084,0.84473,0,0,54134
268.945000,422.417348,13.06042,5.43167,9.09347,0.11590,0.24766,0.86205,0,0,54135
268.950000,422.417348,12.51115,6.22506,8.91038,0.11322,0.23814,0.88279,0,0,54136
268.955000,422.417348,11.16849,7.07948,8.48317,0.10419,0.23131,0.90231,0,0,54137
268.960000,422.432328,9.39862,7.20154,7.50669,0.09760,0.22570,0.91768,0,0,54138
268.965000,422.432328,7.01845,6.83536,5.67579,0.09833,0.21984,0.93184,0,0,54139
268.970000,422.432328,5.55373,6.22506,3.78386,0.09833,0.22009,0.94086,0,0,54140
268.975000,422.447345,4.27210,5.49270,2.25811,0.09126,0.22424,0.94355,0,0,54141
268.980000,422.447345,2.86841,4.94343,0.85442,0.08467,0.22741,0.94184,0,0,54142
268.985000,422.447345,2.01399,5.06549,-0.12206,0.08223,0.23082,0.94062,0,0,54143
268.990000,422.462311,1.09854,5.43167,-0.79339,0.07881,0.23522,0.94428,0,0,54144
268.995000,422.462311,0.12206,5.73682,-1.34266,0.07466,0.23668,0.95184,0,0,54145
269.000000,422.462311,-0.79339,5.73682,-1.46472,0.07710,0.23278,0.95770,0,0,54146
269.005000,422.477525,-1.28163,5.67579,-1.15957,0.08101,0.22838,0.96380,0,0,54147
269.010000,422.477525,-1.15957,5.91991,-0.61030,0.07954,0.22253,0.97551,0,0,54148
269.015000,422.477525,-0.42721,6.04197,-0.24412,0.07466,0.21521,0.98747,0,0,54149
269.020000,422.492301,0.79339,5.79785,-0.30515,0.06978,0.20960,0.99698,0,0,54150
269.025000,422.492301,2.19708,5.24858,-0.48824,0.06515,0.20886,1.00479,0,0,54151
269.030000,422.492301,4.08901,4.45519,-0.18309,0.06198,0.20935,1.00845,0,0,54152
269.035000,422.507439,5.12652,3.96695,0.36618,0.06002,0.20789,1.01089,0,0,54153
269.040000,422.507439,5.73682,3.84489,1.22060,0.05612,0.20398,1.01553,0,0,54154
269.045000,422.507439,6.46918,3.72283,2.07502,0.05295,0.19788,1.01919,0,0,54155
269.050000,422.522301,7.44566,3.66180,2.56326,0.05319,0.18959,1.02358,0,0,54156
269.055000,422.522301,8.17802,3.78386,2.80738,0.05100,0.18032,1.03066,0,0,54157
269.060000,422.522301,8.84935,3.72283,2.74635,0.04856,0.17226,1.03798,0,0,54158
269.065000,422.537312,9.21553,3.41768,2.31914,0.04660,0.16982,1.04017,0,0,54159
269.070000,422.537312,8.78832,3.29562,1.76987,0.04490,0.17080,1.04115,0,0,54160
269.075000,422.537312,7.50669,3.17356,1.40369,0.04148,0.17226,1.04090,0,0,54161
269.080000,422.552477,5.55373,2.74635,0.61030,0.03562,0.17348,1.03822,0,0,54162
269.085000,422.552477,4.02798,1.95296,-0.06103,0.03660,0.17031,1.03383,0,0,54163
269.090000,422.552477,2.56326,1.64781,-0.85442,0.04587,0.16299,1.02700,0,0,54164
269.095000,422.582603,0.91545,1.58678,-1.70884,0.04929,0.15860,1.02016,0,0,54165
269.100000,422.582603,-0.42721,1.40369,-2.74635,0.04660,0.16055,1.01016,0,0,54166
269.105000,422.582603,-0.97648,1.15957,-3.78386,0.05173,0.16470,0.99650,0,0,54167
269.110000,422.583497,-0.54927,1.15957,-4.33313,0.05758,0.17251,0.98283,0,0,54168
269.115000,422.583497,0.24412,1.52575,-4.33313,0.05588,0.17836,0.97820,0,0,54169
269.120000,422.583497,1.28163,2.01399,-4.08901,0.05270,0.19056,0.97966,0,0,54170
269.125000,422.597218,1.95296,2.50223,-3.53974,0.05392,0.19910,0.98527,0,0,54171
269.130000,422.597218,2.50223,2.80738,-2.44120,0.05807,0.20154,0.99137,0,0,54172
269.135000,422.597218,2.92944,2.99047,-1.28163,0.05685,0.20545,0.99967,0,0,54173
269.140000,422.612499,3.53974,3.11253,-0.06103,0.05588,0.20935,1.00772,0,0,54174
269.145000,422.612499,4.27210,3.05150,1.22060,0.05685,0.21204,1.01114,0,0,54175
269.150000,422.612499,4.27210,2.92944,2.38017,0.05392,0.21033,1.01602,0,0,54176
269.155000,422.627371,4.08901,2.50223,3.23459,0.05612,0.20325,1.01626,0,0,54177
269.160000,422.627371,3.60077,2.25811,3.90592,0.05880,0.19520,1.01553,0,0,54178
269.165000,422.627371,3.11253,2.50223,4.27210,0.06051,0.18764,1.01626,0,0,54179
269.170000,422.642321,2.86841,2.56326,4.27210,0.05466,0.18422,1.01846,0,0,54180
269.175000,422.642321,2.92944,2.38017,3.90592,0.04758,0.17934,1.02285,0,0,54181
269.180000,422.642321,3.29562,2.07502,3.29562,0.05100,0.17104,1.02480,0,0,54182
269.185000,422.657635,3.35665,1.70884,2.68532,0.05002,0.16812,1.02480,0,0,54183
269.190000,422.657635,3.17356,1.03751,2.01399,0.04490,0.16592,1.02236,0,0,54184
269.195000,422.657635,2.86841,0.97648,1.34266,0.04880,0.16494,1.01797,0,0,54185
269.200000,422.672267,2.38017,1.09854,0.67133,0.05368,0.16763,1.01772,0,0,54186
269.205000,422.672267,1.34266,1.03751,0.06103,0.05270,0.17202,1.01553,0,0,54187
269.210000,422.672267,0.18309,0.91545,-0.36618,0.05417,0.17446,1.01040,0,0,54188
269.215000,422.687246,-0.36618,1.09854,-0.12206,0.05466,0.17568,1.01114,0,0,54189
269.220000,422.687246,-0.30515,1.15957,0.30515,0.05075,0.17519,1.01602,0,0,54190
269.225000,422.687246,0.36618,1.09854,0.67133,0.05002,0.16763,1.01821,0,0,54191
269.230000,422.702254,1.83090,0.97648,1.09854,0.05100,0.15811,1.02334,0,0,54192
269.235000,422.702254,3.84489,0.61030,1.52575,0.04904,0.15201,1.03114,0,0,54193
269.240000,422.702254,4.82137,-0.24412,1.40369,0.04343,0.15030,1.03456,0,0,54194
269.245000,422.717295,5.12652,-1.28163,0.67133,0.04246,0.15274,1.03285,0,0,54195
269.250000,422.717295,4.45519,-1.58678,-0.36618,0.04612,0.15714,1.02822,0,0,54196
269.255000,422.717295,2.38017,-1.28163,-1.76987,0.04538,0.16299,1.02651,0,0,54197
269.260000,422.732164,0.30515,-1.03751,-2.25811,0.03977,0.16885,1.02309,0,0,54198
269.265000,422.732164,-1.64781,-0.97648,-2.31914,0.03684,0.17300,1.02041,0,0,54199
269.270000,422.732164,-2.50223,-0.67133,-2.50223,0.04002,0.17080,1.01894,0,0,54200
269.275000,422.747197,-2.86841,-0.36618,-2.68532,0.04612,0.16519,1.01992,0,0,54201
269.280000,422.747197,-2.31914,-0.91545,-2.68532,0.04856,0.16128,1.02114,0,0,54202
269.285000,422.747197,-1.03751,-1.64781,-2.68532,0.04636,0.15958,1.02016,0,0,54203
269.290000,422.762635,0.54927,-2.44120,-3.11253,0.04929,0.15787,1.01553,0,0,54204
269.295000,422.762635,1.89193,-3.11253,-3.78386,0.05710,0.16104,1.00870,0,0,54205
269.300000,422.762635,2.44120,-3.66180,-4.21107,0.05856,0.17007,1.00284,0,0,54206
269.305000,422.777249,2.44120,-4.02798,-4.21107,0.05514,0.18154,0.99674,0,0,54207
269.310000,422.777249,1.83090,-3.84489,-3.72283,0.05514,0.19154,0.99040,0,0,54208
269.315000,422.777249,1.22060,-3.47871,-3.53974,0.05490,0.20057,0.98552,0,0,54209
269.320000,422.792339,0.48824,-3.17356,-3.35665,0.05197,0.21033,0.98088,0,0,54210
269.325000,422.792339,-0.12206,-2.80738,-2.80738,0.05466,0.21423,0.97576,0,0,54211
269.330000,422.792339,-0.54927,-2.38017,-2.01399,0.05856,0.21179,0.96917,0,0,54212
269.335000,422.807304,-1.34266,-1.89193,-1.70884,0.06124,0.20789,0.96502,0,0,54213
269.340000,422.807304,-2.31914,-1.28163,-1.70884,0.06222,0.20618,0.95843,0,0,54214
269.345000,422.807304,-3.29562,-0.36618,-1.58678,0.06442,0.20618,0.95599,0,0,54215
269.350000,422.822294,-4.02798,0.54927,-1.15957,0.06856,0.20447,0.95477,0,0,54216
269.355000,422.822294,-4.57725,1.22060,-0.54927,0.07125,0.20301,0.95697,0,0,54217
269.360000,422.822294,-5.12652,1.64781,0.54927,0.06710,0.20032,0.95941,0,0,54218
269.365000,422.837779,-5.00446,1.76987,1.34266,0.06198,0.19618,0.95697,0,0,54219
269.370000,422.837779,-4.76034,2.01399,2.01399,0.05929,0.18812,0.95770,0,0,54220
269.375000,422.837779,-4.45519,2.50223,2.44120,0.05685,0.17739,0.96136,0,0,54221
269.380000,422.852495,-3.84489,2.68532,2.62429,0.05685,0.16616,0.96502,0,0,54222
269.385000,422.852495,-2.92944,2.31914,2.44120,0.05612,0.15714,0.96892,0,0,54223
269.390000,422.852495,-1.64781,1.83090,2.07502,0.05612,0.15152,0.97405,0,0,54224
269.395000,422.867438,-0.06103,1.34266,1.70884,0.05514,0.15006,0.97698,0,0,54225
269.400000,422.867438,1.40369,0.85442,1.28163,0.05441,0.15079,0.97942,0,0,54226
269.405000,422.867438,3.23459,0.06103,1.03751,0.05222,0.15348,0.98234,0,0,54227
269.410000,422.882214,4.39416,-0.73236,0.91545,0.05295,0.15470,0.98308,0,0,54228
269.415000,422.882214,4.82137,-1.22060,0.67133,0.05612,0.16080,0.98161,0,0,54229
269.420000,422.882214,4.33313,-1.28163,0.30515,0.05832,0.16250,0.98234,0,0,54230
269.425000,422.897307,3.11253,-1.15957,-0.06103,0.05685,0.16592,0.98015,0,0,54231
269.430000,422.897307,1.15957,-0.42721,-0.36618,0.05514,0.17178,0.97820,0,0,54232
269.435000,422.897307,-0.48824,0.18309,-0.67133,0.05954,0.17592,0.97844,0,0,54233
269.440000,422.912222,-1.64781,0.54927,-1.22060,0.06222,0.18105,0.97210,0,0,54234
269.445000,422.912222,-2.44120,0.67133,-1.64781,0.06246,0.18495,0.96917,0,0,54235
269.450000,422.912222,-2.74635,1.03751,-1.64781,0.06295,0.18837,0.96624,0,0,54236
269.455000,422.927219,-2.56326,1.09854,-1.64781,0.06612,0.19374,0.96356,0,0,54237
269.460000,422.927219,-2.44120,0.91545,-1.64781,0.06978,0.20032,0.95868,0,0,54238
269.465000,422.927219,-2.31914,1.22060,-1.09854,0.07149,0.20423,0.95453,0,0,54239
269.470000,422.942323,-2.50223,1.83090,-0.54927,0.06905,0.20667,0.95526,0,0,54240
269.475000,422.942323,-2.74635,2.25811,0.06103,0.06686,0.20911,0.95990,0,0,54241
269.480000,422.942323,-2.56326,2.07502,0.61030,0.06490,0.21228,0.96258,0,0,54242
269.485000,422.957300,-2.07502,1.83090,1.03751,0.06173,0.21448,0.96526,0,0,54243
269.490000,422.957300,-1.22060,1.89193,1.52575,0.05758,0.21399,0.96722,0,0,54244
269.495000,422.957300,-0.06103,2.01399,2.07502,0.05661,0.20838,0.96844,0,0,54245
269.500000,422.972260,1.28163,2.13605,2.50223,0.05710,0.20179,0.97161,0,0,54246
269.505000,422.972260,2.86841,2.44120,3.41768,0.05368,0.19447,0.97722,0,0,54247
269.510000,422.972260,3.41768,2.80738,4.08901,0.05197,0.18471,0.98381,0,0,54248
269.515000,422.987627,2.99047,2.92944,4.33313,0.05368,0.17251,0.98796,0,0,54249
269.520000,422.987627,2.01399,2.68532,4.02798,0.05490,0.16372,0.99088,0,0,54250
269.525000,422.987627,0.97648,2.44120,3.60077,0.05222,0.16153,0.99308,0,0,54251
269.530000,423.002338,0.24412,2.44120,3.23459,0.04953,0.16177,0.99308,0,0,54252
269.535000,423.002338,-0.73236,2.62429,2.74635,0.04807,0.16348,0.99357,0,0,54253
269.540000,423.002338,-1.46472,2.62429,2.31914,0.05051,0.16348,0.99430,0,0,54254
269.545000,423.017272,-2.07502,2.50223,1.95296,0.05441,0.16494,0.99210,0,0,54255
269.550000,423.017272,-2.31914,2.25811,1.95296,0.05490,0.17056,0.99137,0,0,54256
269.555000,423.017272,-2.31914,2.25811,2.07502,0.05246,0.17178,0.98918,0,0,54257
269.560000,423.032632,-2.07502,2.50223,2.13605,0.04978,0.17178,0.98820,0,0,54258
269.565000,423.032632,-1.58678,2.92944,1.95296,0.04660,0.17153,0.98942,0,0,54259
269.570000,423.032632,-0.91545,2.80738,1.70884,0.04465,0.16909,0.99357,0,0,54260
269.575000,423.047635,-0.12206,2.68532,1.64781,0.04660,0.16738,0.99674,0,0,54261
269.580000,423.047635,0.67133,2.68532,1.76987,0.04685,0.16738,1.00064,0,0,54262
269.585000,423.047635,1.28163,2.68532,1.89193,0.04490,0.17056,1.00577,0,0,54263
269.590000,423.062423,1.70884,2.80738,2.07502,0.04099,0.17300,1.00845,0,0,54264
269.595000,423.062423,2.25811,2.80738,2.13605,0.03733,0.17470,1.01309,0,0,54265
269.600000,423.062423,2.62429,2.31914,2.19708,0.03611,0.17446,1.01577,0,0,54266
269.605000,423.077654,2.74635,1.89193,2.38017,0.04002,0.17129,1.01797,0,0,54267
269.610000,423.077654,2.50223,1.40369,2.19708,0.03904,0.16982,1.01894,0,0,54268
269.615000,423.077654,2.13605,0.97648,1.70884,0.03855,0.16568,1.01699,0,0,54269
269.620000,423.092507,1.76987,0.54927,1.15957,0.04587,0.16128,1.01260,0,0,54270
269.625000,423.092507,1.28163,0.12206,0.61030,0.05051,0.15884,1.00748,0,0,54271
269.630000,423.092507,0.54927,-0.36618,0.18309,0.04904,0.15982,1.00064,0,0,54272
269.635000,423.107238,0.30515,-0.30515,0.00000,0.04782,0.15909,0.99332,0,0,54273
269.640000,423.107238,0.00000,0.36618,0.00000,0.05148,0.15762,0.98844,0,0,54274
269.645000,423.107238,-0.61030,0.91545,-0.24412,0.05563,0.15787,0.98478,0,0,54275
269.650000,423.122331,-1.52575,1.22060,-0.42721,0.05392,0.16080,0.98430,0,0,54276
269.655000,423.122331,-2.13605,1.34266,-0.79339,0.04782,0.16421,0.98210,0,0,54277
269.660000,423.122331,-1.95296,1.58678,-1.03751,0.04538,0.16885,0.98039,0,0,54278
269.665000,423.137325,-1.52575,1.95296,-1.03751,0.04465,0.17348,0.98503,0,0,54279
269.670000,423.137325,-0.67133,2.50223,-1.15957,0.04392,0.17812,0.99576,0,0,54280
269.675000,423.137325,0.12206,2.38017,-1.46472,0.04099,0.18422,1.00504,0,0,54281
269.680000,423.152445,0.73236,1.76987,-1.46472,0.03855,0.19252,1.01138,0,0,54282
269.685000,423.152445,0.79339,1.03751,-1.09854,0.03416,0.19886,1.01772,0,0,54283
269.690000,423.152445,0.61030,0.67133,-0.67133,0.03489,0.19788,1.02431,0,0,54284
269.695000,423.167330,0.06103,0.30515,-0.30515,0.04002,0.19276,1.02358,0,0,54285
269.700000,423.167330,-0.73236,-0.12206,-0.18309,0.04221,0.18666,1.02163,0,0,54286
269.705000,423.167330,-1.34266,-0.48824,-0.30515,0.03977,0.18324,1.01772,0,0,54287
269.710000,423.182307,-1.64781,-0.73236,-0.42721,0.03928,0.18080,1.01333,0,0,54288
269.715000,423.182307,-1.70884,-0.91545,-0.54927,0.04441,0.17690,1.00552,0,0,54289
269.720000,423.182307,-1.34266,-0.91545,-0.73236,0.05002,0.17178,0.99601,0,0,54290
269.725000,423.197227,-0.54927,-0.54927,-0.48824,0.04904,0.17104,0.99040,0,0,54291
269.730000,423.197227,0.54927,0.00000,0.30515,0.04636,0.17226,0.98893,0,0,54292
269.735000,423.197227,1.34266,0.18309,0.91545,0.04636,0.17080,0.98966,0,0,54293
269.740000,423.212315,2.01399,0.42721,1.09854,0.04514,0.16934,0.99235,0,0,54294
269.745000,423.212315,2.25811,0.73236,1.22060,0.04441,0.16738,0.99601,0,0,54295
269.750000,423.212315,2.25811,0.73236,1.40369,0.04441,0.16616,1.00064,0,0,54296
269.755000,423.227320,1.76987,0.79339,1.52575,0.04392,0.16397,1.00406,0,0,54297
269.760000,423.227320,1.15957,1.09854,1.70884,0.03977,0.16299,1.00748,0,0,54298
269.765000,423.227320,0.67133,1.15957,1.58678,0.03855,0.16128,1.01114,0,0,54299
269.770000,423.242241,0.48824,1.03751,1.22060,0.03514,0.16153,1.01260,0,0,54300
269.775000,423.242241,0.36618,0.61030,0.48824,0.03196,0.16031,1.01089,0,0,54301
269.780000,423.242241,0.42721,0.42721,-0.06103,0.03733,0.15982,1.00796,0,0,54302
269.785000,423.257196,0.24412,0.30515,-0.61030,0.04270,0.16006,1.00674,0,0,54303
269.790000,423.257196,0.06103,-0.18309,-1.15957,0.04246,0.16202,1.00504,0,0,54304
269.795000,423.257196,-0.12206,-0.54927,-1.70884,0.04441,0.16714,0.99918,0,0,54305
269.800000,423.272154,-0.36618,-0.67133,-2.07502,0.04685,0.17348,0.99381,0,0,54306
269.805000,423.272154,-1.28163,-0.30515,-2.31914,0.04612,0.17934,0.99015,0,0,54307
269.810000,423.272154,-1.83090,-0.30515,-2.50223,0.04416,0.18349,0.98722,0,0,54308
269.815000,423.287165,-2.13605,-0.48824,-2.62429,0.04856,0.18837,0.98088,0,0,54309
269.820000,423.287165,-2.31914,-0.24412,-2.25811,0.05539,0.19374,0.97527,0,0,54310
269.825000,423.287165,-2.31914,0.30515,-1.58678,0.05490,0.19788,0.97746,0,0,54311
269.830000,423.302184,-1.89193,0.73236,-0.85442,0.05124,0.20032,0.98039,0,0,54312
269.835000,423.302184,-1.09854,0.91545,-0.18309,0.05319,0.20106,0.98234,0,0,54313
269.840000,423.302184,-0.67133,1.03751,0.36618,0.05636,0.20130,0.98405,0,0,54314
269.845000,423.317206,-0.42721,1.34266,0.91545,0.05685,0.20057,0.98527,0,0,54315
269.850000,423.317206,-0.48824,1.58678,1.52575,0.05563,0.19764,0.98820,0,0,54316
269.855000,423.317206,-0.67133,1.76987,2.50223,0.05514,0.19252,0.99284,0,0,54317
269.860000,423.332424,-0.30515,1.89193,2.74635,0.05441,0.18520,0.99747,0,0,54318
269.865000,423.332424,0.30515,1.89193,2.62429,0.05100,0.17788,1.00284,0,0,54319
269.870000,423.332424,1.28163,1.52575,2.44120,0.04709,0.17324,1.00674,0,0,54320
269.875000,423.347383,2.38017,0.61030,2.07502,0.04343,0.17104,1.00796,0,0,54321
269.880000,423.347383,3.11253,0.00000,1.89193,0.04075,0.16787,1.00723,0,0,54322
269.885000,423.347383,3.47871,-0.48824,1.52575,0.04172,0.16397,1.00577,0,0,54323
269.890000,423.362380,3.17356,-0.85442,1.09854,0.04270,0.16006,1.00211,0,0,54324
269.895000,423.362380,2.07502,-0.91545,0.48824,0.04294,0.15689,0.99528,0,0,54325
269.900000,423.362380,-0.12206,-0.61030,-0.42721,0.04172,0.15421,0.98918,0,0,54326
269.905000,423.377230,-1.76987,0.00000,-1.03751,0.04172,0.15201,0.98503,0,0,54327
269.910000,423.377230,-3.11253,0.61030,-1.46472,0.04538,0.15128,0.98405,0,0,54328
269.915000,423.377230,-3.84489,1.09854,-1.70884,0.04929,0.15177,0.98747,0,0,54329
269.920000,423.392621,-3.84489,1.15957,-1.89193,0.04904,0.15714,0.99137,0,0,54330
269.925000,423.392621,-3.11253,0.85442,-2.07502,0.04758,0.16836,0.99259,0,0,54331
269.930000,423.392621,-1.28163,0.36618,-1.89193,0.04538,0.18007,0.99381,0,0,54332
269.935000,423.407435,0.36618,-0.06103,-1.28163,0.04660,0.18886,0.99698,0,0,54333
269.940000,423.407435,1.76987,-0.42721,-0.48824,0.04856,0.19618,0.99650,0,0,54334
269.945000,423.407435,2.56326,-0.61030,0.54927,0.04612,0.20057,0.99601,0,0,54335
269.950000,423.422306,2.68532,-0.54927,1.40369,0.04392,0.20032,0.99576,0,0,54336
269.955000,423.422306,2.31914,-0.18309,1.89193,0.04368,0.19496,0.99552,0,0,54337
269.960000,423.422306,1.34266,0.00000,2.07502,0.04538,0.18837,0.99601,0,0,54338
269.965000,423.452540,0.06103,0.18309,1.89193,0.04587,0.18154,0.99430,0,0,54339
269.970000,423.452540,-1.52575,0.12206,1.70884,0.04563,0.17446,0.99503,0,0,54340
269.975000,423.452540,-2.44120,0.18309,1.52575,0.04612,0.16909,0.99625,0,0,54341
269.980000,423.453441,-2.74635,0.12206,1.15957,0.04587,0.16592,0.99479,0,0,54342
269.985000,423.453441,-2.68532,0.00000,0.85442,0.04587,0.16592,0.99284,0,0,54343
269.990000,423.453441,-2.07502,-0.24412,0.73236,0.04587,0.16763,0.98966,0,0,54344
269.995000,423.467614,-1.40369,-0.54927,0.79339,0.04636,0.16934,0.98454,0,0,54345
270.000000,423.467614,-0.61030,-0.73236,0.97648,0.04685,0.17226,0.98039,0,0,54346
270.005000,423.467614,-0.30515,-0.54927,0.97648,0.04904,0.17446,0.97746,0,0,54347
270.010000,423.482443,-0.30515,-0.36618,0.97648,0.05148,0.17446,0.97673,0,0,54348
270.015000,423.482443,-0.42721,-0.12206,1.09854,0.05148,0.17397,0.97722,0,0,54349
270.020000,423.482443,-0.61030,0.18309,1.22060,0.04978,0.17348,0.97942,0,0,54350
270.025000,423.497635,-0.73236,0.42721,1.34266,0.04856,0.17324,0.98478,0,0,54351
270.030000,423.497635,-0.79339,0.61030,1.40369,0.04782,0.17373,0.98893,0,0,54352
270.035000,423.497635,-0.91545,0.61030,1.40369,0.04465,0.16958,0.99259,0,0,54353
270.040000,423.512238,-1.15957,0.48824,1.15957,0.04416,0.16348,0.99308,0,0,54354
270.045000,423.512238,-0.97648,0.48824,0.73236,0.04856,0.15884,0.99162,0,0,54355
270.050000,423.512238,-0.61030,0.54927,0.30515,0.05075,0.15787,0.98966,0,0,54356
270.055000,423.527598,-0.30515,0.54927,0.00000,0.04782,0.15860,0.98771,0,0,54357
270.060000,423.527598,0.12206,0.42721,-0.36618,0.04514,0.15982,0.98454,0,0,54358
270.065000,423.527598,0.36618,0.61030,-0.67133,0.04270,0.16324,0.98137,0,0,54359
270.070000,423.542505,0.12206,1.15957,-0.79339,0.03953,0.16665,0.98259,0,0,54360
270.075000,423.542505,-0.54927,1.76987,-1.22060,0.03758,0.16763,0.98430,0,0,54361
270.080000,423.542505,-1.28163,1.95296,-1.70884,0.03977,0.16934,0.98576,0,0,54362
270.085000,423.557285,-1.70884,1.83090,-1.83090,0.04221,0.17178,0.98747,0,0,54363
270.090000,423.557285,-1.28163,1.40369,-1.52575,0.04490,0.17373,0.98942,0,0,54364
270.095000,423.557285,-0.42721,0.73236,-1.34266,0.04538,0.17714,0.98966,0,0,54365
270.100000,423.572421,0.61030,0.06103,-1.15957,0.04368,0.18227,0.98771,0,0,54366
270.105000,423.572421,1.64781,-0.18309,-0.91545,0.04392,0.18739,0.98454,0,0,54367
270.110000,423.572421,2.19708,-0.06103,-0.48824,0.04490,0.19130,0.98625,0,0,54368
270.115000,423.587209,2.19708,0.06103,0.24412,0.04587,0.19374,0.98796,0,0,54369
270.120000,423.587209,1.70884,0.24412,1.09854,0.04441,0.19642,0.98722,0,0,54370
270.125000,423.587209,1.09854,0.42721,1.64781,0.04441,0.19569,0.99040,0,0,54371
270.130000,423.602285,0.67133,0.73236,2.13605,0.04660,0.19252,0.99186,0,0,54372
270.135000,423.602285,0.30515,1.15957,2.74635,0.04734,0.18861,0.99430,0,0,54373
270.140000,423.602285,0.30515,1.64781,3.23459,0.04490,0.17910,1.00089,0,0,54374
270.145000,423.617480,0.54927,1.83090,3.29562,0.04368,0.17031,1.00699,0,0,54375
270.150000,423.617480,0.73236,1.70884,2.62429,0.04148,0.16568,1.01236,0,0,54376
270.155000,423.617480,0.61030,0.91545,1.58678,0.03855,0.16055,1.01211,0,0,54377
270.160000,423.632658,0.85442,0.12206,0.73236,0.03782,0.15787,1.00845,0,0,54378
270.165000,423.632658,0.85442,-0.24412,-0.06103,0.04075,0.15762,1.00650,0,0,54379
270.170000,423.632658,0.91545,-0.12206,-0.54927,0.04026,0.15738,1.00504,0,0,54380
270.175000,423.647621,0.54927,-0.30515,-1.46472,0.03416,0.16006,1.00186,0,0,54381
270.180000,423.647621,0.54927,-0.54927,-1.95296,0.03172,0.16421,0.99698,0,0,54382
270.185000,423.647621,0.91545,-0.73236,-2.25811,0.03148,0.16714,0.99552,0,0,54383
270.190000,423.662329,1.22060,-0.42721,-2.31914,0.03294,0.16836,0.99747,0,0,54384
270.195000,423.662329,1.40369,-0.18309,-2.38017,0.03514,0.16714,1.00260,0,0,54385
270.200000,423.662329,1.28163,-0.36618,-2.44120,0.03782,0.16568,1.00552,0,0,54386
270.205000,423.677334,0.73236,-0.79339,-2.56326,0.03758,0.16641,1.00796,0,0,54387
270.210000,423.677334,0.12206,-1.15957,-2.56326,0.04002,0.16836,1.00699,0,0,54388
270.215000,423.677334,-0.67133,-1.28163,-2.38017,0.04294,0.16958,1.00479,0,0,54389
270.220000,423.692651,-1.40369,-1.09854,-2.13605,0.04416,0.16909,1.00333,0,0,54390
270.225000,423.692651,-1.58678,-0.97648,-2.01399,0.04587,0.16958,0.99967,0,0,54391
270.230000,423.692651,-1.03751,-1.40369,-1.95296,0.04709,0.17275,0.99235,0,0,54392
270.235000,423.707636,-0.30515,-1.76987,-1.76987,0.04953,0.17885,0.98283,0,0,54393
270.240000,423.707636,0.36618,-1.76987,-1.15957,0.05051,0.18666,0.97624,0,0,54394
270.245000,423.707636,0.97648,-1.34266,-0.48824,0.04880,0.19081,0.97356,0,0,54395
270.250000,423.722348,1.46472,-0.85442,-0.06103,0.04465,0.19374,0.97307,0,0,54396
270.255000,423.722348,2.07502,-0.48824,0.30515,0.04221,0.19252,0.97234,0,0,54397
270.260000,423.722348,2.86841,-0.12206,0.91545,0.04953,0.18617,0.97454,0,0,54398
270.265000,423.737380,3.29562,0.48824,1.34266,0.05319,0.17885,0.98576,0,0,54399
270.270000,423.737380,3.35665,1.09854,1.52575,0.04734,0.17275,1.00016,0,0,54400
270.275000,423.737380,3.53974,0.85442,1.40369,0.04124,0.16934,1.00796,0,0,54401
270.280000,423.752523,3.23459,0.24412,0.73236,0.03904,0.16787,1.01358,0,0,54402
270.285000,423.752523,2.68532,0.00000,-0.06103,0.03733,0.16690,1.02016,0,0,54403
270.290000,423.752523,1.89193,-0.12206,-0.79339,0.03611,0.16836,1.02407,0,0,54404
270.295000,423.767273,0.73236,-0.36618,-1.70884,0.03660,0.17348,1.02285,0,0,54405
270.300000,423.767273,-0.73236,-0.73236,-2.56326,0.03562,0.18300,1.02090,0,0,54406
270.305000,423.767273,-1.58678,-0.91545,-2.74635,0.03709,0.19276,1.01480,0,0,54407
270.310000,423.782552,-2.07502,-0.91545,-2.50223,0.03977,0.19862,1.00845,0,0,54408
270.315000,423.782552,-2.25811,-0.91545,-2.01399,0.03904,0.20106,1.00308,0,0,54409
270.320000,423.782552,-2.07502,-1.09854,-1.40369,0.03880,0.20106,0.99869,0,0,54410
270.325000,423.797576,-1.58678,-1.22060,-0.79339,0.03855,0.19788,0.99454,0,0,54411
270.330000,423.797576,-0.73236,-1.40369,-0.18309,0.04172,0.19398,0.98942,0,0,54412
270.335000,423.797576,-0.48824,-1.34266,0.36618,0.04465,0.19008,0.98478,0,0,54413
270.340000,423.812460,-0.42721,-1.28163,0.73236,0.04538,0.18544,0.98332,0,0,54414
270.345000,423.812460,-0.54927,-1.22060,0.85442,0.04685,0.18178,0.98064,0,0,54415
270.350000,423.812460,-0.67133,-0.85442,0.79339,0.04953,0.18105,0.97722,0,0,54416
270.355000,423.827343,-0.79339,-0.61030,0.97648,0.05002,0.18276,0.97698,0,0,54417
270.360000,423.827343,-1.09854,-0.36618,1.09854,0.04929,0.18349,0.97893,0,0,54418
270.365000,423.827343,-1.34266,-0.06103,0.97648,0.04807,0.18349,0.97917,0,0,54419
270.370000,423.842411,-1.52575,0.24412,0.54927,0.04758,0.18227,0.97820,0,0,54420
270.375000,423.842411,-2.25811,0.67133,0.06103,0.05051,0.18080,0.97478,0,0,54421
270.380000,423.842411,-3.05150,0.79339,-0.36618,0.05148,0.18080,0.97210,0,0,54422
270.385000,423.857321,-3.60077,0.85442,-0.79339,0.05344,0.18251,0.97136,0,0,54423
270.390000,423.857321,-3.96695,1.22060,-1.22060,0.05539,0.18349,0.97136,0,0,54424
270.395000,423.857321,-4.63828,1.70884,-1.58678,0.05197,0.18495,0.97185,0,0,54425
270.400000,423.872445,-5.12652,1.76987,-1.83090,0.05075,0.18495,0.97234,0,0,54426
270.405000,423.872445,-4.21107,1.34266,-1.83090,0.05392,0.18593,0.97014,0,0,54427
270.410000,423.872445,-2.74635,0.67133,-1.58678,0.05832,0.18788,0.96892,0,0,54428
270.415000,423.887647,-1.03751,-0.06103,-1.34266,0.05856,0.18959,0.96844,0,0,54429
270.420000,423.887647,0.06103,-0.42721,-1.15957,0.05368,0.19496,0.96624,0,0,54430
270.425000,423.887647,0.54927,-0.48824,-1.22060,0.05344,0.19984,0.96429,0,0,54431
270.430000,423.902444,0.97648,-0.48824,-1.15957,0.06124,0.20398,0.96160,0,0,54432
270.435000,423.902444,0.79339,-0.24412,-0.61030,0.06490,0.20862,0.96404,0,0,54433
270.440000,423.902444,0.61030,-0.24412,-0.18309,0.06149,0.21594,0.96307,0,0,54434
270.445000,423.917231,0.36618,-0.36618,-0.18309,0.06100,0.22570,0.95892,0,0,54435
270.450000,423.917231,0.06103,-0.18309,-0.24412,0.06588,0.23668,0.95721,0,0,54436
270.455000,423.917231,-0.67133,0.61030,0.12206,0.07198,0.24400,0.95648,0,0,54437
270.460000,423.932222,-2.07502,1.03751,0.73236,0.07003,0.25278,0.95380,0,0,54438
270.465000,423.932222,-3.29562,1.22060,1.28163,0.06881,0.26132,0.94623,0,0,54439
270.470000,423.932222,-3.53974,1.58678,1.64781,0.07784,0.26669,0.93891,0,0,54440
270.475000,423.947324,-3.96695,2.38017,2.38017,0.08735,0.26523,0.93306,0,0,54441
270.480000,423.947324,-4.88240,3.29562,3.23459,0.08442,0.26694,0.93013,0,0,54442
270.485000,423.947324,-5.55373,4.15004,3.96695,0.07930,0.26986,0.92793,0,0,54443
270.490000,423.962363,-5.79785,4.69931,3.96695,0.08247,0.27035,0.92281,0,0,54444
270.495000,423.962363,-6.40815,5.00446,3.66180,0.08589,0.26938,0.92159,0,0,54445
270.500000,423.962363,-6.95742,5.55373,3.35665,0.08662,0.27035,0.91890,0,0,54446
270.505000,423.977508,-7.01845,5.67579,3.41768,0.08564,0.27352,0.91232,0,0,54447
270.510000,423.977508,-6.71330,5.43167,3.78386,0.08686,0.27987,0.90231,0,0,54448
270.515000,423.977508,-6.16403,5.12652,4.21107,0.08784,0.28743,0.89060,0,0,54449
270.520000,423.992353,-5.30961,5.12652,4.69931,0.08808,0.29329,0.88084,0,0,54450
270.525000,423.992353,-3.78386,5.49270,5.49270,0.09174,0.29988,0.86962,0,0,54451
270.530000,423.992353,-1.95296,5.67579,6.53021,0.09662,0.30744,0.85766,0,0,54452
270.535000,424.007603,-0.06103,5.85888,7.81184,0.09931,0.31647,0.84888,0,0,54453
270.540000,424.007603,2.01399,6.22506,9.27656,0.10126,0.32720,0.83936,0,0,54454
270.545000,424.007603,4.02798,6.59124,10.68025,0.10565,0.33428,0.83399,0,0,54455
270.550000,424.022461,5.30961,7.75081,12.08394,0.10785,0.34575,0.83228,0,0,54456
270.555000,424.022461,5.18755,9.70377,13.73175,0.10394,0.35990,0.83277,0,0,54457
270.560000,424.022461,3.84489,11.35158,15.37956,0.10077,0.37015,0.83472,0,0,54458
270.565000,424.037338,1.52575,13.06042,17.14943,0.09833,0.37820,0.84009,0,0,54459
270.570000,424.037338,-1.09854,14.83029,19.22445,0.09516,0.38040,0.84790,0,0,54460
270.575000,424.037338,-3.53974,16.17295,21.17741,0.08760,0.37381,0.85449,0,0,54461
270.580000,424.052310,-5.18755,17.08840,23.80170,0.07808,0.36356,0.85693,0,0,54462
270.585000,424.052310,-5.55373,17.57664,25.57157,0.07003,0.34819,0.85668,0,0,54463
270.590000,424.052310,-5.06549,18.00385,26.97526,0.06173,0.32964,0.85498,0,0,54464
270.595000,424.067454,-4.21107,18.12591,28.07380,0.05466,0.31256,0.85180,0,0,54465
270.600000,424.067454,-2.80738,18.30900,29.29440,0.04465,0.29451,0.84668,0,0,54466
270.605000,424.067454,-1.58678,18.43106,29.96573,0.03660,0.27743,0.84009,0,0,54467
270.610000,424.082283,-0.54927,18.61415,30.27088,0.03196,0.26059,0.83350,0,0,54468
270.615000,424.082283,0.24412,19.04136,30.39294,0.02855,0.24254,0.83058,0,0,54469
270.620000,424.082283,0.91545,19.89578,30.33191,0.02952,0.22838,0.83302,0,0,54470
270.625000,424.097307,1.70884,20.87226,29.96573,0.03148,0.21692,0.83619,0,0,54471
270.630000,424.097307,2.44120,21.72668,29.29440,0.03148,0.21106,0.84717,0,0,54472
270.635000,424.097307,3.11253,21.97080,28.56204,0.02879,0.20911,0.85912,0,0,54473
270.640000,424.112678,4.02798,21.72668,27.70762,0.02830,0.21326,0.86791,0,0,54474
270.645000,424.112678,4.94343,21.42153,26.85320,0.03001,0.22155,0.87523,0,0,54475
270.650000,424.112678,6.10300,21.17741,25.81569,0.03416,0.23473,0.88304,0,0,54476
270.655000,424.127625,6.65227,21.23844,25.51054,0.03709,0.24717,0.88962,0,0,54477
270.660000,424.127625,7.07948,21.23844,25.38848,0.03880,0.26084,0.89060,0,0,54478
270.665000,424.127625,7.07948,21.23844,25.26642,0.04075,0.27596,0.88743,0,0,54479
270.670000,424.142715,5.55373,21.60462,25.44951,0.04026,0.28938,0.88523,0,0,54480
270.675000,424.142715,2.44120,22.70316,25.93775,0.03709,0.30110,0.88206,0,0,54481
270.680000,424.142715,-0.30515,23.74067,26.24290,0.03465,0.31037,0.87913,0,0,54482
270.685000,424.157407,-3.29562,24.90024,26.48702,0.03636,0.31598,0.87474,0,0,54483
270.690000,424.157407,-6.89639,26.30393,26.85320,0.03440,0.32110,0.87206,0,0,54484
270.695000,424.157407,-10.68025,28.19586,27.28041,0.02660,0.32598,0.87425,0,0,54485
270.700000,424.172387,-13.73175,30.20985,27.70762,0.01806,0.32916,0.87986,0,0,54486
270.705000,424.172387,-15.86780,32.28487,28.50101,0.01415,0.32964,0.89133,0,0,54487
270.710000,424.172387,-16.29501,33.20032,29.41646,0.01342,0.32818,0.90622,0,0,54488
270.715000,424.187144,-15.86780,33.38341,30.57603,0.00805,0.32818,0.92061,0,0,54489
270.720000,424.187144,-14.58617,32.95620,31.79663,-0.00024,0.32598,0.93159,0,0,54490
270.725000,424.187144,-11.59570,31.97972,33.50547,-0.00586,0.31940,0.94062,0,0,54491
270.730000,424.202639,-8.54420,31.43045,34.90916,-0.00903,0.31159,0.94794,0,0,54492
270.735000,424.202639,-5.49270,30.88118,36.06873,-0.01562,0.30134,0.95160,0,0,54493
270.740000,424.202639,-3.47871,30.45397,37.41139,-0.03026,0.29109,0.95477,0,0,54494
270.745000,424.217327,-2.25811,30.33191,38.99817,-0.05051,0.28060,0.96087,0,0,54495
270.750000,424.217327,-0.85442,30.27088,40.34083,-0.06686,0.26523,0.97039,0,0,54496
270.755000,424.217327,1.28163,30.39294,41.98864,-0.08052,0.24620,0.98332,0,0,54497
270.760000,424.232564,3.47871,29.96573,43.51439,-0.09394,0.22058,0.99479,0,0,54498
270.765000,424.232564,5.61476,29.11131,45.04014,-0.11004,0.18544,1.00918,0,0,54499
270.770000,424.232564,8.66626,27.95174,45.89456,-0.12444,0.14884,1.02065,0,0,54500
270.775000,424.247337,13.06042,26.36496,45.77250,-0.13274,0.10882,1.03212,0,0,54501
270.780000,424.247337,16.53913,24.71715,44.67396,-0.13786,0.07100,1.04554,0,0,54502
270.785000,424.247337,19.40754,23.37449,42.90409,-0.13713,0.03904,1.05579,0,0,54503
270.790000,424.262254,20.93329,22.39801,40.58495,-0.13518,0.01586,1.06482,0,0,54504
270.795000,424.262254,20.68917,22.03183,37.96066,-0.13835,0.00268,1.07897,0,0,54505
270.800000,424.262254,19.40754,21.54359,34.54298,-0.14689,-0.00244,1.09214,0,0,54506
270.805000,424.277626,18.18694,20.68917,31.67457,-0.15811,-0.00390,1.10312,0,0,54507
270.810000,424.277626,17.27149,19.77372,28.86719,-0.16616,-0.00390,1.11557,0,0,54508
270.815000,424.277626,16.47810,18.91930,26.05981,-0.16812,0.00049,1.12289,0,0,54509
270.820000,424.292242,15.31853,18.24797,23.37449,-0.17251,0.01269,1.13143,0,0,54510
270.825000,424.292242,13.42660,17.63767,20.75020,-0.18056,0.03074,1.13924,0,0,54511
270.830000,424.292242,12.14497,17.14943,19.46857,-0.18739,0.04807,1.14314,0,0,54512
270.835000,424.307449,10.92437,16.35604,18.98033,-0.18837,0.06149,1.14509,0,0,54513
270.840000,424.307449,10.00892,15.44059,19.22445,-0.18617,0.07052,1.14704,0,0,54514
270.845000,424.307449,8.66626,14.89132,19.95681,-0.18568,0.07344,1.14826,0,0,54515
270.850000,424.322376,7.20154,14.52514,20.62814,-0.18764,0.06930,1.14924,0,0,54516
270.855000,424.322376,5.37064,14.52514,21.11638,-0.19032,0.06027,1.14973,0,0,54517
270.860000,424.322376,3.84489,14.58617,21.23844,-0.18959,0.04758,1.15266,0,0,54518
270.865000,424.337653,1.95296,14.52514,21.36050,-0.18593,0.03318,1.15632,0,0,54519
270.870000,424.337653,0.30515,14.64720,20.81123,-0.18398,0.02001,1.15924,0,0,54520
270.875000,424.337653,-1.58678,14.83029,19.77372,-0.18812,0.00927,1.16315,0,0,54521
270.880000,424.352239,-2.25811,14.58617,18.61415,-0.19227,0.00073,1.16925,0,0,54522
270.885000,424.352239,-2.01399,13.67072,17.27149,-0.19276,-0.00903,1.17803,0,0,54523
270.890000,424.352239,-0.97648,12.38909,15.80677,-0.18764,-0.02050,1.18779,0,0,54524
270.895000,424.367300,0.30515,10.74128,13.91484,-0.18300,-0.02733,1.19121,0,0,54525
270.900000,424.367300,1.58678,8.72729,11.29055,-0.18032,-0.02952,1.19292,0,0,54526
270.905000,424.367300,2.19708,7.38463,9.15450,-0.17958,-0.02830,1.19194,0,0,54527
270.910000,424.382648,2.38017,6.16403,6.83536,-0.17739,-0.02391,1.18730,0,0,54528
270.915000,424.382648,1.70884,5.00446,4.82137,-0.17202,-0.01854,1.17437,0,0,54529
270.920000,424.382648,-0.12206,4.33313,3.29562,-0.16812,-0.01244,1.16168,0,0,54530
270.925000,424.397615,-2.56326,4.27210,2.07502,-0.16324,-0.00488,1.15144,0,0,54531
270.930000,424.397615,-5.37064,4.45519,0.73236,-0.15689,0.00244,1.14387,0,0,54532
270.935000,424.397615,-7.32360,4.57725,-0.36618,-0.15177,0.00732,1.13802,0,0,54533
270.940000,424.412466,-8.36111,4.15004,-1.46472,-0.14567,0.01244,1.13680,0,0,54534
270.945000,424.412466,-8.84935,3.53974,-2.38017,-0.13908,0.02001,1.13094,0,0,54535
270.950000,424.412466,-8.97141,2.86841,-3.11253,-0.13078,0.03660,1.12264,0,0,54536
270.955000,424.427639,-9.27656,2.99047,-3.17356,-0.12566,0.05514,1.11874,0,0,54537
270.960000,424.427639,-9.82583,3.29562,-3.23459,-0.12224,0.07003,1.11850,0,0,54538
270.965000,424.427639,-10.37510,2.80738,-2.92944,-0.12029,0.08125,1.11703,0,0,54539
270.970000,424.442633,-10.55819,1.64781,-2.56326,-0.11785,0.08979,1.11044,0,0,54540
270.975000,424.442633,-10.06995,0.85442,-2.19708,-0.11444,0.09516,1.10337,0,0,54541
270.980000,424.442633,-8.97141,0.18309,-2.01399,-0.11297,0.09711,1.09849,0,0,54542
270.985000,424.457307,-7.44566,-0.61030,-2.01399,-0.11224,0.09784,1.09019,0,0,54543
270.990000,424.457307,-5.73682,-1.64781,-2.31914,-0.11175,0.09955,1.07970,0,0,54544
270.995000,424.457307,-4.21107,-2.80738,-2.74635,-0.10956,0.10248,1.06848,0,0,54545
271.000000,424.472332,-3.29562,-3.72283,-3.78386,-0.10297,0.10394,1.05701,0,0,54546
271.005000,424.472332,-3.29562,-3.84489,-4.69931,-0.09736,0.10468,1.04383,0,0,54547
271.010000,424.472332,-4.21107,-3.66180,-5.85888,-0.09248,0.10907,1.03188,0,0,54548
271.015000,424.487349,-6.10300,-3.41768,-7.01845,-0.08686,0.11444,1.02212,0,0,54549
271.020000,424.487349,-8.23905,-3.23459,-8.17802,-0.07979,0.12273,1.01284,0,0,54550
271.025000,424.487349,-9.88686,-2.86841,-9.39862,-0.07588,0.13249,1.00699,0,0,54551
271.030000,424.502595,-9.70377,-2.68532,-9.70377,-0.07588,0.14006,1.00504,0,0,54552
271.035000,424.502595,-8.36111,-3.05150,-9.52068,-0.07442,0.14640,1.00528,0,0,54553
271.040000,424.502595,-5.91991,-3.84489,-8.97141,-0.07491,0.15274,1.00333,0,0,54554
271.045000,424.517274,-3.29562,-4.76034,-8.42214,-0.07369,0.15640,0.99576,0,0,54555
271.050000,424.517274,-0.42721,-5.91991,-7.93390,-0.07027,0.16348,0.98552,0,0,54556
271.055000,424.517274,0.73236,-6.04197,-7.75081,-0.06930,0.17373,0.97454,0,0,54557
271.060000,424.532327,1.03751,-5.49270,-7.38463,-0.06856,0.18422,0.95990,0,0,54558
271.065000,424.532327,0.24412,-4.39416,-6.28609,-0.06539,0.19203,0.94916,0,0,54559
271.070000,424.532327,-1.09854,-2.92944,-4.69931,-0.06393,0.19837,0.94843,0,0,54560
271.075000,424.547605,-2.74635,-1.22060,-3.23459,-0.06271,0.20130,0.95380,0,0,54561
271.080000,424.547605,-3.23459,-0.24412,-2.50223,-0.06198,0.20179,0.96234,0,0,54562
271.085000,424.547605,-3.17356,0.42721,-1.89193,-0.06515,0.19862,0.97307,0,0,54563
271.090000,424.562205,-2.68532,0.67133,-1.34266,-0.06734,0.19642,0.98552,0,0,54564
271.095000,424.562205,-2.07502,0.24412,-1.09854,-0.06808,0.19398,0.99650,0,0,54565
271.100000,424.562205,-1.95296,-0.48824,-1.46472,-0.06710,0.19471,1.00138,0,0,54566
271.105000,424.577641,-2.56326,-1.03751,-1.76987,-0.06954,0.19935,0.99845,0,0,54567
271.110000,424.577641,-3.23459,-1.46472,-1.70884,-0.07491,0.20594,0.99259,0,0,54568
271.115000,424.577641,-3.29562,-1.70884,-1.22060,-0.07906,0.20935,0.98674,0,0,54569
271.120000,424.592545,-2.92944,-2.01399,-0.67133,-0.07954,0.20667,0.98186,0,0,54570
271.125000,424.592545,-2.01399,-2.62429,0.36618,-0.07710,0.19935,0.97502,0,0,54571
271.130000,424.592545,-1.15957,-2.68532,1.09854,-0.07759,0.19032,0.97039,0,0,54572
271.135000,424.607395,0.00000,-2.50223,1.64781,-0.07759,0.17519,0.96697,0,0,54573
271.140000,424.607395,0.91545,-2.19708,1.95296,-0.07588,0.16104,0.96380,0,0,54574
271.145000,424.607395,1.64781,-1.89193,1.95296,-0.07515,0.15079,0.96258,0,0,54575
271.150000,424.637333,1.70884,-1.46472,1.95296,-0.07662,0.14274,0.96356,0,0,54576
271.155000,424.637333,1.28163,-0.97648,1.83090,-0.07784,0.13371,0.96722,0,0,54577
271.160000,424.637333,0.36618,-0.73236,1.52575,-0.08101,0.12712,0.97161,0,0,54578
271.165000,424.638945,-0.42721,-0.48824,1.03751,-0.08516,0.12346,0.97649,0,0,54579
271.170000,424.638945,-1.15957,-0.42721,0.06103,-0.08711,0.12273,0.97722,0,0,54580
271.175000,424.638945,-1.64781,-0.30515,-1.09854,-0.08979,0.12786,0.97673,0,0,54581
271.180000,424.652634,-1.83090,-0.18309,-1.64781,-0.09004,0.13249,0.97673,0,0,54582
271.185000,424.652634,-1.83090,0.00000,-2.01399,-0.08857,0.13762,0.97771,0,0,54583
271.190000,424.652634,-1.83090,0.18309,-2.31914,-0.08760,0.14347,0.97820,0,0,54584
271.195000,424.668642,-1.95296,0.30515,-2.31914,-0.08784,0.14908,0.97820,0,0,54585
271.200000,424.668642,-2.44120,0.54927,-2.25811,-0.08564,0.15372,0.97942,0,0,54586
271.205000,424.668642,-2.92944,0.91545,-2.25811,-0.08491,0.15787,0.97795,0,0,54587
271.210000,424.682490,-3.41768,1.46472,-2.07502,-0.08467,0.16226,0.97771,0,0,54588
271.215000,424.682490,-3.96695,2.01399,-1.89193,-0.08467,0.16372,0.98210,0,0,54589
271.220000,424.682490,-4.33313,2.25811,-1.64781,-0.08638,0.16104,0.98674,0,0,54590
271.225000,424.697202,-4.76034,2.19708,-1.40369,-0.08833,0.15836,0.98600,0,0,54591
271.230000,424.697202,-5.06549,1.76987,-1.46472,-0.08711,0.15445,0.98747,0,0,54592
271.235000,424.697202,-4.57725,1.34266,-1.70884,-0.08198,0.15030,0.98844,0,0,54593
271.240000,424.712315,-4.02798,0.97648,-1.95296,-0.08272,0.14982,0.98771,0,0,54594
271.245000,424.712315,-3.11253,0.42721,-2.13605,-0.08467,0.15055,0.98674,0,0,54595
271.250000,424.712315,-0.91545,-0.54927,-2.50223,-0.08150,0.15421,0.98259,0,0,54596
271.255000,424.727484,0.79339,-1.09854,-2.80738,-0.08052,0.15592,0.97942,0,0,54597
271.260000,424.727484,1.76987,-1.28163,-2.99047,-0.08247,0.15909,0.97868,0,0,54598
271.265000,424.727484,2.99047,-1.46472,-2.92944,-0.08101,0.16177,0.98137,0,0,54599
271.270000,424.742390,4.51622,-2.25811,-2.86841,-0.07857,0.16446,0.98356,0,0,54600
271.275000,424.742390,5.24858,-2.99047,-2.74635,-0.08028,0.16616,0.98527,0,0,54601
271.280000,424.742390,5.43167,-3.17356,-2.86841,-0.08320,0.16860,0.98649,0,0,54602
271.285000,424.757336,5.12652,-2.92944,-3.11253,-0.08125,0.16909,0.98722,0,0,54603
271.290000,424.757336,4.51622,-2.68532,-3.35665,-0.07710,0.16860,0.98747,0,0,54604
271.295000,424.757336,3.53974,-2.25811,-3.41768,-0.07515,0.16860,0.98771,0,0,54605
271.300000,424.772326,2.50223,-2.01399,-3.41768,-0.07222,0.16641,0.98796,0,0,54606
271.305000,424.772326,1.83090,-2.07502,-3.66180,-0.06637,0.16616,0.98527,0,0,54607
271.310000,424.772326,0.91545,-2.13605,-4.08901,-0.06198,0.17422,0.98161,0,0,54608
271.315000,424.787618,-0.30515,-1.70884,-4.33313,-0.06417,0.19105,0.97283,0,0,54609
271.320000,424.787618,-1.83090,-0.67133,-3.96695,-0.06539,0.20740,0.96600,0,0,54610
271.325000,424.787618,-2.86841,0.36618,-3.05150,-0.06466,0.21692,0.96307,0,0,54611
271.330000,424.802647,-3.60077,0.97648,-1.95296,-0.06637,0.22180,0.96453,0,0,54612
271.335000,424.802647,-3.96695,1.40369,-1.09854,-0.06808,0.22204,0.96624,0,0,54613
271.340000,424.802647,-3.96695,2.01399,-0.12206,-0.06612,0.21594,0.96917,0,0,54614
271.345000,424.818548,-3.47871,2.68532,0.54927,-0.06442,0.20618,0.97429,0,0,54615
271.350000,424.818548,-2.99047,2.86841,1.28163,-0.06661,0.19813,0.97966,0,0,54616
271.355000,424.818548,-2.68532,2.80738,1.70884,-0.07491,0.19105,0.98576,0,0,54617
271.360000,424.832245,-1.52575,2.25811,2.01399,-0.07564,0.17885,0.98771,0,0,54618
271.365000,424.832245,0.00000,1.83090,1.89193,-0.06832,0.16690,0.98942,0,0,54619
271.370000,424.832245,1.46472,1.22060,1.95296,-0.06734,0.16153,0.99332,0,0,54620
271.375000,424.847286,2.99047,0.54927,1.95296,-0.07222,0.16055,0.99772,0,0,54621
271.380000,424.847286,4.15004,0.06103,1.76987,-0.07588,0.16153,1.00040,0,0,54622
271.385000,424.847286,4.82137,0.06103,1.46472,-0.07564,0.16250,1.00308,0,0,54623
271.390000,424.862122,5.00446,0.30515,1.34266,-0.07442,0.15884,1.00918,0,0,54624
271.395000,424.862122,4.57725,0.24412,1.09854,-0.07491,0.15689,1.01260,0,0,54625
271.400000,424.862122,3.66180,-0.18309,0.54927,-0.08052,0.15958,1.01016,0,0,54626
271.405000,424.877186,2.74635,-0.12206,-0.12206,-0.08198,0.16226,1.00845,0,0,54627
271.410000,424.877186,1.83090,0.18309,-0.67133,-0.07515,0.16421,1.00504,0,0,54628
271.415000,424.877186,0.73236,0.18309,-1.09854,-0.07320,0.16763,1.00186,0,0,54629
271.420000,424.892209,-0.30515,-0.06103,-1.40369,-0.07491,0.17129,0.99576,0,0,54630
271.425000,424.892209,-0.79339,-0.30515,-1.46472,-0.07686,0.17495,0.98625,0,0,54631
271.430000,424.892209,-0.91545,-0.06103,-1.22060,-0.07515,0.17861,0.98161,0,0,54632
271.435000,424.907232,-0.91545,0.48824,-0.79339,-0.07491,0.18129,0.98064,0,0,54633
271.440000,424.907232,-0.73236,0.85442,-0.36618,-0.07686,0.18446,0.98039,0,0,54634
271.445000,424.907232,-0.73236,1.03751,0.30515,-0.07637,0.18471,0.98234,0,0,54635
271.450000,424.922139,-0.85442,1.15957,0.73236,-0.07686,0.18495,0.98454,0,0,54636
271.455000,424.922139,-1.34266,1.28163,0.73236,-0.07881,0.18373,0.98722,0,0,54637
271.460000,424.922139,-1.58678,1.22060,0.54927,-0.07906,0.18446,0.98844,0,0,54638
271.465000,424.937095,-2.13605,1.09854,0.24412,-0.07979,0.18398,0.98674,0,0,54639
271.470000,424.937095,-2.56326,0.85442,-0.06103,-0.07930,0.18349,0.98552,0,0,54640
271.475000,424.937095,-2.44120,0.67133,-0.12206,-0.07930,0.18446,0.98503,0,0,54641
271.480000,424.952125,-2.01399,0.42721,0.00000,-0.07930,0.18642,0.98332,0,0,54642
271.485000,424.952125,-1.15957,0.12206,0.24412,-0.07906,0.18666,0.98039,0,0,54643
271.490000,424.952125,-0.12206,0.00000,0.61030,-0.07906,0.18300,0.97844,0,0,54644
271.495000,424.968352,1.28163,0.12206,1.15957,-0.07808,0.17568,0.97673,0,0,54645
271.500000,424.968352,2.92944,0.30515,1.83090,-0.07491,0.16665,0.97820,0,0,54646
271.505000,424.968352,3.84489,0.36618,2.13605,-0.07393,0.16226,0.97868,0,0,54647
271.510000,424.983351,4.21107,0.42721,2.07502,-0.07637,0.16104,0.97942,0,0,54648
271.515000,424.983351,3.96695,0.61030,1.83090,-0.07808,0.16055,0.97942,0,0,54649
271.520000,424.983351,2.68532,1.15957,1.83090,-0.08101,0.16470,0.98186,0,0,54650
271.525000,424.997058,1.40369,1.34266,1.95296,-0.08540,0.16738,0.98625,0,0,54651
271.530000,424.997058,0.48824,1.46472,1.89193,-0.08686,0.16787,0.99088,0,0,54652
271.535000,424.997058,0.06103,1.46472,1.89193,-0.08686,0.16665,0.99430,0,0,54653
271.540000,425.012127,0.36618,1.22060,2.01399,-0.08589,0.16543,0.99723,0,0,54654
271.545000,425.012127,1.34266,0.85442,2.38017,-0.09004,0.16397,1.00284,0,0,54655
271.550000,425.012127,2.99047,0.18309,2.86841,-0.09662,0.16226,1.00821,0,0,54656
271.555000,425.027105,4.57725,-0.42721,2.92944,-0.09711,0.15714,1.01040,0,0,54657
271.560000,425.027105,5.37064,-0.91545,2.80738,-0.09492,0.15201,1.01162,0,0,54658
271.565000,425.027105,5.85888,-1.46472,2.74635,-0.09589,0.14664,1.00967,0,0,54659
271.570000,425.042044,5.85888,-1.95296,2.19708,-0.09516,0.14030,1.00699,0,0,54660
271.575000,425.042044,5.61476,-2.07502,1.52575,-0.09174,0.13762,1.00479,0,0,54661
271.580000,425.042044,4.82137,-2.07502,0.36618,-0.09028,0.13274,1.00333,0,0,54662
271.585000,425.057030,3.96695,-1.83090,-0.79339,-0.09126,0.13103,1.00016,0,0,54663
271.590000,425.057030,2.13605,-1.76987,-2.99047,-0.09174,0.13103,0.99601,0,0,54664
271.595000,425.057030,0.79339,-1.83090,-4.51622,-0.08589,0.13347,0.99820,0,0,54665
271.600000,425.071960,-0.06103,-1.89193,-6.46918,-0.08028,0.14201,0.98308,0,0,54666
271.605000,425.071960,-0.18309,-1.34266,-7.50669,-0.08272,0.15372,0.96868,0,0,54667
271.610000,425.071960,-0.18309,-0.24412,-7.20154,-0.08394,0.16836,0.96429,0,0,54668
271.615000,425.087031,0.00000,0.54927,-6.22506,-0.08564,0.18568,0.95941,0,0,54669
271.620000,425.087031,0.24412,1.34266,-3.90592,-0.08442,0.19422,0.96112,0,0,54670
271.625000,425.087031,0.18309,1.76987,-2.31914,-0.07466,0.19740,0.95941,0,0,54671
271.630000,425.102050,-1.03751,2.74635,-1.34266,-0.07710,0.20594,0.94989,0,0,54672
271.635000,425.102050,-3.72283,3.66180,-0.42721,-0.07808,0.20154,0.95868,0,0,54673
271.640000,425.102050,-5.67579,4.21107,0.36618,-0.07100,0.19325,0.96575,0,0,54674
271.645000,425.117034,-6.34712,4.39416,0.67133,-0.06734,0.18715,0.96966,0,0,54675
271.650000,425.117034,-6.71330,4.45519,0.91545,-0.06637,0.18007,0.97722,0,0,54676
271.655000,425.117034,-6.28609,4.21107,1.09854,-0.06490,0.17373,0.98454,0,0,54677
271.660000,425.132035,-5.12652,3.72283,0.85442,-0.06466,0.16958,0.98893,0,0,54678
271.665000,425.132035,-3.66180,2.86841,0.42721,-0.06686,0.17373,0.99308,0,0,54679
271.670000,425.132035,-2.99047,2.50223,0.18309,-0.06905,0.17910,0.99747,0,0,54680
271.670000,425.147034,-2.50223,2.25811,0.18309,-0.07076,0.17836,0.99942,0,0,54681
271.675000,425.147034,-2.38017,2.38017,0.18309,-0.07125,0.17568,1.00333,0,0,54682
271.680000,425.147034,-2.74635,2.56326,0.30515,-0.07369,0.17495,1.00748,0,0,54683
271.685000,425.162004,-3.05150,2.56326,0.18309,-0.07784,0.17446,1.00992,0,0,54684
271.690000,425.162004,-3.35665,1.89193,-0.24412,-0.08223,0.17348,1.00870,0,0,54685
271.695000,425.162004,-3.17356,1.22060,-0.91545,-0.08076,0.17202,1.00504,0,0,54686
271.700000,425.177053,-2.92944,0.67133,-1.46472,-0.07686,0.17373,0.99942,0,0,54687
271.705000,425.177053,-2.74635,0.30515,-1.58678,-0.07515,0.17470,0.99552,0,0,54688
271.710000,425.177053,-2.62429,0.00000,-1.58678,-0.07344,0.17422,0.99137,0,0,54689
271.715000,425.192034,-2.13605,-0.12206,-1.70884,-0.06832,0.17397,0.98454,0,0,54690
271.720000,425.192034,-1.52575,-0.18309,-1.58678,-0.06442,0.17812,0.97966,0,0,54691
271.725000,425.192034,-0.73236,-0.12206,-1.28163,-0.06490,0.18422,0.98064,0,0,54692
271.730000,425.207059,-0.12206,0.12206,-0.85442,-0.06515,0.18910,0.98478,0,0,54693
271.735000,425.207059,0.06103,0.30515,-0.67133,-0.06344,0.19300,0.98747,0,0,54694
271.740000,425.207059,-0.12206,0.61030,-0.61030,-0.06051,0.19398,0.99064,0,0,54695
271.745000,425.222040,-0.36618,0.91545,-0.24412,-0.06149,0.19496,0.99479,0,0,54696
271.750000,425.222040,-0.73236,1.03751,0.06103,-0.06734,0.19715,0.99894,0,0,54697
271.755000,425.222040,-1.03751,0.91545,0.42721,-0.07100,0.19862,1.00089,0,0,54698
271.760000,425.237034,-1.22060,0.79339,0.42721,-0.07247,0.19935,1.00211,0,0,54699
271.765000,425.237034,-1.28163,0.67133,0.36618,-0.07393,0.19886,1.00235,0,0,54700
271.770000,425.237034,-1.09854,0.24412,0.54927,-0.07491,0.19813,0.99967,0,0,54701
271.775000,425.252043,-0.67133,-0.30515,0.79339,-0.07613,0.19740,0.99332,0,0,54702
271.780000,425.252043,-0.06103,-0.73236,0.97648,-0.07759,0.19740,0.98234,0,0,54703
271.785000,425.252043,0.73236,-0.79339,1.22060,-0.08125,0.19691,0.97332,0,0,54704
271.790000,425.267031,1.22060,-0.48824,1.40369,-0.08247,0.19398,0.97014,0,0,54705
271.795000,425.267031,1.70884,-0.30515,1.64781,-0.08150,0.18715,0.96600,0,0,54706
271.800000,425.267031,2.01399,0.00000,1.95296,-0.08320,0.18446,0.96551,0,0,54707
271.805000,425.282034,1.95296,0.42721,2.01399,-0.08418,0.18202,0.96795,0,0,54708
271.810000,425.282034,1.40369,0.85442,1.89193,-0.08516,0.17714,0.97527,0,0,54709
271.815000,425.282034,0.30515,1.15957,1.52575,-0.08345,0.17202,0.98332,0,0,54710
271.820000,425.297043,-0.36618,1.22060,1.28163,-0.08150,0.16934,0.98527,0,0,54711
271.825000,425.297043,-0.85442,1.22060,1.09854,-0.08052,0.16836,0.98649,0,0,54712
271.830000,425.297043,-0.91545,1.15957,1.22060,-0.08150,0.16982,0.99015,0,0,54713
271.835000,425.312012,-0.42721,1.03751,1.64781,-0.08711,0.17226,0.99308,0,0,54714
271.840000,425.312012,0.67133,0.73236,2.01399,-0.08930,0.17544,0.99528,0,0,54715
271.845000,425.312012,1.28163,0.48824,2.44120,-0.08735,0.17568,0.99503,0,0,54716
271.845000,425.327039,1.22060,0.24412,2.92944,-0.08418,0.17324,0.99381,0,0,54717
271.850000,425.327039,0.73236,0.06103,3.41768,-0.08686,0.16982,0.99454,0,0,54718
271.855000,425.327039,-0.12206,-0.12206,3.60077,-0.09736,0.16934,0.99479,0,0,54719
271.860000,425.342396,-0.48824,-0.18309,3.66180,-0.09516,0.16275,0.99430,0,0,54720
271.865000,425.342396,-0.48824,-0.42721,3.47871,-0.08638,0.15616,0.99381,0,0,54721
271.870000,425.342396,-0.42721,-0.85442,3.29562,-0.09370,0.15201,0.99284,0,0,54722
271.875000,425.357300,-0.24412,-1.34266,3.23459,-0.09858,0.14738,0.98991,0,0,54723
271.880000,425.357300,1.40369,-1.58678,2.74635,-0.09150,0.14054,0.97771,0,0,54724
271.885000,425.357300,2.50223,-1.28163,2.62429,-0.08564,0.13859,0.96917,0,0,54725
271.890000,425.372165,2.86841,-0.67133,2.92944,-0.09565,0.14176,0.96917,0,0,54726
271.895000,425.372165,3.66180,-0.30515,3.11253,-0.09736,0.13566,0.96185,0,0,54727
271.900000,425.372165,4.45519,0.12206,2.80738,-0.08369,0.12883,0.95965,0,0,54728
271.905000,425.387442,4.39416,0.61030,2.13605,-0.07881,0.12883,0.96136,0,0,54729
271.910000,425.387442,3.41768,1.52575,0.79339,-0.08272,0.13493,0.96307,0,0,54730
271.915000,425.387442,2.38017,2.38017,0.00000,-0.08442,0.14128,0.96356,0,0,54731
271.920000,425.402330,1.03751,3.29562,-0.85442,-0.07784,0.15152,0.96819,0,0,54732
271.925000,425.402330,0.24412,3.60077,-1.40369,-0.07125,0.16348,0.97283,0,0,54733
271.930000,425.402330,-0.61030,3.90592,-1.64781,-0.07564,0.17910,0.98088,0,0,54734
271.935000,425.417315,-1.28163,4.21107,-1.46472,-0.08150,0.18886,0.98698,0,0,54735
271.940000,425.417315,-1.46472,4.33313,-0.91545,-0.08345,0.19764,0.99137,0,0,54736
271.945000,425.417315,-1.52575,4.21107,-0.30515,-0.08223,0.19837,0.99747,0,0,54737
271.950000,425.432533,-1.09854,3.66180,0.42721,-0.08442,0.19666,1.00333,0,0,54738
271.955000,425.432533,-0.61030,2.74635,0.97648,-0.08930,0.19544,1.00406,0,0,54739
271.960000,425.432533,-0.42721,1.89193,1.09854,-0.09589,0.19276,1.00162,0,0,54740
271.960000,425.447350,-0.36618,1.22060,0.97648,-0.09687,0.18934,0.99894,0,0,54741
271.965000,425.447350,-0.48824,0.79339,0.67133,-0.09150,0.18129,0.99528,0,0,54742
271.970000,425.447350,-0.73236,0.06103,0.54927,-0.08735,0.17495,0.99015,0,0,54743
271.975000,425.462219,-0.97648,0.00000,0.42721,-0.08735,0.16665,0.98454,0,0,54744
271.980000,425.462219,-0.91545,0.00000,0.12206,-0.08467,0.16080,0.98137,0,0,54745
271.985000,425.462219,-0.67133,-0.06103,-0.36618,-0.08003,0.15762,0.98161,0,0,54746
271.990000,425.477521,-0.42721,-0.30515,-0.79339,-0.07979,0.15592,0.98039,0,0,54747
271.995000,425.477521,0.12206,-0.73236,-1.09854,-0.08003,0.15616,0.97844,0,0,54748
272.000000,425.477521,1.03751,-0.73236,-1.40369,-0.07100,0.15640,0.97722,0,0,54749
272.005000,425.492332,1.52575,-0.54927,-1.46472,-0.06930,0.16299,0.98186,0,0,54750
272.010000,425.492332,1.64781,-0.42721,-1.58678,-0.07637,0.17129,0.98503,0,0,54751
272.015000,425.492332,1.34266,-0.48824,-1.76987,-0.07637,0.17739,0.98137,0,0,54752
272.020000,425.507330,0.67133,-0.24412,-1.95296,-0.07320,0.18105,0.97868,0,0,54753
272.025000,425.507330,-1.09854,0.61030,-1.95296,-0.07320,0.18959,0.98186,0,0,54754
272.030000,425.507330,-2.80738,1.28163,-1.46472,-0.07979,0.19813,0.98454,0,0,54755
272.035000,425.522629,-4.15004,1.70884,-1.09854,-0.08638,0.20228,0.98381,0,0,54756
272.040000,425.522629,-3.96695,1.89193,-1.09854,-0.08418,0.20081,0.98454,0,0,54757
272.045000,425.522629,-3.41768,2.38017,-0.61030,-0.07881,0.19959,0.98844,0,0,54758
272.050000,425.537375,-2.86841,2.25811,0.18309,-0.07735,0.19740,0.99088,0,0,54759
272.055000,425.537375,-1.70884,1.76987,1.40369,-0.07881,0.19227,0.99406,0,0,54760
272.060000,425.537375,-0.12206,1.09854,2.07502,-0.08101,0.18568,0.99528,0,0,54761
272.065000,425.552462,1.03751,0.48824,2.50223,-0.08174,0.17910,0.99650,0,0,54762
272.070000,425.552462,2.19708,0.00000,2.74635,-0.08394,0.17495,0.99967,0,0,54763
272.075000,425.552462,2.92944,-0.18309,2.62429,-0.08833,0.17153,1.00357,0,0,54764
272.075000,425.567451,3.11253,-0.12206,2.44120,-0.09126,0.16958,1.00674,0,0,54765
272.080000,425.567451,2.86841,0.06103,2.25811,-0.09174,0.16641,1.01211,0,0,54766
272.085000,425.567451,2.25811,-0.12206,1.95296,-0.09052,0.16177,1.01748,0,0,54767
272.090000,425.582301,1.40369,-0.79339,1.28163,-0.09223,0.15811,1.01870,0,0,54768
272.095000,425.582301,0.73236,-1.40369,0.67133,-0.09589,0.15689,1.01455,0,0,54769
272.100000,425.582301,-0.06103,-1.89193,-0.06103,-0.09858,0.15665,1.00918,0,0,54770
272.105000,425.597659,-0.36618,-1.95296,-0.48824,-0.09955,0.15665,1.00601,0,0,54771
272.110000,425.597659,-0.48824,-2.07502,-1.03751,-0.09784,0.15689,1.00089,0,0,54772
272.115000,425.597659,-0.24412,-2.19708,-1.52575,-0.09077,0.16031,0.99235,0,0,54773
272.120000,425.612637,-0.12206,-1.83090,-1.70884,-0.08808,0.16958,0.98015,0,0,54774
272.125000,425.612637,-0.30515,-0.42721,-1.03751,-0.08857,0.17519,0.97771,0,0,54775
272.130000,425.612637,-0.54927,0.67133,0.00000,-0.08662,0.17592,0.97942,0,0,54776
272.135000,425.627656,-0.61030,0.97648,0.67133,-0.08589,0.17617,0.98259,0,0,54777
272.140000,425.627656,-0.18309,1.22060,1.03751,-0.08882,0.17592,0.98747,0,0,54778
272.145000,425.627656,0.24412,1.15957,1.40369,-0.08930,0.17348,0.99576,0,0,54779
272.150000,425.642604,0.91545,0.79339,1.40369,-0.08711,0.17104,1.00406,0,0,54780
272.155000,425.642604,1.40369,0.24412,1.28163,-0.08808,0.16787,1.00870,0,0,54781
272.160000,425.642604,1.89193,-0.42721,1.09854,-0.10004,0.17007,1.00943,0,0,54782
272.165000,425.657628,2.25811,-1.15957,0.97648,-0.10736,0.17226,1.00772,0,0,54783
272.170000,425.657628,3.41768,-2.62429,0.91545,-0.10102,0.16982,0.99576,0,0,54784
272.175000,425.657628,4.02798,-3.29562,0.67133,-0.09662,0.16836,0.98405,0,0,54785
272.180000,425.672562,4.33313,-3.29562,0.61030,-0.10175,0.16836,0.97454,0,0,54786
272.185000,425.672562,4.63828,-2.80738,0.67133,-0.10248,0.16690,0.96282,0,0,54787
272.190000,425.672562,4.57725,-2.25811,0.85442,-0.09638,0.16665,0.95721,0,0,54788
272.195000,425.687637,4.27210,-1.83090,1.22060,-0.09077,0.16665,0.95770,0,0,54789
272.200000,425.687637,4.33313,-1.34266,1.89193,-0.08711,0.16372,0.95770,0,0,54790
272.205000,425.687637,4.94343,-0.85442,2.68532,-0.08491,0.15860,0.96258,0,0,54791
272.210000,425.702610,6.16403,-0.48824,3.35665,-0.08223,0.15128,0.97258,0,0,54792
272.215000,425.702610,7.50669,-0.79339,3.47871,-0.08101,0.14640,0.98137,0,0,54793
272.220000,425.702610,7.99493,-1.22060,3.17356,-0.08174,0.14591,0.98747,0,0,54794
272.220000,425.717660,7.75081,-1.46472,2.80738,-0.08320,0.14860,0.99162,0,0,54795
272.225000,425.717660,6.89639,-1.58678,2.62429,-0.08003,0.15274,0.99698,0,0,54796
272.230000,425.717660,5.49270,-1.46472,2.07502,-0.07588,0.15445,0.99991,0,0,54797
272.235000,425.732420,3.84489,-1.76987,2.07502,-0.09492,0.15640,1.00650,0,0,54798
272.240000,425.732420,0.91545,-0.24412,1.22060,-0.10785,0.15836,1.01480,0,0,54799
272.245000,425.732420,1.83090,-0.30515,0.00000,-0.09370,0.15177,1.01602,0,0,54800
272.250000,425.747302,2.68532,-0.85442,-0.61030,-0.08369,0.14640,1.02895,0,0,54801
272.255000,425.747302,3.60077,-1.22060,0.00000,-0.08076,0.13786,1.03724,0,0,54802
272.260000,425.747302,5.24858,-1.89193,1.22060,-0.08125,0.13225,1.04383,0,0,54803
272.265000,425.762617,5.98094,-2.07502,1.52575,-0.08711,0.12908,1.04847,0,0,54804
272.270000,425.762617,7.14051,-2.38017,1.22060,-0.09052,0.12395,1.05506,0,0,54805
272.275000,425.762617,8.30008,-2.86841,0.79339,-0.08857,0.11956,1.06433,0,0,54806
272.280000,425.777322,9.33759,-3.11253,0.54927,-0.08857,0.11858,1.07482,0,0,54807
272.285000,425.777322,11.29055,-3.60077,0.36618,-0.09248,0.12127,1.09239,0,0,54808
272.290000,425.777322,12.63321,-4.15004,0.54927,-0.09784,0.12615,1.11118,0,0,54809
272.295000,425.793697,13.91484,-4.82137,0.91545,-0.10004,0.13030,1.12826,0,0,54810
272.300000,425.793697,15.13544,-5.79785,1.22060,-0.10370,0.13518,1.14192,0,0,54811
272.305000,425.793697,15.56265,-6.46918,1.52575,-0.10614,0.13932,1.15144,0,0,54812
272.310000,425.808605,15.44059,-6.65227,1.89193,-0.10834,0.14152,1.15924,0,0,54813
272.315000,425.808605,14.58617,-6.53021,2.01399,-0.11322,0.14420,1.16705,0,0,54814
272.320000,425.808605,12.99939,-6.04197,2.31914,-0.11858,0.14689,1.17681,0,0,54815
272.325000,425.822333,11.22952,-5.55373,2.80738,-0.12224,0.14762,1.18779,0,0,54816
272.330000,425.822333,9.09347,-5.12652,3.35665,-0.12615,0.13957,1.19999,0,0,54817
272.335000,425.822333,6.89639,-4.76034,3.96695,-0.12956,0.12566,1.21439,0,0,54818
272.340000,425.837552,4.45519,-4.63828,4.45519,-0.13786,0.11151,1.23391,0,0,54819
272.345000,425.837552,3.29562,-5.37064,4.57725,-0.14957,0.09565,1.25123,0,0,54820
272.350000,425.837552,2.74635,-6.71330,4.63828,-0.15884,0.08247,1.26124,0,0,54821
272.355000,425.852507,2.99047,-8.23905,4.57725,-0.16690,0.07076,1.26880,0,0,54822
272.360000,425.852507,3.72283,-9.52068,4.33313,-0.17519,0.05880,1.27417,0,0,54823
272.365000,425.852507,4.15004,-11.10746,3.84489,-0.18495,0.04807,1.28246,0,0,54824
272.370000,425.867155,4.08901,-12.63321,3.23459,-0.19203,0.03489,1.28759,0,0,54825
272.375000,425.867155,3.78386,-14.15896,2.50223,-0.19788,0.01976,1.28905,0,0,54826
272.380000,425.867155,3.41768,-15.62368,1.95296,-0.19959,0.00220,1.28783,0,0,54827
272.385000,425.882215,3.41768,-17.45458,1.28163,-0.19788,-0.01659,1.28344,0,0,54828
272.390000,425.882215,3.60077,-19.95681,-0.42721,-0.20081,-0.03392,1.27807,0,0,54829
272.395000,425.882215,3.47871,-21.97080,-2.31914,-0.20496,-0.04660,1.26758,0,0,54830
272.400000,425.897548,3.17356,-23.98479,-4.57725,-0.20252,-0.06295,1.25514,0,0,54831
272.405000,425.897548,2.50223,-25.87672,-6.89639,-0.19544,-0.07784,1.23586,0,0,54832
272.410000,425.897548,1.58678,-27.34144,-9.39862,-0.19008,-0.08345,1.21488,0,0,54833
272.415000,425.912280,0.36618,-28.37895,-11.90085,-0.19032,-0.08442,1.19902,0,0,54834
272.420000,425.912280,-1.40369,-29.29440,-15.13544,-0.19056,-0.08198,1.18120,0,0,54835
272.425000,425.912280,-3.47871,-29.90470,-17.94282,-0.18983,-0.07784,1.15973,0,0,54836
272.430000,425.927366,-5.98094,-30.88118,-21.29947,-0.18617,-0.07222,1.13387,0,0,54837
272.435000,425.927366,-8.84935,-31.06427,-24.41200,-0.17788,-0.06515,1.10996,0,0,54838
272.440000,425.927366,-11.59570,-30.63706,-27.21938,-0.16909,-0.05392,1.09190,0,0,54839
272.445000,425.942477,-15.01338,-29.96573,-30.45397,-0.16397,-0.04075,1.07433,0,0,54840
272.450000,425.942477,-17.39355,-29.59955,-32.89517,-0.16104,-0.02855,1.05798,0,0,54841
272.455000,425.942477,-19.22445,-29.53852,-35.33637,-0.15616,-0.01513,1.04481,0,0,54842
272.460000,425.957206,-20.07887,-29.78264,-37.22830,-0.15006,-0.00195,1.03261,0,0,54843
272.465000,425.957206,-19.65166,-30.51500,-38.69302,-0.14176,0.01562,1.01675,0,0,54844
272.470000,425.957206,-18.61415,-30.88118,-39.30332,-0.13493,0.03270,0.99918,0,0,54845
272.475000,425.972359,-17.27149,-31.12530,-39.73053,-0.12981,0.04709,0.98454,0,0,54846
272.480000,425.972359,-15.92883,-31.36942,-40.27980,-0.12395,0.06246,0.97063,0,0,54847
272.485000,425.972359,-14.70823,-31.67457,-40.89010,-0.11566,0.07515,0.95746,0,0,54848
272.490000,425.987474,-14.09793,-31.79663,-41.19525,-0.10736,0.08418,0.94794,0,0,54849
272.495000,425.987474,-14.09793,-31.85766,-41.50040,-0.09467,0.09736,0.93379,0,0,54850
272.500000,425.987474,-14.52514,-31.73560,-41.68349,-0.08467,0.11004,0.91988,0,0,54851
272.505000,426.002641,-14.95235,-31.36942,-42.35482,-0.07515,0.12102,0.90500,0,0,54852
272.510000,426.002641,-15.25750,-31.00324,-42.96512,-0.06588,0.13005,0.89133,0,0,54853
272.515000,426.002641,-15.50162,-30.69809,-43.63645,-0.05173,0.13981,0.87913,0,0,54854
272.520000,426.017335,-15.68471,-30.57603,-43.75851,-0.04124,0.14835,0.86962,0,0,54855
272.525000,426.017335,-15.62368,-30.20985,-43.75851,-0.03074,0.16324,0.85790,0,0,54856
272.530000,426.017335,-15.13544,-29.47749,-43.51439,-0.02562,0.17836,0.85010,0,0,54857
272.535000,426.032636,-14.09793,-28.50101,-43.02615,-0.01610,0.19422,0.84107,0,0,54858
272.540000,426.032636,-13.60969,-28.07380,-41.98864,-0.00366,0.20838,0.83302,0,0,54859
272.545000,426.032636,-13.48763,-27.52453,-41.13422,0.00952,0.22180,0.82740,0,0,54860
272.545000,426.047599,-13.48763,-26.85320,-40.40186,0.01610,0.23180,0.82252,0,0,54861
272.550000,426.047599,-12.99939,-25.81569,-39.24229,0.02489,0.24351,0.81642,0,0,54862
272.555000,426.047599,-12.57218,-24.28994,-38.20478,0.03343,0.25181,0.81423,0,0,54863
272.560000,426.062339,-12.14497,-23.55758,-37.53345,0.04368,0.26059,0.80642,0,0,54864
272.565000,426.062339,-11.10746,-22.88625,-36.55697,0.05417,0.27035,0.79983,0,0,54865
272.570000,426.062339,-9.82583,-22.33698,-35.64152,0.06002,0.27743,0.79593,0,0,54866
272.575000,426.077653,-8.60523,-22.03183,-34.97019,0.06539,0.28524,0.78885,0,0,54867
272.580000,426.077653,-6.71330,-21.66565,-33.93268,0.07027,0.29792,0.77885,0,0,54868
272.585000,426.077653,-5.24858,-21.23844,-32.83414,0.07174,0.30866,0.77226,0,0,54869
272.590000,426.092484,-3.47871,-20.44505,-31.67457,0.07369,0.31696,0.76665,0,0,54870
272.595000,426.092484,-1.70884,-19.16342,-30.20985,0.07710,0.32013,0.76152,0,0,54871
272.600000,426.092484,-1.03751,-17.94282,-29.17234,0.08491,0.32159,0.76128,0,0,54872
272.605000,426.107649,-0.91545,-16.90531,-28.50101,0.09223,0.32184,0.76372,0,0,54873
272.610000,426.107649,-0.85442,-15.44059,-27.46350,0.09955,0.32428,0.77006,0,0,54874
272.615000,426.107649,-0.73236,-14.34205,-26.36496,0.10614,0.32867,0.77812,0,0,54875
272.620000,426.122296,-0.48824,-12.75527,-24.65612,0.11078,0.33330,0.78910,0,0,54876
272.625000,426.122296,-0.18309,-11.59570,-23.00831,0.11273,0.33721,0.80349,0,0,54877
272.630000,426.122296,0.42721,-10.86334,-21.36050,0.11102,0.34111,0.81642,0,0,54878
272.635000,426.137369,0.85442,-10.43613,-20.56711,0.11102,0.34331,0.82472,0,0,54879
272.640000,426.137369,1.52575,-9.94789,-19.34651,0.11297,0.34599,0.83594,0,0,54880
272.645000,426.137369,2.19708,-9.88686,-17.94282,0.11517,0.34965,0.84570,0,0,54881
272.650000,426.152469,2.25811,-9.76480,-17.14943,0.11395,0.35624,0.85156,0,0,54882
272.655000,426.152469,1.89193,-9.64274,-16.66119,0.11151,0.36551,0.85376,0,0,54883
272.660000,426.152469,0.42721,-8.97141,-16.29501,0.10834,0.37039,0.85058,0,0,54884
272.665000,426.167301,-1.03751,-7.99493,-15.80677,0.10687,0.37137,0.84961,0,0,54885
272.670000,426.167301,-2.31914,-7.01845,-15.19647,0.10834,0.37015,0.84936,0,0,54886
272.675000,426.167301,-3.11253,-6.53021,-14.46411,0.10785,0.36722,0.84619,0,0,54887
272.680000,426.182300,-3.23459,-6.34712,-13.73175,0.10638,0.36112,0.84034,0,0,54888
272.685000,426.182300,-2.19708,-6.28609,-12.69424,0.10712,0.34746,0.83180,0,0,54889
272.690000,426.182300,-0.54927,-5.79785,-11.65673,0.11151,0.33501,0.82570,0,0,54890
272.690000,426.197238,0.67133,-5.24858,-10.86334,0.11566,0.32818,0.82472,0,0,54891
272.695000,426.197238,2.19708,-4.51622,-10.00892,0.12029,0.31988,0.82692,0,0,54892
272.700000,426.197238,3.96695,-3.60077,-9.33759,0.11785,0.31647,0.82984,0,0,54893
272.705000,426.212278,4.27210,-2.56326,-8.66626,0.11444,0.31452,0.83472,0,0,54894
272.710000,426.212278,3.90592,-1.28163,-7.62875,0.11029,0.31256,0.84595,0,0,54895
272.715000,426.212278,3.23459,-0.48824,-6.95742,0.10565,0.30768,0.86034,0,0,54896
272.720000,426.227468,2.86841,0.30515,-6.40815,0.10199,0.29841,0.87572,0,0,54897
272.725000,426.227468,2.92944,0.85442,-5.98094,0.09980,0.28719,0.88743,0,0,54898
272.730000,426.227468,3.72283,1.34266,-5.79785,0.09662,0.27670,0.89987,0,0,54899
272.735000,426.242312,4.69931,1.34266,-5.79785,0.08760,0.27328,0.90866,0,0,54900
272.740000,426.242312,5.91991,0.73236,-5.61476,0.08223,0.27108,0.91378,0,0,54901
272.745000,426.242312,7.32360,0.18309,-5.30961,0.08418,0.27133,0.91598,0,0,54902
272.750000,426.257288,8.05596,0.24412,-5.06549,0.08345,0.27450,0.91890,0,0,54903
272.755000,426.257288,7.56772,1.09854,-4.08901,0.07710,0.27987,0.92500,0,0,54904
272.760000,426.257288,6.40815,1.64781,-2.99047,0.06905,0.28353,0.93086,0,0,54905
272.765000,426.272401,5.67579,1.89193,-1.64781,0.06954,0.27596,0.93623,0,0,54906
272.770000,426.272401,5.61476,2.01399,-0.54927,0.06954,0.26401,0.94135,0,0,54907
272.775000,426.272401,5.73682,2.07502,0.61030,0.06076,0.25108,0.94867,0,0,54908
272.780000,426.287441,6.65227,1.76987,1.52575,0.05417,0.24058,0.95209,0,0,54909
272.785000,426.287441,8.23905,1.22060,2.01399,0.05539,0.22765,0.95062,0,0,54910
272.790000,426.287441,9.33759,0.91545,2.19708,0.05588,0.22033,0.95184,0,0,54911
272.795000,426.302318,9.45965,1.34266,2.25811,0.04978,0.21594,0.95868,0,0,54912
272.800000,426.302318,8.97141,2.07502,2.19708,0.04587,0.21277,0.96819,0,0,54913
272.805000,426.302318,8.05596,3.11253,1.70884,0.04636,0.21033,0.98332,0,0,54914
272.810000,426.317644,7.56772,3.41768,1.64781,0.04685,0.20789,0.99308,0,0,54915
272.815000,426.317644,6.95742,3.47871,1.70884,0.04392,0.20301,1.00723,0,0,54916
272.820000,426.317644,6.77433,3.17356,1.64781,0.04002,0.19862,1.01772,0,0,54917
272.825000,426.332655,6.28609,2.38017,1.09854,0.03416,0.19276,1.02358,0,0,54918
272.830000,426.332655,5.91991,1.52575,0.24412,0.03172,0.18739,1.02724,0,0,54919
272.835000,426.332655,5.67579,1.15957,-0.54927,0.03294,0.18276,1.02895,0,0,54920
272.840000,426.347340,5.24858,0.54927,-1.22060,0.03318,0.17714,1.02602,0,0,54921
272.845000,426.347340,4.76034,-0.18309,-1.89193,0.03392,0.17031,1.02016,0,0,54922
272.850000,426.347340,3.90592,-0.61030,-2.92944,0.03489,0.16738,1.01333,0,0,54923
272.855000,426.362408,2.86841,-0.54927,-3.72283,0.03733,0.17007,1.00796,0,0,54924
272.860000,426.362408,1.64781,-0.18309,-4.45519,0.03611,0.17544,1.00089,0,0,54925
272.865000,426.362408,0.30515,0.18309,-5.06549,0.03343,0.18202,0.99406,0,0,54926
272.870000,426.377462,-0.79339,0.61030,-5.30961,0.03416,0.18642,0.99015,0,0,54927
272.875000,426.377462,-1.34266,1.03751,-5.30961,0.03733,0.18788,0.98966,0,0,54928
272.880000,426.377462,-1.34266,1.15957,-5.06549,0.04124,0.18666,0.99040,0,0,54929
272.885000,426.392415,-0.79339,1.03751,-5.00446,0.04270,0.18568,0.99259,0,0,54930
272.890000,426.392415,0.00000,1.09854,-5.12652,0.04343,0.18812,0.99357,0,0,54931
272.895000,426.392415,1.03751,1.15957,-4.88240,0.04538,0.19447,0.99430,0,0,54932
272.900000,426.407484,1.95296,1.40369,-4.33313,0.04636,0.20325,0.99723,0,0,54933
272.905000,426.407484,2.50223,2.13605,-3.17356,0.04490,0.21106,1.00308,0,0,54934
272.910000,426.407484,2.56326,2.86841,-2.19708,0.04026,0.21496,1.01065,0,0,54935
272.915000,426.422333,2.50223,3.23459,-1.40369,0.03904,0.21618,1.01846,0,0,54936
272.920000,426.422333,2.01399,3.05150,-0.67133,0.03953,0.21277,1.02675,0,0,54937
272.925000,426.422333,1.40369,2.62429,0.06103,0.03831,0.20716,1.03188,0,0,54938
272.925000,426.437319,1.28163,2.38017,0.54927,0.03928,0.20325,1.03334,0,0,54939
272.930000,426.437319,1.40369,2.19708,1.22060,0.03806,0.19447,1.03383,0,0,54940
272.935000,426.437319,2.07502,1.64781,1.09854,0.03270,0.18568,1.03261,0,0,54941
272.940000,426.452388,2.50223,1.15957,0.54927,0.03465,0.17470,1.02992,0,0,54942
272.945000,426.452388,2.92944,0.73236,-0.30515,0.03806,0.17080,1.02797,0,0,54943
272.950000,426.452388,2.50223,0.67133,-1.64781,0.03928,0.17104,1.02578,0,0,54944
272.955000,426.467696,1.83090,0.67133,-2.50223,0.03831,0.17348,1.02212,0,0,54945
272.960000,426.467696,0.73236,0.42721,-3.47871,0.03514,0.18056,1.01919,0,0,54946
272.965000,426.467696,-0.18309,0.00000,-3.96695,0.03611,0.18934,1.01553,0,0,54947
272.970000,426.482524,-0.12206,-0.18309,-3.90592,0.03855,0.19862,1.01309,0,0,54948
272.975000,426.482524,0.67133,-0.24412,-3.23459,0.03416,0.20764,1.01162,0,0,54949
272.980000,426.482524,1.09854,-0.54927,-2.62429,0.03562,0.20813,1.00699,0,0,54950
272.985000,426.497705,0.97648,-0.42721,-2.13605,0.04002,0.20594,1.00626,0,0,54951
272.990000,426.497705,0.91545,-0.06103,-1.22060,0.03928,0.20496,1.00918,0,0,54952
272.995000,426.497705,1.46472,0.30515,0.18309,0.03855,0.20228,1.01431,0,0,54953
273.000000,426.512277,1.95296,0.42721,1.09854,0.03953,0.19691,1.02260,0,0,54954
273.005000,426.512277,2.68532,-0.06103,1.89193,0.03440,0.19178,1.02919,0,0,54955
273.010000,426.512277,3.11253,-0.97648,2.01399,0.03367,0.18788,1.02822,0,0,54956
273.015000,426.527674,3.60077,-1.58678,2.25811,0.03270,0.18544,1.02651,0,0,54957
273.020000,426.527674,4.27210,-2.07502,2.44120,0.02952,0.18154,1.02285,0,0,54958
273.025000,426.527674,4.82137,-2.62429,2.25811,0.02513,0.17812,1.01748,0,0,54959
273.030000,426.542451,4.63828,-2.68532,1.76987,0.02123,0.17470,1.00845,0,0,54960
273.035000,426.542451,4.08901,-2.07502,1.28163,0.02220,0.16763,1.00552,0,0,54961
273.040000,426.542451,2.86841,-1.28163,0.61030,0.02733,0.15933,1.00504,0,0,54962
273.045000,426.557320,1.34266,-0.85442,-0.30515,0.02757,0.15494,1.00650,0,0,54963
273.050000,426.557320,-0.30515,-0.61030,-1.70884,0.02294,0.15372,1.00748,0,0,54964
273.055000,426.557320,-1.22060,-0.42721,-2.56326,0.02513,0.15396,1.00894,0,0,54965
273.060000,426.572299,-1.89193,-0.30515,-3.29562,0.02684,0.15445,1.01211,0,0,54966
273.065000,426.572299,-2.25811,-0.54927,-4.02798,0.02513,0.15811,1.01382,0,0,54967
273.070000,426.572299,-2.44120,-1.28163,-4.88240,0.02806,0.15958,1.01040,0,0,54968
273.070000,426.587612,-2.38017,-1.83090,-5.30961,0.03001,0.16275,1.00699,0,0,54969
273.075000,426.587612,-2.31914,-2.31914,-5.73682,0.03123,0.17031,1.00016,0,0,54970
273.080000,426.587612,-2.31914,-2.25811,-5.91991,0.03660,0.17373,0.99308,0,0,54971
273.085000,426.602229,-2.68532,-1.95296,-5.49270,0.03953,0.18154,0.98820,0,0,54972
273.090000,426.602229,-3.17356,-2.01399,-4.88240,0.03880,0.19008,0.98527,0,0,54973
273.095000,426.602229,-3.35665,-2.25811,-3.90592,0.04172,0.19544,0.97771,0,0,54974
273.100000,426.617506,-2.92944,-1.95296,-3.23459,0.04294,0.19788,0.97112,0,0,54975
273.105000,426.617506,-2.31914,-1.34266,-2.44120,0.04392,0.19837,0.96697,0,0,54976
273.110000,426.617506,-1.40369,-0.91545,-1.46472,0.04856,0.19715,0.96624,0,0,54977
273.115000,426.632361,-0.30515,-1.40369,-0.42721,0.04880,0.19666,0.96380,0,0,54978
273.120000,426.632361,0.54927,-1.64781,0.00000,0.04709,0.19496,0.96063,0,0,54979
273.125000,426.632361,1.09854,-1.52575,0.18309,0.04807,0.19178,0.95672,0,0,54980
273.130000,426.647387,1.46472,-1.22060,0.18309,0.04978,0.18886,0.95526,0,0,54981
273.135000,426.647387,1.28163,-0.97648,0.00000,0.05051,0.18568,0.95526,0,0,54982
273.140000,426.647387,0.48824,-0.73236,-0.30515,0.05344,0.18422,0.95331,0,0,54983
273.145000,426.662357,-0.48824,-0.30515,-0.79339,0.05734,0.18471,0.95282,0,0,54984
273.150000,426.662357,-2.07502,0.67133,-1.15957,0.05832,0.18471,0.95502,0,0,54985
273.155000,426.662357,-2.99047,1.52575,-1.22060,0.05417,0.18666,0.95770,0,0,54986
273.160000,426.677582,-3.23459,1.76987,-1.09854,0.04856,0.18861,0.96112,0,0,54987
273.165000,426.677582,-2.80738,1.64781,-0.61030,0.04660,0.19105,0.96526,0,0,54988
273.170000,426.677582,-1.89193,1.58678,-0.24412,0.04782,0.19276,0.97014,0,0,54989
273.175000,426.692377,-0.30515,1.52575,0.36618,0.04709,0.19422,0.97380,0,0,54990
273.180000,426.692377,0.79339,1.40369,0.91545,0.03953,0.19666,0.97917,0,0,54991
273.185000,426.692377,1.28163,1.64781,1.15957,0.03245,0.19666,0.98430,0,0,54992
273.190000,426.707413,1.09854,1.70884,1.09854,0.03245,0.19764,0.98844,0,0,54993
273.195000,426.707413,-0.42721,1.46472,0.85442,0.03343,0.19837,0.99308,0,0,54994
273.200000,426.707413,-1.70884,1.46472,0.73236,0.03245,0.19886,0.99381,0,0,54995
273.205000,426.722581,-3.05150,1.76987,0.91545,0.03392,0.19471,0.99040,0,0,54996
273.210000,426.722581,-4.15004,2.07502,1.15957,0.03880,0.18690,0.98893,0,0,54997
273.215000,426.722581,-4.15004,1.95296,1.40369,0.04246,0.17885,0.98698,0,0,54998
273.220000,426.737633,-3.29562,1.64781,1.64781,0.04246,0.17397,0.98674,0,0,54999
273.225000,426.737633,-1.40369,1.52575,2.13605,0.04026,0.16909,0.98844,0,0,55000
273.230000,426.737633,0.97648,1.28163,2.38017,0.03782,0.16202,0.99137,0,0,55001
273.235000,426.752425,2.31914,0.85442,2.07502,0.03782,0.15543,0.99454,0,0,55002
273.240000,426.752425,2.99047,0.12206,1.28163,0.03977,0.15470,0.99406,0,0,55003
273.245000,426.752425,2.99047,-0.18309,0.73236,0.03806,0.15665,0.99137,0,0,55004
273.245000,426.767329,2.74635,-0.18309,0.36618,0.03489,0.15860,0.99040,0,0,55005
273.250000,426.767329,2.25811,0.12206,0.00000,0.03123,0.16299,0.99088,0,0,55006
273.255000,426.767329,1.03751,0.48824,-0.61030,0.02855,0.17007,0.99186,0,0,55007
273.260000,426.782623,-0.36618,0.85442,-0.97648,0.03196,0.17226,0.98991,0,0,55008
273.265000,426.782623,-2.25811,1.58678,-1.46472,0.03611,0.17251,0.98869,0,0,55009
273.270000,426.782623,-3.29562,1.83090,-1.76987,0.03831,0.17519,0.98966,0,0,55010
273.275000,426.797353,-4.15004,1.76987,-1.52575,0.03733,0.17934,0.98747,0,0,55011
273.280000,426.797353,-4.88240,1.64781,-0.97648,0.03782,0.18373,0.98308,0,0,55012
273.285000,426.797353,-4.76034,1.70884,-0.54927,0.04075,0.18642,0.97673,0,0,55013
273.290000,426.812299,-4.15004,1.89193,-0.18309,0.04075,0.18764,0.97478,0,0,55014
273.295000,426.812299,-2.62429,1.40369,0.24412,0.04148,0.18886,0.97307,0,0,55015
273.300000,426.812299,-0.85442,1.09854,0.73236,0.04392,0.19227,0.96990,0,0,55016
273.305000,426.827400,0.85442,1.15957,1.22060,0.04441,0.19398,0.97161,0,0,55017
273.310000,426.827400,2.13605,1.28163,1.46472,0.04221,0.19593,0.97868,0,0,55018
273.315000,426.827400,2.50223,1.40369,1.70884,0.04246,0.19642,0.98552,0,0,55019
273.320000,426.842352,2.19708,1.64781,2.01399,0.04294,0.19837,0.99381,0,0,55020
273.325000,426.842352,1.09854,2.07502,2.31914,0.04026,0.20081,1.00577,0,0,55021
273.330000,426.842352,-0.48824,2.31914,2.68532,0.03709,0.19813,1.01431,0,0,55022
273.335000,426.857425,-1.09854,2.13605,2.92944,0.03514,0.19398,1.01797,0,0,55023
273.340000,426.857425,-1.28163,1.70884,3.53974,0.03660,0.18495,1.01675,0,0,55024
273.345000,426.857425,-0.91545,1.52575,3.90592,0.04172,0.17324,1.01260,0,0,55025
273.350000,426.872474,-0.36618,1.46472,4.15004,0.04148,0.16446,1.00918,0,0,55026
273.355000,426.872474,0.42721,1.34266,4.33313,0.03611,0.15958,1.00577,0,0,55027
273.360000,426.872474,1.15957,0.97648,4.21107,0.02904,0.15762,1.00235,0,0,55028
273.365000,426.888578,1.58678,0.79339,3.60077,0.02586,0.15616,0.99698,0,0,55029
273.370000,426.888578,1.46472,1.03751,2.99047,0.02782,0.15226,0.99332,0,0,55030
273.375000,426.888578,1.15957,1.34266,2.50223,0.03099,0.15030,0.99088,0,0,55031
273.380000,426.903560,0.73236,1.46472,2.19708,0.02928,0.14811,0.99162,0,0,55032
273.385000,426.903560,0.18309,1.52575,1.95296,0.02538,0.14591,0.99650,0,0,55033
273.390000,426.903560,0.12206,1.70884,1.46472,0.03099,0.14201,1.00138,0,0,55034
273.395000,426.918613,0.24412,1.58678,0.48824,0.03733,0.14128,1.00626,0,0,55035
273.400000,426.918613,0.36618,1.40369,-0.30515,0.03684,0.14616,1.01162,0,0,55036
273.405000,426.918613,0.36618,1.28163,-0.91545,0.03026,0.15372,1.01553,0,0,55037
273.410000,426.933554,-0.12206,1.28163,-1.15957,0.03001,0.16031,1.01846,0,0,55038
273.415000,426.933554,-0.85442,1.03751,-1.28163,0.03514,0.16665,1.01992,0,0,55039
273.420000,426.933554,-1.58678,0.67133,-1.46472,0.03514,0.17519,1.01821,0,0,55040
273.425000,426.948566,-2.13605,0.30515,-1.46472,0.02952,0.18422,1.01358,0,0,55041
273.430000,426.948566,-2.56326,0.42721,-1.22060,0.02562,0.19154,1.00821,0,0,55042
273.435000,426.948566,-2.86841,0.85442,-0.67133,0.02904,0.19300,1.00284,0,0,55043
273.440000,426.963883,-2.99047,1.09854,-0.36618,0.03514,0.19276,1.00211,0,0,55044
273.445000,426.963883,-2.74635,0.85442,0.06103,0.03880,0.19203,1.00089,0,0,55045
273.450000,426.963883,-2.01399,0.42721,0.73236,0.03880,0.18983,0.99528,0,0,55046
273.455000,426.978846,-0.85442,0.12206,1.46472,0.04002,0.18593,0.99235,0,0,55047
273.460000,426.978846,0.36618,0.30515,2.50223,0.04343,0.17983,0.99137,0,0,55048
273.465000,426.978846,1.09854,0.54927,3.11253,0.04246,0.17763,0.99259,0,0,55049
273.470000,426.993775,1.52575,0.67133,3.53974,0.04026,0.17690,0.99454,0,0,55050
273.475000,426.993775,1.46472,0.97648,3.90592,0.03587,0.17690,0.99820,0,0,55051
273.480000,426.993775,1.03751,1.34266,4.15004,0.03074,0.17519,1.00357,0,0,55052
273.485000,427.008929,0.61030,1.46472,4.02798,0.02562,0.17251,1.00674,0,0,55053
273.490000,427.008929,-0.12206,1.28163,3.60077,0.02196,0.16714,1.00918,0,0,55054
273.495000,427.008929,-0.18309,1.03751,3.23459,0.02245,0.16153,1.01089,0,0,55055
273.500000,427.023630,-0.18309,0.91545,3.05150,0.02050,0.15665,1.01016,0,0,55056
273.505000,427.023630,0.00000,0.61030,2.74635,0.01757,0.15128,1.00894,0,0,55057
273.510000,427.023630,0.24412,0.00000,2.50223,0.01976,0.14713,1.00528,0,0,55058
273.515000,427.038631,0.67133,-0.54927,1.46472,0.02001,0.14372,0.99772,0,0,55059
273.520000,427.038631,0.79339,-0.73236,0.91545,0.02196,0.13981,0.99308,0,0,55060
273.525000,427.038631,0.67133,-0.73236,0.36618,0.02318,0.13713,0.99015,0,0,55061
273.530000,427.053606,0.48824,-0.67133,-0.06103,0.02440,0.13518,0.98966,0,0,55062
273.535000,427.053606,0.12206,-0.18309,-0.54927,0.02904,0.13078,0.99015,0,0,55063
273.540000,427.053606,-0.18309,-0.12206,-0.97648,0.03172,0.12883,0.99332,0,0,55064
273.545000,427.068628,-0.24412,-0.24412,-1.40369,0.03416,0.12932,0.99625,0,0,55065
273.550000,427.068628,-0.24412,-0.36618,-1.76987,0.03270,0.13420,0.99918,0,0,55066
273.555000,427.068628,-0.36618,-0.42721,-2.01399,0.03196,0.14396,1.00186,0,0,55067
273.560000,427.083506,-0.30515,-0.48824,-2.19708,0.03196,0.15616,1.00138,0,0,55068
273.565000,427.083506,-0.48824,-0.54927,-1.95296,0.03172,0.16934,1.00162,0,0,55069
273.570000,427.083506,-1.15957,-0.54927,-1.52575,0.03172,0.17666,1.00040,0,0,55070
273.575000,427.098670,-2.01399,-0.24412,-1.03751,0.03196,0.17983,0.99698,0,0,55071
273.580000,427.098670,-2.80738,0.24412,-0.48824,0.03514,0.18007,0.99454,0,0,55072
273.585000,427.098670,-3.11253,0.54927,0.24412,0.03611,0.17861,0.99576,0,0,55073
273.590000,427.113567,-2.62429,0.54927,1.34266,0.03318,0.17641,0.99747,0,0,55074
273.595000,427.113567,-2.25811,0.67133,1.70884,0.03026,0.17153,0.99650,0,0,55075
273.600000,427.113567,-2.07502,0.61030,1.40369,0.03245,0.16714,0.99601,0,0,55076
273.605000,427.128458,-1.22060,0.30515,0.97648,0.03416,0.16446,0.99454,0,0,55077
273.610000,427.128458,-0.48824,0.18309,0.54927,0.03416,0.16519,0.99259,0,0,55078
273.615000,427.128458,0.18309,0.12206,0.30515,0.03489,0.16470,0.98966,0,0,55079
273.620000,427.143726,0.61030,0.42721,-0.06103,0.03538,0.16446,0.98942,0,0,55080
273.625000,427.143726,0.54927,0.61030,-0.48824,0.03587,0.16568,0.99015,0,0,55081
273.630000,427.143726,0.61030,0.42721,-0.85442,0.03514,0.16982,0.98918,0,0,55082
273.635000,427.158926,0.54927,0.48824,-0.91545,0.03440,0.17178,0.98674,0,0,55083
273.640000,427.158926,0.67133,0.67133,-0.73236,0.03611,0.17226,0.98771,0,0,55084
273.645000,427.158926,0.85442,0.67133,-0.67133,0.03660,0.17080,0.99210,0,0,55085
273.650000,427.173600,0.67133,0.48824,-0.73236,0.03270,0.17251,0.99332,0,0,55086
273.655000,427.173600,0.61030,0.06103,-0.73236,0.03050,0.17544,0.99162,0,0,55087
273.660000,427.173600,0.85442,-0.48824,-0.36618,0.03367,0.17739,0.98918,0,0,55088
273.665000,427.188758,0.85442,-0.48824,0.18309,0.03660,0.17544,0.99040,0,0,55089
273.670000,427.188758,0.73236,-0.61030,0.61030,0.03904,0.17446,0.99015,0,0,55090
273.675000,427.188758,0.24412,-0.67133,0.67133,0.04124,0.17666,0.98942,0,0,55091
273.680000,427.203893,-1.09854,-0.42721,0.73236,0.03684,0.18324,0.98796,0,0,55092
273.685000,427.203893,-2.38017,0.00000,0.67133,0.03050,0.19178,0.98625,0,0,55093
273.690000,427.203893,-2.92944,0.36618,0.67133,0.03148,0.19666,0.98552,0,0,55094
273.695000,427.218594,-2.56326,0.48824,1.03751,0.03270,0.19813,0.98552,0,0,55095
273.700000,427.218594,-1.52575,0.36618,1.58678,0.03221,0.19618,0.98381,0,0,55096
273.705000,427.218594,-0.06103,0.06103,2.07502,0.03245,0.19154,0.98454,0,0,55097
273.710000,427.233846,0.54927,0.00000,2.13605,0.03343,0.18593,0.98283,0,0,55098
273.715000,427.233846,-0.12206,0.24412,1.89193,0.02879,0.17983,0.97966,0,0,55099
273.720000,427.233846,-1.09854,0.91545,1.40369,0.03050,0.17422,0.97576,0,0,55100
273.725000,427.247259,-2.38017,1.58678,1.09854,0.03562,0.16641,0.97624,0,0,55101
273.730000,427.247259,-4.21107,2.50223,0.79339,0.03538,0.16299,0.98015,0,0,55102
273.735000,427.247259,-6.04197,3.35665,0.06103,0.02635,0.16226,0.98674,0,0,55103
273.740000,427.262321,-5.79785,3.29562,-0.36618,0.02757,0.16299,0.99064,0,0,55104
273.745000,427.262321,-4.21107,2.62429,-0.30515,0.03196,0.16519,0.99625,0,0,55105
273.750000,427.262321,-1.70884,1.76987,0.18309,0.03416,0.16397,1.00162,0,0,55106
273.755000,427.277587,1.22060,0.85442,0.79339,0.03318,0.16275,1.00406,0,0,55107
273.760000,427.277587,3.66180,-0.18309,1.09854,0.02489,0.16714,1.00528,0,0,55108
273.765000,427.277587,4.45519,-0.85442,0.73236,0.02025,0.16934,1.00357,0,0,55109
273.770000,427.292293,4.27210,-1.46472,0.06103,0.02684,0.17178,0.99479,0,0,55110
273.775000,427.292293,2.86841,-1.40369,-0.42721,0.03343,0.17446,0.99088,0,0,55111
273.780000,427.292293,1.09854,-0.91545,-0.73236,0.03782,0.17812,0.98698,0,0,55112
273.785000,427.307412,-0.73236,-0.36618,-0.85442,0.03538,0.18300,0.98283,0,0,55113
273.790000,427.307412,-2.56326,0.54927,-1.03751,0.03074,0.19032,0.98356,0,0,55114
273.795000,427.307412,-2.62429,0.85442,-1.22060,0.03343,0.19642,0.98503,0,0,55115
273.800000,427.322660,-2.01399,0.79339,-1.03751,0.03660,0.20228,0.98527,0,0,55116
273.805000,427.322660,-1.15957,0.18309,-0.67133,0.03611,0.20789,0.98356,0,0,55117
273.810000,427.322660,0.48824,-0.24412,-0.06103,0.03489,0.21423,0.97844,0,0,55118
273.815000,427.337343,1.34266,-0.73236,0.48824,0.03709,0.21911,0.97454,0,0,55119
273.820000,427.337343,1.58678,-0.97648,1.03751,0.03782,0.22521,0.96868,0,0,55120
273.825000,427.337343,1.46472,-0.73236,1.46472,0.03782,0.22619,0.96478,0,0,55121
273.830000,427.352344,0.73236,-0.06103,1.95296,0.04050,0.22668,0.96502,0,0,55122
273.835000,427.352344,-0.61030,0.85442,2.31914,0.04514,0.22814,0.96722,0,0,55123
273.840000,427.352344,-2.19708,1.34266,2.44120,0.04490,0.23034,0.96722,0,0,55124
273.845000,427.368573,-3.78386,1.76987,2.68532,0.04099,0.23424,0.96258,0,0,55125
273.850000,427.368573,-5.18755,2.50223,3.05150,0.04002,0.23522,0.96014,0,0,55126
273.855000,427.368573,-6.34712,3.11253,3.17356,0.04172,0.23326,0.96063,0,0,55127
273.860000,427.383750,-6.95742,3.29562,2.80738,0.04612,0.23351,0.95819,0,0,55128
273.865000,427.383750,-7.07948,3.11253,2.07502,0.05197,0.23692,0.95160,0,0,55129
273.870000,427.383750,-7.01845,3.17356,1.70884,0.05661,0.24449,0.94330,0,0,55130
273.875000,427.397321,-7.20154,3.23459,1.58678,0.06002,0.25791,0.93354,0,0,55131
273.880000,427.397321,-7.68978,3.29562,1.70884,0.06564,0.27450,0.92086,0,0,55132
273.885000,427.397321,-8.36111,3.41768,2.01399,0.07247,0.29158,0.90670,0,0,55133
273.890000,427.412692,-8.84935,3.72283,2.74635,0.07710,0.30744,0.89597,0,0,55134
273.895000,427.412692,-9.33759,4.45519,3.72283,0.08125,0.31866,0.88670,0,0,55135
273.900000,427.412692,-9.76480,5.43167,5.18755,0.08345,0.32647,0.87889,0,0,55136
273.905000,427.427353,-10.31407,6.71330,6.65227,0.08442,0.33184,0.87645,0,0,55137
273.910000,427.427353,-10.80231,8.23905,8.48317,0.08491,0.33477,0.88035,0,0,55138
273.915000,427.427353,-10.86334,9.03244,9.88686,0.08516,0.33355,0.88572,0,0,55139
273.920000,427.442488,-10.92437,9.39862,10.86334,0.08540,0.33184,0.89060,0,0,55140
273.925000,427.442488,-11.04643,9.88686,11.59570,0.08442,0.33208,0.89304,0,0,55141
273.930000,427.442488,-11.96188,10.43613,11.90085,0.08223,0.33404,0.89450,0,0,55142
273.935000,427.457334,-12.93836,10.74128,11.90085,0.08150,0.33623,0.89158,0,0,55143
273.940000,427.457334,-13.97587,10.86334,11.65673,0.08516,0.33599,0.88450,0,0,55144
273.945000,427.457334,-14.95235,10.74128,11.47364,0.09443,0.33501,0.87718,0,0,55145
273.950000,427.472351,-15.37956,10.55819,11.47364,0.10248,0.33184,0.86693,0,0,55146
273.955000,427.472351,-14.95235,10.49716,11.65673,0.10443,0.33013,0.85546,0,0,55147
273.960000,427.472351,-13.24351,10.13098,11.96188,0.10028,0.33135,0.84619,0,0,55148
273.965000,427.487665,-10.98540,9.39862,12.14497,0.09516,0.33526,0.83155,0,0,55149
273.970000,427.487665,-8.23905,8.23905,12.45012,0.09174,0.34282,0.80935,0,0,55150
273.975000,427.487665,-5.00446,7.38463,12.99939,0.09004,0.35160,0.78641,0,0,55151
273.980000,427.502474,-1.58678,7.14051,14.03690,0.09004,0.35917,0.76299,0,0,55152
273.985000,427.502474,2.92944,7.56772,15.86780,0.08784,0.36795,0.73956,0,0,55153
273.990000,427.502474,6.40815,8.60523,17.75973,0.08467,0.37405,0.72053,0,0,55154
273.995000,427.517674,8.97141,10.25304,19.52960,0.08564,0.37698,0.70833,0,0,55155
274.000000,427.517674,10.49716,12.14497,21.66565,0.08857,0.37844,0.70126,0,0,55156
274.005000,427.517674,11.53467,14.09793,24.10685,0.08638,0.37918,0.70028,0,0,55157
274.010000,427.532605,12.99939,16.53913,27.46350,0.07979,0.37576,0.70443,0,0,55158
274.015000,427.532605,14.83029,18.43106,30.75912,0.07174,0.36698,0.71712,0,0,55159
274.020000,427.532605,17.02737,20.07887,34.11577,0.05978,0.35282,0.73371,0,0,55160
274.025000,427.547361,19.28548,21.05535,37.10624,0.04758,0.33404,0.74762,0,0,55161
274.030000,427.547361,21.60462,21.60462,39.85259,0.03587,0.31183,0.75786,0,0,55162
274.035000,427.547361,24.35097,22.45904,42.59894,0.02416,0.28963,0.76787,0,0,55163
274.040000,427.562716,25.63260,23.49655,43.75851,0.01122,0.27133,0.77690,0,0,55164
274.045000,427.562716,25.81569,25.14436,44.12469,-0.00366,0.25498,0.79056,0,0,55165
274.050000,427.562716,25.26642,27.15835,43.88057,-0.01293,0.24058,0.80935,0,0,55166
274.055000,427.577384,24.10685,29.11131,43.69748,-0.01708,0.22936,0.83497,0,0,55167
274.060000,427.577384,21.54359,31.49148,43.63645,-0.02733,0.21960,0.86864,0,0,55168
274.065000,427.577384,19.22445,32.59002,43.33130,-0.04050,0.20862,0.90012,0,0,55169
274.070000,427.592667,16.84428,33.26135,42.90409,-0.05075,0.19715,0.92915,0,0,55170
274.075000,427.592667,14.34205,33.62753,42.53791,-0.05905,0.18300,0.95697,0,0,55171
274.080000,427.592667,11.90085,33.99371,42.23276,-0.06686,0.16763,0.98356,0,0,55172
274.085000,427.607378,9.70377,34.48195,41.62246,-0.07515,0.15299,1.00772,0,0,55173
274.090000,427.607378,7.44566,34.35989,40.52392,-0.08784,0.13859,1.03114,0,0,55174
274.095000,427.607378,6.46918,33.56650,39.91362,-0.10199,0.12664,1.04993,0,0,55175
274.100000,427.622401,6.22506,32.28487,39.18126,-0.11346,0.11907,1.06506,0,0,55176
274.105000,427.622401,7.20154,30.39294,38.38787,-0.12249,0.11224,1.07994,0,0,55177
274.110000,427.622401,8.60523,28.68410,37.83860,-0.12834,0.10565,1.09336,0,0,55178
274.115000,427.637328,10.13098,26.79217,37.28933,-0.13200,0.09931,1.10093,0,0,55179
274.120000,427.637328,11.59570,25.38848,36.92315,-0.13566,0.09345,1.10874,0,0,55180
274.125000,427.637328,12.69424,24.53406,36.61800,-0.14103,0.08760,1.11679,0,0,55181
274.130000,427.652373,12.99939,23.80170,36.19079,-0.14616,0.07979,1.12655,0,0,55182
274.135000,427.652373,12.08394,23.61861,35.27534,-0.15006,0.06710,1.14143,0,0,55183
274.140000,427.652373,10.61922,23.43552,34.23783,-0.15201,0.05295,1.15461,0,0,55184
274.145000,427.667657,8.72729,23.25243,33.01723,-0.15299,0.03758,1.16852,0,0,55185
274.150000,427.667657,6.77433,22.94728,31.73560,-0.15518,0.01928,1.18535,0,0,55186
274.155000,427.667657,5.06549,22.15389,29.90470,-0.15860,0.00146,1.19877,0,0,55187
274.160000,427.682248,4.45519,21.48256,28.74513,-0.16055,-0.01342,1.20878,0,0,55188
274.165000,427.682248,3.78386,20.26196,26.73114,-0.16299,-0.02489,1.21805,0,0,55189
274.170000,427.682248,3.60077,19.22445,24.96127,-0.16397,-0.03221,1.22659,0,0,55190
274.175000,427.697349,3.53974,18.30900,23.00831,-0.16519,-0.03074,1.23147,0,0,55191
274.180000,427.697349,3.23459,17.63767,21.05535,-0.16836,-0.02342,1.23269,0,0,55192
274.185000,427.697349,2.44120,16.60016,18.91930,-0.16885,-0.01903,1.23196,0,0,55193
274.190000,427.712671,1.34266,15.92883,17.57664,-0.16763,-0.01806,1.23464,0,0,55194
274.195000,427.712671,0.36618,15.56265,16.05089,-0.16763,-0.01732,1.23928,0,0,55195
274.200000,427.712671,-0.48824,14.40308,14.52514,-0.16763,-0.01635,1.24147,0,0,55196
274.205000,427.727277,-2.01399,12.75527,12.32806,-0.16470,-0.01610,1.24074,0,0,55197
274.210000,427.727277,-3.11253,11.53467,10.19201,-0.15884,-0.01464,1.23830,0,0,55198
274.215000,427.727277,-3.90592,10.43613,8.11699,-0.15470,-0.00878,1.23366,0,0,55199
274.220000,427.742393,-4.08901,8.97141,6.10300,-0.15104,-0.00171,1.22805,0,0,55200
274.225000,427.742393,-3.84489,7.38463,4.51622,-0.14518,0.00659,1.21878,0,0,55201
274.230000,427.742393,-3.17356,5.67579,2.74635,-0.13957,0.01952,1.20243,0,0,55202
274.235000,427.757640,-2.80738,4.76034,1.83090,-0.13493,0.03831,1.18462,0,0,55203
274.240000,427.757640,-2.62429,4.51622,1.46472,-0.13103,0.05807,1.16827,0,0,55204
274.245000,427.757640,-2.50223,4.45519,1.46472,-0.12712,0.07418,1.15802,0,0,55205
274.250000,427.772713,-2.38017,4.21107,1.64781,-0.12493,0.08394,1.15144,0,0,55206
274.255000,427.772713,-2.13605,3.78386,1.95296,-0.12054,0.08955,1.14729,0,0,55207
274.260000,427.772713,-1.89193,3.11253,2.19708,-0.11614,0.09199,1.14485,0,0,55208
274.265000,427.787368,-2.01399,2.50223,2.07502,-0.11346,0.09248,1.14387,0,0,55209
274.270000,427.787368,-2.68532,1.89193,1.52575,-0.10956,0.09492,1.13899,0,0,55210
274.275000,427.787368,-3.90592,1.09854,0.91545,-0.10565,0.10004,1.13167,0,0,55211
274.280000,427.802488,-5.55373,0.42721,0.12206,-0.10370,0.10614,1.12191,0,0,55212
274.285000,427.802488,-7.32360,-0.36618,-0.73236,-0.10370,0.11151,1.10776,0,0,55213
274.290000,427.802488,-8.23905,-0.73236,-1.22060,-0.09980,0.11834,1.09190,0,0,55214
274.295000,427.817361,-8.54420,-0.79339,-1.34266,-0.09540,0.12395,1.07702,0,0,55215
274.300000,427.817361,-8.23905,-1.28163,-1.40369,-0.09199,0.12810,1.06140,0,0,55216
274.305000,427.817361,-7.20154,-2.01399,-1.52575,-0.08833,0.13078,1.04749,0,0,55217
274.310000,427.832658,-5.55373,-2.62429,-1.34266,-0.08564,0.13103,1.03602,0,0,55218
274.315000,427.832658,-4.02798,-2.80738,-1.15957,-0.08101,0.12908,1.02504,0,0,55219
274.320000,427.832658,-2.56326,-2.74635,-0.97648,-0.07637,0.12493,1.01821,0,0,55220
274.325000,427.848588,-1.52575,-2.80738,-0.91545,-0.07540,0.12078,1.01333,0,0,55221
274.330000,427.848588,-0.61030,-2.99047,-1.15957,-0.07466,0.11810,1.00894,0,0,55222
274.335000,427.848588,-0.12206,-2.99047,-1.34266,-0.07637,0.12054,1.00650,0,0,55223
274.340000,427.863685,0.06103,-2.80738,-1.15957,-0.07832,0.12200,1.00650,0,0,55224
274.345000,427.863685,-0.30515,-2.68532,-1.03751,-0.08223,0.12102,1.00699,0,0,55225
274.350000,427.863685,-0.85442,-2.68532,-1.40369,-0.08125,0.11858,1.00479,0,0,55226
274.355000,427.877643,-1.40369,-2.56326,-2.07502,-0.08028,0.11834,1.00162,0,0,55227
274.360000,427.877643,-2.56326,-2.13605,-2.44120,-0.07662,0.11761,1.00089,0,0,55228
274.365000,427.877643,-3.90592,-1.64781,-2.74635,-0.07564,0.12102,1.00186,0,0,55229
274.370000,427.892271,-4.69931,-1.46472,-3.29562,-0.07588,0.12737,1.00333,0,0,55230
274.375000,427.892271,-5.30961,-1.34266,-4.08901,-0.07393,0.13347,1.00455,0,0,55231
274.380000,427.892271,-5.85888,-1.09854,-4.51622,-0.07710,0.14420,1.00845,0,0,55232
274.385000,427.907330,-5.73682,-1.15957,-4.39416,-0.07784,0.15348,1.01016,0,0,55233
274.390000,427.907330,-5.12652,-1.70884,-4.57725,-0.07710,0.16275,1.00894,0,0,55234
274.395000,427.907330,-5.00446,-2.25811,-4.69931,-0.07857,0.17129,1.00504,0,0,55235
274.400000,427.922461,-5.24858,-2.74635,-4.76034,-0.08150,0.17495,0.99918,0,0,55236
274.405000,427.922461,-4.94343,-2.92944,-4.39416,-0.07857,0.17226,0.98918,0,0,55237
274.410000,427.922461,-4.51622,-2.99047,-3.72283,-0.07588,0.16982,0.98112,0,0,55238
274.415000,427.937356,-4.39416,-2.99047,-3.17356,-0.07588,0.16714,0.97454,0,0,55239
274.420000,427.937356,-4.27210,-3.05150,-2.80738,-0.07491,0.16348,0.96673,0,0,55240
274.425000,427.937356,-4.63828,-2.99047,-2.62429,-0.07027,0.15982,0.96112,0,0,55241
274.430000,427.953871,-5.37064,-2.56326,-2.56326,-0.06637,0.15640,0.95697,0,0,55242
274.435000,427.953871,-6.95742,-1.95296,-2.99047,-0.06808,0.15518,0.95233,0,0,55243
274.440000,427.953871,-7.56772,-1.64781,-3.41768,-0.06637,0.15177,0.94892,0,0,55244
274.445000,427.967275,-7.14051,-1.52575,-3.96695,-0.06222,0.14982,0.94794,0,0,55245
274.450000,427.967275,-6.04197,-1.70884,-4.33313,-0.05929,0.15055,0.95014,0,0,55246
274.455000,427.967275,-3.78386,-2.44120,-4.51622,-0.05758,0.15372,0.95014,0,0,55247
274.460000,427.982290,-2.01399,-2.92944,-4.63828,-0.05929,0.16226,0.94818,0,0,55248
274.465000,427.982290,-0.61030,-3.05150,-4.69931,-0.06124,0.16958,0.94599,0,0,55249
274.470000,427.982290,0.18309,-2.86841,-4.45519,-0.06027,0.17397,0.94721,0,0,55250
274.475000,427.997557,0.42721,-2.68532,-4.21107,-0.05832,0.17544,0.94818,0,0,55251
274.480000,427.997557,0.42721,-2.38017,-3.96695,-0.05734,0.17690,0.94892,0,0,55252
274.485000,427.997557,0.36618,-1.52575,-3.84489,-0.05685,0.17739,0.95087,0,0,55253
274.490000,428.012506,0.30515,-1.03751,-3.53974,-0.05734,0.17763,0.95453,0,0,55254
274.495000,428.012506,0.00000,-0.85442,-3.11253,-0.05612,0.17568,0.95721,0,0,55255
274.500000,428.012506,0.12206,-0.91545,-2.56326,-0.05514,0.17397,0.95965,0,0,55256
274.505000,428.027388,0.73236,-1.09854,-2.68532,-0.05490,0.17300,0.96087,0,0,55257
274.510000,428.027388,1.09854,-1.22060,-2.99047,-0.05514,0.17397,0.95868,0,0,55258
274.515000,428.027388,1.03751,-1.22060,-3.17356,-0.05612,0.17690,0.95624,0,0,55259
274.520000,428.042251,0.73236,-1.15957,-3.47871,-0.05368,0.18105,0.95209,0,0,55260
274.525000,428.042251,0.30515,-0.85442,-3.78386,-0.05002,0.18520,0.94672,0,0,55261
274.530000,428.042251,-0.54927,0.00000,-3.90592,-0.04514,0.19081,0.94257,0,0,55262
274.535000,428.057324,-1.15957,0.85442,-3.53974,-0.04465,0.19935,0.93867,0,0,55263
274.540000,428.057324,-1.70884,1.76987,-2.56326,-0.04538,0.20862,0.94135,0,0,55264
274.545000,428.057324,-1.95296,2.56326,-1.34266,-0.04685,0.21228,0.94965,0,0,55265
274.550000,428.072659,-1.64781,3.11253,-0.30515,-0.04929,0.20935,0.96160,0,0,55266
274.555000,428.072659,-0.91545,3.23459,0.61030,-0.05148,0.20301,0.97332,0,0,55267
274.560000,428.072659,0.48824,2.74635,1.52575,-0.05246,0.19300,0.98332,0,0,55268
274.565000,428.087304,1.52575,2.07502,2.01399,-0.04929,0.18154,0.99088,0,0,55269
274.570000,428.087304,2.19708,1.40369,2.19708,-0.04831,0.17080,0.99723,0,0,55270
274.575000,428.087304,2.25811,1.15957,1.83090,-0.05319,0.16519,1.00138,0,0,55271
274.580000,428.102576,1.76987,0.91545,0.91545,-0.05954,0.15982,1.00382,0,0,55272
274.585000,428.102576,0.85442,0.67133,-0.79339,-0.06198,0.15884,1.00601,0,0,55273
274.590000,428.102576,0.24412,0.48824,-2.13605,-0.06246,0.16031,1.00845,0,0,55274
274.595000,428.117526,0.06103,-0.18309,-3.11253,-0.06246,0.16397,1.01089,0,0,55275
274.600000,428.117526,0.18309,-0.42721,-3.78386,-0.06466,0.16982,1.01114,0,0,55276
274.605000,428.117526,0.48824,-0.85442,-3.78386,-0.06686,0.17788,1.00967,0,0,55277
274.610000,428.132701,1.40369,-1.28163,-3.60077,-0.06564,0.18471,1.00552,0,0,55278
274.615000,428.132701,2.19708,-1.34266,-3.05150,-0.06344,0.19203,1.00260,0,0,55279
274.620000,428.132701,2.56326,-1.09854,-2.68532,-0.05954,0.19740,1.00211,0,0,55280
274.625000,428.147728,2.07502,-0.54927,-2.31914,-0.05758,0.19959,1.00040,0,0,55281
274.630000,428.147728,0.79339,-0.06103,-2.01399,-0.05661,0.20203,0.99894,0,0,55282
274.635000,428.147728,-1.52575,0.85442,-1.40369,-0.05783,0.20179,0.99942,0,0,55283
274.640000,428.162354,-3.11253,1.22060,-0.85442,-0.05685,0.19618,1.00016,0,0,55284
274.645000,428.162354,-4.15004,1.46472,-0.61030,-0.05466,0.19349,0.99796,0,0,55285
274.650000,428.162354,-4.88240,1.83090,-0.36618,-0.05392,0.19862,0.99210,0,0,55286
274.655000,428.177644,-5.00446,2.31914,0.18309,-0.05612,0.19984,0.98478,0,0,55287
274.660000,428.177644,-4.08901,3.05150,1.46472,-0.05588,0.19496,0.98186,0,0,55288
274.665000,428.177644,-2.38017,3.05150,2.80738,-0.05392,0.18495,0.98210,0,0,55289
274.670000,428.192522,-0.12206,2.68532,3.72283,-0.05514,0.17495,0.98283,0,0,55290
274.675000,428.192522,1.95296,2.19708,4.15004,-0.05905,0.16738,0.98503,0,0,55291
274.680000,428.192522,3.60077,1.70884,4.08901,-0.06198,0.16104,0.98600,0,0,55292
274.685000,428.207374,4.63828,1.52575,3.78386,-0.06246,0.15616,0.98674,0,0,55293
274.690000,428.207374,4.69931,1.70884,3.05150,-0.06320,0.15567,0.98844,0,0,55294
274.695000,428.207374,3.47871,1.58678,2.38017,-0.06710,0.15762,0.98942,0,0,55295
274.700000,428.222265,1.89193,1.83090,1.64781,-0.06808,0.15909,0.99162,0,0,55296
274.705000,428.222265,0.18309,2.44120,0.79339,-0.06661,0.15933,0.99723,0,0,55297
274.710000,428.222265,-0.73236,2.68532,0.24412,-0.06539,0.15836,1.00333,0,0,55298
274.715000,428.237381,-1.15957,2.25811,-0.12206,-0.06661,0.16006,1.00650,0,0,55299
274.720000,428.237381,-1.15957,1.46472,-0.48824,-0.06490,0.16250,1.00528,0,0,55300
274.725000,428.237381,-0.85442,0.85442,-0.73236,-0.06295,0.16470,1.00211,0,0,55301
274.730000,428.252641,-0.48824,0.36618,-0.85442,-0.06344,0.16690,0.99942,0,0,55302
274.735000,428.252641,-0.24412,-0.24412,-0.97648,-0.06124,0.16982,0.99308,0,0,55303
274.740000,428.252641,0.06103,-0.36618,-1.15957,-0.05832,0.17251,0.98844,0,0,55304
274.745000,428.267638,0.12206,-0.30515,-1.28163,-0.05685,0.17714,0.98844,0,0,55305
274.750000,428.267638,-0.24412,0.00000,-1.28163,-0.05758,0.18422,0.99186,0,0,55306
274.755000,428.267638,-0.73236,0.24412,-1.28163,-0.06149,0.19276,0.99381,0,0,55307
274.760000,428.282479,-1.09854,0.36618,-1.34266,-0.06466,0.20179,0.99284,0,0,55308
274.765000,428.282479,-1.34266,0.36618,-1.46472,-0.06564,0.20838,0.99528,0,0,55309
274.770000,428.282479,-1.28163,0.30515,-1.34266,-0.06686,0.21326,0.99845,0,0,55310
274.775000,428.297458,-0.85442,0.06103,-0.91545,-0.06783,0.21618,0.99747,0,0,55311
274.780000,428.297458,-0.30515,-0.30515,-0.36618,-0.06930,0.21399,0.99650,0,0,55312
274.785000,428.297458,0.42721,-0.61030,0.42721,-0.07149,0.20862,0.99503,0,0,55313
274.790000,428.312345,1.28163,-0.73236,0.91545,-0.07125,0.20081,0.98918,0,0,55314
274.795000,428.312345,2.01399,-0.54927,1.76987,-0.07027,0.19447,0.98600,0,0,55315
274.800000,428.312345,2.38017,-0.24412,2.74635,-0.07174,0.18739,0.98649,0,0,55316
274.805000,428.327408,2.62429,-0.30515,2.92944,-0.07174,0.17861,0.98430,0,0,55317
274.810000,428.327408,2.38017,-0.36618,2.56326,-0.06881,0.17202,0.98308,0,0,55318
274.815000,428.327408,2.13605,-0.18309,2.38017,-0.06759,0.16812,0.98356,0,0,55319
274.820000,428.342353,1.70884,-0.06103,2.25811,-0.06734,0.16421,0.98722,0,0,55320
274.825000,428.342353,1.52575,-0.12206,1.83090,-0.07027,0.16055,0.98991,0,0,55321
274.830000,428.342353,1.58678,-0.18309,1.22060,-0.07222,0.15884,0.99088,0,0,55322
274.835000,428.357217,2.07502,-0.30515,0.61030,-0.07881,0.15933,0.99332,0,0,55323
274.840000,428.357217,2.50223,-0.54927,-0.06103,-0.07979,0.15592,0.99650,0,0,55324
274.845000,428.357217,2.31914,-0.79339,-0.67133,-0.07174,0.15128,0.99552,0,0,55325
274.850000,428.372221,1.70884,-1.15957,-1.34266,-0.07100,0.14957,0.99381,0,0,55326
274.855000,428.372221,1.15957,-1.34266,-2.13605,-0.07466,0.15226,0.99259,0,0,55327
274.860000,428.372221,0.61030,-1.15957,-2.92944,-0.07418,0.15787,0.99040,0,0,55328
274.865000,428.387234,-0.06103,-0.97648,-3.53974,-0.06295,0.16250,0.99015,0,0,55329
274.870000,428.387234,-0.91545,-0.85442,-4.08901,-0.05734,0.17007,0.98869,0,0,55330
274.875000,428.387234,-1.64781,-0.73236,-4.27210,-0.06490,0.18446,0.98552,0,0,55331
274.880000,428.402247,-2.01399,-0.42721,-3.96695,-0.06881,0.19642,0.98088,0,0,55332
274.885000,428.402247,-1.58678,-0.24412,-3.60077,-0.06490,0.20569,0.97698,0,0,55333
274.890000,428.402247,-1.46472,0.06103,-3.29562,-0.06076,0.21301,0.97478,0,0,55334
274.895000,428.417179,-1.76987,0.12206,-2.31914,-0.06149,0.22058,0.97039,0,0,55335
274.900000,428.417179,-1.95296,0.24412,-0.79339,-0.06002,0.22497,0.96380,0,0,55336
274.905000,428.417179,-1.83090,0.73236,0.85442,-0.05539,0.22082,0.96087,0,0,55337
274.910000,428.432220,-1.03751,1.28163,2.07502,-0.05539,0.21326,0.95843,0,0,55338
274.915000,428.432220,-0.18309,1.52575,2.74635,-0.05905,0.20374,0.96014,0,0,55339
274.920000,428.432220,0.97648,1.64781,3.29562,-0.06100,0.19471,0.96478,0,0,55340
274.925000,428.447228,2.07502,1.58678,3.53974,-0.06002,0.18666,0.97161,0,0,55341
274.930000,428.447228,3.11253,1.46472,3.78386,-0.05880,0.17544,0.97844,0,0,55342
274.935000,428.447228,3.41768,1.40369,3.84489,-0.06222,0.16836,0.98308,0,0,55343
274.940000,428.462209,3.23459,1.28163,3.53974,-0.06710,0.16446,0.98747,0,0,55344
274.945000,428.462209,2.56326,1.15957,2.80738,-0.06686,0.16421,0.98918,0,0,55345
274.950000,428.462209,1.76987,1.15957,1.95296,-0.06661,0.16494,0.98966,0,0,55346
274.955000,428.477155,0.91545,1.22060,1.34266,-0.06637,0.16690,0.98991,0,0,55347
274.960000,428.477155,0.12206,1.34266,0.97648,-0.06734,0.16836,0.99186,0,0,55348
274.965000,428.477155,-0.36618,1.40369,0.91545,-0.06905,0.16812,0.99674,0,0,55349
274.970000,428.492063,-0.73236,1.34266,0.97648,-0.07198,0.16641,1.00138,0,0,55350
274.975000,428.492063,-0.91545,1.09854,0.85442,-0.07588,0.16348,1.00528,0,0,55351
274.980000,428.492063,-0.67133,0.61030,0.48824,-0.07881,0.15738,1.00748,0,0,55352
274.985000,428.507065,-0.24412,0.00000,-0.06103,-0.07588,0.15201,1.00504,0,0,55353
274.990000,428.507065,0.48824,-0.54927,-0.54927,-0.07027,0.15055,1.00113,0,0,55354
274.995000,428.507065,1.64781,-1.28163,-0.79339,-0.06856,0.15518,0.99650,0,0,55355
275.000000,428.522061,2.99047,-1.76987,-0.91545,-0.07076,0.16275,0.99113,0,0,55356
275.005000,428.522061,4.39416,-1.95296,-1.09854,-0.06978,0.16616,0.98649,0,0,55357
275.010000,428.522061,5.06549,-2.07502,-1.46472,-0.06417,0.16836,0.98259,0,0,55358
275.015000,428.537061,5.37064,-2.13605,-1.89193,-0.06100,0.17178,0.97966,0,0,55359
275.020000,428.537061,5.18755,-2.13605,-2.13605,-0.06027,0.17836,0.97624,0,0,55360
275.025000,428.537061,4.21107,-1.40369,-2.38017,-0.06295,0.18349,0.97673,0,0,55361
275.030000,428.552028,3.47871,-0.79339,-2.38017,-0.06246,0.18764,0.97722,0,0,55362
275.035000,428.552028,2.13605,-0.18309,-2.31914,-0.05978,0.19203,0.97722,0,0,55363
275.040000,428.552028,1.03751,0.18309,-2.13605,-0.05783,0.19666,0.97527,0,0,55364
275.045000,428.567085,-0.06103,0.67133,-1.70884,-0.05832,0.20081,0.97624,0,0,55365
275.050000,428.567085,-1.03751,1.22060,-1.22060,-0.05856,0.20398,0.98015,0,0,55366
275.055000,428.567085,-1.64781,1.58678,-0.97648,-0.05954,0.20618,0.98552,0,0,55367
275.060000,428.582074,-1.76987,1.46472,-0.61030,-0.05783,0.20740,0.98698,0,0,55368
275.065000,428.582074,-1.76987,1.28163,-0.24412,-0.05661,0.20911,0.98771,0,0,55369
275.070000,428.582074,-1.22060,0.97648,0.30515,-0.05905,0.21374,0.98796,0,0,55370
275.075000,428.597070,-0.30515,0.61030,0.79339,-0.06417,0.21789,0.98747,0,0,55371
275.080000,428.597070,1.15957,0.36618,1.40369,-0.06661,0.21814,0.98430,0,0,55372
275.085000,428.597070,2.07502,0.36618,2.01399,-0.06637,0.21399,0.98430,0,0,55373
275.090000,428.612065,2.50223,0.42721,2.50223,-0.06832,0.20960,0.98722,0,0,55374
275.095000,428.612065,2.86841,0.30515,2.50223,-0.06832,0.20081,0.98796,0,0,55375
275.100000,428.612065,2.56326,0.73236,2.31914,-0.06344,0.19276,0.98893,0,0,55376
275.105000,428.627082,2.19708,1.15957,2.13605,-0.06076,0.18788,0.99308,0,0,55377
275.110000,428.627082,1.64781,1.34266,1.89193,-0.06124,0.18300,0.99869,0,0,55378
275.115000,428.627082,0.97648,1.22060,1.46472,-0.06100,0.17788,1.00284,0,0,55379
275.120000,428.642066,0.54927,1.09854,0.97648,-0.06124,0.17617,1.00577,0,0,55380
275.125000,428.642066,0.48824,0.79339,0.36618,-0.06173,0.17690,1.00748,0,0,55381
275.130000,428.642066,0.61030,0.36618,0.06103,-0.06393,0.17788,1.00894,0,0,55382
275.135000,428.657064,0.54927,0.12206,0.06103,-0.06246,0.17934,1.00674,0,0,55383
275.140000,428.657064,0.24412,0.06103,0.18309,-0.05905,0.18227,1.00430,0,0,55384
275.145000,428.657064,-0.42721,0.42721,0.30515,-0.05929,0.18983,1.00162,0,0,55385
275.150000,428.672091,-1.58678,0.97648,0.42721,-0.06320,0.19788,1.00186,0,0,55386
275.155000,428.672091,-3.60077,1.76987,0.67133,-0.06588,0.20228,1.00089,0,0,55387
275.160000,428.672091,-5.06549,2.19708,0.73236,-0.06661,0.20301,0.99942,0,0,55388
275.165000,428.687115,-5.67579,2.25811,0.85442,-0.06783,0.20130,1.00016,0,0,55389
275.170000,428.687115,-5.12652,2.13605,1.15957,-0.07076,0.19862,1.00211,0,0,55390
275.175000,428.687115,-3.96695,1.70884,1.46472,-0.07149,0.19349,1.00308,0,0,55391
275.180000,428.702087,-2.38017,1.09854,1.64781,-0.07100,0.18959,0.99894,0,0,55392
275.185000,428.702087,-0.30515,0.24412,1.76987,-0.07052,0.18349,0.99528,0,0,55393
275.190000,428.702087,1.28163,-0.36618,1.76987,-0.07125,0.17641,0.99235,0,0,55394
275.195000,428.717069,2.56326,-0.91545,1.89193,-0.07271,0.16958,0.98844,0,0,55395
275.200000,428.717069,2.86841,-1.28163,1.52575,-0.07027,0.16446,0.98308,0,0,55396
275.205000,428.717069,2.44120,-1.09854,0.97648,-0.06808,0.15982,0.98039,0,0,55397
275.210000,428.732029,1.95296,-0.85442,0.42721,-0.06637,0.15616,0.97990,0,0,55398
275.215000,428.732029,1.40369,-0.73236,-0.06103,-0.06466,0.15714,0.98039,0,0,55399
275.220000,428.732029,0.79339,-0.54927,-0.42721,-0.06515,0.16031,0.98064,0,0,55400
275.225000,428.747061,0.42721,-0.24412,-0.73236,-0.06320,0.16470,0.98283,0,0,55401
275.230000,428.747061,-0.06103,0.30515,-1.22060,-0.06393,0.16934,0.98991,0,0,55402
275.235000,428.747061,-0.42721,0.42721,-1.46472,-0.06490,0.17153,0.99601,0,0,55403
275.240000,428.762065,-1.15957,-0.36618,-1.34266,-0.06246,0.17544,0.99747,0,0,55404
275.245000,428.762065,-1.95296,-0.85442,-1.28163,-0.06246,0.18178,0.99454,0,0,55405
275.250000,428.762065,-2.56326,-0.91545,-1.34266,-0.06417,0.18788,0.99186,0,0,55406
275.255000,428.777059,-2.62429,-0.97648,-1.40369,-0.06466,0.19056,0.98918,0,0,55407
275.260000,428.777059,-2.25811,-1.28163,-0.91545,-0.06442,0.19374,0.98356,0,0,55408
275.265000,428.777059,-1.52575,-1.64781,-0.18309,-0.06417,0.19715,0.97820,0,0,55409
275.270000,428.792068,-0.54927,-1.64781,0.42721,-0.06271,0.19837,0.97429,0,0,55410
275.275000,428.792068,-0.24412,-1.52575,0.54927,-0.06100,0.19691,0.96966,0,0,55411
275.280000,428.792068,-0.54927,-0.97648,0.54927,-0.06124,0.19422,0.96697,0,0,55412
275.285000,428.807014,-0.36618,-0.73236,0.48824,-0.05954,0.19130,0.96234,0,0,55413
275.290000,428.807014,-0.06103,-0.42721,0.73236,-0.05783,0.18739,0.95990,0,0,55414
275.295000,428.807014,0.42721,-0.30515,1.34266,-0.06173,0.18495,0.96160,0,0,55415
275.300000,428.822380,0.97648,-0.12206,1.46472,-0.06442,0.18422,0.96380,0,0,55416
275.305000,428.822380,1.76987,-0.24412,1.03751,-0.06466,0.18324,0.96282,0,0,55417
275.310000,428.822380,1.95296,-0.24412,0.79339,-0.06564,0.18324,0.96282,0,0,55418
275.315000,428.837424,1.46472,0.00000,0.79339,-0.06539,0.18056,0.96282,0,0,55419
275.320000,428.837424,0.24412,0.61030,0.54927,-0.06832,0.17617,0.96526,0,0,55420
275.325000,428.837424,-1.34266,1.03751,-0.06103,-0.06710,0.17153,0.96404,0,0,55421
275.330000,428.852309,-2.13605,1.22060,-0.24412,-0.06149,0.16885,0.96307,0,0,55422
275.335000,428.852309,-2.38017,1.52575,0.06103,-0.05856,0.16519,0.96673,0,0,55423
275.340000,428.852309,-2.01399,1.83090,0.36618,-0.05905,0.16250,0.97039,0,0,55424
275.340000,428.867188,-1.64781,1.83090,0.54927,-0.05758,0.16104,0.97234,0,0,55425
275.345000,428.867188,-1.15957,1.83090,0.67133,-0.05856,0.16250,0.97600,0,0,55426
275.350000,428.867188,-0.48824,1.76987,0.73236,-0.06149,0.16421,0.98234,0,0,55427
275.355000,428.882622,0.61030,1.34266,0.79339,-0.06124,0.16616,0.99015,0,0,55428
275.360000,428.882622,2.01399,0.67133,0.91545,-0.06442,0.16763,0.99918,0,0,55429
275.365000,428.882622,3.29562,-0.12206,0.85442,-0.06856,0.16934,1.00406,0,0,55430
275.370000,428.897590,4.02798,-0.61030,0.73236,-0.06930,0.17007,1.00552,0,0,55431
275.375000,428.897590,4.51622,-0.97648,0.30515,-0.06612,0.17226,1.00504,0,0,55432
275.380000,428.897590,3.90592,-1.03751,-0.18309,-0.06490,0.17592,1.00528,0,0,55433
275.385000,428.912672,2.50223,-1.09854,-0.67133,-0.06637,0.18202,1.00235,0,0,55434
275.390000,428.912672,1.09854,-1.22060,-0.73236,-0.06588,0.18446,0.99918,0,0,55435
275.395000,428.912672,-0.24412,-1.03751,-0.91545,-0.06320,0.18617,0.99357,0,0,55436
275.400000,428.928598,-0.91545,-0.79339,-0.97648,-0.06100,0.18910,0.98893,0,0,55437
275.405000,428.928598,-1.89193,-0.12206,-0.79339,-0.05978,0.19398,0.98381,0,0,55438
275.410000,428.928598,-2.13605,0.48824,-0.42721,-0.05880,0.19886,0.98161,0,0,55439
275.415000,428.942675,-1.76987,0.48824,-0.18309,-0.05905,0.20325,0.97771,0,0,55440
275.420000,428.942675,-1.09854,0.42721,0.24412,-0.05685,0.20496,0.97600,0,0,55441
275.425000,428.942675,0.18309,0.91545,1.15957,-0.05758,0.20496,0.97942,0,0,55442
275.430000,428.957336,1.28163,0.97648,1.95296,-0.05978,0.20301,0.98283,0,0,55443
275.435000,428.957336,2.13605,0.73236,2.44120,-0.06173,0.19715,0.98625,0,0,55444
275.440000,428.957336,2.74635,0.54927,2.50223,-0.06320,0.19325,0.98649,0,0,55445
275.445000,428.972567,2.56326,0.61030,2.38017,-0.06539,0.18910,0.98478,0,0,55446
275.450000,428.972567,1.64781,0.67133,2.31914,-0.06466,0.18446,0.98259,0,0,55447
275.455000,428.972567,0.42721,1.09854,2.13605,-0.06612,0.18129,0.98039,0,0,55448
275.460000,428.988084,-0.24412,1.52575,1.83090,-0.06930,0.17861,0.98137,0,0,55449
275.465000,428.988084,-0.48824,1.70884,1.70884,-0.07052,0.17324,0.98430,0,0,55450
275.470000,428.988084,-0.18309,1.58678,1.52575,-0.06734,0.16763,0.98649,0,0,55451
275.475000,429.002366,0.42721,1.34266,1.40369,-0.06588,0.16519,0.98796,0,0,55452
275.480000,429.002366,1.28163,0.97648,1.22060,-0.06832,0.16324,0.99113,0,0,55453
275.485000,429.002366,2.07502,0.48824,1.03751,-0.06734,0.15982,0.99259,0,0,55454
275.490000,429.017364,2.92944,0.48824,0.73236,-0.06466,0.15787,0.99430,0,0,55455
275.495000,429.017364,3.47871,0.12206,0.30515,-0.06539,0.15762,0.99820,0,0,55456
275.500000,429.017364,3.53974,-0.30515,0.24412,-0.06564,0.15958,1.00138,0,0,55457
275.505000,429.032485,3.23459,-0.36618,0.36618,-0.06466,0.16275,1.00357,0,0,55458
275.510000,429.032485,2.86841,-0.18309,0.24412,-0.06637,0.16568,1.00650,0,0,55459
275.515000,429.032485,2.25811,0.00000,-0.18309,-0.07174,0.17080,1.00967,0,0,55460
275.520000,429.047465,1.64781,0.24412,-0.42721,-0.07491,0.17568,1.01138,0,0,55461
275.525000,429.047465,1.03751,0.00000,-0.48824,-0.07686,0.17910,1.01211,0,0,55462
275.530000,429.047465,0.79339,-0.24412,-0.36618,-0.07784,0.17983,1.01309,0,0,55463
275.535000,429.062676,1.09854,-0.36618,-0.12206,-0.07954,0.17861,1.01309,0,0,55464
275.540000,429.062676,1.52575,-0.36618,0.18309,-0.08125,0.17446,1.01626,0,0,55465
275.545000,429.062676,1.95296,-0.24412,0.54927,-0.08150,0.16836,1.02212,0,0,55466
275.550000,429.077706,2.13605,-0.36618,0.91545,-0.08174,0.16348,1.02602,0,0,55467
275.555000,429.077706,1.89193,-0.54927,1.09854,-0.08345,0.16202,1.02773,0,0,55468
275.560000,429.077706,1.09854,-0.48824,0.97648,-0.08662,0.15836,1.02944,0,0,55469
275.565000,429.092679,0.12206,-0.36618,0.79339,-0.08955,0.15592,1.03212,0,0,55470
275.570000,429.092679,-0.91545,0.00000,0.61030,-0.09077,0.15396,1.03871,0,0,55471
275.575000,429.092679,-1.83090,0.42721,0.42721,-0.09394,0.14884,1.04554,0,0,55472
275.580000,429.107297,-2.31914,0.67133,0.24412,-0.09638,0.14054,1.05262,0,0,55473
275.585000,429.107297,-1.76987,0.18309,0.12206,-0.09516,0.13176,1.06042,0,0,55474
275.590000,429.107297,-0.54927,-0.54927,-0.06103,-0.09223,0.12566,1.06701,0,0,55475
275.595000,429.122539,0.97648,-1.46472,-0.30515,-0.09248,0.12005,1.07360,0,0,55476
275.600000,429.122539,3.29562,-2.38017,-0.73236,-0.09906,0.11712,1.07799,0,0,55477
275.605000,429.122539,4.69931,-3.11253,-1.22060,-0.10175,0.11663,1.08116,0,0,55478
275.610000,429.137622,5.37064,-4.02798,-1.64781,-0.10224,0.11614,1.08385,0,0,55479
275.615000,429.137622,5.43167,-4.69931,-1.95296,-0.10102,0.11346,1.08409,0,0,55480
275.620000,429.137622,5.06549,-5.06549,-2.25811,-0.09955,0.11029,1.08482,0,0,55481
275.625000,429.152441,4.33313,-5.12652,-2.44120,-0.10004,0.10760,1.08873,0,0,55482
275.630000,429.152441,3.41768,-5.37064,-3.05150,-0.09858,0.10297,1.08995,0,0,55483
275.635000,429.152441,2.74635,-5.73682,-4.02798,-0.09199,0.09833,1.09092,0,0,55484
275.640000,429.167327,2.56326,-5.91991,-5.06549,-0.08833,0.09784,1.09458,0,0,55485
275.645000,429.167327,2.92944,-5.91991,-5.67579,-0.09028,0.10346,1.10532,0,0,55486
275.650000,429.167327,4.08901,-6.22506,-5.85888,-0.09443,0.11370,1.11947,0,0,55487
275.655000,429.182732,5.30961,-7.32360,-5.91991,-0.09760,0.12444,1.12923,0,0,55488
275.660000,429.182732,6.46918,-8.54420,-5.79785,-0.09980,0.13371,1.13582,0,0,55489
275.665000,429.182732,7.20154,-9.45965,-5.55373,-0.10028,0.14006,1.13875,0,0,55490
275.670000,429.197684,7.26257,-9.76480,-5.18755,-0.10175,0.14420,1.14046,0,0,55491
275.675000,429.197684,6.34712,-9.82583,-4.57725,-0.10736,0.14884,1.14192,0,0,55492
275.680000,429.197684,5.18755,-9.76480,-4.51622,-0.11078,0.14835,1.14412,0,0,55493
275.685000,429.212505,3.72283,-10.25304,-4.63828,-0.10858,0.13981,1.14631,0,0,55494
275.690000,429.212505,3.05150,-10.74128,-4.82137,-0.10663,0.12688,1.14631,0,0,55495
275.695000,429.212505,2.99047,-11.77879,-5.06549,-0.10663,0.11517,1.14387,0,0,55496
275.700000,429.227354,3.35665,-13.60969,-5.55373,-0.10760,0.10760,1.13606,0,0,55497
275.705000,429.227354,3.78386,-14.76926,-6.04197,-0.10907,0.10150,1.12557,0,0,55498
275.710000,429.227354,4.45519,-15.86780,-6.77433,-0.10565,0.09614,1.11313,0,0,55499
275.715000,429.242649,5.49270,-16.84428,-7.44566,-0.10004,0.09199,1.10386,0,0,55500
275.720000,429.242649,6.77433,-17.33252,-7.87287,-0.09809,0.09126,1.10117,0,0,55501
275.725000,429.242649,8.48317,-17.75973,-7.93390,-0.09980,0.09492,1.10020,0,0,55502
275.725000,429.257651,9.27656,-18.00385,-7.81184,-0.09955,0.09614,1.09995,0,0,55503
275.730000,429.257651,9.94789,-18.43106,-7.62875,-0.09833,0.09589,1.09751,0,0,55504
275.735000,429.257651,9.88686,-18.67518,-7.44566,-0.09687,0.09492,1.09410,0,0,55505
275.740000,429.272313,8.97141,-18.24797,-6.95742,-0.09272,0.09174,1.09263,0,0,55506
275.745000,429.272313,7.81184,-17.45458,-7.07948,-0.09443,0.08686,1.09776,0,0,55507
275.750000,429.272313,6.65227,-16.84428,-7.68978,-0.09858,0.08272,1.10849,0,0,55508
275.755000,429.287494,5.37064,-16.72222,-8.30008,-0.10297,0.07662,1.11654,0,0,55509
275.760000,429.287494,4.02798,-17.45458,-9.03244,-0.10321,0.06710,1.12216,0,0,55510
275.765000,429.287494,2.92944,-18.37003,-9.82583,-0.10272,0.05710,1.12557,0,0,55511
275.770000,429.302690,2.19708,-18.91930,-10.74128,-0.10541,0.05026,1.12704,0,0,55512
275.775000,429.302690,1.52575,-19.65166,-12.08394,-0.10785,0.04612,1.12338,0,0,55513
275.780000,429.302690,0.91545,-20.87226,-13.67072,-0.10492,0.04221,1.11240,0,0,55514
275.785000,429.317103,0.24412,-21.54359,-15.44059,-0.10150,0.04148,1.10020,0,0,55515
275.790000,429.317103,-0.67133,-21.48256,-17.08840,-0.10419,0.04465,1.08995,0,0,55516
275.795000,429.317103,-1.89193,-21.29947,-18.67518,-0.10956,0.05002,1.08165,0,0,55517
275.800000,429.332663,-2.44120,-21.23844,-19.83475,-0.10956,0.05636,1.07799,0,0,55518
275.805000,429.332663,-2.56326,-21.42153,-20.81123,-0.10297,0.06124,1.07580,0,0,55519
275.810000,429.332663,-2.44120,-21.90977,-21.48256,-0.09077,0.06637,1.07506,0,0,55520
275.815000,429.347702,-2.01399,-22.09286,-21.84874,-0.08564,0.07418,1.08043,0,0,55521
275.820000,429.347702,-1.46472,-21.84874,-21.72668,-0.08930,0.08369,1.09239,0,0,55522
275.825000,429.347702,-1.09854,-22.15389,-21.66565,-0.09321,0.08808,1.10312,0,0,55523
275.830000,429.362683,-1.09854,-23.19140,-21.84874,-0.09321,0.08857,1.10849,0,0,55524
275.835000,429.362683,-1.40369,-24.47303,-21.97080,-0.09077,0.08662,1.10898,0,0,55525
275.840000,429.362683,-2.07502,-25.38848,-22.21492,-0.09077,0.08418,1.10556,0,0,55526
275.845000,429.377714,-2.92944,-26.30393,-22.64213,-0.09223,0.08223,1.09873,0,0,55527
275.850000,429.377714,-4.39416,-27.15835,-23.74067,-0.09394,0.08028,1.08726,0,0,55528
275.855000,429.377714,-5.73682,-27.70762,-25.02230,-0.09272,0.07906,1.07506,0,0,55529
275.860000,429.392704,-7.26257,-28.13483,-26.18187,-0.08857,0.07784,1.06116,0,0,55530
275.865000,429.392704,-9.33759,-28.43998,-27.15835,-0.08076,0.07832,1.04603,0,0,55531
275.870000,429.392704,-12.69424,-28.50101,-28.50101,-0.07466,0.07686,1.02748,0,0,55532
275.875000,429.407403,-15.56265,-28.43998,-29.84367,-0.07052,0.07784,1.00723,0,0,55533
275.880000,429.407403,-18.12591,-28.19586,-31.24736,-0.06734,0.07832,0.98820,0,0,55534
275.885000,429.407403,-19.83475,-27.89071,-32.83414,-0.06368,0.07906,0.97185,0,0,55535
275.890000,429.437376,-20.56711,-28.19586,-34.05474,-0.05734,0.07954,0.95721,0,0,55536
275.895000,429.437376,-19.89578,-28.92822,-35.70255,-0.04782,0.07857,0.93842,0,0,55537
275.900000,429.437376,-18.91930,-29.47749,-36.98418,-0.03880,0.07881,0.92037,0,0,55538
275.905000,429.438397,-17.82076,-29.96573,-38.26581,-0.03245,0.08735,0.90329,0,0,55539
275.910000,429.438397,-17.21046,-30.27088,-39.66950,-0.02342,0.10272,0.88182,0,0,55540
275.915000,429.438397,-16.96634,-30.27088,-41.19525,-0.01098,0.12078,0.86181,0,0,55541
275.920000,429.452479,-17.27149,-29.78264,-42.17173,0.00122,0.14152,0.84302,0,0,55542
275.925000,429.452479,-17.69870,-28.92822,-42.53791,0.01122,0.16592,0.82301,0,0,55543
275.930000,429.452479,-17.39355,-28.19586,-42.11070,0.02416,0.18715,0.80886,0,0,55544
275.935000,429.467319,-16.78325,-27.64659,-41.62246,0.03367,0.20032,0.79764,0,0,55545
275.940000,429.467319,-15.37956,-26.42599,-41.19525,0.04709,0.22131,0.78397,0,0,55546
275.945000,429.467319,-14.58617,-25.26642,-41.01216,0.06442,0.24498,0.77470,0,0,55547
275.950000,429.482358,-13.97587,-23.55758,-40.40186,0.08272,0.27426,0.76738,0,0,55548
275.955000,429.482358,-14.03690,-22.03183,-39.30332,0.09394,0.30134,0.76323,0,0,55549
275.960000,429.482358,-14.15896,-20.50608,-37.83860,0.10419,0.32354,0.76348,0,0,55550
275.965000,429.497369,-14.03690,-19.52960,-36.74006,0.11322,0.33794,0.76323,0,0,55551
275.970000,429.497369,-13.85381,-18.06488,-34.97019,0.12298,0.36136,0.75786,0,0,55552
275.975000,429.497369,-13.30454,-16.60016,-33.44444,0.13127,0.38650,0.75250,0,0,55553
275.980000,429.512712,-12.32806,-14.58617,-30.88118,0.14176,0.41114,0.75201,0,0,55554
275.985000,429.512712,-11.53467,-13.06042,-29.17234,0.15006,0.43261,0.75054,0,0,55555
275.990000,429.512712,-10.86334,-11.96188,-27.34144,0.15543,0.45433,0.74859,0,0,55556
275.995000,429.527411,-9.70377,-10.37510,-24.53406,0.15909,0.47360,0.74884,0,0,55557
276.000000,429.527411,-8.48317,-8.97141,-21.84874,0.16299,0.48678,0.75176,0,0,55558
276.005000,429.527411,-6.83536,-7.87287,-18.55312,0.16714,0.49020,0.75494,0,0,55559
276.010000,429.542359,-4.76034,-6.77433,-14.64720,0.16592,0.48458,0.76323,0,0,55560
276.015000,429.542359,-2.13605,-5.43167,-10.74128,0.16128,0.46921,0.77690,0,0,55561
276.020000,429.542359,1.03751,-4.33313,-6.65227,0.15860,0.44384,0.79764,0,0,55562
276.025000,429.557380,3.47871,-3.90592,-4.02798,0.15909,0.41675,0.81618,0,0,55563
276.030000,429.557380,5.49270,-3.84489,-1.89193,0.15836,0.38796,0.83228,0,0,55564
276.035000,429.557380,7.07948,-3.66180,-0.18309,0.15079,0.36332,0.84741,0,0,55565
276.040000,429.572679,8.23905,-3.17356,1.09854,0.14152,0.33916,0.86254,0,0,55566
276.045000,429.572679,9.09347,-2.80738,2.07502,0.13249,0.31403,0.87694,0,0,55567
276.050000,429.572679,9.33759,-2.86841,2.13605,0.12712,0.29134,0.88865,0,0,55568
276.055000,429.587245,8.91038,-2.92944,1.58678,0.12493,0.27060,0.90060,0,0,55569
276.060000,429.587245,7.75081,-3.11253,0.54927,0.12200,0.25840,0.90768,0,0,55570
276.065000,429.587245,5.67579,-3.23459,-0.91545,0.11346,0.26010,0.90768,0,0,55571
276.070000,429.602670,2.50223,-3.23459,-2.92944,0.10492,0.26791,0.90548,0,0,55572
276.075000,429.602670,0.12206,-3.41768,-4.15004,0.10126,0.27255,0.90378,0,0,55573
276.080000,429.602670,-1.28163,-3.35665,-5.12652,0.10053,0.27767,0.89914,0,0,55574
276.085000,429.617308,-1.64781,-3.29562,-5.85888,0.10150,0.28377,0.89426,0,0,55575
276.090000,429.617308,-0.85442,-3.23459,-6.16403,0.10468,0.28694,0.88816,0,0,55576
276.095000,429.617308,0.61030,-2.92944,-6.04197,0.11224,0.29060,0.88645,0,0,55577
276.100000,429.632668,2.56326,-2.68532,-5.49270,0.11663,0.29890,0.89060,0,0,55578
276.105000,429.632668,4.69931,-2.31914,-4.69931,0.11200,0.31183,0.89694,0,0,55579
276.110000,429.632668,7.01845,-2.19708,-4.02798,0.11639,0.31915,0.90280,0,0,55580
276.115000,429.647257,8.66626,-2.25811,-3.35665,0.12249,0.32330,0.90841,0,0,55581
276.120000,429.647257,9.27656,-2.38017,-2.01399,0.11883,0.33428,0.91598,0,0,55582
276.125000,429.647257,9.03244,-2.07502,-0.61030,0.11151,0.34331,0.91866,0,0,55583
276.130000,429.662704,7.81184,-1.34266,0.79339,0.10614,0.34965,0.91695,0,0,55584
276.135000,429.662704,5.79785,-0.48824,1.40369,0.09516,0.35038,0.91402,0,0,55585
276.140000,429.662704,3.29562,0.67133,2.01399,0.08686,0.34550,0.91012,0,0,55586
276.140000,429.677375,2.56326,1.28163,2.44120,0.08882,0.33794,0.90744,0,0,55587
276.145000,429.677375,2.25811,1.70884,3.05150,0.09882,0.32281,0.90524,0,0,55588
276.150000,429.677375,2.38017,1.83090,3.90592,0.09565,0.30939,0.90402,0,0,55589
276.155000,429.692532,3.53974,2.01399,5.12652,0.08613,0.29768,0.90256,0,0,55590
276.160000,429.692532,5.30961,2.31914,5.67579,0.09248,0.28084,0.90451,0,0,55591
276.165000,429.692532,7.14051,2.92944,5.98094,0.09345,0.26840,0.91354,0,0,55592
276.170000,429.707688,7.26257,3.35665,6.77433,0.07857,0.26303,0.92378,0,0,55593
276.175000,429.707688,7.44566,3.29562,7.50669,0.07247,0.25132,0.93159,0,0,55594
276.180000,429.707688,8.23905,3.29562,8.11699,0.07686,0.23546,0.93623,0,0,55595
276.185000,429.722687,8.66626,3.60077,8.84935,0.06856,0.22350,0.94501,0,0,55596
276.190000,429.722687,9.15450,3.84489,9.58171,0.05490,0.21399,0.95526,0,0,55597
276.195000,429.722687,10.19201,3.96695,9.88686,0.05344,0.20203,0.96478,0,0,55598
276.200000,429.737606,10.86334,3.90592,9.70377,0.05344,0.19398,0.97356,0,0,55599
276.205000,429.737606,11.22952,3.72283,9.03244,0.04709,0.18861,0.98552,0,0,55600
276.210000,429.737606,11.22952,3.60077,8.78832,0.04099,0.19056,0.98918,0,0,55601
276.215000,429.752394,10.61922,3.66180,8.72729,0.03709,0.18788,0.99235,0,0,55602
276.220000,429.752394,8.72729,4.33313,8.66626,0.03538,0.18276,0.99625,0,0,55603
276.225000,429.752394,7.32360,5.00446,8.60523,0.03343,0.17470,1.00674,0,0,55604
276.230000,429.767344,6.40815,5.30961,8.48317,0.02928,0.16470,1.01504,0,0,55605
276.235000,429.767344,5.85888,5.12652,7.99493,0.02416,0.15348,1.02334,0,0,55606
276.240000,429.767344,5.79785,4.51622,6.89639,0.02416,0.14738,1.03114,0,0,55607
276.245000,429.782330,5.79785,3.84489,5.67579,0.02464,0.14420,1.03676,0,0,55608
276.250000,429.782330,5.91991,3.11253,4.63828,0.02684,0.14152,1.04456,0,0,55609
276.255000,429.782330,6.04197,2.31914,3.53974,0.02660,0.14176,1.04871,0,0,55610
276.260000,429.797387,5.91991,1.76987,2.68532,0.02733,0.14225,1.04920,0,0,55611
276.265000,429.797387,5.49270,0.85442,1.28163,0.03050,0.14372,1.04798,0,0,55612
276.270000,429.797387,5.37064,0.00000,0.24412,0.03074,0.14811,1.04334,0,0,55613
276.275000,429.812666,4.82137,-0.54927,-0.97648,0.02952,0.15494,1.03578,0,0,55614
276.280000,429.812666,3.84489,-0.67133,-2.01399,0.03099,0.16397,1.02846,0,0,55615
276.285000,429.812666,2.44120,-0.42721,-2.86841,0.03318,0.17470,1.01919,0,0,55616
276.290000,429.827297,0.67133,0.00000,-3.47871,0.03367,0.18544,1.01284,0,0,55617
276.295000,429.827297,-0.54927,0.30515,-3.47871,0.04026,0.18837,1.00674,0,0,55618
276.300000,429.827297,-1.46472,0.54927,-3.23459,0.04734,0.18764,1.00162,0,0,55619
276.305000,429.857276,-1.89193,0.91545,-2.80738,0.04734,0.18886,0.99845,0,0,55620
276.310000,429.857276,-1.40369,1.22060,-2.25811,0.04563,0.18837,0.99723,0,0,55621
276.315000,429.857276,-0.61030,1.22060,-2.01399,0.05246,0.18544,0.99796,0,0,55622
276.320000,429.858389,0.00000,1.15957,-1.89193,0.05636,0.18617,0.99918,0,0,55623
276.325000,429.858389,0.73236,0.85442,-1.64781,0.05636,0.18959,1.00162,0,0,55624
276.330000,429.858389,1.34266,0.67133,-1.46472,0.05954,0.19569,0.99967,0,0,55625
276.335000,429.872750,1.64781,0.67133,-0.97648,0.06271,0.20252,0.99747,0,0,55626
276.340000,429.872750,1.40369,1.15957,0.36618,0.06295,0.20667,0.99528,0,0,55627
276.345000,429.872750,1.09854,1.76987,1.34266,0.05734,0.20838,0.99552,0,0,55628
276.350000,429.887672,1.03751,2.07502,2.25811,0.05466,0.20496,0.99674,0,0,55629
276.355000,429.887672,1.15957,2.19708,2.74635,0.05490,0.19935,0.99918,0,0,55630
276.360000,429.887672,1.34266,2.38017,3.11253,0.05344,0.19252,1.00382,0,0,55631
276.365000,429.902382,1.70884,2.13605,3.11253,0.05197,0.18471,1.00723,0,0,55632
276.370000,429.902382,2.31914,1.70884,3.05150,0.05563,0.17885,1.01040,0,0,55633
276.375000,429.902382,2.80738,1.52575,2.74635,0.05612,0.17324,1.01114,0,0,55634
276.380000,429.917480,2.92944,0.91545,2.25811,0.05734,0.16690,1.00967,0,0,55635
276.385000,429.917480,1.83090,0.54927,1.22060,0.05758,0.16446,1.00650,0,0,55636
276.390000,429.917480,0.24412,0.36618,0.36618,0.05758,0.16519,1.00040,0,0,55637
276.395000,429.932663,-1.28163,0.30515,-0.36618,0.05856,0.16641,0.99210,0,0,55638
276.400000,429.932663,-2.56326,0.79339,-0.73236,0.05978,0.17056,0.98527,0,0,55639
276.405000,429.932663,-3.53974,1.52575,-0.79339,0.06051,0.17300,0.98332,0,0,55640
276.410000,429.947713,-3.66180,1.89193,-0.85442,0.05832,0.17422,0.98381,0,0,55641
276.415000,429.947713,-3.35665,2.01399,-0.97648,0.05807,0.17324,0.98356,0,0,55642
276.420000,429.947713,-2.80738,1.89193,-0.73236,0.05978,0.17324,0.98454,0,0,55643
276.425000,429.962411,-2.13605,1.64781,-0.42721,0.05954,0.17324,0.98600,0,0,55644
276.430000,429.962411,-1.52575,1.40369,-0.36618,0.05661,0.17714,0.98576,0,0,55645
276.435000,429.962411,-0.79339,1.34266,-0.18309,0.05344,0.18349,0.98552,0,0,55646
276.440000,429.977396,-0.24412,1.09854,-0.06103,0.05490,0.19130,0.98332,0,0,55647
276.445000,429.977396,0.00000,0.91545,0.18309,0.05368,0.19740,0.98332,0,0,55648
276.450000,429.977396,0.12206,1.03751,0.54927,0.05246,0.20130,0.98381,0,0,55649
276.455000,429.992374,0.12206,1.34266,1.03751,0.05417,0.20228,0.98649,0,0,55650
276.460000,429.992374,0.06103,1.76987,1.64781,0.05246,0.20301,0.99332,0,0,55651
276.465000,429.992374,-0.06103,2.19708,2.50223,0.05148,0.19886,0.99991,0,0,55652
276.470000,430.007531,-0.36618,2.31914,2.99047,0.05222,0.19203,1.00284,0,0,55653
276.475000,430.007531,-0.79339,2.19708,3.29562,0.04856,0.18544,1.00552,0,0,55654
276.480000,430.007531,-1.03751,1.64781,3.66180,0.04587,0.17617,1.00504,0,0,55655
276.485000,430.022264,-1.09854,1.52575,3.41768,0.04490,0.16836,1.00186,0,0,55656
276.490000,430.022264,-1.34266,1.34266,2.92944,0.04246,0.16324,0.99894,0,0,55657
276.495000,430.022264,-1.46472,1.03751,2.38017,0.04221,0.15860,0.99088,0,0,55658
276.500000,430.037634,-1.58678,0.79339,2.07502,0.04636,0.15592,0.98503,0,0,55659
276.505000,430.037634,-1.34266,0.85442,1.70884,0.04709,0.15762,0.98088,0,0,55660
276.510000,430.037634,-0.54927,0.79339,1.15957,0.04343,0.15982,0.97844,0,0,55661
276.515000,430.052555,0.12206,0.97648,0.97648,0.04416,0.15909,0.97624,0,0,55662
276.520000,430.052555,0.91545,1.28163,0.73236,0.04416,0.16031,0.97673,0,0,55663
276.525000,430.052555,1.52575,1.46472,0.61030,0.04343,0.16006,0.98161,0,0,55664
276.530000,430.067240,1.64781,1.46472,0.54927,0.04392,0.15860,0.98430,0,0,55665
276.535000,430.067240,1.52575,1.09854,0.00000,0.04685,0.15909,0.98649,0,0,55666
276.540000,430.067240,1.64781,0.79339,-0.79339,0.04612,0.16421,0.98893,0,0,55667
276.545000,430.082790,1.70884,0.48824,-1.15957,0.04587,0.16860,0.98869,0,0,55668
276.550000,430.082790,1.64781,0.48824,-1.15957,0.05270,0.17300,0.98503,0,0,55669
276.555000,430.082790,1.70884,0.61030,-1.03751,0.05758,0.17641,0.98527,0,0,55670
276.560000,430.097680,1.64781,0.48824,-0.67133,0.05588,0.18154,0.98454,0,0,55671
276.565000,430.097680,1.40369,0.24412,-0.12206,0.05100,0.18642,0.98210,0,0,55672
276.570000,430.097680,0.97648,0.67133,0.06103,0.05124,0.18837,0.97966,0,0,55673
276.575000,430.112366,0.24412,0.97648,0.00000,0.05807,0.18934,0.97942,0,0,55674
276.580000,430.112366,-0.54927,1.03751,0.00000,0.06002,0.19203,0.98259,0,0,55675
276.585000,430.112366,-1.64781,1.15957,0.36618,0.05441,0.19447,0.98478,0,0,55676
276.585000,430.127388,-2.19708,1.46472,0.67133,0.05295,0.19422,0.98649,0,0,55677
276.590000,430.127388,-2.86841,1.89193,0.91545,0.05661,0.19154,0.98820,0,0,55678
276.595000,430.127388,-2.86841,1.83090,0.91545,0.05612,0.19008,0.98966,0,0,55679
276.600000,430.142482,-2.31914,1.83090,1.03751,0.04880,0.18910,0.99186,0,0,55680
276.605000,430.142482,-1.03751,1.64781,1.03751,0.04514,0.18739,0.99064,0,0,55681
276.610000,430.142482,0.30515,1.03751,0.85442,0.04465,0.18617,0.98869,0,0,55682
276.615000,430.157693,1.76987,0.18309,0.67133,0.04270,0.18568,0.98356,0,0,55683
276.620000,430.157693,3.11253,-0.24412,0.85442,0.03953,0.18544,0.97698,0,0,55684
276.625000,430.157693,3.84489,0.06103,1.03751,0.04221,0.18178,0.97332,0,0,55685
276.630000,430.172318,3.60077,0.61030,0.85442,0.04856,0.17592,0.97258,0,0,55686
276.635000,430.172318,2.50223,1.28163,0.24412,0.05295,0.17226,0.97478,0,0,55687
276.640000,430.172318,1.40369,1.52575,-0.18309,0.05051,0.17007,0.98015,0,0,55688
276.645000,430.187354,0.61030,1.83090,-0.54927,0.04612,0.16885,0.98674,0,0,55689
276.650000,430.187354,0.12206,2.13605,-0.97648,0.04782,0.16934,0.99430,0,0,55690
276.655000,430.187354,0.00000,2.07502,-1.70884,0.05417,0.17056,1.00040,0,0,55691
276.660000,430.202651,0.24412,1.64781,-2.13605,0.05466,0.17568,1.00064,0,0,55692
276.665000,430.202651,0.85442,1.15957,-1.70884,0.05197,0.18251,0.99894,0,0,55693
276.670000,430.202651,1.52575,0.85442,-0.97648,0.05246,0.18812,0.99332,0,0,55694
276.675000,430.217715,1.89193,0.79339,-0.48824,0.05441,0.19520,0.99015,0,0,55695
276.680000,430.217715,2.19708,1.03751,0.36618,0.05002,0.20008,0.98893,0,0,55696
276.685000,430.217715,2.19708,1.34266,1.15957,0.04538,0.20179,0.98844,0,0,55697
276.690000,430.232313,2.19708,1.70884,1.89193,0.04368,0.19837,0.98942,0,0,55698
276.695000,430.232313,1.89193,1.95296,2.13605,0.04246,0.19203,0.99235,0,0,55699
276.700000,430.232313,1.52575,1.95296,2.19708,0.04294,0.18593,0.99650,0,0,55700
276.705000,430.247259,1.40369,2.07502,2.01399,0.04246,0.18202,1.00040,0,0,55701
276.710000,430.247259,1.40369,2.19708,1.64781,0.04197,0.17788,1.00479,0,0,55702
276.715000,430.247259,1.46472,2.19708,0.91545,0.04172,0.17373,1.00699,0,0,55703
276.720000,430.262489,1.34266,2.13605,0.00000,0.04294,0.17031,1.00772,0,0,55704
276.725000,430.262489,0.73236,2.01399,-0.73236,0.04294,0.17251,1.00796,0,0,55705
276.730000,430.262489,-0.42721,1.83090,-1.52575,0.04050,0.18105,1.00796,0,0,55706
276.735000,430.277722,-1.22060,1.52575,-2.01399,0.04026,0.18812,1.00552,0,0,55707
276.740000,430.277722,-1.70884,1.46472,-2.13605,0.04465,0.19398,1.00089,0,0,55708
276.745000,430.277722,-1.95296,1.52575,-1.76987,0.04660,0.19715,0.99991,0,0,55709
276.750000,430.292686,-1.40369,1.15957,-1.22060,0.04490,0.19813,0.99991,0,0,55710
276.755000,430.292686,-0.24412,0.79339,-0.48824,0.04343,0.19813,0.99942,0,0,55711
276.760000,430.292686,0.73236,0.36618,-0.18309,0.04246,0.19935,0.99991,0,0,55712
276.765000,430.307692,1.46472,0.06103,0.00000,0.04124,0.20032,1.00064,0,0,55713
276.770000,430.307692,1.52575,-0.06103,0.12206,0.04148,0.19935,1.00162,0,0,55714
276.775000,430.307692,1.09854,0.12206,0.30515,0.04197,0.19813,1.00186,0,0,55715
276.780000,430.322288,0.00000,0.42721,0.61030,0.04172,0.19984,1.00064,0,0,55716
276.785000,430.322288,-0.85442,0.79339,0.85442,0.04075,0.20081,1.00064,0,0,55717
276.790000,430.322288,-1.34266,1.09854,0.97648,0.03953,0.19813,0.99991,0,0,55718
276.795000,430.337304,-1.46472,1.22060,0.91545,0.03904,0.19349,0.99894,0,0,55719
276.800000,430.337304,-1.58678,1.40369,0.85442,0.03977,0.18837,0.99747,0,0,55720
276.805000,430.337304,-0.61030,1.46472,0.79339,0.04148,0.18349,0.99796,0,0,55721
276.810000,430.352266,0.67133,1.28163,0.85442,0.04050,0.18032,1.00260,0,0,55722
276.815000,430.352266,1.83090,0.67133,0.73236,0.03758,0.17788,1.00528,0,0,55723
276.820000,430.352266,2.50223,0.00000,0.42721,0.03831,0.17788,1.00601,0,0,55724
276.825000,430.367235,2.80738,-0.42721,-0.12206,0.04099,0.17910,1.00357,0,0,55725
276.830000,430.367235,2.44120,-0.42721,-0.48824,0.03977,0.18324,1.00211,0,0,55726
276.835000,430.367235,1.70884,0.06103,-0.42721,0.03733,0.18764,1.00382,0,0,55727
276.840000,430.382234,0.61030,0.67133,-0.48824,0.03611,0.19105,1.00552,0,0,55728
276.845000,430.382234,-0.30515,0.85442,-0.54927,0.03392,0.19422,1.00723,0,0,55729
276.850000,430.382234,-0.79339,0.85442,-0.42721,0.03221,0.19618,1.00772,0,0,55730
276.855000,430.397254,-0.79339,0.54927,-0.12206,0.03099,0.19788,1.00723,0,0,55731
276.860000,430.397254,-0.48824,0.24412,0.73236,0.03074,0.19740,1.00626,0,0,55732
276.865000,430.397254,0.00000,0.06103,1.28163,0.03196,0.19422,1.00577,0,0,55733
276.870000,430.412264,0.30515,-0.54927,1.40369,0.03489,0.18739,1.00113,0,0,55734
276.875000,430.412264,-0.18309,-0.97648,1.28163,0.03684,0.18129,0.99357,0,0,55735
276.880000,430.412264,-0.61030,-0.85442,0.85442,0.04270,0.17690,0.98381,0,0,55736
276.885000,430.427110,-1.28163,-0.12206,0.85442,0.04368,0.17592,0.97990,0,0,55737
276.890000,430.427110,-2.07502,0.73236,0.91545,0.04050,0.17690,0.98356,0,0,55738
276.895000,430.427110,-2.68532,1.22060,0.73236,0.03831,0.17763,0.98698,0,0,55739
276.900000,430.442106,-2.86841,1.09854,0.61030,0.03831,0.17885,0.98869,0,0,55740
276.905000,430.442106,-2.31914,0.97648,0.79339,0.03489,0.17788,0.99259,0,0,55741
276.910000,430.442106,-1.64781,1.09854,0.73236,0.03465,0.17470,0.99454,0,0,55742
276.915000,430.457090,-1.15957,0.97648,0.30515,0.03416,0.17080,0.99406,0,0,55743
276.920000,430.457090,-0.54927,0.73236,-0.24412,0.03636,0.17031,0.99137,0,0,55744
276.925000,430.457090,0.18309,0.30515,-0.61030,0.03953,0.17153,0.99088,0,0,55745
276.930000,430.472094,0.79339,-0.18309,-0.67133,0.03953,0.17422,0.98918,0,0,55746
276.935000,430.472094,1.22060,-0.54927,-0.79339,0.03855,0.17641,0.98552,0,0,55747
276.940000,430.472094,1.22060,-0.36618,-1.15957,0.04026,0.17714,0.98137,0,0,55748
276.945000,430.487106,1.09854,-0.30515,-1.52575,0.04221,0.17690,0.98064,0,0,55749
276.950000,430.487106,1.34266,-0.36618,-1.46472,0.04514,0.17934,0.98137,0,0,55750
276.955000,430.487106,1.40369,-0.54927,-1.03751,0.04490,0.18300,0.98283,0,0,55751
276.960000,430.502137,1.15957,-0.48824,-0.79339,0.04270,0.18154,0.98161,0,0,55752
276.965000,430.502137,-0.18309,-0.12206,-0.85442,0.04319,0.17861,0.97917,0,0,55753
276.970000,430.502137,-1.76987,0.24412,-1.22060,0.04660,0.17861,0.97820,0,0,55754
276.975000,430.517131,-2.74635,0.54927,-1.34266,0.04685,0.17861,0.98064,0,0,55755
276.980000,430.517131,-3.96695,1.03751,-1.52575,0.04734,0.17739,0.98283,0,0,55756
276.985000,430.517131,-5.37064,1.46472,-1.89193,0.04929,0.17763,0.98234,0,0,55757
276.990000,430.532097,-5.49270,1.28163,-2.01399,0.04929,0.18007,0.98430,0,0,55758
276.995000,430.532097,-5.30961,0.91545,-1.83090,0.05051,0.18056,0.98381,0,0,55759
277.000000,430.532097,-4.69931,0.73236,-1.70884,0.05100,0.18056,0.98283,0,0,55760
277.005000,430.547047,-4.02798,0.67133,-1.64781,0.05319,0.17983,0.98283,0,0,55761
277.010000,430.547047,-3.53974,0.48824,-1.58678,0.05466,0.18032,0.98381,0,0,55762
277.015000,430.547047,-3.11253,0.18309,-1.40369,0.05026,0.18007,0.98308,0,0,55763
277.020000,430.562088,-2.68532,-0.18309,-1.03751,0.04441,0.17861,0.98112,0,0,55764
277.025000,430.562088,-2.38017,-0.06103,-0.97648,0.04392,0.17568,0.98039,0,0,55765
277.030000,430.562088,-2.13605,0.48824,-1.28163,0.04904,0.17592,0.98137,0,0,55766
277.035000,430.577086,-1.83090,0.54927,-1.46472,0.05002,0.17714,0.98088,0,0,55767
277.040000,430.577086,-1.09854,0.36618,-1.64781,0.04392,0.18032,0.97820,0,0,55768
277.045000,430.577086,-0.18309,0.06103,-1.70884,0.04392,0.18276,0.97210,0,0,55769
277.050000,430.592094,0.79339,0.30515,-1.64781,0.04953,0.18495,0.96770,0,0,55770
277.055000,430.592094,1.46472,0.85442,-2.01399,0.05148,0.19032,0.96551,0,0,55771
277.060000,430.592094,1.64781,1.46472,-1.64781,0.04904,0.19691,0.96502,0,0,55772
277.065000,430.607089,1.64781,2.13605,-1.03751,0.04514,0.20032,0.96575,0,0,55773
277.070000,430.607089,1.28163,3.05150,-0.61030,0.04075,0.20350,0.96990,0,0,55774
277.075000,430.607089,0.00000,3.53974,-0.30515,0.04050,0.20276,0.97771,0,0,55775
277.080000,430.622094,-1.09854,3.53974,0.00000,0.04270,0.20179,0.98405,0,0,55776
277.085000,430.622094,-1.70884,3.53974,0.61030,0.04197,0.20228,0.99162,0,0,55777
277.090000,430.622094,-2.13605,3.78386,1.15957,0.04124,0.20203,0.99869,0,0,55778
277.095000,430.637093,-2.50223,3.66180,1.46472,0.04246,0.19837,1.00284,0,0,55779
277.100000,430.637093,-2.62429,3.05150,1.46472,0.04343,0.19227,1.00528,0,0,55780
277.105000,430.637093,-2.01399,2.44120,1.40369,0.04197,0.18983,1.00504,0,0,55781
277.110000,430.652088,-0.73236,1.76987,1.95296,0.03928,0.18910,1.00308,0,0,55782
277.115000,430.652088,0.24412,1.64781,2.44120,0.03831,0.18812,1.00382,0,0,55783
277.120000,430.652088,0.97648,1.58678,2.56326,0.03660,0.18593,1.00626,0,0,55784
277.125000,430.667092,1.34266,1.34266,2.38017,0.03245,0.18300,1.00870,0,0,55785
277.130000,430.667092,1.46472,0.91545,2.19708,0.02708,0.17934,1.01114,0,0,55786
277.135000,430.667092,1.64781,0.48824,1.95296,0.02611,0.17422,1.01040,0,0,55787
277.140000,430.682085,1.83090,0.12206,1.46472,0.02684,0.16836,1.00845,0,0,55788
277.145000,430.682085,1.89193,0.12206,0.79339,0.02635,0.16397,1.00870,0,0,55789
277.150000,430.682085,1.70884,0.00000,0.06103,0.02806,0.15860,1.00772,0,0,55790
277.155000,430.697101,1.40369,-0.24412,-0.54927,0.03221,0.15640,1.00552,0,0,55791
277.160000,430.697101,0.73236,-0.48824,-1.03751,0.03538,0.15640,1.00113,0,0,55792
277.165000,430.697101,0.48824,-0.54927,-1.34266,0.03831,0.15787,0.99723,0,0,55793
277.170000,430.712081,0.30515,-0.24412,-1.52575,0.03733,0.16128,0.99674,0,0,55794
277.175000,430.712081,0.30515,0.00000,-1.58678,0.03465,0.16543,0.99576,0,0,55795
277.180000,430.712081,0.54927,0.24412,-2.01399,0.03440,0.17129,0.99674,0,0,55796
277.185000,430.727097,0.24412,0.42721,-2.50223,0.03465,0.17641,1.00162,0,0,55797
277.190000,430.727097,-0.30515,0.42721,-2.68532,0.03514,0.18105,1.00430,0,0,55798
277.195000,430.727097,-0.91545,0.06103,-2.74635,0.03148,0.18642,1.00406,0,0,55799
277.200000,430.742072,-1.64781,-0.24412,-2.68532,0.03196,0.18739,0.99918,0,0,55800
277.205000,430.742072,-2.01399,-0.30515,-2.62429,0.03733,0.18715,0.99308,0,0,55801
277.210000,430.742072,-2.44120,-0.06103,-2.99047,0.04075,0.18861,0.98869,0,0,55802
277.215000,430.757074,-2.44120,-0.18309,-3.05150,0.03806,0.19422,0.98332,0,0,55803
277.220000,430.757074,-2.31914,-0.36618,-2.86841,0.03758,0.20008,0.97844,0,0,55804
277.225000,430.757074,-2.25811,-0.30515,-2.50223,0.04246,0.20325,0.97502,0,0,55805
277.230000,430.772102,-2.07502,0.00000,-2.07502,0.04612,0.20618,0.97600,0,0,55806
277.235000,430.772102,-1.64781,0.36618,-1.28163,0.04514,0.20813,0.97795,0,0,55807
277.240000,430.772102,-1.28163,0.54927,-0.67133,0.04221,0.20618,0.97990,0,0,55808
277.240000,430.787105,-1.09854,0.61030,-0.36618,0.04075,0.20423,0.98039,0,0,55809
277.245000,430.787105,-0.97648,0.61030,-0.18309,0.03977,0.19862,0.98308,0,0,55810
277.250000,430.787105,-0.73236,0.48824,-0.24412,0.04368,0.19081,0.98674,0,0,55811
277.255000,430.802065,-0.42721,0.54927,-0.24412,0.04465,0.18324,0.98674,0,0,55812
277.260000,430.802065,-0.30515,0.54927,-0.12206,0.04124,0.18154,0.98698,0,0,55813
277.265000,430.802065,-0.24412,0.48824,0.12206,0.03880,0.18129,0.98820,0,0,55814
277.270000,430.817517,-0.30515,0.30515,-0.06103,0.03806,0.18154,0.98503,0,0,55815
277.275000,430.817517,-0.36618,0.06103,-0.42721,0.03562,0.18593,0.98161,0,0,55816
277.280000,430.817517,-0.91545,0.18309,-0.54927,0.03489,0.18739,0.97844,0,0,55817
277.285000,430.832330,-1.76987,0.48824,-0.61030,0.03782,0.18544,0.97698,0,0,55818
277.290000,430.832330,-2.62429,0.67133,-1.03751,0.04294,0.18544,0.97624,0,0,55819
277.295000,430.832330,-3.23459,0.67133,-1.46472,0.04807,0.18837,0.97624,0,0,55820
277.300000,430.847514,-4.02798,0.67133,-1.46472,0.05002,0.19325,0.97332,0,0,55821
277.305000,430.847514,-4.69931,0.85442,-1.22060,0.05100,0.19935,0.97136,0,0,55822
277.310000,430.847514,-4.76034,1.09854,-0.97648,0.05441,0.20520,0.96746,0,0,55823
277.315000,430.862187,-3.96695,0.61030,-0.67133,0.05563,0.21082,0.96307,0,0,55824
277.320000,430.862187,-3.17356,0.00000,-0.12206,0.05222,0.21399,0.95794,0,0,55825
277.325000,430.862187,-2.19708,-0.36618,0.67133,0.05051,0.21692,0.95453,0,0,55826
277.330000,430.877643,-1.22060,-0.48824,1.34266,0.05929,0.21740,0.95209,0,0,55827
277.335000,430.877643,-0.85442,-0.54927,2.07502,0.06759,0.21936,0.94550,0,0,55828
277.340000,430.877643,-1.70884,-0.12206,2.86841,0.05222,0.22863,0.94501,0,0,55829
277.345000,430.892444,-1.83090,0.67133,2.62429,0.04392,0.22985,0.93598,0,0,55830
277.350000,430.892444,-1.52575,1.15957,1.83090,0.05758,0.22936,0.92988,0,0,55831
277.355000,430.892444,-2.44120,2.44120,0.73236,0.06588,0.23180,0.93232,0,0,55832
277.360000,430.907677,-3.96695,3.41768,0.36618,0.06710,0.23400,0.93208,0,0,55833
277.365000,430.907677,-5.67579,3.78386,0.06103,0.06881,0.23668,0.93330,0,0,55834
277.370000,430.907677,-6.77433,4.33313,-0.24412,0.07076,0.24376,0.93379,0,0,55835
277.375000,430.922431,-6.83536,4.45519,-0.48824,0.07003,0.25083,0.93525,0,0,55836
277.380000,430.922431,-5.98094,4.08901,-0.36618,0.07052,0.25840,0.93501,0,0,55837
277.385000,430.922431,-5.06549,3.84489,-0.12206,0.07076,0.26620,0.93281,0,0,55838
277.390000,430.937323,-4.39416,3.78386,0.48824,0.07320,0.27230,0.93086,0,0,55839
277.395000,430.937323,-3.72283,3.78386,0.97648,0.07198,0.27938,0.92598,0,0,55840
277.400000,430.937323,-2.92944,3.66180,1.64781,0.06783,0.28768,0.92037,0,0,55841
277.405000,430.952428,-2.68532,4.08901,2.31914,0.07052,0.29402,0.91646,0,0,55842
277.410000,430.952428,-2.99047,5.00446,2.86841,0.07540,0.29841,0.91524,0,0,55843
277.415000,430.952428,-3.96695,5.91991,3.29562,0.07808,0.30329,0.91256,0,0,55844
277.420000,430.967376,-5.12652,6.71330,4.08901,0.07979,0.30793,0.91085,0,0,55845
277.425000,430.967376,-6.04197,7.38463,5.37064,0.08076,0.31061,0.90914,0,0,55846
277.430000,430.967376,-6.40815,7.99493,7.26257,0.08247,0.31012,0.91012,0,0,55847
277.435000,430.982468,-5.91991,8.30008,8.48317,0.08125,0.30988,0.91256,0,0,55848
277.440000,430.982468,-4.51622,8.36111,9.52068,0.07759,0.30964,0.91232,0,0,55849
277.445000,430.982468,-2.56326,8.11699,10.43613,0.07466,0.30915,0.90744,0,0,55850
277.450000,430.997607,-0.73236,7.38463,11.53467,0.07369,0.30768,0.89792,0,0,55851
277.455000,430.997607,1.52575,6.89639,13.24351,0.07247,0.30402,0.88938,0,0,55852
277.460000,430.997607,2.56326,7.38463,14.40308,0.06930,0.29744,0.88279,0,0,55853
277.465000,431.012477,2.74635,7.93390,15.31853,0.06173,0.28743,0.87767,0,0,55854
277.470000,431.012477,2.92944,8.36111,15.44059,0.05612,0.27596,0.87376,0,0,55855
277.475000,431.012477,3.66180,8.60523,15.74574,0.05539,0.26547,0.87328,0,0,55856
277.480000,431.027421,5.37064,8.66626,16.11192,0.05295,0.25669,0.87645,0,0,55857
277.485000,431.027421,7.20154,8.23905,16.17295,0.04831,0.25059,0.88011,0,0,55858
277.490000,431.027421,9.33759,7.62875,16.29501,0.04172,0.24888,0.88304,0,0,55859
277.495000,431.042267,11.71776,7.14051,16.72222,0.03392,0.24888,0.88352,0,0,55860
277.500000,431.042267,14.70823,6.59124,17.51561,0.03489,0.24961,0.88182,0,0,55861
277.505000,431.042267,16.41707,6.22506,18.12591,0.03977,0.25400,0.87791,0,0,55862
277.510000,431.057361,16.90531,6.34712,18.43106,0.04172,0.26401,0.87474,0,0,55863
277.515000,431.057361,16.11192,7.26257,18.61415,0.03880,0.27670,0.87572,0,0,55864
277.520000,431.057361,13.73175,9.03244,18.91930,0.03660,0.28719,0.88206,0,0,55865
277.525000,431.072294,11.04643,10.55819,19.46857,0.03758,0.29646,0.89036,0,0,55866
277.530000,431.072294,7.75081,11.96188,20.20093,0.03465,0.30476,0.89963,0,0,55867
277.535000,431.072294,3.66180,13.36557,20.75020,0.02928,0.30695,0.90963,0,0,55868
277.540000,431.087692,-0.42721,14.52514,21.05535,0.02879,0.30402,0.91720,0,0,55869
277.545000,431.087692,-4.08901,15.56265,21.17741,0.02611,0.29963,0.92061,0,0,55870
277.550000,431.087692,-7.56772,16.47810,21.42153,0.02269,0.29060,0.92037,0,0,55871
277.555000,431.102695,-8.78832,16.60016,21.60462,0.02025,0.27962,0.91598,0,0,55872
277.560000,431.102695,-9.09347,16.11192,21.54359,0.01928,0.26742,0.90841,0,0,55873
277.565000,431.102695,-8.78832,15.86780,21.23844,0.01757,0.25693,0.90012,0,0,55874
277.570000,431.117390,-7.75081,15.68471,21.05535,0.01562,0.25083,0.89646,0,0,55875
277.575000,431.117390,-5.73682,15.07441,20.93329,0.01830,0.24522,0.88450,0,0,55876
277.580000,431.117390,-4.15004,14.95235,21.17741,0.01366,0.23912,0.87157,0,0,55877
277.585000,431.132400,-2.50223,15.56265,21.05535,0.01000,0.23595,0.86181,0,0,55878
277.590000,431.132400,-0.79339,17.08840,21.05535,0.01244,0.23790,0.85912,0,0,55879
277.595000,431.132400,0.30515,19.04136,20.87226,0.01098,0.24473,0.86791,0,0,55880
277.600000,431.147440,0.67133,20.38402,20.50608,0.00830,0.25400,0.88133,0,0,55881
277.605000,431.147440,0.79339,21.54359,20.56711,0.01000,0.26498,0.89743,0,0,55882
277.610000,431.147440,0.91545,22.21492,21.17741,0.00927,0.27377,0.91451,0,0,55883
277.615000,431.162694,1.58678,22.64213,22.15389,0.00708,0.27914,0.93184,0,0,55884
277.620000,431.162694,2.74635,22.64213,23.49655,0.00659,0.28036,0.94452,0,0,55885
277.625000,431.162694,3.78386,22.33698,25.44951,0.00903,0.27743,0.95136,0,0,55886
277.630000,431.177457,4.02798,22.27595,27.09732,0.00634,0.27304,0.95550,0,0,55887
277.635000,431.177457,4.33313,22.70316,28.25689,-0.00171,0.26840,0.95746,0,0,55888
277.640000,431.177457,4.51622,23.31346,28.98925,-0.01269,0.26572,0.96112,0,0,55889
277.645000,431.192399,4.69931,23.43552,29.72161,-0.01976,0.26059,0.96575,0,0,55890
277.650000,431.192399,5.24858,23.19140,30.51500,-0.02367,0.25327,0.96917,0,0,55891
277.655000,431.192399,5.85888,23.19140,31.18633,-0.02733,0.24790,0.97429,0,0,55892
277.660000,431.207720,6.28609,23.55758,31.67457,-0.03489,0.24132,0.98112,0,0,55893
277.665000,431.207720,6.34712,24.10685,31.79663,-0.04294,0.23034,0.99186,0,0,55894
277.670000,431.207720,6.10300,24.59509,31.55251,-0.04709,0.22033,1.00235,0,0,55895
277.675000,431.222300,5.73682,24.41200,30.75912,-0.05270,0.21204,1.01089,0,0,55896
277.680000,431.222300,5.85888,23.86273,30.08779,-0.05905,0.20423,1.01553,0,0,55897
277.685000,431.222300,6.53021,22.94728,30.02676,-0.05929,0.19788,1.01455,0,0,55898
277.690000,431.237313,7.44566,22.21492,30.33191,-0.06027,0.19398,1.01358,0,0,55899
277.695000,431.237313,8.72729,22.03183,30.63706,-0.06442,0.19032,1.01236,0,0,55900
277.700000,431.237313,10.43613,22.21492,31.00324,-0.07222,0.18568,1.01699,0,0,55901
277.705000,431.252422,11.83982,22.03183,31.24736,-0.07784,0.18032,1.02626,0,0,55902
277.710000,431.252422,12.99939,21.60462,31.43045,-0.08052,0.17324,1.03188,0,0,55903
277.715000,431.252422,13.18248,21.11638,31.79663,-0.08174,0.16592,1.03944,0,0,55904
277.720000,431.267472,12.51115,20.93329,32.22384,-0.08638,0.15860,1.04774,0,0,55905
277.725000,431.267472,11.47364,21.29947,32.71208,-0.09345,0.14982,1.05530,0,0,55906
277.730000,431.267472,10.68025,21.72668,32.71208,-0.10004,0.14079,1.06457,0,0,55907
277.735000,431.282363,10.06995,22.15389,32.89517,-0.10687,0.13249,1.07604,0,0,55908
277.740000,431.282363,9.88686,22.09286,32.71208,-0.11541,0.12420,1.08800,0,0,55909
277.745000,431.282363,9.94789,21.60462,32.22384,-0.12005,0.11688,1.09556,0,0,55910
277.750000,431.297564,9.88686,21.23844,31.30839,-0.12371,0.11053,1.10386,0,0,55911
277.755000,431.297564,9.52068,21.42153,30.08779,-0.12786,0.10102,1.11557,0,0,55912
277.760000,431.297564,8.72729,21.60462,29.35543,-0.13176,0.09101,1.12533,0,0,55913
277.765000,431.312368,7.62875,21.17741,28.74513,-0.13762,0.08223,1.13753,0,0,55914
277.770000,431.312368,6.71330,20.56711,27.70762,-0.14689,0.07125,1.14558,0,0,55915
277.775000,431.312368,6.16403,19.65166,26.18187,-0.14982,0.05734,1.15095,0,0,55916
277.780000,431.327697,5.61476,19.04136,24.35097,-0.15055,0.04392,1.15973,0,0,55917
277.785000,431.327697,5.12652,18.61415,22.76419,-0.15494,0.03148,1.17120,0,0,55918
277.790000,431.327697,4.21107,17.27149,20.87226,-0.15494,0.02245,1.17681,0,0,55919
277.795000,431.342396,3.41768,16.23398,19.59063,-0.15884,0.01562,1.17901,0,0,55920
277.800000,431.342396,2.31914,14.46411,17.51561,-0.16006,0.01000,1.17779,0,0,55921
277.805000,431.342396,1.52575,13.06042,16.41707,-0.15274,0.00342,1.17828,0,0,55922
277.810000,431.357409,0.73236,11.71776,15.37956,-0.15299,-0.00122,1.17754,0,0,55923
277.815000,431.357409,0.79339,10.37510,14.09793,-0.16128,-0.00293,1.17388,0,0,55924
277.820000,431.357409,1.89193,8.78832,12.57218,-0.16104,-0.00366,1.17169,0,0,55925
277.825000,431.372374,2.62429,7.93390,11.41261,-0.15640,-0.00439,1.17218,0,0,55926
277.830000,431.372374,2.99047,6.95742,10.31407,-0.15470,-0.00390,1.17291,0,0,55927
277.835000,431.372374,2.92944,5.85888,9.15450,-0.15494,0.00146,1.17364,0,0,55928
277.840000,431.387505,2.62429,4.94343,7.99493,-0.15226,0.00561,1.17266,0,0,55929
277.845000,431.387505,1.52575,4.15004,6.34712,-0.14933,0.01074,1.16900,0,0,55930
277.850000,431.387505,0.06103,3.78386,5.00446,-0.15079,0.01415,1.16510,0,0,55931
277.855000,431.402323,-1.40369,3.41768,3.60077,-0.15030,0.01806,1.15949,0,0,55932
277.860000,431.402323,-2.80738,2.92944,1.95296,-0.14518,0.02220,1.15388,0,0,55933
277.865000,431.402323,-3.41768,2.44120,0.06103,-0.14103,0.02830,1.14704,0,0,55934
277.870000,431.417314,-4.33313,1.34266,-1.46472,-0.13932,0.03684,1.13972,0,0,55935
277.875000,431.417314,-4.94343,0.30515,-2.68532,-0.13371,0.04538,1.12777,0,0,55936
277.880000,431.417314,-5.55373,-0.30515,-3.96695,-0.12908,0.05685,1.11362,0,0,55937
277.885000,431.432440,-6.04197,-0.61030,-5.00446,-0.12688,0.06954,1.10288,0,0,55938
277.890000,431.432440,-6.40815,-0.79339,-5.79785,-0.12468,0.07857,1.09507,0,0,55939
277.895000,431.432440,-7.56772,-1.09854,-6.28609,-0.11834,0.08613,1.08604,0,0,55940
277.900000,431.447518,-8.42214,-1.34266,-6.65227,-0.11175,0.09321,1.07946,0,0,55941
277.905000,431.447518,-8.97141,-1.64781,-7.20154,-0.10419,0.10028,1.07336,0,0,55942
277.910000,431.447518,-9.39862,-2.13605,-7.75081,-0.10004,0.10760,1.06774,0,0,55943
277.915000,431.462649,-9.70377,-2.62429,-7.93390,-0.09736,0.11541,1.05994,0,0,55944
277.920000,431.462649,-9.94789,-2.86841,-8.11699,-0.09223,0.12273,1.05066,0,0,55945
277.925000,431.462649,-10.43613,-3.05150,-8.60523,-0.08808,0.12883,1.04017,0,0,55946
277.930000,431.477364,-10.98540,-2.86841,-8.91038,-0.08638,0.13518,1.02968,0,0,55947
277.935000,431.477364,-11.29055,-2.74635,-8.91038,-0.08320,0.14054,1.01748,0,0,55948
277.940000,431.477364,-11.16849,-3.05150,-8.66626,-0.07979,0.14738,1.00699,0,0,55949
277.945000,431.492357,-10.49716,-3.47871,-8.30008,-0.07759,0.15421,0.99625,0,0,55950
277.950000,431.492357,-8.84935,-4.27210,-8.23905,-0.07174,0.15958,0.98356,0,0,55951
277.955000,431.492357,-7.44566,-4.33313,-8.36111,-0.06515,0.16568,0.97088,0,0,55952
277.960000,431.507395,-6.10300,-4.27210,-7.93390,-0.05978,0.17056,0.95672,0,0,55953
277.965000,431.507395,-4.63828,-3.66180,-7.01845,-0.05514,0.17910,0.94794,0,0,55954
277.970000,431.507395,-3.90592,-3.11253,-6.34712,-0.05514,0.18715,0.94672,0,0,55955
277.975000,431.522543,-3.29562,-2.56326,-5.49270,-0.05734,0.19105,0.94696,0,0,55956
277.980000,431.522543,-3.23459,-2.01399,-5.37064,-0.05954,0.19544,0.94745,0,0,55957
277.985000,431.522543,-3.23459,-1.15957,-5.49270,-0.05832,0.19862,0.94892,0,0,55958
277.990000,431.537702,-3.17356,-0.54927,-5.73682,-0.05856,0.20228,0.95331,0,0,55959
277.995000,431.537702,-3.47871,-0.24412,-5.73682,-0.06320,0.20594,0.96087,0,0,55960
278.000000,431.537702,-4.02798,-0.42721,-5.98094,-0.06100,0.20960,0.96307,0,0,55961
278.005000,431.552397,-5.06549,-0.42721,-6.59124,-0.05783,0.21667,0.96185,0,0,55962
278.010000,431.552397,-6.16403,-0.30515,-7.01845,-0.05466,0.22570,0.95941,0,0,55963
278.015000,431.552397,-6.89639,-0.24412,-6.89639,-0.05100,0.22985,0.95502,0,0,55964
278.020000,431.567412,-7.32360,-0.06103,-6.28609,-0.05100,0.23253,0.95014,0,0,55965
278.025000,431.567412,-6.77433,0.00000,-5.00446,-0.05368,0.23107,0.94599,0,0,55966
278.030000,431.567412,-5.43167,-0.12206,-3.96695,-0.05075,0.22790,0.94477,0,0,55967
278.035000,431.582666,-3.78386,-0.36618,-2.74635,-0.05173,0.22594,0.94843,0,0,55968
278.040000,431.582666,-1.83090,-0.91545,-1.64781,-0.05734,0.22497,0.94989,0,0,55969
278.045000,431.582666,0.18309,-1.15957,-0.79339,-0.06320,0.22180,0.95184,0,0,55970
278.050000,431.597227,2.38017,-0.91545,-0.18309,-0.06417,0.21521,0.95502,0,0,55971
278.055000,431.597227,3.05150,-0.97648,0.06103,-0.06100,0.20740,0.95794,0,0,55972
278.060000,431.597227,3.17356,-1.28163,0.12206,-0.06295,0.20130,0.95892,0,0,55973
278.065000,431.612686,2.44120,-1.34266,-0.06103,-0.06637,0.19618,0.95624,0,0,55974
278.070000,431.612686,0.97648,-0.24412,0.18309,-0.06856,0.19325,0.95258,0,0,55975
278.075000,431.612686,-0.67133,1.09854,0.30515,-0.06856,0.19178,0.95746,0,0,55976
278.080000,431.627410,-2.38017,2.07502,-0.12206,-0.06930,0.18910,0.96087,0,0,55977
278.085000,431.627410,-3.60077,2.07502,-1.09854,-0.07198,0.18739,0.96038,0,0,55978
278.090000,431.627410,-3.96695,1.76987,-2.07502,-0.07369,0.18861,0.95794,0,0,55979
278.095000,431.642407,-3.60077,1.46472,-2.56326,-0.07149,0.19081,0.95770,0,0,55980
278.100000,431.642407,-2.62429,1.22060,-2.86841,-0.06710,0.19300,0.95526,0,0,55981
278.105000,431.642407,-1.83090,1.09854,-2.99047,-0.06466,0.19593,0.95111,0,0,55982
278.110000,431.657533,-1.03751,0.97648,-2.86841,-0.06612,0.19886,0.94745,0,0,55983
278.115000,431.657533,-0.36618,0.85442,-2.31914,-0.06978,0.20032,0.94794,0,0,55984
278.120000,431.657533,0.54927,0.85442,-1.28163,-0.06808,0.19959,0.95111,0,0,55985
278.125000,431.672306,0.91545,1.22060,-0.85442,-0.06539,0.19764,0.95575,0,0,55986
278.130000,431.672306,0.85442,1.70884,-0.42721,-0.06686,0.19374,0.96429,0,0,55987
278.135000,431.672306,0.61030,1.83090,-0.12206,-0.07393,0.19105,0.97454,0,0,55988
278.140000,431.687398,0.48824,1.64781,0.18309,-0.07906,0.18812,0.98186,0,0,55989
278.145000,431.687398,0.42721,1.15957,0.00000,-0.08076,0.18276,0.98942,0,0,55990
278.150000,431.687398,0.24412,0.79339,-0.48824,-0.08198,0.17983,0.99406,0,0,55991
278.155000,431.702715,0.12206,0.36618,-1.22060,-0.07930,0.17568,0.99503,0,0,55992
278.160000,431.702715,-0.24412,0.06103,-1.52575,-0.07588,0.17519,0.99210,0,0,55993
278.165000,431.702715,-0.85442,0.06103,-1.83090,-0.07686,0.17934,0.99040,0,0,55994
278.170000,431.717252,-1.83090,-0.42721,-2.38017,-0.07881,0.18178,0.98308,0,0,55995
278.175000,431.717252,-2.50223,-0.61030,-2.99047,-0.07686,0.18349,0.97307,0,0,55996
278.180000,431.717252,-2.86841,-0.42721,-3.35665,-0.07052,0.18642,0.96282,0,0,55997
278.185000,431.732652,-2.50223,-0.18309,-3.53974,-0.07027,0.19130,0.95868,0,0,55998
278.190000,431.732652,-2.01399,0.36618,-3.23459,-0.07369,0.19398,0.95526,0,0,55999
278.195000,431.732652,-1.15957,1.15957,-2.86841,-0.07442,0.19618,0.95404,0,0,56000
278.200000,431.747682,-0.24412,1.58678,-2.62429,-0.07027,0.19520,0.95965,0,0,56001
278.205000,431.747682,0.12206,1.76987,-2.25811,-0.06710,0.19398,0.96819,0,0,56002
278.210000,431.747682,0.00000,2.01399,-1.95296,-0.06930,0.19496,0.97551,0,0,56003
278.215000,431.762684,-0.24412,2.25811,-1.89193,-0.07174,0.19788,0.97990,0,0,56004
278.220000,431.762684,-0.48824,2.25811,-2.01399,-0.07296,0.19984,0.98161,0,0,56005
278.225000,431.762684,-0.79339,2.25811,-2.07502,-0.06856,0.19984,0.98088,0,0,56006
278.230000,431.777414,-0.79339,2.50223,-1.76987,-0.06393,0.20374,0.98112,0,0,56007
278.235000,431.777414,-0.67133,2.92944,-1.34266,-0.06856,0.21082,0.98405,0,0,56008
278.240000,431.777414,-0.48824,3.29562,-0.91545,-0.07393,0.21277,0.98674,0,0,56009
278.245000,431.792631,-0.30515,3.23459,-0.54927,-0.07125,0.20813,0.98844,0,0,56010
278.250000,431.792631,0.06103,2.80738,0.06103,-0.06612,0.20325,0.99332,0,0,56011
278.255000,431.792631,0.61030,2.38017,0.48824,-0.06588,0.19813,0.99650,0,0,56012
278.260000,431.807420,1.28163,2.13605,1.09854,-0.07271,0.19276,0.99918,0,0,56013
278.265000,431.807420,1.95296,2.01399,1.76987,-0.07588,0.18446,1.00333,0,0,56014
278.270000,431.807420,1.95296,1.76987,1.52575,-0.07540,0.17470,1.00601,0,0,56015
278.275000,431.822259,1.58678,1.22060,0.91545,-0.07466,0.16592,1.00796,0,0,56016
278.280000,431.822259,1.09854,0.73236,0.18309,-0.07222,0.15982,1.00870,0,0,56017
278.285000,431.822259,0.73236,0.73236,-0.61030,-0.07076,0.15884,1.01333,0,0,56018
278.290000,431.837372,0.36618,0.79339,-1.40369,-0.07125,0.16177,1.01992,0,0,56019
278.295000,431.837372,-0.61030,0.54927,-2.50223,-0.07466,0.16958,1.02309,0,0,56020
278.300000,431.837372,-1.58678,0.18309,-3.17356,-0.07613,0.17788,1.02309,0,0,56021
278.305000,431.852285,-2.31914,0.00000,-3.41768,-0.06905,0.18324,1.01870,0,0,56022
278.310000,431.852285,-2.92944,0.30515,-3.05150,-0.06295,0.19252,1.01480,0,0,56023
278.315000,431.852285,-3.23459,0.73236,-2.31914,-0.06539,0.20032,1.01504,0,0,56024
278.320000,431.867606,-2.92944,0.79339,-1.76987,-0.06954,0.20520,1.01187,0,0,56025
278.325000,431.867606,-1.70884,0.48824,-1.58678,-0.07052,0.20716,1.00650,0,0,56026
278.330000,431.867606,-0.61030,0.24412,-1.28163,-0.06930,0.21155,1.00113,0,0,56027
278.335000,431.882360,0.18309,0.36618,-0.79339,-0.06978,0.21521,1.00040,0,0,56028
278.340000,431.882360,0.73236,0.42721,-0.18309,-0.07247,0.21423,1.00064,0,0,56029
278.345000,431.882360,1.09854,0.36618,0.24412,-0.07100,0.21179,0.99845,0,0,56030
278.350000,431.898673,0.91545,0.30515,0.30515,-0.06759,0.20691,0.99674,0,0,56031
278.355000,431.898673,0.30515,0.42721,0.30515,-0.06100,0.19935,0.99796,0,0,56032
278.360000,431.898673,-0.18309,0.73236,0.24412,-0.05588,0.19447,1.00284,0,0,56033
278.365000,431.913872,-0.18309,0.79339,0.00000,-0.05661,0.19300,1.00821,0,0,56034
278.370000,431.913872,0.85442,0.00000,-0.12206,-0.05856,0.19300,1.01284,0,0,56035
278.375000,431.913872,2.31914,-0.48824,-0.12206,-0.06173,0.19227,1.01504,0,0,56036
278.380000,431.928852,4.08901,-1.15957,0.30515,-0.06246,0.19105,1.01724,0,0,56037
278.385000,431.928852,5.73682,-1.89193,0.91545,-0.06149,0.19178,1.02358,0,0,56038
278.390000,431.928852,6.89639,-2.92944,0.97648,-0.06539,0.18983,1.02334,0,0,56039
278.395000,431.943624,6.83536,-3.60077,0.54927,-0.06710,0.18983,1.01650,0,0,56040
278.400000,431.943624,5.85888,-3.78386,0.18309,-0.06759,0.19227,1.00967,0,0,56041
278.405000,431.943624,4.21107,-3.17356,0.00000,-0.06612,0.19447,1.00528,0,0,56042
278.410000,431.973640,2.13605,-2.19708,-0.30515,-0.06905,0.19788,1.00138,0,0,56043
278.415000,431.973640,0.12206,-1.28163,-0.54927,-0.07027,0.19813,0.99894,0,0,56044
278.420000,431.973640,-1.70884,-0.42721,-0.54927,-0.06734,0.19666,0.99796,0,0,56045
278.425000,431.988757,-2.68532,0.00000,-0.48824,-0.06783,0.19593,1.00064,0,0,56046
278.430000,431.988757,-2.99047,-0.12206,-0.48824,-0.06905,0.19764,1.00357,0,0,56047
278.435000,431.988757,-2.50223,-0.67133,-0.61030,-0.06930,0.20252,1.00333,0,0,56048
278.440000,432.003646,-1.52575,-1.34266,-0.61030,-0.07247,0.20862,0.99942,0,0,56049
278.445000,432.003646,-0.48824,-2.13605,-0.61030,-0.07735,0.21618,0.99381,0,0,56050
278.450000,432.003646,0.79339,-2.68532,-0.06103,-0.07930,0.22058,0.98747,0,0,56051
278.455000,432.018776,1.76987,-2.80738,0.42721,-0.07759,0.22350,0.98015,0,0,56052
278.460000,432.018776,2.07502,-2.56326,1.22060,-0.07710,0.22570,0.97502,0,0,56053
278.465000,432.018776,2.01399,-2.13605,2.07502,-0.07686,0.22106,0.97551,0,0,56054
278.470000,432.033767,1.70884,-1.70884,2.44120,-0.07515,0.21155,0.97478,0,0,56055
278.475000,432.033767,0.97648,-1.09854,2.44120,-0.07442,0.20057,0.97600,0,0,56056
278.480000,432.033767,0.12206,-0.61030,2.31914,-0.07491,0.19056,0.97893,0,0,56057
278.485000,432.048662,-0.54927,-0.42721,2.38017,-0.07442,0.17788,0.98283,0,0,56058
278.490000,432.048662,-0.85442,-0.24412,2.25811,-0.07759,0.16885,0.98600,0,0,56059
278.495000,432.048662,-0.97648,0.00000,1.34266,-0.08028,0.15884,0.98820,0,0,56060
278.500000,432.063850,-0.91545,-0.18309,0.18309,-0.07979,0.15470,0.98698,0,0,56061
278.505000,432.063850,-0.73236,-0.67133,-0.91545,-0.07564,0.15592,0.97917,0,0,56062
278.510000,432.063850,-0.67133,-0.91545,-1.28163,-0.07271,0.16275,0.97063,0,0,56063
278.515000,432.078497,-0.48824,-0.73236,-1.03751,-0.07344,0.17031,0.96868,0,0,56064
278.520000,432.078497,0.00000,-0.36618,-0.67133,-0.07540,0.17348,0.96941,0,0,56065
278.525000,432.078497,0.30515,0.00000,-0.73236,-0.07442,0.17324,0.97234,0,0,56066
278.530000,432.093529,0.30515,0.30515,-0.97648,-0.07174,0.17568,0.97795,0,0,56067
278.535000,432.093529,0.12206,0.18309,-0.97648,-0.06978,0.18154,0.98454,0,0,56068
278.540000,432.093529,-0.18309,-0.30515,-0.79339,-0.07027,0.18568,0.98649,0,0,56069
278.545000,432.108729,-0.48824,-0.85442,-0.97648,-0.07100,0.18886,0.98430,0,0,56070
278.550000,432.108729,-0.73236,-1.34266,-1.46472,-0.06978,0.19422,0.97917,0,0,56071
278.555000,432.108729,-1.09854,-1.34266,-1.64781,-0.06978,0.19959,0.97210,0,0,56072
278.560000,432.109907,-1.52575,-0.73236,-1.64781,-0.07174,0.20228,0.96331,0,0,56073
278.565000,432.109907,-1.70884,-0.18309,-1.46472,-0.06930,0.20081,0.95868,0,0,56074
278.570000,432.109907,-1.70884,0.36618,-1.28163,-0.06515,0.19959,0.95746,0,0,56075
278.575000,432.122359,-1.46472,0.30515,-0.79339,-0.06368,0.20228,0.95794,0,0,56076
278.580000,432.122359,-0.79339,0.30515,-0.36618,-0.06515,0.20325,0.95965,0,0,56077
278.585000,432.122359,-0.12206,0.48824,-0.06103,-0.06490,0.20398,0.96453,0,0,56078
278.590000,432.137328,0.12206,0.79339,0.36618,-0.06368,0.20081,0.97405,0,0,56079
278.595000,432.137328,0.00000,0.73236,0.73236,-0.06442,0.19544,0.98137,0,0,56080
278.600000,432.137328,0.24412,0.00000,0.91545,-0.06759,0.18910,0.98576,0,0,56081
278.605000,432.152418,0.67133,-0.61030,0.97648,-0.06905,0.18471,0.98869,0,0,56082
278.610000,432.152418,1.22060,-1.03751,0.91545,-0.07027,0.17934,0.99064,0,0,56083
278.615000,432.152418,1.76987,-1.46472,0.61030,-0.06808,0.17568,0.98893,0,0,56084
278.620000,432.167701,2.13605,-1.70884,0.24412,-0.06759,0.17910,0.98576,0,0,56085
278.625000,432.167701,2.25811,-1.76987,0.24412,-0.07003,0.18617,0.97917,0,0,56086
278.630000,432.167701,2.25811,-1.70884,0.42721,-0.07100,0.18983,0.97307,0,0,56087
278.635000,432.182703,2.01399,-1.64781,0.54927,-0.06954,0.19105,0.96673,0,0,56088
278.640000,432.182703,1.40369,-1.28163,0.42721,-0.06710,0.19056,0.96282,0,0,56089
278.645000,432.182703,0.54927,-0.73236,0.30515,-0.06612,0.18886,0.96014,0,0,56090
278.650000,432.197390,-0.36618,-0.12206,0.00000,-0.06710,0.19056,0.96014,0,0,56091
278.655000,432.197390,-0.91545,0.42721,-0.18309,-0.06808,0.19130,0.96331,0,0,56092
278.660000,432.197390,-0.97648,0.73236,-0.54927,-0.06564,0.18934,0.96380,0,0,56093
278.665000,432.212383,-1.09854,0.36618,-0.85442,-0.06222,0.19081,0.96551,0,0,56094
278.670000,432.212383,-1.76987,0.24412,-1.09854,-0.06246,0.19496,0.96575,0,0,56095
278.675000,432.212383,-2.01399,0.48824,-1.15957,-0.06417,0.19837,0.96429,0,0,56096
278.680000,432.227279,-2.07502,0.97648,-1.09854,-0.06100,0.19862,0.96526,0,0,56097
278.685000,432.227279,-2.50223,1.70884,-1.03751,-0.06417,0.20130,0.96819,0,0,56098
278.690000,432.227279,-2.99047,2.13605,-0.73236,-0.07271,0.19984,0.97356,0,0,56099
278.695000,432.242398,-2.62429,2.13605,-0.54927,-0.07369,0.19520,0.97454,0,0,56100
278.700000,432.242398,-0.79339,1.95296,-0.06103,-0.07198,0.18715,0.97771,0,0,56101
278.705000,432.242398,1.34266,1.83090,0.30515,-0.07442,0.17763,0.98210,0,0,56102
278.710000,432.257666,3.17356,1.70884,0.30515,-0.07735,0.17348,0.98552,0,0,56103
278.715000,432.257666,4.21107,1.34266,0.06103,-0.07784,0.17275,0.98747,0,0,56104
278.720000,432.257666,4.08901,1.22060,0.06103,-0.07491,0.16885,0.98600,0,0,56105
278.725000,432.272361,3.47871,1.46472,0.42721,-0.07613,0.17153,0.98918,0,0,56106
278.730000,432.272361,2.86841,1.76987,0.61030,-0.07857,0.17446,0.99747,0,0,56107
278.735000,432.272361,2.38017,1.52575,0.36618,-0.07735,0.17958,1.00138,0,0,56108
278.740000,432.287526,1.83090,1.09854,-0.06103,-0.07393,0.18422,1.00260,0,0,56109
278.745000,432.287526,1.34266,0.79339,-0.48824,-0.06978,0.18910,1.00284,0,0,56110
278.750000,432.287526,0.91545,0.85442,-0.85442,-0.06734,0.19496,1.00333,0,0,56111
278.755000,432.302428,-0.24412,0.79339,-1.34266,-0.06710,0.19984,1.00260,0,0,56112
278.760000,432.302428,-1.28163,0.42721,-1.64781,-0.06710,0.20667,0.99552,0,0,56113
278.765000,432.302428,-2.31914,0.06103,-1.58678,-0.06759,0.21301,0.98844,0,0,56114
278.770000,432.317536,-3.35665,0.12206,-1.15957,-0.06710,0.21594,0.98210,0,0,56115
278.775000,432.317536,-3.90592,0.24412,-0.73236,-0.06490,0.21399,0.97600,0,0,56116
278.780000,432.317536,-4.15004,0.42721,-0.54927,-0.06442,0.20886,0.97161,0,0,56117
278.785000,432.332395,-4.02798,0.73236,-0.54927,-0.06564,0.20350,0.97185,0,0,56118
278.790000,432.332395,-2.99047,0.54927,-0.30515,-0.06588,0.20008,0.97112,0,0,56119
278.795000,432.332395,-1.15957,0.12206,0.61030,-0.06930,0.19788,0.97380,0,0,56120
278.800000,432.348645,0.06103,0.06103,1.15957,-0.07247,0.19520,0.97600,0,0,56121
278.805000,432.348645,1.70884,0.30515,1.52575,-0.07222,0.19227,0.98039,0,0,56122
278.810000,432.348645,2.74635,0.42721,1.76987,-0.07052,0.18886,0.98747,0,0,56123
278.815000,432.362457,2.80738,0.12206,1.89193,-0.06954,0.18593,0.99259,0,0,56124
278.820000,432.362457,2.25811,-0.18309,1.89193,-0.06832,0.18593,0.99113,0,0,56125
278.825000,432.362457,1.22060,0.06103,1.70884,-0.06686,0.18300,0.99235,0,0,56126
278.830000,432.377750,0.67133,0.54927,1.40369,-0.06808,0.17836,0.99406,0,0,56127
278.835000,432.377750,0.24412,0.85442,1.03751,-0.07174,0.17422,0.99479,0,0,56128
278.840000,432.377750,0.30515,0.61030,0.42721,-0.07247,0.17324,0.99308,0,0,56129
278.845000,432.392452,0.61030,0.36618,-0.06103,-0.06905,0.17324,0.99259,0,0,56130
278.850000,432.392452,1.22060,-0.12206,-0.73236,-0.06612,0.17495,0.99381,0,0,56131
278.855000,432.392452,1.76987,-0.18309,-0.73236,-0.06588,0.17885,0.99235,0,0,56132
278.855000,432.407614,1.89193,-0.30515,-0.61030,-0.06808,0.18300,0.99235,0,0,56133
278.860000,432.407614,1.89193,-0.48824,-0.48824,-0.07003,0.18593,0.99015,0,0,56134
278.865000,432.407614,1.52575,-0.12206,-0.61030,-0.07247,0.18812,0.98820,0,0,56135
278.870000,432.422447,0.61030,0.91545,-0.48824,-0.07442,0.18886,0.99332,0,0,56136
278.875000,432.422447,-0.18309,1.46472,-0.54927,-0.07344,0.18520,0.99942,0,0,56137
278.880000,432.422447,-0.91545,1.46472,-0.61030,-0.07369,0.18300,1.00430,0,0,56138
278.885000,432.437732,-1.28163,0.85442,-0.79339,-0.07784,0.18202,1.00455,0,0,56139
278.890000,432.437732,-1.22060,0.00000,-1.52575,-0.07808,0.18202,1.00162,0,0,56140
278.895000,432.437732,-0.73236,-0.48824,-2.01399,-0.07198,0.18471,0.99625,0,0,56141
278.900000,432.452429,-0.18309,-1.09854,-2.19708,-0.06759,0.18910,0.99015,0,0,56142
278.905000,432.452429,0.30515,-1.58678,-2.07502,-0.06808,0.19666,0.98161,0,0,56143
278.910000,432.452429,0.79339,-1.83090,-1.70884,-0.06905,0.20496,0.97576,0,0,56144
278.915000,432.467414,1.15957,-1.52575,-1.15957,-0.06686,0.20862,0.97380,0,0,56145
278.920000,432.467414,0.85442,-0.67133,-0.73236,-0.06490,0.20667,0.97746,0,0,56146
278.925000,432.467414,0.61030,-0.36618,-0.42721,-0.06539,0.20545,0.98259,0,0,56147
278.930000,432.482482,0.18309,-0.48824,-0.12206,-0.06588,0.20398,0.98600,0,0,56148
278.935000,432.482482,-0.24412,-0.61030,0.18309,-0.06417,0.20252,0.99064,0,0,56149
278.940000,432.482482,-0.48824,-0.42721,0.73236,-0.06320,0.20252,0.99747,0,0,56150
278.945000,432.497519,-0.54927,-0.18309,1.22060,-0.06393,0.20008,1.00186,0,0,56151
278.950000,432.497519,-0.48824,-0.48824,1.64781,-0.06734,0.19691,1.00308,0,0,56152
278.955000,432.497519,-0.18309,-0.67133,2.07502,-0.06661,0.18983,1.00186,0,0,56153
278.960000,432.512535,0.24412,-0.48824,2.13605,-0.06490,0.18056,1.00064,0,0,56154
278.965000,432.512535,0.91545,-0.36618,1.83090,-0.06612,0.17397,1.00211,0,0,56155
278.970000,432.512535,1.28163,-0.42721,1.46472,-0.06905,0.17178,1.00260,0,0,56156
278.975000,432.527535,1.70884,-0.54927,1.09854,-0.07125,0.17129,1.00406,0,0,56157
278.980000,432.527535,2.25811,-0.61030,0.67133,-0.07393,0.17275,1.00796,0,0,56158
278.985000,432.527535,2.74635,-0.67133,0.30515,-0.07564,0.17470,1.01309,0,0,56159
278.990000,432.542406,2.92944,-0.97648,0.18309,-0.07686,0.17690,1.01748,0,0,56160
278.995000,432.542406,2.86841,-1.34266,0.30515,-0.07808,0.17763,1.01846,0,0,56161
279.000000,432.542406,2.99047,-1.40369,0.30515,-0.07906,0.17495,1.01919,0,0,56162
279.005000,432.557352,2.86841,-1.58678,0.24412,-0.07784,0.17178,1.02309,0,0,56163
279.010000,432.557352,2.25811,-1.76987,0.24412,-0.07540,0.16787,1.02480,0,0,56164
279.015000,432.557352,1.15957,-1.95296,-0.06103,-0.07637,0.16592,1.02236,0,0,56165
279.020000,432.572723,0.12206,-2.01399,-0.61030,-0.08101,0.16494,1.01968,0,0,56166
279.025000,432.572723,-0.79339,-2.07502,-1.03751,-0.08369,0.16226,1.01699,0,0,56167
279.030000,432.572723,-1.09854,-2.01399,-1.34266,-0.08247,0.15909,1.01406,0,0,56168
279.035000,432.587334,-1.03751,-2.07502,-1.09854,-0.08223,0.15470,1.01602,0,0,56169
279.040000,432.587334,-0.42721,-2.38017,-0.67133,-0.08394,0.15104,1.01699,0,0,56170
279.045000,432.587334,0.79339,-2.92944,-0.48824,-0.08833,0.14786,1.01748,0,0,56171
279.050000,432.602745,1.40369,-3.05150,-0.73236,-0.09199,0.14738,1.01748,0,0,56172
279.055000,432.602745,2.07502,-3.29562,-1.15957,-0.09418,0.14494,1.02163,0,0,56173
279.060000,432.602745,2.80738,-3.35665,-1.15957,-0.09467,0.14128,1.02700,0,0,56174
279.065000,432.617759,3.60077,-3.60077,-0.85442,-0.09272,0.13859,1.03383,0,0,56175
279.070000,432.617759,3.96695,-3.84489,-0.73236,-0.09516,0.13371,1.03944,0,0,56176
279.075000,432.617759,4.57725,-4.21107,-0.79339,-0.09882,0.12956,1.04505,0,0,56177
279.080000,432.632507,5.85888,-4.33313,-0.97648,-0.10248,0.12566,1.05310,0,0,56178
279.085000,432.632507,7.14051,-4.21107,-0.91545,-0.10443,0.12200,1.06335,0,0,56179
279.090000,432.632507,9.03244,-4.63828,-0.42721,-0.10931,0.12029,1.07897,0,0,56180
279.095000,432.647420,10.43613,-5.37064,0.00000,-0.11492,0.11883,1.09458,0,0,56181
279.100000,432.647420,11.16849,-5.98094,0.30515,-0.12054,0.11370,1.10556,0,0,56182
279.105000,432.647420,10.74128,-6.40815,0.30515,-0.12444,0.10126,1.11240,0,0,56183
279.110000,432.662712,9.33759,-6.34712,-0.12206,-0.12590,0.08564,1.11630,0,0,56184
279.115000,432.662712,6.71330,-5.91991,-1.15957,-0.12737,0.06856,1.12289,0,0,56185
279.120000,432.662712,4.21107,-5.37064,-2.19708,-0.12981,0.05588,1.13167,0,0,56186
279.125000,432.677358,1.70884,-5.37064,-3.47871,-0.13225,0.04538,1.13875,0,0,56187
279.130000,432.677358,-0.24412,-5.98094,-5.06549,-0.13859,0.03733,1.14875,0,0,56188
279.135000,432.677358,-1.58678,-7.20154,-7.20154,-0.14176,0.03026,1.15754,0,0,56189
279.140000,432.692537,-1.83090,-8.23905,-8.84935,-0.14006,0.02538,1.16388,0,0,56190
279.145000,432.692537,-1.52575,-9.70377,-10.25304,-0.14054,0.02269,1.16486,0,0,56191
279.150000,432.692537,-1.09854,-11.53467,-11.47364,-0.14298,0.02220,1.16193,0,0,56192
279.155000,432.707634,-0.73236,-12.93836,-12.69424,-0.14445,0.02416,1.15461,0,0,56193
279.160000,432.707634,-0.54927,-14.46411,-14.34205,-0.13957,0.02660,1.14216,0,0,56194
279.165000,432.707634,-1.09854,-15.07441,-15.56265,-0.13347,0.02806,1.13143,0,0,56195
279.170000,432.722653,-1.58678,-15.44059,-16.78325,-0.13078,0.03050,1.12264,0,0,56196
279.175000,432.722653,-1.89193,-15.92883,-18.06488,-0.12883,0.03440,1.11508,0,0,56197
279.180000,432.722653,-2.01399,-16.41707,-19.28548,-0.12542,0.03953,1.11044,0,0,56198
279.185000,432.737653,-1.89193,-16.78325,-20.13990,-0.12298,0.04538,1.10971,0,0,56199
279.190000,432.737653,-0.97648,-17.21046,-20.87226,-0.12200,0.05173,1.11044,0,0,56200
279.195000,432.737653,-0.12206,-17.63767,-21.17741,-0.11932,0.05636,1.11288,0,0,56201
279.200000,432.752463,0.54927,-18.18694,-21.66565,-0.11444,0.06344,1.11288,0,0,56202
279.205000,432.752463,0.73236,-18.79724,-22.15389,-0.11126,0.07320,1.10849,0,0,56203
279.210000,432.752463,0.06103,-19.10239,-22.15389,-0.11029,0.08272,1.10239,0,0,56204
279.215000,432.767385,-1.52575,-19.28548,-21.78771,-0.10980,0.08979,1.09776,0,0,56205
279.220000,432.767385,-2.74635,-19.34651,-21.84874,-0.11175,0.09467,1.09385,0,0,56206
279.225000,432.767385,-3.96695,-19.10239,-22.64213,-0.10687,0.09272,1.09263,0,0,56207
279.230000,432.782730,-4.57725,-19.16342,-23.37449,-0.09565,0.08638,1.08946,0,0,56208
279.235000,432.782730,-5.73682,-19.46857,-23.43552,-0.09540,0.08418,1.09483,0,0,56209
279.240000,432.782730,-6.22506,-20.32299,-23.61861,-0.09687,0.08296,1.09044,0,0,56210
279.245000,432.797493,-5.73682,-21.11638,-24.47303,-0.09711,0.08369,1.08507,0,0,56211
279.250000,432.797493,-4.94343,-21.60462,-25.87672,-0.09711,0.08735,1.08043,0,0,56212
279.255000,432.797493,-3.72283,-22.21492,-26.85320,-0.09321,0.09296,1.07482,0,0,56213
279.260000,432.812461,-2.62429,-23.43552,-27.52453,-0.08784,0.09931,1.06408,0,0,56214
279.265000,432.812461,-1.89193,-23.92376,-27.52453,-0.08296,0.10638,1.06067,0,0,56215
279.270000,432.812461,-0.48824,-24.10685,-27.09732,-0.07881,0.11175,1.06091,0,0,56216
279.275000,432.827290,1.83090,-24.41200,-26.67011,-0.07686,0.11346,1.06457,0,0,56217
279.280000,432.827290,4.15004,-24.96127,-26.36496,-0.07271,0.11078,1.07116,0,0,56218
279.285000,432.827290,6.83536,-25.63260,-26.24290,-0.06393,0.10760,1.07946,0,0,56219
279.290000,432.842529,7.68978,-25.99878,-26.12084,-0.05710,0.10760,1.08653,0,0,56220
279.295000,432.842529,7.14051,-26.30393,-25.99878,-0.05319,0.10931,1.09263,0,0,56221
279.300000,432.842529,5.73682,-26.73114,-26.36496,-0.04978,0.11078,1.09629,0,0,56222
279.305000,432.857697,3.90592,-27.21938,-27.21938,-0.04831,0.11566,1.09702,0,0,56223
279.310000,432.857697,0.97648,-27.28041,-28.43998,-0.05026,0.12590,1.09800,0,0,56224
279.315000,432.857697,-1.58678,-27.09732,-29.47749,-0.05222,0.13932,1.09800,0,0,56225
279.320000,432.872275,-3.78386,-27.09732,-30.39294,-0.05100,0.15226,1.09458,0,0,56226
279.325000,432.872275,-5.30961,-27.15835,-31.00324,-0.04636,0.16324,1.08507,0,0,56227
279.330000,432.872275,-5.91991,-27.21938,-31.06427,-0.04270,0.17226,1.07702,0,0,56228
279.335000,432.887337,-5.79785,-27.52453,-30.82015,-0.04075,0.18178,1.07214,0,0,56229
279.340000,432.887337,-4.02798,-28.13483,-29.90470,-0.04148,0.19178,1.06823,0,0,56230
279.345000,432.887337,-1.46472,-28.98925,-29.17234,-0.04221,0.19910,1.06604,0,0,56231
279.350000,432.902674,1.46472,-30.14882,-28.31792,-0.04075,0.20374,1.06262,0,0,56232
279.355000,432.902674,3.72283,-31.36942,-27.40247,-0.03538,0.20740,1.05628,0,0,56233
279.360000,432.902674,5.12652,-32.22384,-26.48702,-0.03099,0.20911,1.04969,0,0,56234
279.365000,432.917442,5.67579,-32.65105,-25.69363,-0.02635,0.20618,1.04017,0,0,56235
279.370000,432.917442,5.30961,-32.34590,-25.14436,-0.02489,0.20130,1.03407,0,0,56236
279.375000,432.917442,4.21107,-32.04075,-24.90024,-0.02220,0.19349,1.02675,0,0,56237
279.380000,432.932442,2.56326,-31.85766,-25.14436,-0.01635,0.18373,1.01699,0,0,56238
279.385000,432.932442,0.48824,-31.55251,-25.75466,-0.01098,0.17885,1.00943,0,0,56239
279.390000,432.932442,-2.13605,-31.06427,-26.54805,-0.00756,0.17958,1.00260,0,0,56240
279.395000,432.947691,-3.96695,-30.69809,-27.21938,-0.00488,0.18227,0.99479,0,0,56241
279.400000,432.947691,-5.49270,-30.51500,-27.89071,-0.00098,0.18812,0.98454,0,0,56242
279.405000,432.947691,-6.89639,-30.33191,-28.62307,0.00512,0.19422,0.97161,0,0,56243
279.410000,432.962605,-8.54420,-30.14882,-29.29440,0.01049,0.20106,0.95477,0,0,56244
279.415000,432.962605,-11.04643,-29.90470,-30.27088,0.01391,0.20569,0.93476,0,0,56245
279.420000,432.962605,-12.93836,-29.17234,-31.06427,0.01635,0.21277,0.91793,0,0,56246
279.425000,432.977412,-14.34205,-28.37895,-31.73560,0.02245,0.21936,0.90329,0,0,56247
279.430000,432.977412,-15.44059,-28.07380,-32.65105,0.03196,0.22448,0.88572,0,0,56248
279.435000,432.977412,-16.90531,-27.82968,-34.05474,0.04343,0.23400,0.86620,0,0,56249
279.440000,432.992375,-17.75973,-27.28041,-34.90916,0.05124,0.24815,0.84790,0,0,56250
279.445000,432.992375,-17.45458,-26.67011,-35.15328,0.05856,0.26328,0.83082,0,0,56251
279.450000,432.992375,-16.90531,-25.93775,-34.60401,0.06393,0.28231,0.81594,0,0,56252
279.455000,433.007314,-15.62368,-25.57157,-33.38341,0.06612,0.29695,0.80276,0,0,56253
279.460000,433.007314,-13.30454,-25.38848,-32.10178,0.07174,0.30768,0.78373,0,0,56254
279.465000,433.007314,-11.65673,-24.96127,-31.06427,0.08223,0.31403,0.76470,0,0,56255
279.470000,433.022701,-9.94789,-23.98479,-29.78264,0.09296,0.32330,0.75128,0,0,56256
279.475000,433.022701,-8.17802,-22.76419,-27.89071,0.10858,0.32964,0.74396,0,0,56257
279.480000,433.022701,-6.65227,-21.90977,-25.87672,0.12298,0.33208,0.73761,0,0,56258
279.485000,433.037469,-5.30961,-21.05535,-24.35097,0.13200,0.33892,0.73054,0,0,56259
279.490000,433.037469,-3.84489,-19.83475,-22.82522,0.13664,0.35038,0.72322,0,0,56260
279.495000,433.037469,-2.62429,-18.61415,-21.48256,0.14542,0.35941,0.71980,0,0,56261
279.500000,433.052715,-1.46472,-17.39355,-20.01784,0.15616,0.36624,0.71736,0,0,56262
279.505000,433.052715,-0.36618,-16.11192,-18.24797,0.16128,0.37430,0.71541,0,0,56263
279.510000,433.052715,0.67133,-14.64720,-16.11192,0.16031,0.37796,0.71809,0,0,56264
279.515000,433.067392,1.83090,-12.69424,-13.48763,0.15616,0.37722,0.72468,0,0,56265
279.520000,433.067392,2.50223,-11.41261,-11.90085,0.15396,0.37137,0.73005,0,0,56266
279.525000,433.067392,3.17356,-10.43613,-10.92437,0.15104,0.36454,0.73712,0,0,56267
279.530000,433.082687,3.84489,-9.58171,-10.25304,0.14762,0.35697,0.74347,0,0,56268
279.535000,433.082687,4.76034,-8.84935,-9.39862,0.14542,0.34648,0.75030,0,0,56269
279.540000,433.082687,5.85888,-8.05596,-8.23905,0.14396,0.33672,0.75933,0,0,56270
279.545000,433.097451,5.79785,-7.20154,-7.68978,0.14445,0.32696,0.76933,0,0,56271
279.550000,433.097451,5.00446,-6.28609,-7.93390,0.14689,0.32110,0.77909,0,0,56272
279.555000,433.097451,3.72283,-5.30961,-7.99493,0.14616,0.32037,0.78641,0,0,56273
279.560000,433.112486,1.76987,-4.08901,-8.05596,0.14420,0.32232,0.78983,0,0,56274
279.565000,433.112486,0.54927,-3.05150,-7.81184,0.14079,0.32647,0.79422,0,0,56275
279.570000,433.112486,0.12206,-1.83090,-7.32360,0.13615,0.32842,0.80227,0,0,56276
279.575000,433.128729,0.30515,-1.03751,-6.71330,0.13298,0.32574,0.81179,0,0,56277
279.580000,433.128729,0.79339,-0.73236,-6.22506,0.13371,0.32403,0.81667,0,0,56278
279.585000,433.128729,1.46472,-0.67133,-5.91991,0.13274,0.32501,0.82179,0,0,56279
279.590000,433.142659,1.95296,-0.30515,-5.43167,0.13176,0.32623,0.82618,0,0,56280
279.595000,433.142659,2.50223,0.12206,-4.57725,0.12859,0.32672,0.83302,0,0,56281
279.600000,433.142659,3.41768,0.30515,-3.47871,0.12615,0.32330,0.83863,0,0,56282
279.605000,433.157418,4.63828,0.42721,-2.44120,0.12615,0.31574,0.84107,0,0,56283
279.610000,433.157418,5.67579,0.54927,-1.76987,0.12176,0.30866,0.84204,0,0,56284
279.615000,433.157418,6.22506,0.73236,-1.46472,0.11712,0.30256,0.84302,0,0,56285
279.620000,433.172768,6.59124,1.09854,-1.46472,0.12420,0.29622,0.84229,0,0,56286
279.625000,433.172768,6.65227,1.76987,-1.03751,0.12786,0.29402,0.84644,0,0,56287
279.630000,433.172768,6.83536,2.38017,-0.48824,0.12200,0.29378,0.85717,0,0,56288
279.635000,433.187365,7.44566,2.99047,-0.12206,0.11761,0.29329,0.86864,0,0,56289
279.640000,433.187365,8.05596,3.41768,0.06103,0.11614,0.29207,0.88157,0,0,56290
279.645000,433.187365,8.91038,3.66180,0.18309,0.11444,0.29109,0.89206,0,0,56291
279.650000,433.202773,9.70377,3.41768,0.54927,0.11248,0.29280,0.90207,0,0,56292
279.655000,433.202773,10.55819,3.29562,0.91545,0.11297,0.29475,0.91183,0,0,56293
279.660000,433.202773,11.59570,3.53974,1.64781,0.11297,0.29622,0.92012,0,0,56294
279.665000,433.217711,12.20600,4.45519,2.62429,0.10882,0.29622,0.93013,0,0,56295
279.670000,433.217711,11.83982,5.55373,3.90592,0.10224,0.29719,0.94330,0,0,56296
279.675000,433.217711,10.55819,6.59124,5.61476,0.09589,0.29695,0.96087,0,0,56297
279.680000,433.232448,8.48317,7.56772,6.83536,0.09126,0.28865,0.97405,0,0,56298
279.685000,433.232448,5.67579,8.66626,7.56772,0.08589,0.27572,0.98674,0,0,56299
279.690000,433.232448,1.95296,10.13098,7.93390,0.07979,0.25766,1.00284,0,0,56300
279.695000,433.247320,-0.42721,10.68025,7.81184,0.07393,0.24156,1.01675,0,0,56301
279.700000,433.247320,-1.83090,10.55819,7.50669,0.06856,0.22448,1.02626,0,0,56302
279.705000,433.247320,-2.19708,9.52068,7.20154,0.06905,0.21008,1.02919,0,0,56303
279.710000,433.262722,-1.89193,8.78832,6.83536,0.06905,0.20081,1.02846,0,0,56304
279.715000,433.262722,-1.15957,7.99493,6.10300,0.06124,0.19398,1.03480,0,0,56305
279.720000,433.262722,-0.36618,7.75081,5.00446,0.05734,0.18886,1.04115,0,0,56306
279.725000,433.277451,0.12206,7.44566,3.60077,0.05856,0.18739,1.04652,0,0,56307
279.730000,433.277451,-0.36618,6.95742,2.25811,0.05783,0.18837,1.05066,0,0,56308
279.735000,433.277451,-2.50223,6.16403,0.79339,0.05417,0.19008,1.05628,0,0,56309
279.740000,433.292273,-4.39416,5.61476,-0.42721,0.05588,0.19154,1.05896,0,0,56310
279.745000,433.292273,-6.10300,5.12652,-1.28163,0.05929,0.19178,1.05872,0,0,56311
279.750000,433.292273,-6.89639,4.45519,-2.01399,0.06222,0.19398,1.05750,0,0,56312
279.755000,433.307714,-6.65227,3.29562,-2.31914,0.06466,0.19740,1.04700,0,0,56313
279.760000,433.307714,-5.30961,2.01399,-2.01399,0.06808,0.19935,1.03139,0,0,56314
279.765000,433.307714,-3.53974,1.83090,-1.34266,0.06881,0.20081,1.01943,0,0,56315
279.770000,433.322370,-1.34266,1.95296,-0.18309,0.06759,0.20350,1.00918,0,0,56316
279.775000,433.322370,0.61030,1.95296,1.40369,0.06661,0.20813,1.00552,0,0,56317
279.780000,433.322370,1.95296,1.95296,2.80738,0.06783,0.20789,1.00430,0,0,56318
279.785000,433.337361,2.44120,2.50223,3.72283,0.06295,0.20472,1.00016,0,0,56319
279.790000,433.337361,1.76987,3.35665,4.15004,0.05734,0.19886,1.00162,0,0,56320
279.795000,433.337361,0.67133,4.08901,4.33313,0.05466,0.19105,1.00406,0,0,56321
279.800000,433.352350,-0.67133,4.39416,4.15004,0.05295,0.18154,1.00552,0,0,56322
279.805000,433.352350,-2.19708,4.51622,3.60077,0.05319,0.17519,1.00626,0,0,56323
279.810000,433.352350,-3.66180,4.45519,2.56326,0.05490,0.17080,1.00699,0,0,56324
279.815000,433.367446,-4.15004,4.45519,1.46472,0.05563,0.16860,1.00748,0,0,56325
279.820000,433.367446,-4.02798,4.15004,0.54927,0.05758,0.17056,1.00699,0,0,56326
279.825000,433.367446,-3.72283,3.60077,0.00000,0.05929,0.17324,1.00308,0,0,56327
279.830000,433.382359,-3.23459,2.92944,-0.18309,0.06124,0.17739,0.99454,0,0,56328
279.835000,433.382359,-2.44120,2.44120,-0.12206,0.06466,0.18154,0.98649,0,0,56329
279.840000,433.382359,-0.97648,2.19708,-0.06103,0.06612,0.18495,0.98088,0,0,56330
279.845000,433.397331,-0.06103,2.25811,0.06103,0.06295,0.18837,0.97917,0,0,56331
279.850000,433.397331,0.85442,2.56326,0.48824,0.06198,0.18886,0.98015,0,0,56332
279.855000,433.397331,1.03751,3.05150,0.91545,0.06368,0.19056,0.98600,0,0,56333
279.860000,433.412348,0.36618,2.80738,0.85442,0.06417,0.19300,0.99186,0,0,56334
279.865000,433.412348,-0.54927,2.92944,1.03751,0.06564,0.19374,0.99747,0,0,56335
279.870000,433.412348,-1.52575,3.23459,1.40369,0.06612,0.19496,1.00333,0,0,56336
279.875000,433.427761,-2.25811,3.29562,1.76987,0.06246,0.19642,1.00772,0,0,56337
279.880000,433.427761,-2.56326,3.17356,1.89193,0.06051,0.19398,1.00870,0,0,56338
279.885000,433.427761,-2.31914,2.92944,2.13605,0.06027,0.19105,1.00796,0,0,56339
279.890000,433.442653,-1.89193,2.56326,2.19708,0.06173,0.18788,1.00821,0,0,56340
279.895000,433.442653,-1.22060,2.19708,2.13605,0.06246,0.18422,1.00772,0,0,56341
279.900000,433.442653,-0.18309,1.70884,2.07502,0.06320,0.18080,1.00601,0,0,56342
279.905000,433.457601,1.28163,1.09854,2.19708,0.06271,0.17690,1.00504,0,0,56343
279.910000,433.457601,3.17356,0.48824,2.68532,0.05734,0.17495,1.00382,0,0,56344
279.915000,433.457601,4.27210,0.18309,2.86841,0.05270,0.17129,1.00357,0,0,56345
279.920000,433.487480,4.63828,0.18309,2.56326,0.05417,0.16372,1.00138,0,0,56346
279.925000,433.487480,4.33313,0.30515,1.83090,0.05783,0.15470,1.00016,0,0,56347
279.930000,433.487480,3.29562,0.61030,1.03751,0.05563,0.15152,1.00186,0,0,56348
279.935000,433.488563,1.83090,0.85442,0.24412,0.05490,0.15079,1.00626,0,0,56349
279.940000,433.488563,0.12206,1.09854,-1.03751,0.05978,0.15177,1.00845,0,0,56350
279.945000,433.488563,-0.91545,1.09854,-2.38017,0.05954,0.15738,1.01138,0,0,56351
279.950000,433.503853,-1.95296,0.85442,-3.53974,0.05734,0.16616,1.01211,0,0,56352
279.955000,433.503853,-2.62429,0.30515,-4.08901,0.06076,0.17641,1.00626,0,0,56353
279.960000,433.503853,-3.60077,0.30515,-4.39416,0.06149,0.18715,1.00186,0,0,56354
279.965000,433.518639,-4.21107,0.54927,-4.39416,0.06393,0.19544,0.99747,0,0,56355
279.970000,433.518639,-4.39416,0.85442,-4.21107,0.06588,0.20520,0.99308,0,0,56356
279.975000,433.518639,-4.57725,0.85442,-3.72283,0.06564,0.21570,0.99088,0,0,56357
279.980000,433.532600,-4.51622,0.73236,-3.11253,0.06612,0.22082,0.98771,0,0,56358
279.985000,433.532600,-3.96695,0.61030,-2.31914,0.06588,0.22277,0.98649,0,0,56359
279.990000,433.532600,-2.44120,0.54927,-0.91545,0.06783,0.21936,0.98527,0,0,56360
279.995000,433.547732,-1.09854,0.42721,0.36618,0.06686,0.21399,0.98625,0,0,56361
280.000000,433.547732,0.06103,0.24412,1.52575,0.06759,0.20838,0.98674,0,0,56362
280.005000,433.547732,0.91545,-0.18309,2.25811,0.06710,0.20569,0.98649,0,0,56363
280.010000,433.562476,1.22060,-0.61030,2.74635,0.06710,0.20301,0.98649,0,0,56364
280.015000,433.562476,1.09854,-0.73236,3.11253,0.06661,0.20203,0.98210,0,0,56365
280.020000,433.562476,0.18309,-0.42721,3.11253,0.06515,0.20203,0.97551,0,0,56366
280.025000,433.577598,-1.15957,0.00000,2.99047,0.06515,0.19984,0.96746,0,0,56367
280.030000,433.577598,-2.68532,0.54927,2.62429,0.06759,0.19374,0.96258,0,0,56368
280.035000,433.577598,-3.84489,1.76987,2.19708,0.07222,0.18593,0.96136,0,0,56369
280.040000,433.592394,-3.78386,2.44120,1.64781,0.07393,0.18032,0.96429,0,0,56370
280.045000,433.592394,-3.29562,2.62429,0.79339,0.07149,0.17958,0.96892,0,0,56371
280.050000,433.592394,-2.01399,2.31914,0.36618,0.07149,0.18324,0.97258,0,0,56372
280.055000,433.607713,-0.24412,1.95296,0.06103,0.07515,0.18764,0.97502,0,0,56373
280.060000,433.607713,1.22060,1.89193,0.24412,0.07466,0.19252,0.98161,0,0,56374
280.065000,433.607713,1.58678,1.83090,0.67133,0.07174,0.19837,0.98698,0,0,56375
280.070000,433.622446,1.40369,1.95296,1.15957,0.06783,0.20374,0.99308,0,0,56376
280.075000,433.622446,0.91545,2.01399,1.40369,0.06539,0.20813,1.00089,0,0,56377
280.080000,433.622446,0.12206,1.89193,1.52575,0.06490,0.20740,1.00455,0,0,56378
280.085000,433.637401,-0.79339,2.01399,1.76987,0.06271,0.20520,1.00504,0,0,56379
280.090000,433.637401,-1.22060,2.01399,2.01399,0.06198,0.20374,1.00528,0,0,56380
280.095000,433.637401,-1.28163,1.89193,2.44120,0.06149,0.20252,1.00382,0,0,56381
280.100000,433.652546,-1.28163,1.64781,2.80738,0.06222,0.19837,0.99942,0,0,56382
280.105000,433.652546,-1.28163,1.46472,2.92944,0.06173,0.19325,0.99650,0,0,56383
280.110000,433.652546,-1.22060,0.97648,2.92944,0.05856,0.18739,0.99162,0,0,56384
280.115000,433.667459,-1.22060,0.85442,2.86841,0.05758,0.18251,0.98503,0,0,56385
280.120000,433.667459,-1.09854,1.09854,2.50223,0.05783,0.17788,0.97820,0,0,56386
280.125000,433.667459,-0.91545,1.22060,2.25811,0.05319,0.17763,0.97551,0,0,56387
280.130000,433.682335,-0.30515,1.09854,2.13605,0.05246,0.17300,0.97307,0,0,56388
280.135000,433.682335,0.42721,1.09854,1.89193,0.05197,0.17153,0.97112,0,0,56389
280.140000,433.682335,1.46472,1.15957,1.52575,0.05124,0.17275,0.97112,0,0,56390
280.145000,433.697304,2.01399,1.40369,1.34266,0.05588,0.17348,0.97258,0,0,56391
280.150000,433.697304,2.56326,1.76987,1.15957,0.06149,0.17397,0.97502,0,0,56392
280.155000,433.697304,2.80738,1.70884,1.28163,0.05783,0.17885,0.98161,0,0,56393
280.160000,433.712453,2.31914,1.76987,1.52575,0.05392,0.18251,0.99015,0,0,56394
280.165000,433.712453,1.89193,1.76987,1.64781,0.06002,0.18276,0.99698,0,0,56395
280.170000,433.712453,0.73236,1.83090,1.76987,0.06246,0.18544,1.00357,0,0,56396
280.175000,433.727699,-0.30515,1.70884,2.07502,0.05905,0.18764,1.00479,0,0,56397
280.180000,433.727699,-0.85442,1.70884,2.74635,0.05612,0.18812,1.00235,0,0,56398
280.185000,433.727699,-0.97648,1.95296,3.11253,0.05417,0.18300,1.00211,0,0,56399
280.190000,433.742413,-0.85442,2.25811,3.41768,0.05319,0.17592,1.00357,0,0,56400
280.195000,433.742413,-0.85442,2.13605,3.66180,0.05246,0.16934,1.00455,0,0,56401
280.200000,433.742413,-0.85442,1.70884,3.84489,0.04880,0.16616,1.00504,0,0,56402
280.205000,433.757670,-0.73236,1.46472,3.66180,0.04343,0.16250,1.00308,0,0,56403
280.210000,433.757670,-0.73236,1.34266,3.29562,0.04782,0.15445,0.99918,0,0,56404
280.215000,433.757670,-0.91545,1.40369,2.80738,0.05222,0.14811,0.99967,0,0,56405
280.220000,433.772385,-0.91545,1.09854,2.19708,0.04660,0.14616,0.99967,0,0,56406
280.225000,433.772385,-0.54927,0.48824,1.34266,0.04246,0.14567,0.99747,0,0,56407
280.230000,433.772385,0.12206,0.06103,0.48824,0.04929,0.14445,0.99406,0,0,56408
280.235000,433.787403,0.85442,-0.12206,-0.24412,0.05880,0.14738,0.99186,0,0,56409
280.240000,433.787403,1.76987,-0.61030,-0.79339,0.05783,0.15543,0.99015,0,0,56410
280.245000,433.787403,1.89193,-0.73236,-1.03751,0.05197,0.16543,0.98698,0,0,56411
280.250000,433.802784,1.76987,-0.24412,-1.64781,0.05832,0.17300,0.98430,0,0,56412
280.255000,433.802784,0.73236,0.73236,-2.13605,0.06710,0.17983,0.98527,0,0,56413
280.260000,433.802784,-0.54927,1.46472,-2.13605,0.06759,0.18861,0.98966,0,0,56414
280.265000,433.817415,-1.28163,1.46472,-1.64781,0.06295,0.19422,0.99235,0,0,56415
280.270000,433.817415,-1.52575,1.15957,-0.97648,0.05856,0.20008,0.99308,0,0,56416
280.275000,433.817415,-1.46472,0.91545,-0.42721,0.05832,0.20130,0.99137,0,0,56417
280.280000,433.832629,-1.03751,0.67133,0.06103,0.06100,0.20008,0.99137,0,0,56418
280.285000,433.832629,-0.12206,0.42721,0.97648,0.06344,0.19935,0.98844,0,0,56419
280.290000,433.832629,0.67133,0.30515,1.76987,0.06344,0.19715,0.98405,0,0,56420
280.295000,433.847398,1.15957,0.42721,2.50223,0.06002,0.19422,0.98210,0,0,56421
280.300000,433.847398,1.15957,1.03751,3.23459,0.05929,0.19032,0.98308,0,0,56422
280.305000,433.847398,1.03751,1.70884,3.78386,0.05880,0.17934,0.98844,0,0,56423
280.310000,433.862504,1.34266,2.01399,3.66180,0.05710,0.16714,0.99284,0,0,56424
280.315000,433.862504,1.64781,1.95296,3.05150,0.05807,0.15616,0.99601,0,0,56425
280.320000,433.862504,1.83090,1.52575,2.25811,0.05734,0.15006,1.00016,0,0,56426
280.325000,433.877383,1.70884,1.09854,1.46472,0.05563,0.14884,1.00284,0,0,56427
280.330000,433.877383,0.97648,0.67133,0.12206,0.05368,0.15030,1.00357,0,0,56428
280.335000,433.877383,0.18309,0.48824,-0.97648,0.05319,0.15396,1.00211,0,0,56429
280.340000,433.892372,-1.03751,0.54927,-1.95296,0.05319,0.16177,0.99796,0,0,56430
280.345000,433.892372,-2.19708,0.67133,-2.56326,0.05100,0.16763,0.99357,0,0,56431
280.350000,433.892372,-2.44120,0.91545,-2.50223,0.05026,0.17324,0.99064,0,0,56432
280.355000,433.907701,-2.13605,0.73236,-2.31914,0.05026,0.17544,0.98869,0,0,56433
280.360000,433.907701,-1.64781,0.48824,-2.19708,0.04880,0.17690,0.98893,0,0,56434
280.365000,433.907701,-1.28163,0.18309,-2.07502,0.05392,0.17666,0.98869,0,0,56435
280.370000,433.922712,-0.91545,0.18309,-1.83090,0.05807,0.17495,0.98649,0,0,56436
280.375000,433.922712,-0.48824,0.24412,-1.28163,0.05710,0.17617,0.98796,0,0,56437
280.380000,433.922712,0.18309,0.24412,-0.85442,0.05392,0.17470,0.98869,0,0,56438
280.385000,433.937718,0.97648,0.18309,-0.36618,0.05344,0.17153,0.98649,0,0,56439
280.390000,433.937718,1.95296,0.54927,0.18309,0.05392,0.17031,0.98796,0,0,56440
280.395000,433.937718,2.25811,0.73236,0.61030,0.05051,0.17104,0.99186,0,0,56441
280.400000,433.952458,2.25811,0.36618,0.67133,0.04563,0.17202,0.99040,0,0,56442
280.405000,433.952458,2.13605,-0.06103,0.36618,0.04514,0.17544,0.98259,0,0,56443
280.410000,433.952458,2.01399,0.18309,0.06103,0.04685,0.17763,0.97551,0,0,56444
280.415000,433.967322,1.52575,1.34266,0.00000,0.04904,0.17836,0.97429,0,0,56445
280.420000,433.967322,0.73236,2.19708,0.12206,0.04514,0.17714,0.97624,0,0,56446
280.425000,433.967322,-0.06103,2.68532,0.00000,0.04514,0.17202,0.97795,0,0,56447
280.430000,433.982420,-0.54927,2.86841,-0.30515,0.05002,0.16909,0.98210,0,0,56448
280.435000,433.982420,-0.48824,2.74635,-0.48824,0.04953,0.16812,0.98771,0,0,56449
280.440000,433.982420,0.24412,2.50223,-0.42721,0.04929,0.16787,0.99235,0,0,56450
280.445000,433.997358,0.61030,2.44120,-0.36618,0.05051,0.16836,0.99576,0,0,56451
280.450000,433.997358,0.06103,2.44120,-0.48824,0.05270,0.17031,0.99650,0,0,56452
280.455000,433.997358,-0.91545,2.44120,-0.73236,0.05002,0.17519,0.99942,0,0,56453
280.460000,434.012352,-3.17356,2.92944,-0.61030,0.04636,0.17739,1.00235,0,0,56454
280.465000,434.012352,-4.82137,3.17356,-0.61030,0.04734,0.17592,1.00260,0,0,56455
280.470000,434.012352,-5.98094,3.05150,-0.91545,0.05051,0.17300,1.00064,0,0,56456
280.475000,434.027537,-5.91991,2.68532,-1.22060,0.05270,0.17129,0.99820,0,0,56457
280.480000,434.027537,-5.06549,2.50223,-1.28163,0.05197,0.17056,0.99796,0,0,56458
280.485000,434.027537,-4.57725,2.74635,-1.22060,0.05100,0.17129,0.99674,0,0,56459
280.490000,434.042453,-4.27210,2.86841,-1.15957,0.05075,0.17348,0.99576,0,0,56460
280.495000,434.042453,-4.02798,2.50223,-0.91545,0.05124,0.17617,0.99942,0,0,56461
280.500000,434.042453,-3.53974,2.13605,-0.42721,0.04856,0.17739,1.00186,0,0,56462
280.505000,434.057491,-2.92944,1.95296,-0.24412,0.04368,0.17812,1.00089,0,0,56463
280.510000,434.057491,-1.28163,1.64781,-0.61030,0.04392,0.17641,0.99918,0,0,56464
280.515000,434.057491,0.42721,1.03751,-0.79339,0.04782,0.17495,0.99845,0,0,56465
280.520000,434.072414,2.01399,0.36618,-0.67133,0.04929,0.17641,0.99820,0,0,56466
280.525000,434.072414,3.23459,-0.12206,-0.54927,0.04856,0.18080,0.99894,0,0,56467
280.530000,434.072414,3.96695,-0.42721,-0.48824,0.04636,0.18398,1.00138,0,0,56468
280.535000,434.087427,3.53974,-0.61030,-0.91545,0.04197,0.18593,1.00064,0,0,56469
280.540000,434.087427,2.86841,-1.03751,-1.58678,0.04636,0.18471,0.99698,0,0,56470
280.545000,434.087427,2.07502,-1.40369,-1.83090,0.05441,0.18251,0.98918,0,0,56471
280.550000,434.102471,1.28163,-1.34266,-1.64781,0.05539,0.18056,0.98259,0,0,56472
280.555000,434.102471,0.79339,-1.15957,-1.70884,0.05344,0.18105,0.97356,0,0,56473
280.560000,434.102471,0.42721,-0.85442,-1.76987,0.05246,0.18324,0.96673,0,0,56474
280.565000,434.117391,0.12206,-0.42721,-1.89193,0.05466,0.18593,0.96526,0,0,56475
280.570000,434.117391,-0.30515,0.06103,-1.89193,0.05368,0.18983,0.96844,0,0,56476
280.575000,434.117391,-0.67133,0.54927,-2.01399,0.05246,0.18910,0.97210,0,0,56477
280.580000,434.132457,-0.48824,0.61030,-2.13605,0.05588,0.18812,0.97527,0,0,56478
280.585000,434.132457,-0.12206,0.30515,-2.50223,0.05539,0.18861,0.97551,0,0,56479
280.590000,434.132457,-0.24412,0.36618,-2.86841,0.05661,0.19032,0.96917,0,0,56480
280.595000,434.147292,-1.28163,1.40369,-3.23459,0.06100,0.19154,0.96624,0,0,56481
280.600000,434.147292,-2.80738,2.99047,-3.29562,0.06637,0.19447,0.96502,0,0,56482
280.605000,434.147292,-4.82137,4.45519,-2.50223,0.06686,0.19984,0.97136,0,0,56483
280.610000,434.162318,-5.85888,4.82137,-1.64781,0.06149,0.20350,0.97795,0,0,56484
280.615000,434.162318,-6.34712,5.12652,-1.46472,0.05734,0.20667,0.98161,0,0,56485
280.620000,434.162318,-6.04197,5.18755,-1.58678,0.05612,0.20618,0.98747,0,0,56486
280.625000,434.177281,-4.82137,4.82137,-1.58678,0.05710,0.20618,0.99454,0,0,56487
280.630000,434.177281,-3.11253,3.78386,-0.91545,0.05392,0.20813,0.99942,0,0,56488
280.635000,434.177281,-0.67133,2.25811,0.18309,0.05051,0.20838,0.99698,0,0,56489
280.640000,434.207722,0.67133,1.40369,0.48824,0.04807,0.20691,0.99332,0,0,56490
280.645000,434.207722,1.89193,0.61030,0.36618,0.05197,0.20423,0.98844,0,0,56491
280.650000,434.207722,3.17356,-0.24412,0.61030,0.05661,0.20398,0.98259,0,0,56492
280.655000,434.208554,3.41768,-0.24412,1.22060,0.05466,0.20496,0.98064,0,0,56493
280.660000,434.208554,3.72283,0.12206,2.01399,0.04904,0.20642,0.98064,0,0,56494
280.665000,434.208554,3.35665,0.42721,2.56326,0.05002,0.20423,0.98234,0,0,56495
280.670000,434.222286,2.92944,0.42721,2.80738,0.05148,0.19691,0.98649,0,0,56496
280.675000,434.222286,2.38017,0.67133,2.92944,0.05075,0.19300,0.99064,0,0,56497
280.680000,434.222286,2.13605,0.97648,2.86841,0.04953,0.19203,0.99332,0,0,56498
280.685000,434.237419,1.95296,0.85442,2.44120,0.04978,0.19227,0.99284,0,0,56499
280.690000,434.237419,1.58678,0.79339,1.64781,0.05051,0.19203,0.98771,0,0,56500
280.695000,434.237419,0.91545,0.97648,0.79339,0.04953,0.19325,0.98161,0,0,56501
280.700000,434.252749,-0.12206,1.52575,0.12206,0.04953,0.19447,0.97820,0,0,56502
280.705000,434.252749,-1.89193,2.13605,-0.54927,0.04831,0.19813,0.97576,0,0,56503
280.710000,434.252749,-3.60077,2.50223,-1.15957,0.04904,0.20130,0.97283,0,0,56504
280.715000,434.267534,-4.88240,3.05150,-1.46472,0.05100,0.20545,0.96966,0,0,56505
280.720000,434.267534,-5.06549,3.41768,-0.91545,0.05368,0.21228,0.96868,0,0,56506
280.725000,434.267534,-4.45519,3.47871,0.06103,0.05539,0.21326,0.97161,0,0,56507
280.730000,434.282547,-3.47871,3.53974,0.91545,0.05417,0.21399,0.97380,0,0,56508
280.735000,434.282547,-2.50223,3.66180,1.03751,0.05148,0.21594,0.97844,0,0,56509
280.740000,434.282547,-1.28163,3.35665,0.61030,0.05856,0.21911,0.98210,0,0,56510
280.745000,434.297335,-0.79339,2.92944,0.73236,0.06515,0.22326,0.98674,0,0,56511
280.750000,434.297335,-0.79339,2.56326,1.22060,0.06808,0.23302,0.98747,0,0,56512
280.755000,434.297335,-2.01399,2.56326,1.28163,0.06466,0.24449,0.98308,0,0,56513
280.760000,434.312740,-3.60077,2.44120,0.85442,0.06759,0.25449,0.97307,0,0,56514
280.765000,434.312740,-4.39416,2.31914,0.85442,0.07052,0.26523,0.96356,0,0,56515
280.770000,434.312740,-4.76034,2.50223,1.40369,0.07344,0.27230,0.95014,0,0,56516
280.775000,434.327438,-4.51622,2.68532,1.52575,0.07735,0.27792,0.93769,0,0,56517
280.780000,434.327438,-4.51622,3.17356,1.34266,0.08442,0.28572,0.92647,0,0,56518
280.785000,434.327438,-5.00446,3.72283,1.52575,0.09052,0.29451,0.91842,0,0,56519
280.790000,434.342637,-5.67579,4.33313,2.19708,0.09565,0.30378,0.90792,0,0,56520
280.795000,434.342637,-6.40815,5.12652,3.17356,0.09906,0.31134,0.89792,0,0,56521
280.800000,434.342637,-6.95742,6.04197,4.27210,0.09955,0.31842,0.89304,0,0,56522
280.805000,434.357463,-7.26257,6.83536,5.24858,0.09833,0.32306,0.89182,0,0,56523
280.810000,434.357463,-7.32360,7.68978,6.22506,0.09760,0.32647,0.88840,0,0,56524
280.815000,434.357463,-7.01845,8.23905,7.01845,0.09638,0.33208,0.88304,0,0,56525
280.820000,434.372680,-6.46918,9.03244,8.23905,0.09540,0.33672,0.88011,0,0,56526
280.825000,434.372680,-5.85888,10.00892,10.00892,0.09345,0.33843,0.88377,0,0,56527
280.830000,434.372680,-4.39416,10.86334,12.20600,0.08833,0.33623,0.88938,0,0,56528
280.835000,434.387566,-2.68532,10.49716,13.48763,0.08272,0.33233,0.89377,0,0,56529
280.840000,434.387566,-0.67133,10.49716,15.01338,0.07369,0.32550,0.89914,0,0,56530
280.845000,434.387566,1.95296,10.31407,16.90531,0.06734,0.31427,0.90353,0,0,56531
280.850000,434.402399,5.12652,9.58171,18.49209,0.06417,0.30207,0.90768,0,0,56532
280.855000,434.402399,8.42214,8.78832,19.89578,0.05880,0.28743,0.91207,0,0,56533
280.860000,434.402399,10.68025,8.23905,20.62814,0.04929,0.27450,0.91451,0,0,56534
280.865000,434.417638,12.20600,7.93390,21.05535,0.04221,0.26645,0.91622,0,0,56535
280.870000,434.417638,12.93836,7.87287,21.11638,0.03806,0.25620,0.91866,0,0,56536
280.875000,434.417638,12.57218,7.62875,20.75020,0.04172,0.24888,0.91524,0,0,56537
280.880000,434.432721,10.86334,7.87287,19.71269,0.04490,0.25205,0.90890,0,0,56538
280.885000,434.432721,6.34712,9.09347,18.24797,0.04416,0.26035,0.90475,0,0,56539
280.890000,434.432721,2.07502,10.74128,17.27149,0.04490,0.26767,0.90280,0,0,56540
280.895000,434.447531,-2.07502,12.38909,16.35604,0.04685,0.27572,0.90402,0,0,56541
280.900000,434.447531,-5.61476,13.73175,15.86780,0.04563,0.28011,0.90914,0,0,56542
280.905000,434.447531,-8.66626,14.46411,15.80677,0.04685,0.27938,0.91061,0,0,56543
280.910000,434.462750,-9.76480,14.64720,15.80677,0.05124,0.27914,0.90475,0,0,56544
280.915000,434.462750,-10.00892,14.64720,16.05089,0.05197,0.28402,0.89524,0,0,56545
280.920000,434.462750,-9.88686,14.89132,16.66119,0.04514,0.29158,0.88377,0,0,56546
280.925000,434.477456,-9.64274,15.07441,17.63767,0.03758,0.29670,0.87401,0,0,56547
280.930000,434.477456,-9.03244,15.44059,18.91930,0.03440,0.29768,0.86352,0,0,56548
280.935000,434.477456,-8.48317,15.86780,19.52960,0.03343,0.29378,0.85742,0,0,56549
280.940000,434.492398,-8.05596,16.53913,19.95681,0.03270,0.28646,0.85449,0,0,56550
280.945000,434.492398,-7.38463,17.21046,20.32299,0.03416,0.27596,0.85376,0,0,56551
280.950000,434.492398,-6.28609,17.45458,20.56711,0.04099,0.26767,0.85449,0,0,56552
280.955000,434.507245,-4.76034,17.82076,20.26196,0.04490,0.27011,0.85620,0,0,56553
280.960000,434.507245,-3.90592,18.00385,19.89578,0.04246,0.28206,0.85986,0,0,56554
280.965000,434.507245,-3.66180,18.49209,19.71269,0.03953,0.29792,0.86205,0,0,56555
280.970000,434.522671,-4.39416,19.10239,20.13990,0.03855,0.31256,0.86376,0,0,56556
280.975000,434.522671,-5.98094,19.89578,20.99432,0.03806,0.32623,0.86644,0,0,56557
280.980000,434.522671,-8.97141,21.29947,22.03183,0.03367,0.33867,0.86815,0,0,56558
280.985000,434.537358,-11.71776,22.39801,22.64213,0.02708,0.34648,0.86742,0,0,56559
280.990000,434.537358,-14.03690,23.49655,23.43552,0.02050,0.35258,0.86278,0,0,56560
280.995000,434.537358,-15.25750,24.47303,24.41200,0.01684,0.35356,0.85766,0,0,56561
281.000000,434.552386,-15.25750,25.44951,25.75466,0.01659,0.35160,0.85302,0,0,56562
281.005000,434.552386,-13.42660,26.36496,27.82968,0.01488,0.34721,0.84985,0,0,56563
281.010000,434.552386,-11.04643,26.48702,30.14882,0.01098,0.34111,0.84766,0,0,56564
281.015000,434.567389,-7.62875,26.42599,32.71208,0.00488,0.33184,0.84766,0,0,56565
281.020000,434.567389,-3.66180,26.67011,35.39740,-0.00342,0.31988,0.85180,0,0,56566
281.025000,434.567389,0.67133,26.85320,38.14375,-0.01196,0.30646,0.85937,0,0,56567
281.030000,434.582523,4.63828,27.21938,40.95113,-0.02123,0.29085,0.87181,0,0,56568
281.035000,434.582523,8.91038,27.52453,44.06366,-0.03294,0.27035,0.88645,0,0,56569
281.040000,434.582523,11.10746,27.52453,46.07765,-0.04538,0.24912,0.90158,0,0,56570
281.045000,434.597718,12.20600,27.95174,47.54237,-0.05905,0.22692,0.91671,0,0,56571
281.050000,434.597718,12.69424,28.25689,48.15267,-0.07320,0.20374,0.93281,0,0,56572
281.055000,434.597718,12.99939,28.56204,47.96958,-0.08711,0.17617,0.94892,0,0,56573
281.060000,434.627400,13.48763,28.56204,47.29825,-0.09223,0.15274,0.96234,0,0,56574
281.065000,434.627400,14.03690,28.19586,46.32177,-0.09540,0.13127,0.97698,0,0,56575
281.070000,434.627400,14.58617,27.82968,45.34529,-0.10004,0.11370,0.99430,0,0,56576
281.070000,434.628917,15.19647,27.40247,44.18572,-0.10468,0.10248,1.00723,0,0,56577
281.075000,434.628917,15.92883,26.67011,42.84306,-0.11029,0.08589,1.02724,0,0,56578
281.080000,434.628917,16.23398,25.81569,41.50040,-0.11468,0.07222,1.04017,0,0,56579
281.085000,434.643797,16.17295,24.90024,40.09671,-0.12176,0.06027,1.05506,0,0,56580
281.090000,434.643797,15.31853,24.77818,38.93714,-0.12664,0.04929,1.07287,0,0,56581
281.095000,434.643797,13.60969,25.02230,37.65551,-0.13444,0.04075,1.09166,0,0,56582
281.100000,434.658835,11.16849,25.32745,35.94667,-0.14420,0.03587,1.10971,0,0,56583
281.105000,434.658835,7.68978,25.44951,33.50547,-0.15396,0.03172,1.12996,0,0,56584
281.110000,434.658835,4.88240,24.96127,31.79663,-0.16250,0.02782,1.14656,0,0,56585
281.115000,434.673736,2.56326,24.47303,30.20985,-0.17104,0.02708,1.15876,0,0,56586
281.120000,434.673736,0.97648,24.04582,28.98925,-0.17958,0.02733,1.17071,0,0,56587
281.125000,434.673736,-0.06103,23.55758,28.07380,-0.18666,0.02611,1.17901,0,0,56588
281.130000,434.688865,0.00000,22.70316,27.70762,-0.18837,0.02220,1.18413,0,0,56589
281.135000,434.688865,0.61030,21.60462,27.58556,-0.18861,0.01415,1.18633,0,0,56590
281.140000,434.688865,1.76987,20.50608,27.76865,-0.19276,0.00390,1.18828,0,0,56591
281.145000,434.703858,3.17356,19.65166,27.89071,-0.19325,-0.00708,1.19145,0,0,56592
281.150000,434.703858,4.94343,18.67518,27.40247,-0.19398,-0.01854,1.19487,0,0,56593
281.155000,434.703858,5.61476,17.75973,26.48702,-0.19520,-0.03050,1.19975,0,0,56594
281.160000,434.719358,5.79785,16.84428,25.38848,-0.19593,-0.04148,1.20438,0,0,56595
281.165000,434.719358,5.37064,16.11192,23.98479,-0.19422,-0.05417,1.21097,0,0,56596
281.170000,434.719358,4.08901,15.01338,21.97080,-0.19252,-0.06564,1.21683,0,0,56597
281.175000,434.733778,2.74635,14.15896,19.95681,-0.18934,-0.07564,1.22049,0,0,56598
281.180000,434.733778,1.22060,13.12145,17.69870,-0.18300,-0.08320,1.22171,0,0,56599
281.185000,434.733778,-0.42721,11.90085,15.44059,-0.17666,-0.08613,1.21805,0,0,56600
281.190000,434.748903,-1.83090,10.92437,13.18248,-0.17373,-0.08516,1.21268,0,0,56601
281.195000,434.748903,-3.05150,10.31407,10.86334,-0.17397,-0.08174,1.21024,0,0,56602
281.200000,434.748903,-4.39416,9.76480,8.11699,-0.17080,-0.07515,1.20585,0,0,56603
281.205000,434.763857,-5.73682,9.09347,6.16403,-0.16860,-0.06466,1.20121,0,0,56604
281.210000,434.763857,-7.32360,8.23905,4.51622,-0.16836,-0.05148,1.19877,0,0,56605
281.215000,434.763857,-8.48317,7.44566,3.11253,-0.16324,-0.04172,1.19389,0,0,56606
281.220000,434.778787,-9.76480,6.89639,2.13605,-0.15518,-0.03440,1.19267,0,0,56607
281.225000,434.778787,-10.92437,6.28609,1.52575,-0.14908,-0.02806,1.19340,0,0,56608
281.230000,434.778787,-11.22952,4.63828,0.48824,-0.14835,-0.02269,1.18828,0,0,56609
281.235000,434.793860,-10.68025,2.86841,-0.85442,-0.14835,-0.01440,1.17998,0,0,56610
281.240000,434.793860,-9.33759,1.46472,-2.31914,-0.14542,-0.00390,1.17022,0,0,56611
281.245000,434.793860,-7.44566,-0.06103,-3.35665,-0.14298,0.00830,1.15973,0,0,56612
281.250000,434.808863,-4.76034,-1.83090,-4.51622,-0.13859,0.02245,1.14680,0,0,56613
281.255000,434.808863,-3.17356,-3.17356,-5.24858,-0.13176,0.03709,1.13216,0,0,56614
281.260000,434.808863,-2.56326,-3.96695,-5.55373,-0.12420,0.04953,1.11923,0,0,56615
281.265000,434.823698,-3.17356,-4.15004,-5.91991,-0.11761,0.05978,1.10752,0,0,56616
281.270000,434.823698,-4.76034,-3.90592,-6.46918,-0.11346,0.06442,1.09776,0,0,56617
281.275000,434.823698,-6.83536,-3.78386,-7.62875,-0.11004,0.06539,1.08897,0,0,56618
281.280000,434.837635,-7.93390,-3.96695,-8.42214,-0.10858,0.06637,1.08287,0,0,56619
281.285000,434.837635,-8.66626,-4.33313,-9.64274,-0.10346,0.06905,1.07238,0,0,56620
281.290000,434.837635,-8.23905,-4.94343,-10.68025,-0.09687,0.07442,1.06091,0,0,56621
281.295000,434.852711,-7.81184,-5.43167,-11.04643,-0.09321,0.08394,1.05335,0,0,56622
281.300000,434.852711,-7.07948,-5.85888,-11.10746,-0.09126,0.09443,1.04505,0,0,56623
281.305000,434.852711,-5.85888,-6.28609,-11.22952,-0.08564,0.10248,1.03651,0,0,56624
281.310000,434.867332,-4.94343,-6.46918,-10.92437,-0.08272,0.11248,1.03236,0,0,56625
281.315000,434.867332,-4.51622,-6.59124,-10.55819,-0.08345,0.12615,1.02675,0,0,56626
281.320000,434.867332,-4.39416,-6.53021,-10.37510,-0.08345,0.13688,1.02065,0,0,56627
281.325000,434.882482,-4.15004,-6.46918,-10.13098,-0.07979,0.14372,1.01602,0,0,56628
281.330000,434.882482,-3.90592,-6.40815,-9.82583,-0.08003,0.14957,1.01309,0,0,56629
281.335000,434.882482,-3.41768,-6.46918,-9.39862,-0.08052,0.15396,1.00845,0,0,56630
281.340000,434.897706,-2.74635,-6.46918,-8.84935,-0.07808,0.15616,1.00577,0,0,56631
281.345000,434.897706,-1.89193,-6.53021,-8.72729,-0.07613,0.15470,1.00479,0,0,56632
281.350000,434.897706,-0.91545,-7.14051,-8.91038,-0.07247,0.15128,0.99820,0,0,56633
281.355000,434.912446,-0.36618,-7.50669,-8.97141,-0.06564,0.15128,0.99210,0,0,56634
281.360000,434.912446,-0.36618,-7.62875,-9.09347,-0.06320,0.15640,0.98552,0,0,56635
281.365000,434.912446,-0.85442,-7.44566,-9.39862,-0.06637,0.16421,0.97746,0,0,56636
281.370000,434.927457,-1.58678,-7.32360,-9.64274,-0.06710,0.16958,0.97136,0,0,56637
281.375000,434.927457,-3.05150,-6.77433,-10.00892,-0.06149,0.17373,0.96331,0,0,56638
281.380000,434.927457,-4.21107,-6.34712,-10.25304,-0.05490,0.18007,0.95575,0,0,56639
281.385000,434.942766,-5.61476,-5.55373,-10.19201,-0.05490,0.18861,0.95087,0,0,56640
281.390000,434.942766,-6.46918,-5.12652,-9.76480,-0.05514,0.19715,0.94867,0,0,56641
281.395000,434.942766,-6.71330,-4.57725,-9.21553,-0.05197,0.20545,0.94355,0,0,56642
281.400000,434.957711,-6.71330,-4.33313,-8.84935,-0.05100,0.20935,0.94086,0,0,56643
281.405000,434.957711,-6.28609,-3.72283,-7.50669,-0.05100,0.21350,0.93989,0,0,56644
281.410000,434.957711,-5.49270,-3.47871,-6.16403,-0.04953,0.21350,0.93891,0,0,56645
281.415000,434.972690,-4.27210,-3.47871,-4.69931,-0.04978,0.21228,0.93818,0,0,56646
281.420000,434.972690,-2.99047,-3.53974,-3.84489,-0.05344,0.20862,0.93623,0,0,56647
281.425000,434.972690,-1.15957,-2.99047,-2.74635,-0.05417,0.20106,0.93647,0,0,56648
281.430000,434.987300,0.42721,-2.62429,-2.13605,-0.05392,0.19398,0.93842,0,0,56649
281.435000,434.987300,1.58678,-2.62429,-1.64781,-0.05880,0.18642,0.93842,0,0,56650
281.440000,434.987300,2.56326,-2.80738,-1.09854,-0.06198,0.17714,0.93745,0,0,56651
281.445000,435.002426,3.41768,-2.74635,-1.03751,-0.06173,0.17080,0.93428,0,0,56652
281.450000,435.002426,3.90592,-2.68532,-0.97648,-0.05856,0.16372,0.93354,0,0,56653
281.455000,435.002426,3.72283,-2.68532,-1.15957,-0.05588,0.15933,0.93037,0,0,56654
281.460000,435.017723,3.41768,-2.68532,-1.64781,-0.05612,0.15689,0.92647,0,0,56655
281.465000,435.017723,2.86841,-2.38017,-2.25811,-0.05441,0.15665,0.92452,0,0,56656
281.470000,435.017723,1.89193,-1.58678,-2.68532,-0.05148,0.15909,0.92378,0,0,56657
281.475000,435.032466,0.97648,-0.67133,-2.62429,-0.05075,0.16275,0.92818,0,0,56658
281.480000,435.032466,0.06103,0.12206,-2.44120,-0.05295,0.16690,0.93525,0,0,56659
281.485000,435.032466,-0.91545,0.48824,-2.38017,-0.05588,0.16982,0.94086,0,0,56660
281.490000,435.047371,-1.83090,0.61030,-2.44120,-0.05880,0.17153,0.94623,0,0,56661
281.495000,435.047371,-2.56326,0.79339,-2.50223,-0.06027,0.17104,0.95306,0,0,56662
281.500000,435.047371,-2.50223,0.61030,-2.44120,-0.06051,0.17080,0.95843,0,0,56663
281.505000,435.062721,-1.76987,0.24412,-2.13605,-0.06368,0.17080,0.96136,0,0,56664
281.510000,435.062721,-0.61030,-0.18309,-1.83090,-0.06808,0.17251,0.96014,0,0,56665
281.515000,435.062721,0.48824,-0.48824,-1.76987,-0.06930,0.17275,0.95697,0,0,56666
281.520000,435.077234,1.28163,-0.42721,-1.83090,-0.06710,0.17202,0.95721,0,0,56667
281.525000,435.077234,1.89193,-0.12206,-2.01399,-0.06637,0.17031,0.95916,0,0,56668
281.530000,435.077234,1.83090,0.06103,-1.95296,-0.06881,0.17007,0.95965,0,0,56669
281.535000,435.092710,1.64781,0.30515,-2.07502,-0.06881,0.16836,0.95965,0,0,56670
281.540000,435.092710,1.28163,0.48824,-2.07502,-0.06515,0.16397,0.96112,0,0,56671
281.545000,435.092710,1.28163,0.48824,-2.31914,-0.06271,0.16202,0.96478,0,0,56672
281.550000,435.107663,1.70884,0.18309,-2.50223,-0.06295,0.16055,0.96746,0,0,56673
281.555000,435.107663,2.13605,0.06103,-2.80738,-0.06051,0.15665,0.96917,0,0,56674
281.560000,435.107663,2.68532,0.00000,-3.11253,-0.05661,0.15421,0.96966,0,0,56675
281.565000,435.122388,2.99047,-0.06103,-3.60077,-0.05661,0.15640,0.97014,0,0,56676
281.570000,435.122388,2.92944,-0.36618,-4.02798,-0.05661,0.16202,0.96673,0,0,56677
281.575000,435.122388,2.07502,-0.30515,-4.33313,-0.05514,0.17373,0.95965,0,0,56678
281.580000,435.137700,0.61030,0.54927,-4.27210,-0.05490,0.18544,0.96063,0,0,56679
281.585000,435.137700,-1.09854,1.83090,-4.02798,-0.05807,0.19569,0.96648,0,0,56680
281.590000,435.137700,-2.44120,2.56326,-3.66180,-0.06124,0.20203,0.97185,0,0,56681
281.595000,435.152713,-2.99047,2.74635,-2.99047,-0.06344,0.20520,0.97795,0,0,56682
281.600000,435.152713,-2.56326,2.50223,-1.70884,-0.06515,0.20447,0.98576,0,0,56683
281.605000,435.152713,-1.52575,2.19708,-0.67133,-0.06368,0.19837,0.99357,0,0,56684
281.610000,435.167416,-0.30515,1.70884,0.00000,-0.06076,0.19203,0.99528,0,0,56685
281.615000,435.167416,0.79339,0.97648,0.30515,-0.06295,0.18690,0.99332,0,0,56686
281.620000,435.167416,1.95296,0.24412,0.36618,-0.06246,0.18007,0.98966,0,0,56687
281.625000,435.182732,2.68532,-0.30515,0.30515,-0.05978,0.17519,0.98454,0,0,56688
281.630000,435.182732,3.05150,-0.30515,0.18309,-0.05832,0.16958,0.97820,0,0,56689
281.635000,435.182732,2.86841,0.06103,-0.30515,-0.05588,0.16470,0.97356,0,0,56690
281.640000,435.197507,2.07502,0.91545,-0.67133,-0.05222,0.16348,0.97502,0,0,56691
281.645000,435.197507,0.79339,1.76987,-0.73236,-0.05246,0.16494,0.97990,0,0,56692
281.650000,435.197507,-0.36618,2.25811,-0.91545,-0.05490,0.16641,0.98576,0,0,56693
281.655000,435.212522,-1.22060,2.50223,-1.40369,-0.05685,0.16763,0.99162,0,0,56694
281.660000,435.212522,-1.64781,2.86841,-1.76987,-0.05514,0.17080,0.99845,0,0,56695
281.665000,435.212522,-1.70884,3.05150,-2.19708,-0.05295,0.17495,1.00430,0,0,56696
281.670000,435.227782,-1.70884,2.86841,-2.31914,-0.05417,0.18007,1.00894,0,0,56697
281.675000,435.227782,-0.91545,2.01399,-2.38017,-0.05368,0.18544,1.01236,0,0,56698
281.680000,435.227782,0.00000,1.34266,-2.25811,-0.05319,0.19178,1.01431,0,0,56699
281.685000,435.242394,0.91545,1.03751,-1.76987,-0.05710,0.19959,1.01504,0,0,56700
281.690000,435.242394,1.70884,0.85442,-1.22060,-0.06515,0.20569,1.01455,0,0,56701
281.695000,435.242394,2.38017,0.48824,-0.48824,-0.06637,0.20569,1.01114,0,0,56702
281.700000,435.257440,2.62429,0.06103,0.30515,-0.06442,0.20081,1.00699,0,0,56703
281.705000,435.257440,2.80738,0.24412,1.09854,-0.06490,0.19569,1.00650,0,0,56704
281.710000,435.257440,3.05150,0.36618,1.70884,-0.06832,0.18934,1.00455,0,0,56705
281.715000,435.272533,3.23459,0.30515,1.76987,-0.06856,0.18080,1.00016,0,0,56706
281.720000,435.272533,3.11253,0.18309,1.64781,-0.06539,0.17104,0.99552,0,0,56707
281.725000,435.272533,2.92944,0.12206,1.46472,-0.06198,0.16592,0.99235,0,0,56708
281.730000,435.287382,2.74635,0.18309,1.40369,-0.06051,0.16616,0.99064,0,0,56709
281.735000,435.287382,2.13605,0.61030,1.15957,-0.06051,0.16836,0.98820,0,0,56710
281.740000,435.287382,1.40369,0.61030,0.67133,-0.06271,0.17056,0.98600,0,0,56711
281.745000,435.302410,1.15957,0.91545,-0.18309,-0.06320,0.17446,0.98747,0,0,56712
281.750000,435.302410,1.09854,1.28163,-0.61030,-0.06344,0.17934,0.99040,0,0,56713
281.755000,435.302410,1.22060,1.28163,-0.54927,-0.06515,0.18373,0.99235,0,0,56714
281.760000,435.317348,1.09854,1.22060,-0.30515,-0.06734,0.18861,0.99357,0,0,56715
281.765000,435.317348,1.09854,1.15957,0.12206,-0.06930,0.18788,0.99308,0,0,56716
281.770000,435.317348,1.28163,1.15957,0.42721,-0.06808,0.18642,0.99284,0,0,56717
281.775000,435.332761,1.58678,1.22060,0.54927,-0.06320,0.18178,0.99040,0,0,56718
281.780000,435.332761,1.83090,1.28163,0.73236,-0.06295,0.18056,0.98991,0,0,56719
281.785000,435.332761,2.07502,1.40369,0.97648,-0.06710,0.18495,0.99332,0,0,56720
281.790000,435.347408,2.44120,1.40369,1.15957,-0.07027,0.18886,0.99601,0,0,56721
281.795000,435.347408,2.80738,1.28163,1.34266,-0.07076,0.19105,0.99820,0,0,56722
281.800000,435.347408,3.47871,1.15957,1.64781,-0.07125,0.19300,0.99991,0,0,56723
281.805000,435.362737,3.84489,1.09854,2.13605,-0.07393,0.19203,1.00308,0,0,56724
281.810000,435.362737,4.21107,0.73236,2.68532,-0.07491,0.18959,1.00455,0,0,56725
281.815000,435.362737,4.57725,0.30515,2.92944,-0.07003,0.18446,1.00089,0,0,56726
281.820000,435.377502,4.33313,0.30515,2.92944,-0.06710,0.18154,0.99430,0,0,56727
281.825000,435.377502,2.86841,0.67133,3.41768,-0.07125,0.17739,0.99088,0,0,56728
281.830000,435.377502,1.58678,1.28163,3.66180,-0.07564,0.17470,0.98918,0,0,56729
281.835000,435.392423,0.30515,1.95296,3.84489,-0.07735,0.16812,0.99088,0,0,56730
281.840000,435.392423,-0.85442,2.38017,3.35665,-0.07491,0.15836,0.99137,0,0,56731
281.845000,435.392423,-1.28163,2.31914,2.62429,-0.06954,0.14884,0.99088,0,0,56732
281.850000,435.407729,-1.15957,2.25811,1.70884,-0.07198,0.14201,0.99186,0,0,56733
281.855000,435.407729,-0.30515,1.89193,0.97648,-0.07613,0.13908,0.99454,0,0,56734
281.860000,435.407729,0.97648,1.40369,0.36618,-0.07466,0.14030,0.99869,0,0,56735
281.865000,435.422388,1.76987,0.97648,-0.42721,-0.07247,0.14445,1.00284,0,0,56736
281.870000,435.422388,2.01399,0.42721,-1.28163,-0.07344,0.15030,1.00845,0,0,56737
281.875000,435.422388,1.89193,-0.12206,-1.95296,-0.07369,0.15787,1.01138,0,0,56738
281.880000,435.437702,1.83090,-0.61030,-2.38017,-0.07564,0.16738,1.00626,0,0,56739
281.885000,435.437702,1.52575,-0.73236,-2.68532,-0.07564,0.17348,1.00504,0,0,56740
281.890000,435.437702,1.15957,-0.79339,-2.92944,-0.07442,0.17763,1.00504,0,0,56741
281.895000,435.452523,0.79339,-0.97648,-2.92944,-0.07222,0.18178,1.00430,0,0,56742
281.900000,435.452523,0.61030,-1.46472,-2.74635,-0.07003,0.18471,0.99796,0,0,56743
281.905000,435.452523,0.79339,-1.95296,-2.62429,-0.06661,0.18715,0.98966,0,0,56744
281.910000,435.467730,0.97648,-2.19708,-2.38017,-0.06515,0.19081,0.98259,0,0,56745
281.915000,435.467730,1.28163,-2.38017,-1.83090,-0.06417,0.19496,0.97649,0,0,56746
281.920000,435.467730,1.52575,-2.19708,-1.09854,-0.06295,0.19666,0.97112,0,0,56747
281.925000,435.482334,1.52575,-1.52575,-0.54927,-0.06368,0.19593,0.96941,0,0,56748
281.930000,435.482334,1.40369,-1.03751,-0.36618,-0.06539,0.19325,0.97039,0,0,56749
281.935000,435.482334,1.09854,-0.67133,-0.61030,-0.06295,0.19032,0.97210,0,0,56750
281.940000,435.497606,0.67133,-0.36618,-0.54927,-0.05856,0.18812,0.97332,0,0,56751
281.945000,435.497606,-0.30515,0.24412,-0.36618,-0.05490,0.18544,0.97454,0,0,56752
281.950000,435.497606,-0.97648,0.61030,-0.06103,-0.05514,0.18422,0.97746,0,0,56753
281.955000,435.512708,-1.40369,0.91545,0.00000,-0.05929,0.18300,0.97795,0,0,56754
281.960000,435.512708,-1.46472,0.91545,-0.30515,-0.06124,0.18251,0.97576,0,0,56755
281.965000,435.512708,-1.40369,0.73236,-0.85442,-0.06173,0.18227,0.97210,0,0,56756
281.970000,435.527526,-1.22060,0.67133,-1.09854,-0.06051,0.18495,0.96917,0,0,56757
281.975000,435.527526,-0.67133,0.85442,-1.03751,-0.06027,0.18886,0.96892,0,0,56758
281.980000,435.527526,-0.24412,1.22060,-0.67133,-0.06393,0.19056,0.97039,0,0,56759
281.985000,435.542409,0.12206,1.70884,-0.24412,-0.06490,0.18959,0.97283,0,0,56760
281.990000,435.542409,0.18309,1.95296,0.30515,-0.06344,0.18715,0.97795,0,0,56761
281.995000,435.542409,0.00000,2.07502,0.97648,-0.06368,0.18446,0.98356,0,0,56762
282.000000,435.557724,0.06103,2.31914,1.40369,-0.06466,0.17934,0.98966,0,0,56763
282.005000,435.557724,0.36618,2.19708,1.64781,-0.06686,0.17397,0.99723,0,0,56764
282.010000,435.557724,0.73236,1.70884,1.46472,-0.06930,0.17104,1.00382,0,0,56765
282.015000,435.572442,1.15957,0.97648,1.28163,-0.07222,0.16836,1.00796,0,0,56766
282.020000,435.572442,1.40369,0.36618,1.22060,-0.07540,0.16690,1.00918,0,0,56767
282.025000,435.572442,1.52575,-0.18309,0.97648,-0.07906,0.16421,1.00918,0,0,56768
282.030000,435.587671,1.76987,-0.67133,0.48824,-0.07808,0.16275,1.00772,0,0,56769
282.035000,435.587671,1.83090,-1.15957,-0.12206,-0.07613,0.16128,1.00577,0,0,56770
282.040000,435.587671,1.76987,-1.64781,-0.42721,-0.07466,0.16128,1.00333,0,0,56771
282.045000,435.602434,2.01399,-2.25811,-0.85442,-0.07442,0.16372,0.99918,0,0,56772
282.050000,435.602434,2.31914,-2.62429,-1.15957,-0.07466,0.16934,0.99406,0,0,56773
282.055000,435.602434,2.56326,-2.92944,-1.22060,-0.07369,0.17348,0.98942,0,0,56774
282.060000,435.617491,2.80738,-3.05150,-1.15957,-0.07296,0.17714,0.98430,0,0,56775
282.065000,435.617491,3.05150,-3.05150,-1.03751,-0.07198,0.18105,0.97844,0,0,56776
282.070000,435.617491,3.05150,-2.92944,-0.91545,-0.07003,0.18105,0.97063,0,0,56777
282.075000,435.632389,2.92944,-2.80738,-0.67133,-0.06173,0.17714,0.96136,0,0,56778
282.080000,435.632389,2.50223,-2.19708,-0.36618,-0.05612,0.17592,0.95380,0,0,56779
282.085000,435.632389,1.95296,-1.28163,-0.06103,-0.05978,0.17788,0.95160,0,0,56780
282.090000,435.647573,1.22060,-0.42721,0.18309,-0.05880,0.17544,0.95087,0,0,56781
282.095000,435.647573,0.30515,0.67133,0.30515,-0.05197,0.17422,0.95184,0,0,56782
282.100000,435.647573,-0.18309,1.46472,0.36618,-0.05417,0.17568,0.96038,0,0,56783
282.105000,435.662711,-0.06103,1.70884,0.61030,-0.06027,0.17910,0.97136,0,0,56784
282.110000,435.662711,0.85442,1.64781,0.67133,-0.06222,0.18227,0.97600,0,0,56785
282.115000,435.662711,1.09854,1.46472,0.36618,-0.06246,0.19032,0.97990,0,0,56786
282.120000,435.677734,0.36618,1.64781,0.18309,-0.06588,0.19837,0.98283,0,0,56787
282.125000,435.677734,-1.09854,2.19708,0.54927,-0.06661,0.20350,0.98576,0,0,56788
282.130000,435.677734,-2.62429,2.92944,1.22060,-0.06832,0.20203,0.99088,0,0,56789
282.135000,435.692399,-3.90592,3.29562,1.52575,-0.07076,0.19593,0.99820,0,0,56790
282.140000,435.692399,-4.27210,3.17356,1.34266,-0.07149,0.18812,1.00357,0,0,56791
282.145000,435.692399,-4.21107,2.80738,0.91545,-0.07174,0.18032,1.00650,0,0,56792
282.150000,435.707550,-3.29562,1.70884,0.36618,-0.07076,0.17446,1.00650,0,0,56793
282.155000,435.707550,-2.31914,0.85442,0.18309,-0.07100,0.17202,1.00357,0,0,56794
282.160000,435.707550,-1.28163,0.24412,0.30515,-0.07247,0.17129,0.99674,0,0,56795
282.165000,435.722399,-0.54927,-0.30515,0.61030,-0.07296,0.17178,0.99015,0,0,56796
282.170000,435.722399,-0.24412,-0.42721,0.91545,-0.07442,0.17104,0.98430,0,0,56797
282.175000,435.722399,-0.18309,-0.30515,0.73236,-0.07735,0.17056,0.97820,0,0,56798
282.180000,435.737421,-0.06103,0.12206,0.54927,-0.07564,0.16934,0.97307,0,0,56799
282.185000,435.737421,0.24412,0.67133,0.48824,-0.07271,0.16665,0.96990,0,0,56800
282.190000,435.737421,0.79339,1.22060,0.48824,-0.07515,0.16592,0.97283,0,0,56801
282.195000,435.752715,1.70884,1.22060,0.61030,-0.07832,0.16519,0.97844,0,0,56802
282.200000,435.752715,3.23459,0.54927,0.79339,-0.07759,0.16641,0.98161,0,0,56803
282.205000,435.752715,4.21107,0.06103,0.91545,-0.07588,0.16934,0.98234,0,0,56804
282.210000,435.767719,4.82137,-0.12206,0.97648,-0.07759,0.17080,0.98478,0,0,56805
282.215000,435.767719,4.69931,0.12206,0.85442,-0.08052,0.17007,0.98722,0,0,56806
282.220000,435.767719,4.02798,0.24412,0.48824,-0.08272,0.17056,0.98576,0,0,56807
282.225000,435.782329,2.74635,0.18309,-0.06103,-0.07954,0.16690,0.98430,0,0,56808
282.230000,435.782329,1.58678,0.12206,-0.73236,-0.07100,0.16519,0.98186,0,0,56809
282.235000,435.782329,0.30515,0.42721,-1.34266,-0.06954,0.16812,0.97966,0,0,56810
282.240000,435.797476,-0.73236,1.03751,-1.76987,-0.07442,0.17568,0.97698,0,0,56811
282.245000,435.797476,-1.46472,1.09854,-1.83090,-0.07198,0.17739,0.97210,0,0,56812
282.250000,435.797476,-1.64781,0.85442,-1.95296,-0.06320,0.17739,0.96673,0,0,56813
282.255000,435.812723,-1.95296,1.03751,-2.01399,-0.06246,0.18276,0.96258,0,0,56814
282.260000,435.812723,-1.95296,1.58678,-1.83090,-0.06856,0.18886,0.96209,0,0,56815
282.265000,435.812723,-1.70884,2.25811,-1.64781,-0.06637,0.18861,0.96258,0,0,56816
282.270000,435.827458,-1.28163,2.56326,-1.40369,-0.06198,0.18983,0.96795,0,0,56817
282.275000,435.827458,-1.15957,2.62429,-0.54927,-0.06466,0.19130,0.97942,0,0,56818
282.280000,435.827458,-0.85442,2.56326,0.30515,-0.06930,0.19154,0.98771,0,0,56819
282.285000,435.842712,-0.54927,2.68532,0.91545,-0.06954,0.19252,0.99576,0,0,56820
282.290000,435.842712,-0.42721,2.80738,1.15957,-0.06734,0.19081,1.00235,0,0,56821
282.295000,435.842712,-0.54927,2.62429,1.09854,-0.06930,0.18764,1.00699,0,0,56822
282.300000,435.857734,-0.79339,2.38017,1.15957,-0.07320,0.18690,1.01114,0,0,56823
282.305000,435.857734,-0.73236,2.19708,1.22060,-0.07564,0.18666,1.01138,0,0,56824
282.310000,435.857734,-0.48824,1.89193,1.34266,-0.07393,0.18300,1.00723,0,0,56825
282.315000,435.872532,-0.36618,1.64781,1.46472,-0.07442,0.17666,1.00382,0,0,56826
282.320000,435.872532,-0.42721,1.70884,1.22060,-0.07735,0.17202,0.99991,0,0,56827
282.325000,435.872532,-0.36618,1.58678,0.91545,-0.07857,0.16714,0.99747,0,0,56828
282.330000,435.887546,-0.18309,1.22060,0.54927,-0.07808,0.16470,0.99576,0,0,56829
282.335000,435.887546,0.12206,1.22060,0.12206,-0.07857,0.16421,0.99284,0,0,56830
282.340000,435.887546,0.30515,1.03751,-0.48824,-0.07686,0.16299,0.99113,0,0,56831
282.345000,435.902593,0.54927,0.85442,-1.03751,-0.07466,0.16250,0.99064,0,0,56832
282.350000,435.902593,0.85442,0.61030,-1.34266,-0.07418,0.16543,0.98966,0,0,56833
282.355000,435.902593,1.58678,0.18309,-1.40369,-0.07491,0.16934,0.99137,0,0,56834
282.360000,435.917466,2.44120,-0.12206,-1.22060,-0.07613,0.17226,0.99284,0,0,56835
282.365000,435.917466,3.41768,-0.36618,-0.91545,-0.07515,0.17348,0.99674,0,0,56836
282.370000,435.917466,3.84489,-0.36618,-0.54927,-0.07344,0.17324,1.00186,0,0,56837
282.375000,435.932347,3.47871,-0.36618,-0.30515,-0.07320,0.17348,1.00528,0,0,56838
282.380000,435.932347,2.50223,-0.30515,-0.24412,-0.07491,0.17836,1.00723,0,0,56839
282.385000,435.932347,1.15957,-0.06103,-0.30515,-0.07637,0.18154,1.00723,0,0,56840
282.390000,435.947736,-0.18309,0.18309,-0.36618,-0.07613,0.18007,1.00308,0,0,56841
282.395000,435.947736,-1.52575,0.61030,-0.06103,-0.07588,0.18032,1.00089,0,0,56842
282.400000,435.947736,-2.13605,0.97648,0.30515,-0.07442,0.17763,1.00113,0,0,56843
282.405000,435.962394,-2.56326,1.22060,0.36618,-0.07540,0.17617,1.00040,0,0,56844
282.410000,435.962394,-2.92944,1.22060,0.24412,-0.07588,0.17519,0.99820,0,0,56845
282.415000,435.962394,-3.05150,1.28163,0.12206,-0.07296,0.17397,0.99503,0,0,56846
282.420000,435.977745,-2.92944,1.09854,0.12206,-0.07076,0.17446,0.99332,0,0,56847
282.425000,435.977745,-2.13605,0.91545,0.00000,-0.07296,0.17470,0.99259,0,0,56848
282.430000,435.977745,-0.97648,0.97648,-0.06103,-0.07418,0.17300,0.99406,0,0,56849
282.435000,435.992427,0.54927,0.85442,-0.24412,-0.07271,0.17129,0.99820,0,0,56850
282.440000,435.992427,1.83090,0.67133,-0.54927,-0.07198,0.17275,1.00406,0,0,56851
282.445000,435.992427,2.62429,0.42721,-0.67133,-0.07271,0.17495,1.01114,0,0,56852
282.450000,436.007471,2.80738,-0.12206,-0.73236,-0.07149,0.17812,1.01406,0,0,56853
282.455000,436.007471,2.19708,-0.30515,-1.03751,-0.07003,0.18056,1.01431,0,0,56854
282.460000,436.007471,0.97648,-0.06103,-1.34266,-0.07418,0.18373,1.01553,0,0,56855
282.465000,436.022343,-0.42721,0.12206,-1.64781,-0.07710,0.18617,1.01602,0,0,56856
282.470000,436.022343,-1.76987,0.30515,-1.83090,-0.07637,0.18788,1.01528,0,0,56857
282.475000,436.022343,-2.07502,0.18309,-1.89193,-0.07369,0.18593,1.01772,0,0,56858
282.480000,436.037536,-1.70884,0.00000,-1.58678,-0.07003,0.18446,1.01748,0,0,56859
282.485000,436.037536,-0.97648,-0.24412,-0.85442,-0.06856,0.18471,1.01431,0,0,56860
282.490000,436.037536,-0.18309,-0.48824,0.06103,-0.06686,0.17519,1.01504,0,0,56861
282.495000,436.052816,0.85442,-0.79339,0.73236,-0.07198,0.17519,1.00211,0,0,56862
282.500000,436.052816,1.28163,-0.97648,1.15957,-0.07613,0.18764,0.98381,0,0,56863
282.505000,436.052816,0.00000,-0.42721,1.64781,-0.07613,0.18910,0.99137,0,0,56864
282.510000,436.067387,-0.61030,-0.06103,1.70884,-0.07613,0.19276,0.99235,0,0,56865
282.515000,436.067387,-1.09854,0.36618,1.76987,-0.07662,0.19642,0.99040,0,0,56866
282.520000,436.067387,-1.22060,0.91545,2.44120,-0.07735,0.19252,0.99479,0,0,56867
282.525000,436.082426,-0.36618,1.03751,2.92944,-0.07954,0.18544,1.00430,0,0,56868
282.530000,436.082426,1.15957,0.42721,3.23459,-0.08223,0.17788,1.01187,0,0,56869
282.535000,436.082426,2.99047,-0.42721,3.41768,-0.08467,0.16885,1.01528,0,0,56870
282.540000,436.097338,4.63828,-1.22060,3.41768,-0.08589,0.16031,1.01724,0,0,56871
282.545000,436.097338,6.04197,-2.19708,3.47871,-0.08589,0.15177,1.01797,0,0,56872
282.550000,436.097338,6.28609,-2.80738,3.23459,-0.08638,0.14518,1.01821,0,0,56873
282.555000,436.112453,5.73682,-3.29562,2.68532,-0.08589,0.13908,1.01553,0,0,56874
282.560000,436.112453,4.27210,-3.29562,1.95296,-0.08540,0.13591,1.01138,0,0,56875
282.565000,436.112453,2.38017,-2.68532,1.15957,-0.08491,0.13469,1.00821,0,0,56876
282.570000,436.127428,0.00000,-2.01399,0.61030,-0.08906,0.13444,1.00772,0,0,56877
282.575000,436.127428,-2.31914,-1.34266,0.18309,-0.09248,0.13347,1.00748,0,0,56878
282.580000,436.127428,-3.05150,-1.03751,-0.18309,-0.09370,0.13200,1.00967,0,0,56879
282.585000,436.142427,-2.74635,-0.91545,-0.54927,-0.09467,0.13005,1.01406,0,0,56880
282.590000,436.142427,-1.52575,-1.03751,-0.73236,-0.09516,0.12859,1.01748,0,0,56881
282.595000,436.142427,-0.06103,-1.34266,-0.30515,-0.09638,0.13030,1.02480,0,0,56882
282.600000,436.157440,1.76987,-1.58678,0.48824,-0.09906,0.13566,1.03480,0,0,56883
282.605000,436.157440,2.62429,-1.76987,0.85442,-0.10175,0.13396,1.04725,0,0,56884
282.610000,436.157440,3.17356,-1.83090,1.03751,-0.10638,0.12883,1.05774,0,0,56885
282.615000,436.172727,3.53974,-1.89193,1.52575,-0.11370,0.12371,1.06896,0,0,56886
282.620000,436.172727,4.02798,-2.38017,2.19708,-0.12078,0.11346,1.08116,0,0,56887
282.625000,436.172727,4.45519,-3.35665,2.74635,-0.12493,0.09882,1.08824,0,0,56888
282.630000,436.187636,4.82137,-4.21107,2.74635,-0.12810,0.08369,1.09239,0,0,56889
282.635000,436.187636,4.69931,-4.51622,2.68532,-0.13054,0.06661,1.09410,0,0,56890
282.640000,436.187636,4.27210,-4.82137,2.13605,-0.13322,0.04831,1.09654,0,0,56891
282.645000,436.202408,2.50223,-5.12652,0.73236,-0.13591,0.03001,1.10044,0,0,56892
282.650000,436.202408,1.03751,-5.24858,-0.73236,-0.13762,0.01659,1.10508,0,0,56893
282.655000,436.202408,-0.30515,-5.43167,-2.38017,-0.13810,0.00805,1.10849,0,0,56894
282.660000,436.217624,-1.09854,-5.91991,-4.33313,-0.13859,0.00439,1.10996,0,0,56895
282.665000,436.217624,-1.09854,-6.77433,-6.04197,-0.13981,0.00244,1.11313,0,0,56896
282.670000,436.217624,0.00000,-7.81184,-7.75081,-0.14079,-0.00049,1.11776,0,0,56897
282.675000,436.232358,1.52575,-8.60523,-9.15450,-0.13444,-0.00220,1.12313,0,0,56898
282.680000,436.232358,2.92944,-9.45965,-10.49716,-0.12981,-0.00098,1.12606,0,0,56899
282.685000,436.232358,3.96695,-10.31407,-11.59570,-0.13103,0.00415,1.12508,0,0,56900
282.690000,436.247505,4.33313,-11.10746,-12.45012,-0.12981,0.01000,1.12191,0,0,56901
282.695000,436.247505,3.78386,-11.53467,-13.18248,-0.12712,0.01854,1.12094,0,0,56902
282.700000,436.247505,2.44120,-11.53467,-13.97587,-0.12761,0.02904,1.12069,0,0,56903
282.705000,436.262647,0.73236,-11.59570,-14.76926,-0.13200,0.03880,1.12118,0,0,56904
282.710000,436.262647,-0.73236,-11.59570,-15.56265,-0.13762,0.04734,1.12094,0,0,56905
282.715000,436.262647,-1.52575,-11.90085,-16.05089,-0.13859,0.05246,1.11947,0,0,56906
282.720000,436.277362,-1.64781,-12.51115,-16.35604,-0.13493,0.05514,1.12094,0,0,56907
282.725000,436.277362,-1.03751,-13.48763,-16.47810,-0.13103,0.05636,1.12142,0,0,56908
282.730000,436.277362,-0.42721,-14.15896,-16.66119,-0.13127,0.05758,1.12118,0,0,56909
282.735000,436.292674,-0.18309,-14.76926,-16.66119,-0.13127,0.06076,1.12118,0,0,56910
282.740000,436.292674,-0.18309,-15.56265,-16.41707,-0.13005,0.06344,1.11825,0,0,56911
282.745000,436.292674,-0.42721,-16.72222,-16.23398,-0.12932,0.06344,1.10996,0,0,56912
282.750000,436.307412,-0.79339,-17.21046,-16.29501,-0.12786,0.05905,1.10215,0,0,56913
282.755000,436.307412,-1.15957,-17.02737,-16.35604,-0.12639,0.05246,1.09629,0,0,56914
282.760000,436.307412,-1.64781,-16.78325,-16.72222,-0.12615,0.04392,1.09507,0,0,56915
282.765000,436.322538,-2.13605,-17.02737,-17.39355,-0.12590,0.03758,1.09434,0,0,56916
282.770000,436.322538,-2.31914,-18.06488,-18.73621,-0.12273,0.03636,1.09361,0,0,56917
282.775000,436.322538,-2.38017,-18.79724,-19.65166,-0.11736,0.02928,1.09239,0,0,56918
282.780000,436.337403,-1.70884,-19.22445,-20.68917,-0.11712,0.02513,1.09044,0,0,56919
282.785000,436.337403,-0.61030,-19.71269,-21.72668,-0.12420,0.02660,1.08995,0,0,56920
282.790000,436.337403,0.61030,-20.99432,-23.06934,-0.12468,0.02562,1.08897,0,0,56921
282.795000,436.352382,1.15957,-21.97080,-23.92376,-0.11980,0.02757,1.08141,0,0,56922
282.800000,436.352382,1.58678,-23.06934,-25.14436,-0.11492,0.03221,1.07458,0,0,56923
282.805000,436.352382,1.46472,-23.25243,-25.99878,-0.11151,0.03758,1.07092,0,0,56924
282.810000,436.367713,0.79339,-23.13037,-26.67011,-0.11200,0.04441,1.06945,0,0,56925
282.815000,436.367713,0.00000,-23.31346,-27.40247,-0.11688,0.04758,1.06433,0,0,56926
282.820000,436.367713,-0.67133,-24.16788,-28.31792,-0.12005,0.04807,1.05384,0,0,56927
282.825000,436.382339,-0.91545,-24.28994,-28.80616,-0.11541,0.04514,1.04725,0,0,56928
282.830000,436.382339,-1.15957,-24.28994,-29.41646,-0.10785,0.04294,1.04188,0,0,56929
282.835000,436.382339,-1.46472,-24.28994,-30.27088,-0.10443,0.04538,1.03627,0,0,56930
282.840000,436.397470,-1.83090,-24.83921,-31.18633,-0.10443,0.05051,1.02895,0,0,56931
282.845000,436.397470,-2.50223,-25.69363,-32.65105,-0.10272,0.05710,1.01943,0,0,56932
282.850000,436.397470,-3.35665,-25.99878,-33.93268,-0.09980,0.06271,1.01236,0,0,56933
282.855000,436.412613,-4.21107,-26.05981,-35.21431,-0.09736,0.06783,1.00699,0,0,56934
282.860000,436.412613,-5.18755,-25.81569,-36.43491,-0.09443,0.07393,1.00284,0,0,56935
282.865000,436.412613,-6.04197,-25.81569,-37.59448,-0.09101,0.08028,0.99991,0,0,56936
282.870000,436.427446,-7.07948,-25.75466,-39.24229,-0.08857,0.08784,0.99772,0,0,56937
282.875000,436.427446,-7.87287,-25.99878,-40.52392,-0.08638,0.09638,0.99235,0,0,56938
282.880000,436.427446,-8.42214,-26.48702,-41.68349,-0.08345,0.10443,0.98308,0,0,56939
282.885000,436.442722,-8.54420,-26.97526,-42.65997,-0.07174,0.10809,0.97136,0,0,56940
282.890000,436.442722,-7.93390,-27.52453,-43.33130,-0.05539,0.10956,0.96185,0,0,56941
282.895000,436.442722,-6.53021,-27.82968,-44.06366,-0.04026,0.11614,0.95453,0,0,56942
282.900000,436.457490,-4.88240,-27.95174,-44.49087,-0.03270,0.12932,0.95062,0,0,56943
282.905000,436.457490,-3.17356,-28.31792,-44.85705,-0.02782,0.14811,0.94696,0,0,56944
282.910000,436.457490,-1.95296,-28.50101,-44.91808,-0.01781,0.16958,0.94526,0,0,56945
282.915000,436.472785,-1.58678,-28.25689,-44.85705,-0.00927,0.19422,0.94062,0,0,56946
282.920000,436.472785,-2.25811,-27.76865,-44.36881,-0.00683,0.22302,0.93232,0,0,56947
282.925000,436.472785,-4.27210,-26.36496,-43.75851,-0.00537,0.24302,0.92598,0,0,56948
282.930000,436.487535,-6.40815,-24.96127,-43.14821,0.00171,0.25547,0.92208,0,0,56949
282.935000,436.487535,-8.54420,-23.61861,-42.59894,0.01196,0.26669,0.92012,0,0,56950
282.940000,436.487535,-10.49716,-22.82522,-41.86658,0.02123,0.27621,0.91329,0,0,56951
282.945000,436.502432,-12.02291,-22.76419,-41.62246,0.03172,0.28524,0.90402,0,0,56952
282.950000,436.502432,-13.12145,-22.52007,-41.19525,0.04099,0.29744,0.89524,0,0,56953
282.955000,436.502432,-13.85381,-22.21492,-40.52392,0.05490,0.31086,0.88621,0,0,56954
282.960000,436.517752,-14.15896,-22.27595,-39.79156,0.07100,0.32379,0.87035,0,0,56955
282.965000,436.517752,-13.97587,-22.03183,-38.87611,0.08369,0.33696,0.85400,0,0,56956
282.970000,436.517752,-13.36557,-21.48256,-37.96066,0.09321,0.35356,0.83814,0,0,56957
282.975000,436.532583,-12.32806,-20.93329,-36.67903,0.09931,0.36673,0.82179,0,0,56958
282.980000,436.532583,-10.98540,-20.32299,-35.21431,0.10712,0.37552,0.80666,0,0,56959
282.985000,436.532583,-9.09347,-19.40754,-33.62753,0.11834,0.38381,0.79544,0,0,56960
282.990000,436.547730,-6.65227,-18.24797,-31.91869,0.12737,0.39235,0.79129,0,0,56961
282.995000,436.547730,-3.23459,-16.96634,-29.41646,0.13176,0.40480,0.79373,0,0,56962
283.000000,436.547730,-0.67133,-16.11192,-27.34144,0.13298,0.41578,0.79764,0,0,56963
283.005000,436.562408,1.28163,-15.56265,-25.32745,0.13518,0.42456,0.80056,0,0,56964
283.010000,436.562408,2.44120,-14.95235,-23.43552,0.14103,0.43286,0.80227,0,0,56965
283.015000,436.562408,2.99047,-14.34205,-21.72668,0.14640,0.44384,0.80252,0,0,56966
283.020000,436.577436,2.86841,-13.60969,-19.77372,0.15104,0.45774,0.79934,0,0,56967
283.025000,436.577436,1.89193,-12.14497,-16.84428,0.15226,0.46824,0.79349,0,0,56968
283.030000,436.577436,0.79339,-10.61922,-14.03690,0.15274,0.47287,0.78861,0,0,56969
283.035000,436.592760,0.30515,-8.78832,-11.29055,0.15348,0.46726,0.78714,0,0,56970
283.040000,436.592760,0.61030,-6.53021,-8.36111,0.15250,0.45360,0.79080,0,0,56971
283.045000,436.592760,2.44120,-4.57725,-4.88240,0.14762,0.43603,0.80081,0,0,56972
283.050000,436.607438,4.45519,-3.72283,-2.13605,0.14323,0.41602,0.81154,0,0,56973
283.055000,436.607438,6.71330,-3.17356,0.00000,0.13664,0.39138,0.82374,0,0,56974
283.060000,436.607438,8.66626,-2.62429,1.46472,0.12908,0.37283,0.83838,0,0,56975
283.065000,436.622721,9.76480,-2.07502,2.44120,0.12054,0.35502,0.85327,0,0,56976
283.070000,436.622721,9.76480,-1.03751,2.99047,0.11370,0.33940,0.86669,0,0,56977
283.075000,436.622721,8.91038,-0.18309,3.05150,0.10541,0.32794,0.87816,0,0,56978
283.080000,436.637597,7.50669,0.48824,2.74635,0.09223,0.31549,0.88987,0,0,56979
283.085000,436.637597,6.04197,1.22060,2.01399,0.08491,0.30012,0.90329,0,0,56980
283.090000,436.637597,4.39416,1.89193,0.61030,0.08467,0.28524,0.91598,0,0,56981
283.095000,436.652747,3.35665,1.89193,-0.36618,0.08320,0.27377,0.92598,0,0,56982
283.100000,436.652747,2.86841,1.22060,-1.15957,0.07759,0.26645,0.93208,0,0,56983
283.105000,436.652747,3.47871,0.54927,-1.83090,0.07418,0.26352,0.93867,0,0,56984
283.110000,436.667352,4.57725,-0.24412,-2.25811,0.07735,0.26523,0.94160,0,0,56985
283.115000,436.667352,5.24858,-0.97648,-2.25811,0.06978,0.26938,0.94355,0,0,56986
283.120000,436.667352,6.04197,-1.46472,-1.76987,0.06564,0.27133,0.94062,0,0,56987
283.125000,436.682683,6.65227,-1.83090,-1.40369,0.06759,0.26962,0.93769,0,0,56988
283.130000,436.682683,6.77433,-2.01399,-0.97648,0.06832,0.26913,0.93476,0,0,56989
283.135000,436.682683,6.89639,-2.38017,-0.61030,0.06710,0.26938,0.93037,0,0,56990
283.140000,436.697430,6.95742,-1.95296,-0.18309,0.06515,0.27352,0.93062,0,0,56991
283.145000,436.697430,6.95742,-1.40369,0.30515,0.06295,0.28011,0.93330,0,0,56992
283.150000,436.697430,6.77433,-1.34266,0.48824,0.06295,0.28524,0.93623,0,0,56993
283.155000,436.712412,6.28609,-1.34266,0.91545,0.06393,0.28792,0.93672,0,0,56994
283.160000,436.712412,5.61476,-0.97648,1.58678,0.05880,0.28694,0.93745,0,0,56995
283.165000,436.712412,5.30961,-0.42721,2.38017,0.05929,0.28377,0.93720,0,0,56996
283.170000,436.727507,5.24858,0.36618,3.72283,0.06466,0.27596,0.93794,0,0,56997
283.175000,436.727507,4.94343,0.91545,4.63828,0.05758,0.26718,0.93916,0,0,56998
283.180000,436.727507,4.57725,1.40369,5.30961,0.04319,0.25962,0.93891,0,0,56999
283.185000,436.742503,4.45519,1.76987,5.49270,0.04319,0.24668,0.93354,0,0,57000
283.190000,436.742503,4.08901,2.31914,5.43167,0.05197,0.22912,0.93184,0,0,57001
283.195000,436.742503,2.99047,3.35665,5.30961,0.04880,0.21545,0.93696,0,0,57002
283.200000,436.757744,2.68532,4.15004,5.24858,0.04636,0.20374,0.94184,0,0,57003
283.205000,436.757744,2.86841,4.76034,5.12652,0.04856,0.19252,0.95111,0,0,57004
283.210000,436.757744,3.41768,4.94343,5.06549,0.04709,0.18642,0.96526,0,0,57005
283.215000,436.772720,4.63828,4.76034,5.24858,0.04148,0.18446,0.97576,0,0,57006
283.220000,436.772720,6.40815,3.78386,5.55373,0.03245,0.18544,0.98381,0,0,57007
283.225000,436.772720,8.84935,3.35665,5.85888,0.02489,0.18886,0.98991,0,0,57008
283.230000,436.787483,10.43613,3.23459,6.22506,0.02196,0.19178,0.99772,0,0,57009
283.235000,436.787483,11.41261,3.17356,6.53021,0.02147,0.19056,1.00357,0,0,57010
283.240000,436.787483,11.29055,3.05150,6.89639,0.02220,0.18788,1.00918,0,0,57011
283.245000,436.802505,10.06995,3.11253,7.20154,0.02391,0.18568,1.01504,0,0,57012
283.250000,436.802505,8.72729,3.47871,7.20154,0.02391,0.18251,1.02041,0,0,57013
283.255000,436.802505,6.77433,3.60077,7.01845,0.02001,0.17788,1.02626,0,0,57014
283.260000,436.817297,4.69931,3.47871,6.71330,0.02025,0.17178,1.03017,0,0,57015
283.265000,436.817297,2.68532,2.92944,5.91991,0.02147,0.16470,1.03188,0,0,57016
283.270000,436.817297,1.52575,2.31914,5.18755,0.02172,0.15836,1.02968,0,0,57017
283.275000,436.832313,0.73236,1.76987,4.45519,0.02538,0.15152,1.02260,0,0,57018
283.280000,436.832313,0.18309,1.46472,4.02798,0.02391,0.14616,1.01284,0,0,57019
283.285000,436.832313,0.06103,1.46472,3.53974,0.02074,0.14030,1.00333,0,0,57020
283.290000,436.847778,0.42721,1.52575,2.56326,0.02611,0.13396,0.99040,0,0,57021
283.295000,436.847778,0.73236,1.64781,1.46472,0.02830,0.13542,0.98234,0,0,57022
283.300000,436.847778,0.97648,1.70884,0.97648,0.03221,0.13981,0.98088,0,0,57023
283.305000,436.862744,1.64781,1.89193,0.61030,0.03245,0.14908,0.98210,0,0,57024
283.310000,436.862744,2.25811,2.01399,0.18309,0.02708,0.15836,0.98869,0,0,57025
283.315000,436.862744,2.86841,2.01399,-0.18309,0.02733,0.16519,0.99576,0,0,57026
283.320000,436.877332,3.17356,2.01399,-0.30515,0.03099,0.17348,1.00650,0,0,57027
283.325000,436.877332,3.41768,1.58678,-0.12206,0.02855,0.18129,1.01626,0,0,57028
283.330000,436.877332,3.35665,1.22060,0.06103,0.02367,0.19105,1.02090,0,0,57029
283.335000,436.892277,2.80738,1.15957,0.18309,0.02416,0.19740,1.02309,0,0,57030
283.340000,436.892277,2.25811,1.15957,0.12206,0.03514,0.19935,1.02285,0,0,57031
283.345000,436.892277,0.61030,1.03751,-0.06103,0.03782,0.20301,1.02138,0,0,57032
283.350000,436.907305,-0.54927,0.85442,0.18309,0.03514,0.20374,1.01748,0,0,57033
283.355000,436.907305,-1.15957,0.85442,0.24412,0.04050,0.20325,1.00845,0,0,57034
283.360000,436.907305,-1.76987,1.03751,0.36618,0.04416,0.20228,1.00235,0,0,57035
283.365000,436.923543,-2.19708,1.15957,0.73236,0.04514,0.19886,0.99576,0,0,57036
283.370000,436.923543,-1.83090,1.52575,1.34266,0.04929,0.19227,0.99284,0,0,57037
283.375000,436.923543,-0.97648,1.89193,1.95296,0.05197,0.18739,0.99454,0,0,57038
283.380000,436.938515,0.00000,2.13605,2.50223,0.04904,0.18422,0.99967,0,0,57039
283.385000,436.938515,0.85442,2.07502,2.92944,0.04465,0.17983,1.00992,0,0,57040
283.390000,436.938515,1.58678,1.70884,2.92944,0.04538,0.17446,1.01577,0,0,57041
283.395000,436.953554,1.95296,1.09854,2.25811,0.04636,0.17617,1.01943,0,0,57042
283.400000,436.953554,1.64781,0.85442,1.70884,0.04099,0.18154,1.02212,0,0,57043
283.405000,436.953554,0.91545,0.91545,1.40369,0.03392,0.18788,1.02285,0,0,57044
283.410000,436.968436,0.24412,0.91545,1.22060,0.03172,0.18959,1.02065,0,0,57045
283.415000,436.968436,0.06103,0.54927,1.34266,0.03416,0.19130,1.01675,0,0,57046
283.420000,436.968436,0.30515,0.12206,2.19708,0.03587,0.18788,1.01309,0,0,57047
283.425000,436.983394,0.91545,-0.12206,2.92944,0.03587,0.18105,1.01089,0,0,57048
283.430000,436.983394,1.58678,-0.48824,3.35665,0.03270,0.17397,1.00626,0,0,57049
283.435000,436.983394,2.25811,-0.61030,3.53974,0.03001,0.16641,1.00260,0,0,57050
283.440000,436.998421,2.62429,-0.61030,3.41768,0.03148,0.15982,1.00089,0,0,57051
283.445000,436.998421,2.25811,-0.85442,2.92944,0.03148,0.15274,0.99796,0,0,57052
283.450000,436.998421,1.64781,-0.79339,2.31914,0.03099,0.14738,0.99650,0,0,57053
283.455000,437.013421,0.85442,-0.67133,1.40369,0.03148,0.14518,0.99479,0,0,57054
283.460000,437.013421,-0.12206,-0.67133,0.61030,0.03367,0.14396,0.99357,0,0,57055
283.465000,437.013421,-1.09854,-0.36618,-0.12206,0.03221,0.14518,0.99332,0,0,57056
283.470000,437.028385,-1.64781,-0.12206,-0.61030,0.02635,0.15079,0.99210,0,0,57057
283.475000,437.028385,-1.95296,0.00000,-0.97648,0.02782,0.15299,0.98796,0,0,57058
283.480000,437.028385,-1.89193,0.12206,-1.34266,0.03562,0.15250,0.98308,0,0,57059
283.485000,437.043375,-1.64781,0.06103,-1.58678,0.03562,0.15518,0.98405,0,0,57060
283.490000,437.043375,-1.22060,-0.12206,-1.70884,0.03636,0.15714,0.98527,0,0,57061
283.495000,437.043375,-0.54927,-0.18309,-1.89193,0.04172,0.15958,0.98478,0,0,57062
283.500000,437.058370,-0.18309,-0.30515,-2.07502,0.04343,0.16177,0.98478,0,0,57063
283.505000,437.058370,0.06103,-0.24412,-2.31914,0.04246,0.16934,0.98210,0,0,57064
283.510000,437.058370,-0.18309,-0.24412,-2.13605,0.04294,0.17666,0.98161,0,0,57065
283.515000,437.073388,-0.18309,-0.36618,-2.07502,0.04660,0.18349,0.98039,0,0,57066
283.520000,437.073388,-0.12206,-0.24412,-2.13605,0.04221,0.19203,0.98112,0,0,57067
283.525000,437.073388,-0.18309,-0.30515,-1.89193,0.03660,0.19740,0.98283,0,0,57068
283.530000,437.088337,-0.18309,-0.12206,-1.70884,0.04319,0.19740,0.98283,0,0,57069
283.535000,437.088337,-0.67133,-0.06103,-1.76987,0.04831,0.19788,0.98381,0,0,57070
283.540000,437.088337,-1.40369,0.00000,-1.58678,0.04587,0.19691,0.98552,0,0,57071
283.545000,437.103473,-1.95296,-0.06103,-1.40369,0.04831,0.19447,0.98381,0,0,57072
283.550000,437.103473,-2.19708,-0.12206,-1.34266,0.05100,0.19569,0.98112,0,0,57073
283.555000,437.103473,-2.13605,-0.30515,-1.22060,0.04831,0.19520,0.97917,0,0,57074
283.560000,437.118500,-1.83090,-0.42721,-1.03751,0.04953,0.19325,0.97429,0,0,57075
283.565000,437.118500,-1.40369,-0.67133,-0.97648,0.05246,0.19252,0.96380,0,0,57076
283.570000,437.118500,-0.67133,-0.79339,-0.36618,0.05344,0.19740,0.95233,0,0,57077
283.575000,437.133493,-0.18309,-0.48824,0.54927,0.04831,0.20252,0.94648,0,0,57078
283.580000,437.133493,0.30515,0.12206,1.28163,0.04660,0.20301,0.93989,0,0,57079
283.585000,437.133493,0.42721,0.97648,1.70884,0.05124,0.19886,0.93598,0,0,57080
283.590000,437.148466,0.24412,1.64781,1.89193,0.05319,0.19398,0.93769,0,0,57081
283.595000,437.148466,0.06103,2.19708,2.31914,0.05075,0.18739,0.94038,0,0,57082
283.600000,437.148466,-0.06103,2.80738,2.80738,0.05026,0.18080,0.94452,0,0,57083
283.605000,437.163508,0.00000,3.60077,3.23459,0.04929,0.17446,0.95380,0,0,57084
283.610000,437.163508,0.06103,4.15004,3.05150,0.04441,0.16812,0.96356,0,0,57085
283.615000,437.163508,0.12206,4.27210,2.86841,0.04221,0.16494,0.97356,0,0,57086
283.620000,437.178468,0.18309,4.08901,2.38017,0.04197,0.16324,0.97893,0,0,57087
283.625000,437.178468,0.42721,3.84489,2.01399,0.04075,0.16348,0.98186,0,0,57088
283.630000,437.178468,0.79339,3.47871,1.70884,0.03611,0.16446,0.98527,0,0,57089
283.635000,437.193475,0.67133,3.35665,1.52575,0.03538,0.16446,0.98600,0,0,57090
283.640000,437.193475,0.42721,3.35665,1.22060,0.03806,0.16470,0.98430,0,0,57091
283.645000,437.193475,0.00000,3.47871,0.79339,0.03758,0.16592,0.98722,0,0,57092
283.650000,437.208389,-0.12206,3.60077,0.67133,0.03514,0.16787,0.99113,0,0,57093
283.655000,437.208389,-0.24412,3.47871,0.61030,0.03196,0.16860,0.99284,0,0,57094
283.660000,437.208389,0.18309,3.05150,0.36618,0.02952,0.17007,0.99430,0,0,57095
283.665000,437.223405,0.79339,2.50223,0.00000,0.03123,0.17178,0.99503,0,0,57096
283.670000,437.223405,1.34266,2.13605,-0.42721,0.03270,0.17592,0.99650,0,0,57097
283.675000,437.223405,1.40369,1.89193,-0.48824,0.03026,0.18129,0.99967,0,0,57098
283.680000,437.238400,1.40369,1.58678,-0.48824,0.02904,0.18398,1.00308,0,0,57099
283.685000,437.238400,1.34266,1.22060,-0.61030,0.03221,0.18446,1.00235,0,0,57100
283.690000,437.238400,1.28163,0.91545,-0.48824,0.03489,0.18715,0.99894,0,0,57101
283.695000,437.253405,1.22060,0.91545,0.00000,0.03123,0.19130,0.99869,0,0,57102
283.700000,437.253405,1.03751,0.85442,0.48824,0.02952,0.19178,0.99772,0,0,57103
283.705000,437.253405,0.67133,1.03751,0.67133,0.03440,0.18861,0.99284,0,0,57104
283.710000,437.268409,0.00000,1.34266,0.54927,0.03904,0.18544,0.99113,0,0,57105
283.715000,437.268409,-0.48824,1.52575,0.42721,0.03782,0.18178,0.99040,0,0,57106
283.720000,437.268409,-0.30515,1.46472,0.61030,0.03416,0.18056,0.98893,0,0,57107
283.725000,437.283717,0.36618,1.58678,0.79339,0.03221,0.18129,0.98771,0,0,57108
283.730000,437.283717,1.03751,1.64781,0.73236,0.03123,0.18105,0.98966,0,0,57109
283.735000,437.283717,1.70884,1.89193,0.36618,0.02977,0.18080,0.99528,0,0,57110
283.740000,437.297201,2.13605,1.95296,0.30515,0.02733,0.18178,1.00138,0,0,57111
283.745000,437.297201,2.25811,1.76987,0.42721,0.02684,0.18276,1.00674,0,0,57112
283.750000,437.297201,2.07502,1.52575,0.67133,0.02684,0.18105,1.00943,0,0,57113
283.755000,437.312194,1.89193,1.22060,0.61030,0.02611,0.17690,1.00918,0,0,57114
283.760000,437.312194,1.70884,1.22060,0.54927,0.02635,0.17373,1.00626,0,0,57115
283.765000,437.312194,1.58678,1.40369,0.54927,0.02391,0.17202,1.00870,0,0,57116
283.770000,437.327176,1.40369,1.28163,0.54927,0.02538,0.16909,1.00894,0,0,57117
283.775000,437.327176,1.22060,1.03751,-0.06103,0.03001,0.16812,1.00552,0,0,57118
283.780000,437.327176,1.28163,0.85442,-0.79339,0.03050,0.17202,1.00186,0,0,57119
283.785000,437.342184,1.52575,0.85442,-1.28163,0.02733,0.18007,1.00089,0,0,57120
283.790000,437.342184,1.52575,0.97648,-1.28163,0.02611,0.18910,1.00211,0,0,57121
283.795000,437.342184,1.03751,1.09854,-0.91545,0.02513,0.19715,1.00308,0,0,57122
283.800000,437.357209,0.48824,1.22060,-0.42721,0.02416,0.19984,1.00260,0,0,57123
283.805000,437.357209,-0.12206,1.15957,0.18309,0.02538,0.19910,1.00235,0,0,57124
283.810000,437.357209,-0.36618,1.28163,0.97648,0.02513,0.19569,1.00235,0,0,57125
283.815000,437.372176,-0.18309,1.70884,1.58678,0.02464,0.18934,1.00333,0,0,57126
283.820000,437.372176,0.54927,2.01399,1.70884,0.02464,0.18398,1.00601,0,0,57127
283.825000,437.372176,1.28163,2.01399,1.52575,0.02586,0.17861,1.01114,0,0,57128
283.830000,437.387166,1.34266,1.64781,1.15957,0.02806,0.17592,1.01333,0,0,57129
283.835000,437.387166,0.91545,1.15957,0.48824,0.02879,0.17641,1.01333,0,0,57130
283.840000,437.387166,0.67133,0.91545,0.06103,0.02586,0.18080,1.01114,0,0,57131
283.845000,437.402498,0.06103,0.67133,-0.30515,0.02098,0.18422,1.00723,0,0,57132
283.850000,437.402498,-0.30515,0.54927,-0.36618,0.02025,0.18495,1.00260,0,0,57133
283.855000,437.402498,-0.79339,0.61030,-0.61030,0.02269,0.18398,0.99332,0,0,57134
283.860000,437.417256,-1.64781,1.03751,-0.91545,0.02611,0.18129,0.98771,0,0,57135
283.865000,437.417256,-2.62429,1.52575,-1.15957,0.02879,0.17934,0.98356,0,0,57136
283.870000,437.417256,-3.35665,1.76987,-1.03751,0.02708,0.17812,0.98112,0,0,57137
283.875000,437.432590,-4.02798,2.25811,-0.79339,0.02489,0.17592,0.97868,0,0,57138
283.880000,437.432590,-4.21107,2.68532,-0.54927,0.02538,0.17251,0.97966,0,0,57139
283.885000,437.432590,-3.78386,2.92944,-0.18309,0.02757,0.16934,0.98552,0,0,57140
283.890000,437.447687,-3.17356,2.86841,0.36618,0.02513,0.16738,0.99308,0,0,57141
283.895000,437.447687,-2.25811,2.68532,0.67133,0.01976,0.16543,1.00113,0,0,57142
283.900000,437.447687,-1.28163,2.13605,0.30515,0.01952,0.16397,1.00455,0,0,57143
283.905000,437.462347,-0.54927,1.40369,-0.12206,0.02123,0.16543,1.00626,0,0,57144
283.910000,437.462347,-0.06103,0.73236,-0.30515,0.02001,0.16836,1.00845,0,0,57145
283.915000,437.462347,-0.06103,0.61030,-0.54927,0.01635,0.17446,1.00992,0,0,57146
283.920000,437.477502,-0.67133,0.91545,-1.28163,0.01318,0.17885,1.01040,0,0,57147
283.925000,437.477502,-0.61030,0.73236,-2.07502,0.01854,0.18422,1.00894,0,0,57148
283.930000,437.477502,-0.79339,0.36618,-2.07502,0.02342,0.18886,1.01016,0,0,57149
283.935000,437.492436,-0.54927,0.06103,-1.58678,0.02513,0.19130,1.00845,0,0,57150
283.940000,437.492436,-0.12206,-0.18309,-1.52575,0.02513,0.19520,1.00674,0,0,57151
283.945000,437.492436,-0.06103,-0.42721,-1.83090,0.02513,0.19886,1.00772,0,0,57152
283.945000,437.507361,-0.12206,-0.48824,-1.95296,0.02489,0.20228,1.00918,0,0,57153
283.950000,437.507361,-0.97648,-0.42721,-2.25811,0.02416,0.20862,1.00943,0,0,57154
283.955000,437.507361,-1.64781,-0.18309,-2.07502,0.02733,0.21155,1.00406,0,0,57155
283.960000,437.522552,-1.64781,-0.24412,-1.70884,0.02879,0.21228,0.99869,0,0,57156
283.965000,437.522552,-1.58678,-0.24412,-0.67133,0.02416,0.21277,0.99845,0,0,57157
283.970000,437.522552,-1.03751,-0.42721,0.00000,0.02025,0.21155,0.99796,0,0,57158
283.975000,437.537443,-0.18309,-0.73236,0.30515,0.01928,0.20984,0.99528,0,0,57159
283.980000,437.537443,0.79339,-0.85442,0.54927,0.02050,0.20618,0.99284,0,0,57160
283.985000,437.537443,1.76987,-1.03751,0.85442,0.02269,0.20154,0.98991,0,0,57161
283.990000,437.552684,2.56326,-1.22060,1.52575,0.02318,0.19471,0.98552,0,0,57162
283.995000,437.552684,2.68532,-1.28163,2.01399,0.02440,0.18788,0.98283,0,0,57163
284.000000,437.552684,2.44120,-1.15957,2.01399,0.02513,0.17983,0.97917,0,0,57164
284.005000,437.567620,1.95296,-0.79339,1.76987,0.02586,0.17324,0.97722,0,0,57165
284.010000,437.567620,1.22060,-0.30515,1.15957,0.02635,0.16934,0.97722,0,0,57166
284.015000,437.567620,0.18309,0.48824,0.36618,0.02879,0.16812,0.98039,0,0,57167
284.020000,437.582770,-0.91545,1.09854,-0.24412,0.03001,0.16982,0.98576,0,0,57168
284.025000,437.582770,-1.89193,1.58678,-0.67133,0.03050,0.17422,0.99088,0,0,57169
284.030000,437.582770,-2.13605,1.64781,-0.67133,0.02977,0.17983,0.99479,0,0,57170
284.035000,437.597770,-1.89193,1.34266,-0.61030,0.02855,0.18666,0.99942,0,0,57171
284.040000,437.597770,-1.09854,0.67133,-0.42721,0.02586,0.19252,0.99991,0,0,57172
284.045000,437.597770,-0.85442,0.36618,-0.36618,0.02708,0.19471,0.99674,0,0,57173
284.050000,437.612804,-0.97648,0.36618,-0.24412,0.03050,0.19642,0.99332,0,0,57174
284.055000,437.612804,-0.97648,0.42721,-0.06103,0.03636,0.19691,0.98698,0,0,57175
284.060000,437.612804,-0.91545,0.48824,0.48824,0.03782,0.19935,0.98576,0,0,57176
284.065000,437.627372,-0.73236,0.61030,1.15957,0.03514,0.20325,0.98552,0,0,57177
284.070000,437.627372,-0.42721,0.67133,1.70884,0.03343,0.20228,0.98552,0,0,57178
284.075000,437.627372,0.00000,0.85442,2.01399,0.03245,0.19642,0.98674,0,0,57179
284.080000,437.642620,0.79339,0.97648,2.25811,0.03074,0.18934,0.99137,0,0,57180
284.085000,437.642620,1.95296,0.79339,2.44120,0.02855,0.18349,0.99723,0,0,57181
284.090000,437.642620,3.41768,0.30515,2.31914,0.02782,0.18056,1.00186,0,0,57182
284.095000,437.657447,4.15004,-0.24412,2.01399,0.02586,0.18080,1.00430,0,0,57183
284.100000,437.657447,4.45519,-0.48824,1.70884,0.02318,0.17885,1.00699,0,0,57184
284.105000,437.657447,4.27210,-0.54927,1.22060,0.02269,0.17861,1.01040,0,0,57185
284.110000,437.672751,3.35665,-0.67133,0.91545,0.02196,0.17958,1.01309,0,0,57186
284.115000,437.672751,1.58678,-0.97648,0.67133,0.02098,0.17983,1.01284,0,0,57187
284.120000,437.672751,0.18309,-1.22060,0.12206,0.02196,0.18105,1.00845,0,0,57188
284.125000,437.687413,-0.36618,-1.15957,-0.12206,0.02367,0.18349,1.00455,0,0,57189
284.130000,437.687413,-0.85442,-0.85442,-0.06103,0.02562,0.18617,1.00186,0,0,57190
284.135000,437.687413,-0.85442,-0.42721,0.30515,0.02513,0.18812,0.99918,0,0,57191
284.140000,437.702387,0.00000,-0.67133,0.24412,0.02391,0.18764,0.99528,0,0,57192
284.145000,437.702387,0.79339,-0.79339,0.42721,0.02830,0.18812,0.99113,0,0,57193
284.150000,437.702387,1.15957,-0.73236,0.61030,0.03270,0.18690,0.99088,0,0,57194
284.155000,437.717761,1.28163,-0.54927,0.85442,0.03343,0.18471,0.99210,0,0,57195
284.160000,437.717761,0.97648,-0.30515,1.22060,0.03245,0.18520,0.99040,0,0,57196
284.165000,437.717761,0.61030,0.06103,1.70884,0.03245,0.18715,0.98820,0,0,57197
284.170000,437.732540,0.24412,0.48824,2.19708,0.03196,0.18715,0.99088,0,0,57198
284.175000,437.732540,0.30515,0.85442,2.38017,0.02806,0.18642,0.99698,0,0,57199
284.180000,437.732540,0.48824,1.15957,2.38017,0.02538,0.18544,1.00235,0,0,57200
284.185000,437.747789,0.73236,1.03751,2.31914,0.02562,0.18324,1.00748,0,0,57201
284.190000,437.747789,1.22060,0.12206,2.07502,0.02562,0.18129,1.01016,0,0,57202
284.195000,437.747789,1.52575,-0.61030,1.76987,0.02513,0.17983,1.01187,0,0,57203
284.200000,437.762414,1.76987,-1.09854,1.40369,0.02342,0.17910,1.01162,0,0,57204
284.205000,437.762414,1.95296,-1.58678,1.15957,0.02098,0.17885,1.00870,0,0,57205
284.210000,437.762414,1.76987,-1.76987,0.91545,0.02098,0.17690,1.00528,0,0,57206
284.215000,437.777434,1.52575,-1.70884,0.73236,0.01976,0.17568,1.00016,0,0,57207
284.220000,437.777434,0.85442,-1.52575,0.67133,0.01830,0.17568,0.99479,0,0,57208
284.225000,437.777434,-0.12206,-1.09854,0.54927,0.01537,0.17275,0.98991,0,0,57209
284.230000,437.792497,-0.73236,-0.67133,0.24412,0.01610,0.16763,0.98625,0,0,57210
284.235000,437.792497,-1.52575,-0.12206,-0.06103,0.01928,0.16348,0.98503,0,0,57211
284.240000,437.792497,-1.76987,0.06103,-0.18309,0.01976,0.16031,0.98747,0,0,57212
284.245000,437.808851,-1.58678,-0.06103,-0.30515,0.02025,0.15933,0.99040,0,0,57213
284.250000,437.808851,-1.09854,-0.24412,-0.54927,0.02147,0.16104,0.99308,0,0,57214
284.255000,437.808851,-0.18309,-0.36618,-0.79339,0.02269,0.16348,0.99625,0,0,57215
284.260000,437.822558,0.79339,-0.73236,-1.09854,0.02538,0.16641,0.99991,0,0,57216
284.265000,437.822558,1.83090,-1.22060,-1.28163,0.02757,0.16958,1.00260,0,0,57217
284.270000,437.822558,2.19708,-1.40369,-1.34266,0.02855,0.17324,1.00284,0,0,57218
284.275000,437.837388,1.83090,-1.52575,-1.40369,0.02928,0.17983,1.00455,0,0,57219
284.280000,437.837388,0.97648,-1.58678,-1.52575,0.03001,0.18568,1.00357,0,0,57220
284.285000,437.837388,-0.36618,-1.52575,-1.52575,0.03172,0.19056,1.00211,0,0,57221
284.290000,437.852420,-1.28163,-1.15957,-1.15957,0.03099,0.19398,1.00186,0,0,57222
284.295000,437.852420,-1.83090,-0.97648,-0.79339,0.02757,0.19496,1.00138,0,0,57223
284.300000,437.852420,-2.01399,-1.09854,-0.67133,0.02562,0.19349,1.00089,0,0,57224
284.305000,437.867368,-2.07502,-1.15957,-0.67133,0.02489,0.19154,1.00040,0,0,57225
284.310000,437.867368,-1.95296,-1.15957,-0.54927,0.02611,0.18690,0.99942,0,0,57226
284.315000,437.867368,-1.83090,-1.22060,-0.36618,0.02757,0.18154,1.00089,0,0,57227
284.320000,437.882748,-1.52575,-0.91545,-0.12206,0.02952,0.17324,1.00284,0,0,57228
284.325000,437.882748,-1.22060,-1.15957,-0.42721,0.02635,0.17007,1.00040,0,0,57229
284.330000,437.882748,-1.09854,-2.07502,-1.09854,0.02342,0.16763,0.99235,0,0,57230
284.335000,437.897816,-0.61030,-2.68532,-2.01399,0.02660,0.16909,0.98332,0,0,57231
284.340000,437.897816,-0.73236,-2.62429,-2.80738,0.03099,0.17324,0.97673,0,0,57232
284.345000,437.897816,-0.97648,-2.31914,-3.35665,0.03343,0.17836,0.97356,0,0,57233
284.350000,437.912423,-1.28163,-1.95296,-3.60077,0.03611,0.18398,0.96990,0,0,57234
284.355000,437.912423,-1.64781,-1.52575,-3.66180,0.03904,0.18983,0.96892,0,0,57235
284.360000,437.912423,-2.25811,-1.09854,-3.66180,0.04026,0.19593,0.97039,0,0,57236
284.365000,437.927539,-2.68532,-1.03751,-3.47871,0.04246,0.19959,0.97088,0,0,57237
284.370000,437.927539,-2.68532,-1.28163,-3.29562,0.04441,0.20325,0.96722,0,0,57238
284.375000,437.927539,-2.25811,-1.46472,-2.99047,0.04685,0.20667,0.96160,0,0,57239
284.380000,437.942571,-1.46472,-1.34266,-2.50223,0.04831,0.20935,0.95721,0,0,57240
284.385000,437.942571,-0.61030,-0.97648,-1.83090,0.04856,0.21252,0.95648,0,0,57241
284.390000,437.942571,-0.36618,-0.85442,-1.52575,0.04831,0.21618,0.95990,0,0,57242
284.395000,437.957331,-0.61030,-0.73236,-1.34266,0.05026,0.21667,0.96038,0,0,57243
284.400000,437.957331,-1.58678,-0.42721,-1.03751,0.05685,0.22204,0.95892,0,0,57244
284.405000,437.957331,-3.84489,0.18309,-0.61030,0.05832,0.23326,0.95990,0,0,57245
284.410000,437.972746,-5.67579,0.61030,-0.36618,0.06222,0.24424,0.95843,0,0,57246
284.415000,437.972746,-7.50669,1.22060,-0.24412,0.07003,0.25230,0.95624,0,0,57247
284.420000,437.972746,-9.27656,1.76987,0.06103,0.06881,0.26303,0.95209,0,0,57248
284.420000,437.987755,-10.19201,2.07502,0.30515,0.06783,0.27108,0.94721,0,0,57249
284.425000,437.987755,-10.49716,2.25811,0.79339,0.07369,0.27816,0.93501,0,0,57250
284.430000,437.987755,-10.13098,2.13605,1.83090,0.07710,0.28109,0.92208,0,0,57251
284.435000,438.002410,-8.66626,2.01399,3.29562,0.07686,0.27914,0.90695,0,0,57252
284.440000,438.002410,-6.83536,2.01399,3.90592,0.07881,0.27548,0.89133,0,0,57253
284.445000,438.002410,-5.06549,2.07502,3.90592,0.08491,0.27474,0.87669,0,0,57254
284.450000,438.017415,-4.02798,1.95296,3.66180,0.09052,0.27816,0.86620,0,0,57255
284.455000,438.017415,-3.72283,2.50223,2.99047,0.10346,0.28670,0.85180,0,0,57256
284.460000,438.017415,-4.45519,3.35665,2.80738,0.11907,0.29963,0.83912,0,0,57257
284.465000,438.032581,-6.34712,5.18755,2.74635,0.12981,0.31866,0.83326,0,0,57258
284.470000,438.032581,-8.17802,6.83536,2.62429,0.13713,0.33965,0.83204,0,0,57259
284.475000,438.032581,-10.00892,8.48317,2.56326,0.14445,0.35990,0.83350,0,0,57260
284.480000,438.047640,-11.29055,9.70377,2.68532,0.14884,0.37674,0.83375,0,0,57261
284.485000,438.047640,-12.81630,11.71776,3.60077,0.15250,0.40114,0.83204,0,0,57262
284.490000,438.047640,-13.67072,13.36557,4.82137,0.15665,0.42578,0.83521,0,0,57263
284.495000,438.062736,-14.58617,15.37956,6.71330,0.15543,0.44945,0.83985,0,0,57264
284.500000,438.062736,-15.31853,16.47810,8.30008,0.15445,0.46994,0.84058,0,0,57265
284.505000,438.062736,-16.05089,17.69870,10.43613,0.15518,0.48654,0.84278,0,0,57266
284.510000,438.077450,-16.53913,18.73621,12.51115,0.15592,0.49825,0.84400,0,0,57267
284.515000,438.077450,-16.47810,20.07887,14.89132,0.15250,0.50850,0.84741,0,0,57268
284.520000,438.077450,-15.07441,20.99432,17.75973,0.14884,0.51508,0.84863,0,0,57269
284.525000,438.092959,-13.42660,21.11638,20.68917,0.14664,0.51191,0.84814,0,0,57270
284.530000,438.092959,-11.16849,20.99432,24.47303,0.14054,0.50557,0.84204,0,0,57271
284.535000,438.092959,-8.91038,21.11638,27.82968,0.12298,0.50093,0.83570,0,0,57272
284.540000,438.107303,-7.26257,21.48256,30.45397,0.10468,0.49727,0.83814,0,0,57273
284.545000,438.107303,-3.60077,21.84874,33.99371,0.07906,0.48678,0.84229,0,0,57274
284.550000,438.107303,2.56326,21.23844,38.26581,0.05563,0.46824,0.84619,0,0,57275
284.555000,438.122716,7.93390,20.50608,42.04967,0.03514,0.44140,0.85278,0,0,57276
284.560000,438.122716,15.50162,19.46857,46.81001,0.01708,0.40602,0.85986,0,0,57277
284.565000,438.122716,21.54359,18.30900,50.22769,0.00415,0.36722,0.86132,0,0,57278
284.565000,438.137675,25.44951,17.33252,52.36374,-0.00586,0.33477,0.86181,0,0,57279
284.570000,438.137675,30.57603,15.86780,54.68288,-0.01976,0.29109,0.86132,0,0,57280
284.575000,438.137675,33.20032,15.31853,55.35421,-0.03001,0.25181,0.86205,0,0,57281
284.580000,438.152444,33.99371,15.74574,54.80494,-0.03880,0.21326,0.86742,0,0,57282
284.585000,438.152444,32.65105,16.72222,53.58434,-0.04831,0.18300,0.87425,0,0,57283
284.590000,438.152444,29.47749,17.75973,52.05859,-0.05685,0.15811,0.88035,0,0,57284
284.595000,438.167345,25.93775,18.67518,50.53284,-0.06344,0.14152,0.88499,0,0,57285
284.600000,438.167345,18.49209,20.50608,47.23722,-0.07125,0.11932,0.89280,0,0,57286
284.605000,438.167345,11.90085,22.52007,44.06366,-0.07759,0.10175,0.90329,0,0,57287
284.610000,438.182423,4.76034,24.96127,40.03568,-0.08589,0.09077,0.91939,0,0,57288
284.615000,438.182423,1.09854,25.99878,36.86212,-0.09565,0.08516,0.93769,0,0,57289
284.620000,438.182423,-0.42721,25.87672,34.29886,-0.10565,0.08686,0.95160,0,0,57290
284.625000,438.197625,0.24412,25.08333,32.95620,-0.11200,0.09077,0.95819,0,0,57291
284.630000,438.197625,3.17356,23.55758,31.24736,-0.11614,0.09711,0.96258,0,0,57292
284.635000,438.197625,7.99493,21.90977,30.57603,-0.11736,0.10492,0.96624,0,0,57293
284.640000,438.212448,11.71776,21.11638,30.63706,-0.11810,0.11248,0.97185,0,0,57294
284.645000,438.212448,14.83029,20.50608,31.00324,-0.11858,0.11712,0.97746,0,0,57295
284.650000,438.212448,16.90531,20.01784,31.49148,-0.11980,0.11712,0.98527,0,0,57296
284.655000,438.227441,17.02737,19.89578,31.49148,-0.11932,0.11370,0.99210,0,0,57297
284.660000,438.227441,16.11192,20.13990,31.06427,-0.11785,0.10614,1.00357,0,0,57298
284.665000,438.227441,13.91484,20.75020,30.57603,-0.11639,0.09980,1.01675,0,0,57299
284.670000,438.242724,9.82583,21.84874,29.17234,-0.11883,0.09321,1.03310,0,0,57300
284.675000,438.242724,5.06549,22.70316,26.73114,-0.12054,0.08711,1.04920,0,0,57301
284.680000,438.242724,1.70884,23.00831,24.65612,-0.11956,0.08418,1.06262,0,0,57302
284.680000,438.257312,-0.42721,22.88625,23.25243,-0.11883,0.08296,1.06970,0,0,57303
284.685000,438.257312,-2.31914,22.21492,21.54359,-0.11688,0.08296,1.07433,0,0,57304
284.690000,438.257312,-3.35665,20.99432,20.07887,-0.11566,0.08760,1.07092,0,0,57305
284.695000,438.272678,-3.41768,20.38402,19.52960,-0.11761,0.09638,1.06970,0,0,57306
284.700000,438.272678,-2.68532,19.65166,19.65166,-0.11858,0.09980,1.07092,0,0,57307
284.705000,438.272678,-2.07502,19.10239,19.83475,-0.11639,0.10150,1.07360,0,0,57308
284.710000,438.287757,-1.46472,18.73621,20.13990,-0.11590,0.10004,1.07799,0,0,57309
284.715000,438.287757,-0.42721,18.00385,20.56711,-0.12005,0.09492,1.08507,0,0,57310
284.720000,438.287757,1.34266,17.02737,21.11638,-0.12346,0.08735,1.09092,0,0,57311
284.725000,438.302427,3.90592,16.17295,21.42153,-0.12883,0.07954,1.09946,0,0,57312
284.730000,438.302427,6.04197,15.25750,21.05535,-0.13078,0.07393,1.10703,0,0,57313
284.735000,438.302427,7.75081,14.21999,20.56711,-0.12542,0.06783,1.11362,0,0,57314
284.740000,438.317264,8.54420,13.42660,20.13990,-0.12151,0.06442,1.11752,0,0,57315
284.745000,438.317264,8.30008,12.81630,18.98033,-0.11980,0.06295,1.12216,0,0,57316
284.750000,438.317264,7.01845,12.63321,17.88179,-0.12078,0.06295,1.12460,0,0,57317
284.755000,438.332298,4.21107,12.63321,16.17295,-0.11980,0.06222,1.12704,0,0,57318
284.760000,438.332298,1.34266,12.87733,14.52514,-0.12005,0.05905,1.12801,0,0,57319
284.765000,438.332298,-1.28163,12.93836,13.06042,-0.11639,0.05441,1.12923,0,0,57320
284.770000,438.347297,-3.23459,12.63321,11.53467,-0.11224,0.05051,1.13021,0,0,57321
284.775000,438.347297,-4.39416,11.96188,9.64274,-0.10638,0.04831,1.13021,0,0,57322
284.780000,438.347297,-5.06549,10.92437,7.56772,-0.10541,0.05490,1.12435,0,0,57323
284.785000,438.362294,-5.61476,9.52068,5.24858,-0.10565,0.06978,1.11630,0,0,57324
284.790000,438.362294,-5.85888,8.66626,3.78386,-0.10297,0.08564,1.10849,0,0,57325
284.795000,438.362294,-6.16403,7.93390,2.62429,-0.09882,0.10053,1.10044,0,0,57326
284.795000,438.377437,-6.28609,7.68978,2.44120,-0.09980,0.11126,1.09458,0,0,57327
284.800000,438.377437,-6.04197,7.50669,2.80738,-0.10663,0.12786,1.08995,0,0,57328
284.805000,438.377437,-4.88240,6.83536,3.23459,-0.10882,0.14079,1.08726,0,0,57329
284.810000,438.392679,-2.44120,5.73682,3.66180,-0.10663,0.14908,1.08238,0,0,57330
284.815000,438.392679,1.03751,4.76034,4.33313,-0.10321,0.15226,1.07750,0,0,57331
284.820000,438.392679,3.90592,3.90592,5.18755,-0.10370,0.15470,1.07360,0,0,57332
284.825000,438.407652,5.79785,3.17356,5.98094,-0.10394,0.15616,1.07116,0,0,57333
284.830000,438.407652,8.11699,2.25811,7.01845,-0.09882,0.15494,1.06750,0,0,57334
284.835000,438.407652,9.70377,1.28163,7.81184,-0.09248,0.14835,1.06433,0,0,57335
284.840000,438.422674,9.64274,1.03751,8.05596,-0.08638,0.14372,1.06091,0,0,57336
284.845000,438.422674,7.56772,1.22060,7.75081,-0.07930,0.14103,1.05725,0,0,57337
284.850000,438.422674,4.51622,1.95296,7.32360,-0.07759,0.13884,1.05481,0,0,57338
284.855000,438.437760,1.83090,2.80738,6.89639,-0.08003,0.13737,1.05530,0,0,57339
284.860000,438.437760,-2.74635,4.39416,5.79785,-0.08223,0.13518,1.06091,0,0,57340
284.865000,438.437760,-5.67579,5.18755,4.88240,-0.08198,0.13054,1.06652,0,0,57341
284.870000,438.452366,-8.17802,5.18755,3.90592,-0.08223,0.12786,1.07262,0,0,57342
284.875000,438.452366,-9.09347,4.69931,3.29562,-0.08467,0.12786,1.07433,0,0,57343
284.880000,438.452366,-9.21553,4.08901,2.74635,-0.08638,0.12810,1.07092,0,0,57344
284.885000,438.467423,-8.91038,3.66180,2.31914,-0.08686,0.13030,1.06726,0,0,57345
284.890000,438.467423,-8.05596,2.92944,1.76987,-0.09028,0.13493,1.06238,0,0,57346
284.895000,438.467423,-7.20154,2.25811,1.64781,-0.09467,0.13859,1.05530,0,0,57347
284.900000,438.482436,-5.73682,2.01399,1.46472,-0.09540,0.13859,1.04603,0,0,57348
284.905000,438.482436,-4.82137,2.07502,1.58678,-0.09467,0.13957,1.03846,0,0,57349
284.910000,438.482436,-4.27210,2.19708,1.89193,-0.09296,0.13932,1.03700,0,0,57350
284.910000,438.497428,-3.84489,2.38017,2.13605,-0.09028,0.13615,1.03846,0,0,57351
284.915000,438.497428,-3.60077,2.50223,2.31914,-0.08955,0.13054,1.04237,0,0,57352
284.920000,438.497428,-3.35665,1.95296,2.13605,-0.09077,0.12420,1.04432,0,0,57353
284.925000,438.512438,-2.99047,1.40369,1.58678,-0.09272,0.11956,1.04530,0,0,57354
284.930000,438.512438,-2.31914,0.67133,0.79339,-0.08979,0.11663,1.04530,0,0,57355
284.935000,438.512438,-1.95296,-0.36618,-0.24412,-0.09028,0.11761,1.04334,0,0,57356
284.940000,438.527386,-2.19708,-0.97648,-0.85442,-0.09248,0.11932,1.03822,0,0,57357
284.945000,438.527386,-3.23459,-1.58678,-1.76987,-0.09394,0.12102,1.02992,0,0,57358
284.950000,438.527386,-4.27210,-1.83090,-2.56326,-0.08955,0.12468,1.01821,0,0,57359
284.955000,438.542745,-4.76034,-2.01399,-3.05150,-0.08272,0.13152,1.00894,0,0,57360
284.960000,438.542745,-5.06549,-1.95296,-3.29562,-0.08272,0.13835,1.00577,0,0,57361
284.965000,438.542745,-5.67579,-1.64781,-3.66180,-0.08491,0.14640,1.00235,0,0,57362
284.970000,438.557446,-6.53021,-1.40369,-4.15004,-0.08833,0.15055,1.00235,0,0,57363
284.975000,438.557446,-7.44566,-1.22060,-4.76034,-0.08564,0.15592,1.00064,0,0,57364
284.980000,438.557446,-7.99493,-1.22060,-5.06549,-0.07954,0.16299,1.00235,0,0,57365
284.985000,438.572507,-8.36111,-1.34266,-4.82137,-0.08076,0.16885,1.00284,0,0,57366
284.990000,438.572507,-7.75081,-1.70884,-4.39416,-0.08272,0.17104,0.99942,0,0,57367
284.995000,438.572507,-6.34712,-2.07502,-4.08901,-0.08296,0.17324,0.99625,0,0,57368
285.000000,438.587567,-4.39416,-2.62429,-3.90592,-0.08272,0.17470,0.99259,0,0,57369
285.005000,438.587567,-1.89193,-3.47871,-3.41768,-0.08028,0.17495,0.98698,0,0,57370
285.010000,438.587567,-0.85442,-3.66180,-3.05150,-0.07808,0.17544,0.98039,0,0,57371
285.015000,438.602738,-0.24412,-3.60077,-2.99047,-0.07686,0.17544,0.97649,0,0,57372
285.020000,438.602738,-0.06103,-3.41768,-3.17356,-0.07515,0.17446,0.97405,0,0,57373
285.025000,438.602738,-0.36618,-3.17356,-3.47871,-0.07369,0.17348,0.97161,0,0,57374
285.030000,438.617592,-0.79339,-2.99047,-3.60077,-0.07076,0.17397,0.97112,0,0,57375
285.035000,438.617592,-1.40369,-2.62429,-3.66180,-0.06515,0.17519,0.97161,0,0,57376
285.040000,438.617592,-1.83090,-2.01399,-3.66180,-0.06368,0.17836,0.97234,0,0,57377
285.045000,438.632616,-2.38017,-1.34266,-4.02798,-0.06539,0.18300,0.97283,0,0,57378
285.050000,438.632616,-2.74635,-1.15957,-4.27210,-0.06490,0.18886,0.97380,0,0,57379
285.055000,438.632616,-2.99047,-1.28163,-4.45519,-0.06295,0.19520,0.97332,0,0,57380
285.055000,438.647472,-3.11253,-1.52575,-4.57725,-0.06222,0.19984,0.97112,0,0,57381
285.060000,438.647472,-3.11253,-1.70884,-4.45519,-0.06149,0.20350,0.96551,0,0,57382
285.065000,438.647472,-2.92944,-1.76987,-4.21107,-0.06027,0.20472,0.96258,0,0,57383
285.070000,438.662718,-2.62429,-1.76987,-3.90592,-0.05685,0.20545,0.96136,0,0,57384
285.075000,438.662718,-2.50223,-1.70884,-3.41768,-0.05807,0.20569,0.96160,0,0,57385
285.080000,438.662718,-2.19708,-1.70884,-2.74635,-0.05710,0.20325,0.96112,0,0,57386
285.085000,438.677356,-1.95296,-1.58678,-2.44120,-0.05466,0.20032,0.96014,0,0,57387
285.090000,438.677356,-1.76987,-1.40369,-1.95296,-0.05100,0.19618,0.95965,0,0,57388
285.095000,438.677356,-1.83090,-1.15957,-1.52575,-0.05026,0.19593,0.95916,0,0,57389
285.100000,438.692766,-1.64781,-0.85442,-1.09854,-0.05002,0.19862,0.95380,0,0,57390
285.105000,438.692766,-1.46472,-0.54927,-0.67133,-0.05075,0.20032,0.94794,0,0,57391
285.110000,438.692766,-1.15957,-0.06103,-0.30515,-0.05173,0.20130,0.94574,0,0,57392
285.115000,438.707400,-0.67133,0.24412,-0.18309,-0.05368,0.20081,0.94721,0,0,57393
285.120000,438.707400,0.00000,0.42721,-0.18309,-0.05319,0.19813,0.94721,0,0,57394
285.125000,438.707400,0.67133,0.54927,-0.18309,-0.05319,0.19691,0.94794,0,0,57395
285.130000,438.722374,0.67133,0.91545,0.12206,-0.05295,0.19496,0.94965,0,0,57396
285.135000,438.722374,0.24412,1.22060,0.36618,-0.05368,0.18983,0.95331,0,0,57397
285.140000,438.722374,-0.12206,1.40369,0.48824,-0.05539,0.18398,0.95843,0,0,57398
285.145000,438.737329,-0.30515,1.70884,0.61030,-0.05661,0.17934,0.96307,0,0,57399
285.150000,438.737329,-0.06103,2.01399,0.54927,-0.05563,0.17422,0.97088,0,0,57400
285.155000,438.737329,0.30515,1.95296,0.36618,-0.05661,0.17153,0.97844,0,0,57401
285.160000,438.752367,0.97648,1.46472,-0.18309,-0.06173,0.17397,0.98478,0,0,57402
285.165000,438.752367,1.70884,0.91545,-0.61030,-0.06124,0.17690,0.98893,0,0,57403
285.170000,438.752367,2.19708,0.42721,-0.97648,-0.05344,0.18032,0.98454,0,0,57404
285.170000,438.767581,2.19708,0.00000,-0.97648,-0.05197,0.18520,0.98137,0,0,57405
285.175000,438.767581,1.95296,-0.12206,-0.67133,-0.05539,0.18959,0.97893,0,0,57406
285.180000,438.767581,1.83090,0.36618,-0.48824,-0.05563,0.19130,0.97698,0,0,57407
285.185000,438.782414,1.52575,0.97648,-0.42721,-0.05710,0.19203,0.97454,0,0,57408
285.190000,438.782414,1.34266,0.85442,-0.06103,-0.05978,0.19569,0.97283,0,0,57409
285.195000,438.782414,1.52575,0.42721,0.24412,-0.05685,0.19398,0.96917,0,0,57410
285.200000,438.797755,2.01399,0.67133,0.48824,-0.05075,0.19081,0.96429,0,0,57411
285.205000,438.797755,2.01399,1.28163,0.91545,-0.04929,0.18983,0.96282,0,0,57412
285.210000,438.797755,1.28163,1.64781,0.79339,-0.05392,0.18983,0.96453,0,0,57413
285.215000,438.812769,0.54927,1.83090,0.61030,-0.05661,0.19178,0.96917,0,0,57414
285.220000,438.812769,-0.67133,2.56326,0.12206,-0.05685,0.19618,0.97502,0,0,57415
285.225000,438.812769,-1.46472,2.99047,-0.18309,-0.05783,0.20057,0.98405,0,0,57416
285.230000,438.827487,-1.89193,3.17356,-0.18309,-0.05856,0.20276,0.99015,0,0,57417
285.235000,438.827487,-2.25811,3.17356,0.12206,-0.06051,0.20496,0.99796,0,0,57418
285.240000,438.827487,-2.19708,2.74635,0.48824,-0.06344,0.20496,1.00089,0,0,57419
285.245000,438.842741,-1.83090,2.38017,1.03751,-0.06344,0.20301,1.00357,0,0,57420
285.250000,438.842741,-1.15957,1.89193,1.64781,-0.06173,0.20106,1.00504,0,0,57421
285.255000,438.842741,-0.61030,1.83090,1.76987,-0.06320,0.19666,1.00260,0,0,57422
285.260000,438.857479,-0.42721,1.70884,1.70884,-0.06588,0.19252,1.00040,0,0,57423
285.265000,438.857479,-0.30515,1.58678,1.58678,-0.06759,0.18764,1.00162,0,0,57424
285.270000,438.857479,0.06103,1.64781,1.58678,-0.06759,0.18080,1.00016,0,0,57425
285.275000,438.872604,0.36618,1.70884,1.70884,-0.06710,0.17592,0.99747,0,0,57426
285.280000,438.872604,0.54927,1.89193,2.31914,-0.06686,0.17397,1.00089,0,0,57427
285.285000,438.872604,0.67133,1.95296,2.80738,-0.07100,0.17300,1.00601,0,0,57428
285.285000,438.887449,1.15957,1.70884,2.74635,-0.07564,0.17251,1.00796,0,0,57429
285.290000,438.887449,1.83090,1.22060,2.56326,-0.07857,0.17153,1.00918,0,0,57430
285.295000,438.887449,2.56326,0.79339,2.25811,-0.07881,0.17080,1.01089,0,0,57431
285.300000,438.902414,2.86841,0.54927,1.70884,-0.07857,0.17202,1.01065,0,0,57432
285.305000,438.902414,2.80738,0.12206,1.34266,-0.07735,0.17275,1.00772,0,0,57433
285.310000,438.902414,2.80738,-0.36618,0.85442,-0.07466,0.17324,1.00479,0,0,57434
285.315000,438.917757,2.74635,-0.48824,0.61030,-0.07466,0.17348,1.00260,0,0,57435
285.320000,438.917757,2.44120,-0.54927,0.06103,-0.07881,0.17544,1.00260,0,0,57436
285.325000,438.917757,2.01399,-0.67133,-0.30515,-0.07735,0.17714,0.99991,0,0,57437
285.330000,438.932488,1.22060,-0.85442,-1.03751,-0.07344,0.17788,0.99332,0,0,57438
285.335000,438.932488,0.48824,-0.54927,-1.52575,-0.07271,0.18007,0.98722,0,0,57439
285.340000,438.932488,-0.06103,-0.18309,-1.70884,-0.07100,0.18398,0.98503,0,0,57440
285.345000,438.947496,-0.48824,0.24412,-1.64781,-0.06930,0.19374,0.98332,0,0,57441
285.350000,438.947496,-0.97648,0.79339,-1.34266,-0.06295,0.19056,0.98649,0,0,57442
285.355000,438.947496,-1.03751,1.22060,-1.03751,-0.05758,0.18861,0.97405,0,0,57443
285.360000,438.962484,-1.15957,2.01399,-0.30515,-0.05832,0.19935,0.97307,0,0,57444
285.365000,438.962484,-1.52575,2.44120,0.79339,-0.06051,0.20764,0.97966,0,0,57445
285.370000,438.962484,-1.52575,2.68532,1.64781,-0.05905,0.21301,0.98064,0,0,57446
285.375000,438.978849,-1.52575,3.23459,1.83090,-0.05978,0.21521,0.98454,0,0,57447
285.380000,438.978849,-1.64781,3.84489,1.83090,-0.06149,0.21570,0.99332,0,0,57448
285.385000,438.978849,-1.34266,3.78386,1.76987,-0.06076,0.21399,1.00162,0,0,57449
285.390000,438.993859,-0.91545,3.23459,2.13605,-0.06100,0.21106,1.00772,0,0,57450
285.395000,438.993859,-0.67133,2.62429,2.44120,-0.06490,0.21008,1.01187,0,0,57451
285.400000,438.993859,-0.12206,2.01399,2.56326,-0.07052,0.20740,1.01236,0,0,57452
285.405000,439.008636,0.54927,1.40369,2.50223,-0.07418,0.20203,1.01187,0,0,57453
285.410000,439.008636,1.34266,0.54927,2.38017,-0.07296,0.19422,1.00870,0,0,57454
285.415000,439.008636,2.56326,-0.48824,2.19708,-0.07052,0.18788,1.00528,0,0,57455
285.420000,439.023599,3.35665,-1.03751,2.01399,-0.07076,0.18202,1.00211,0,0,57456
285.425000,439.023599,3.84489,-1.40369,1.58678,-0.07247,0.17934,1.00064,0,0,57457
285.430000,439.023599,4.08901,-1.70884,1.09854,-0.07271,0.17666,0.99796,0,0,57458
285.435000,439.053617,3.96695,-2.25811,0.61030,-0.07100,0.17519,0.99284,0,0,57459
285.440000,439.053617,3.47871,-2.80738,-0.06103,-0.06661,0.17739,0.98503,0,0,57460
285.445000,439.053617,2.74635,-2.68532,-0.48824,-0.06344,0.18251,0.97868,0,0,57461
285.450000,439.068582,1.89193,-2.01399,-0.54927,-0.06368,0.18886,0.97746,0,0,57462
285.455000,439.068582,1.09854,-1.34266,-0.12206,-0.06539,0.19447,0.97576,0,0,57463
285.460000,439.068582,0.42721,-1.09854,0.18309,-0.06466,0.19984,0.97307,0,0,57464
285.465000,439.113633,0.06103,-0.54927,0.42721,-0.06295,0.20520,0.97283,0,0,57465
285.470000,439.113633,0.12206,0.36618,0.91545,-0.06466,0.20935,0.97454,0,0,57466
285.475000,439.113633,0.00000,0.97648,1.83090,-0.06539,0.20813,0.97893,0,0,57467
285.480000,439.128790,-0.12206,1.03751,2.80738,-0.06466,0.20228,0.98039,0,0,57468
285.485000,439.128790,-0.12206,0.85442,2.99047,-0.06515,0.19618,0.98234,0,0,57469
285.490000,439.128790,0.24412,0.67133,2.99047,-0.06661,0.19203,0.98356,0,0,57470
285.495000,439.143810,0.36618,0.54927,2.99047,-0.06881,0.18983,0.98381,0,0,57471
285.500000,439.143810,0.30515,0.61030,2.74635,-0.07076,0.18788,0.98332,0,0,57472
285.505000,439.143810,0.24412,0.67133,2.19708,-0.07271,0.18520,0.98552,0,0,57473
285.510000,439.158858,0.36618,0.61030,1.76987,-0.07198,0.18276,0.98698,0,0,57474
285.515000,439.158858,0.85442,0.42721,1.46472,-0.07149,0.17910,0.98820,0,0,57475
285.520000,439.158858,0.91545,0.24412,1.52575,-0.07198,0.17763,0.98869,0,0,57476
285.525000,439.173870,0.79339,0.24412,1.58678,-0.07271,0.17934,0.98918,0,0,57477
285.530000,439.173870,0.85442,0.30515,1.40369,-0.07393,0.18032,0.99113,0,0,57478
285.535000,439.173870,0.79339,0.48824,1.09854,-0.07564,0.18178,0.99479,0,0,57479
285.540000,439.188860,0.61030,0.67133,0.85442,-0.07710,0.18202,0.99796,0,0,57480
285.545000,439.188860,0.30515,0.30515,0.48824,-0.07442,0.18105,0.99918,0,0,57481
285.550000,439.188860,0.00000,-0.24412,0.36618,-0.07052,0.18080,1.00016,0,0,57482
285.555000,439.218831,-0.12206,-0.54927,0.30515,-0.06856,0.18032,1.00186,0,0,57483
285.560000,439.218831,0.06103,-0.91545,0.30515,-0.06832,0.18032,1.00186,0,0,57484
285.565000,439.218831,0.18309,-1.22060,0.24412,-0.06759,0.17934,1.00040,0,0,57485
285.570000,439.248863,0.42721,-1.34266,0.36618,-0.06588,0.17617,0.99723,0,0,57486
285.575000,439.248863,0.30515,-1.40369,0.24412,-0.06515,0.17544,0.99308,0,0,57487
285.580000,439.248863,-0.24412,-0.91545,-0.06103,-0.06612,0.17788,0.99186,0,0,57488
285.585000,439.263868,-0.73236,-0.79339,-0.67133,-0.06783,0.18251,0.98966,0,0,57489
285.590000,439.263868,-1.22060,-0.36618,-1.34266,-0.06978,0.18861,0.98674,0,0,57490
285.595000,439.263868,-1.58678,-0.24412,-1.34266,-0.07027,0.19544,0.98552,0,0,57491
285.600000,439.278657,-2.13605,-0.18309,-1.09854,-0.07076,0.19984,0.98430,0,0,57492
285.605000,439.278657,-2.68532,-0.30515,-0.73236,-0.07222,0.20008,0.97966,0,0,57493
285.610000,439.278657,-2.99047,-0.48824,-0.61030,-0.07174,0.19959,0.97576,0,0,57494
285.615000,439.308768,-2.62429,-0.36618,-0.36618,-0.07125,0.19837,0.97136,0,0,57495
285.620000,439.308768,-2.13605,-0.24412,0.12206,-0.07174,0.19520,0.97039,0,0,57496
285.625000,439.308768,-1.64781,-0.18309,0.36618,-0.07271,0.18593,0.97039,0,0,57497
285.630000,439.323758,-1.28163,-0.24412,0.24412,-0.07247,0.17690,0.96697,0,0,57498
285.635000,439.323758,-1.09854,-0.36618,-0.12206,-0.07296,0.17129,0.96575,0,0,57499
285.640000,439.323758,-0.36618,-0.73236,-0.61030,-0.06856,0.16787,0.96331,0,0,57500
285.645000,439.338728,0.48824,-0.61030,-0.97648,-0.06588,0.16714,0.96209,0,0,57501
285.650000,439.338728,0.91545,-0.18309,-1.09854,-0.06490,0.16763,0.96234,0,0,57502
285.655000,439.338728,1.03751,0.06103,-1.22060,-0.06417,0.17153,0.96258,0,0,57503
285.660000,439.353902,0.79339,0.06103,-1.46472,-0.06466,0.17836,0.96404,0,0,57504
285.665000,439.353902,0.12206,0.18309,-1.76987,-0.06198,0.18617,0.96551,0,0,57505
285.670000,439.353902,-1.03751,0.42721,-2.01399,-0.05929,0.19081,0.96551,0,0,57506
285.675000,439.354907,-1.28163,0.48824,-1.95296,-0.05783,0.19422,0.96404,0,0,57507
285.680000,439.354907,-0.91545,0.67133,-1.28163,-0.06076,0.19935,0.96819,0,0,57508
285.685000,439.354907,-0.18309,1.09854,-0.42721,-0.06368,0.20325,0.97136,0,0,57509
285.690000,439.356337,0.42721,0.97648,0.18309,-0.06368,0.20594,0.97600,0,0,57510
285.695000,439.356337,0.30515,0.97648,0.48824,-0.06198,0.20691,0.98088,0,0,57511
285.700000,439.356337,-0.06103,1.15957,0.79339,-0.06295,0.20740,0.98576,0,0,57512
285.705000,439.357515,-0.54927,1.40369,1.46472,-0.06295,0.20496,0.98747,0,0,57513
285.710000,439.357515,-0.79339,1.58678,2.07502,-0.06417,0.20203,0.98991,0,0,57514
285.715000,439.357515,-0.79339,1.64781,2.50223,-0.06637,0.19715,0.99601,0,0,57515
285.720000,439.358639,-0.91545,1.46472,2.44120,-0.06539,0.19081,1.00040,0,0,57516
285.725000,439.358639,-1.40369,1.22060,2.19708,-0.06808,0.18690,1.00138,0,0,57517
285.730000,439.358639,-1.64781,1.09854,1.83090,-0.06978,0.18373,0.99869,0,0,57518
285.735000,439.359889,-1.52575,0.79339,1.46472,-0.07125,0.17910,0.99552,0,0,57519
285.740000,439.359889,-1.28163,0.36618,1.40369,-0.07466,0.17422,0.99088,0,0,57520
285.745000,439.359889,-0.67133,-0.12206,1.22060,-0.07637,0.16885,0.98405,0,0,57521
285.750000,439.361140,0.18309,-0.36618,0.73236,-0.07491,0.16446,0.97722,0,0,57522
285.755000,439.361140,0.85442,-0.30515,0.30515,-0.07393,0.16055,0.97527,0,0,57523
285.760000,439.361140,1.28163,-0.36618,-0.06103,-0.07198,0.15811,0.97478,0,0,57524
285.765000,439.367343,1.15957,-0.24412,-0.73236,-0.07247,0.15738,0.97478,0,0,57525
285.770000,439.367343,1.09854,-0.24412,-1.58678,-0.07052,0.15714,0.97454,0,0,57526
285.775000,439.367343,1.28163,-0.12206,-2.38017,-0.06710,0.15982,0.97698,0,0,57527
285.780000,439.382394,1.34266,0.06103,-2.44120,-0.06783,0.16421,0.98332,0,0,57528
285.785000,439.382394,1.83090,-0.12206,-2.68532,-0.07125,0.17104,0.98722,0,0,57529
285.790000,439.382394,2.19708,-0.61030,-2.74635,-0.06978,0.17763,0.98625,0,0,57530
285.795000,439.398718,2.62429,-0.97648,-2.62429,-0.06515,0.18227,0.98112,0,0,57531
285.800000,439.398718,2.68532,-0.54927,-2.19708,-0.06149,0.19178,0.98064,0,0,57532
285.805000,439.398718,1.89193,0.36618,-1.64781,-0.05954,0.20228,0.98454,0,0,57533
285.810000,439.428777,0.67133,0.91545,-1.46472,-0.06368,0.21033,0.98381,0,0,57534
285.815000,439.428777,-1.22060,1.52575,-1.70884,-0.06368,0.21789,0.98844,0,0,57535
285.820000,439.428777,-2.13605,1.70884,-1.28163,-0.05344,0.22204,0.98747,0,0,57536
285.825000,439.443765,-3.11253,1.76987,-0.06103,-0.05588,0.22326,0.99113,0,0,57537
285.830000,439.443765,-4.21107,2.01399,0.85442,-0.06198,0.22082,0.99332,0,0,57538
285.835000,439.443765,-4.39416,2.13605,1.09854,-0.06100,0.22009,0.99284,0,0,57539
285.840000,439.473560,-4.21107,2.07502,1.09854,-0.06027,0.21862,0.99454,0,0,57540
285.845000,439.473560,-3.35665,1.52575,1.40369,-0.06124,0.21594,0.99503,0,0,57541
285.850000,439.473560,-2.13605,0.97648,1.83090,-0.06466,0.21326,0.99186,0,0,57542
285.855000,439.488834,-1.03751,0.48824,2.07502,-0.06539,0.20691,0.98893,0,0,57543
285.860000,439.488834,-0.48824,0.24412,1.89193,-0.06588,0.19959,0.98478,0,0,57544
285.865000,439.488834,-0.30515,0.30515,1.46472,-0.06686,0.19325,0.98015,0,0,57545
285.870000,439.503805,0.91545,0.24412,0.91545,-0.06344,0.18764,0.97527,0,0,57546
285.875000,439.503805,1.58678,0.42721,1.03751,-0.06198,0.18495,0.97380,0,0,57547
285.880000,439.503805,2.19708,0.54927,1.28163,-0.06295,0.18446,0.97429,0,0,57548
285.885000,439.518650,2.92944,0.54927,1.58678,-0.06759,0.18446,0.97698,0,0,57549
285.890000,439.518650,3.29562,0.85442,1.76987,-0.07222,0.18056,0.98161,0,0,57550
285.895000,439.518650,3.11253,1.03751,1.64781,-0.07344,0.17519,0.98478,0,0,57551
285.900000,439.548850,2.56326,1.09854,1.46472,-0.07076,0.17129,0.98820,0,0,57552
285.905000,439.548850,1.83090,1.03751,1.09854,-0.06954,0.16860,0.98966,0,0,57553
285.910000,439.548850,1.03751,0.97648,0.73236,-0.07174,0.16909,0.99284,0,0,57554
285.915000,439.563842,0.30515,1.03751,0.30515,-0.07369,0.17251,0.99284,0,0,57555
285.920000,439.563842,-0.48824,0.97648,-0.12206,-0.07149,0.17690,0.98942,0,0,57556
285.925000,439.563842,-1.03751,0.91545,-0.18309,-0.06930,0.18324,0.98552,0,0,57557
285.930000,439.578582,-1.22060,0.91545,0.06103,-0.06930,0.19032,0.97868,0,0,57558
285.935000,439.578582,-0.85442,0.91545,0.48824,-0.07100,0.19374,0.97307,0,0,57559
285.940000,439.578582,0.24412,0.91545,1.03751,-0.07149,0.19471,0.96917,0,0,57560
285.945000,439.593712,1.34266,1.03751,1.40369,-0.06954,0.19422,0.96892,0,0,57561
285.950000,439.593712,2.13605,0.97648,1.83090,-0.06759,0.19471,0.97039,0,0,57562
285.955000,439.593712,2.19708,1.03751,2.19708,-0.06734,0.19496,0.97356,0,0,57563
285.960000,439.638664,2.13605,1.09854,2.38017,-0.06930,0.19300,0.97771,0,0,57564
285.965000,439.638664,1.95296,1.15957,2.50223,-0.07271,0.19032,0.98381,0,0,57565
285.970000,439.638664,1.40369,1.09854,2.38017,-0.07344,0.18471,0.98991,0,0,57566
285.975000,439.653881,0.91545,1.09854,1.95296,-0.07296,0.17836,0.99479,0,0,57567
285.980000,439.653881,1.09854,1.22060,1.28163,-0.07174,0.17470,0.99918,0,0,57568
285.985000,439.653881,1.46472,1.03751,0.79339,-0.07149,0.17251,1.00504,0,0,57569
285.990000,439.668856,1.95296,0.79339,0.30515,-0.07320,0.17153,1.00772,0,0,57570
285.995000,439.668856,2.13605,0.06103,0.18309,-0.07613,0.17446,1.00528,0,0,57571
286.000000,439.668856,1.89193,-0.48824,0.12206,-0.07637,0.17788,1.00040,0,0,57572
286.005000,439.683811,1.46472,-0.54927,0.12206,-0.07198,0.17861,0.99430,0,0,57573
286.010000,439.683811,0.91545,-0.42721,-0.12206,-0.06808,0.17934,0.98820,0,0,57574
286.015000,439.683811,-0.06103,0.24412,0.06103,-0.07003,0.18373,0.98454,0,0,57575
286.020000,439.698660,-0.73236,0.91545,0.18309,-0.07540,0.18617,0.98552,0,0,57576
286.025000,439.698660,-1.03751,1.46472,0.00000,-0.07710,0.18617,0.98918,0,0,57577
286.030000,439.698660,-0.97648,1.76987,-0.30515,-0.07247,0.18446,0.99357,0,0,57578
286.035000,439.699855,-0.61030,1.70884,-0.24412,-0.07125,0.18324,0.99723,0,0,57579
286.040000,439.699855,0.48824,1.15957,0.42721,-0.07466,0.18154,1.00113,0,0,57580
286.045000,439.699855,1.70884,0.61030,0.91545,-0.07686,0.17714,1.00430,0,0,57581
286.050000,439.701115,2.86841,0.12206,1.09854,-0.07832,0.17007,1.00504,0,0,57582
286.055000,439.701115,3.66180,-0.54927,1.09854,-0.07881,0.16324,1.00455,0,0,57583
286.060000,439.701115,4.39416,-1.03751,1.15957,-0.07930,0.15836,1.00284,0,0,57584
286.065000,439.702746,5.06549,-1.34266,1.15957,-0.07930,0.15567,1.00235,0,0,57585
286.070000,439.702746,5.30961,-1.28163,0.97648,-0.08174,0.15543,1.00186,0,0,57586
286.075000,439.702746,5.18755,-0.91545,0.79339,-0.08564,0.15689,1.00382,0,0,57587
286.080000,439.704828,4.69931,-0.36618,0.67133,-0.08808,0.15714,1.00967,0,0,57588
286.085000,439.704828,3.96695,-0.30515,0.36618,-0.08760,0.15665,1.01602,0,0,57589
286.090000,439.704828,2.74635,-0.24412,0.12206,-0.09028,0.15933,1.02334,0,0,57590
286.095000,439.706554,1.58678,0.06103,0.12206,-0.09858,0.16202,1.03090,0,0,57591
286.100000,439.706554,1.15957,0.42721,0.30515,-0.10614,0.16177,1.03773,0,0,57592
286.105000,439.706554,1.83090,0.24412,0.54927,-0.10712,0.15884,1.04383,0,0,57593
286.110000,439.712684,2.99047,-0.36618,0.73236,-0.10980,0.15518,1.04749,0,0,57594
286.115000,439.712684,3.72283,-1.03751,1.09854,-0.11395,0.15250,1.05018,0,0,57595
286.120000,439.712684,4.88240,-1.34266,1.52575,-0.11492,0.14811,1.05432,0,0,57596
286.125000,439.727517,5.43167,-1.15957,1.58678,-0.11517,0.14445,1.06018,0,0,57597
286.130000,439.727517,5.49270,-0.91545,1.76987,-0.11785,0.14030,1.07067,0,0,57598
286.135000,439.727517,5.61476,-0.73236,1.95296,-0.12395,0.13688,1.08116,0,0,57599
286.140000,439.742479,5.73682,-0.73236,1.89193,-0.12810,0.13176,1.09361,0,0,57600
286.145000,439.742479,5.67579,-0.79339,1.34266,-0.12761,0.12468,1.10434,0,0,57601
286.150000,439.742479,5.30961,-1.22060,0.97648,-0.12908,0.12005,1.11166,0,0,57602
286.155000,439.772768,4.63828,-1.76987,0.79339,-0.13200,0.11517,1.12118,0,0,57603
286.160000,439.772768,3.96695,-2.07502,0.61030,-0.13054,0.10663,1.12679,0,0,57604
286.165000,439.772768,3.84489,-2.74635,0.18309,-0.12956,0.09784,1.12972,0,0,57605
286.170000,439.773676,4.08901,-3.53974,-0.18309,-0.13542,0.09174,1.13289,0,0,57606
286.175000,439.773676,5.06549,-4.63828,-0.61030,-0.14274,0.08516,1.13509,0,0,57607
286.180000,439.773676,6.10300,-5.85888,-1.34266,-0.14542,0.07832,1.13533,0,0,57608
286.185000,439.788680,6.34712,-7.01845,-2.38017,-0.14298,0.07247,1.13314,0,0,57609
286.190000,439.788680,4.69931,-7.20154,-3.72283,-0.14054,0.06881,1.13094,0,0,57610
286.195000,439.788680,2.56326,-7.14051,-4.82137,-0.14103,0.06637,1.12874,0,0,57611
286.200000,439.803808,-0.18309,-7.01845,-6.04197,-0.14274,0.06344,1.12899,0,0,57612
286.205000,439.803808,-3.11253,-6.71330,-7.26257,-0.14445,0.06295,1.12874,0,0,57613
286.210000,439.803808,-5.55373,-6.65227,-8.30008,-0.14396,0.06124,1.12923,0,0,57614
286.215000,439.818752,-7.68978,-7.07948,-9.58171,-0.14372,0.05880,1.12996,0,0,57615
286.220000,439.818752,-7.93390,-7.99493,-10.55819,-0.14420,0.05832,1.12850,0,0,57616
286.225000,439.818752,-6.65227,-9.33759,-11.22952,-0.14518,0.05929,1.12777,0,0,57617
286.230000,439.832447,-4.08901,-10.80231,-11.59570,-0.14323,0.06051,1.12801,0,0,57618
286.235000,439.832447,-1.03751,-12.14497,-11.77879,-0.14201,0.06198,1.12752,0,0,57619
286.240000,439.832447,2.19708,-13.73175,-12.02291,-0.14225,0.06198,1.12948,0,0,57620
286.245000,439.847432,3.96695,-15.07441,-12.45012,-0.14006,0.06271,1.12923,0,0,57621
286.250000,439.847432,4.88240,-16.35604,-13.12145,-0.13469,0.06076,1.12679,0,0,57622
286.255000,439.847432,4.57725,-17.33252,-13.97587,-0.13152,0.05880,1.12240,0,0,57623
286.260000,439.862583,3.23459,-17.39355,-14.89132,-0.12981,0.05539,1.11850,0,0,57624
286.265000,439.862583,0.79339,-17.08840,-16.11192,-0.12737,0.05148,1.11630,0,0,57625
286.270000,439.862583,-0.91545,-17.33252,-17.45458,-0.12420,0.04685,1.11386,0,0,57626
286.275000,439.877756,-1.83090,-18.00385,-18.61415,-0.12005,0.04294,1.10776,0,0,57627
286.280000,439.877756,-2.74635,-18.73621,-20.20093,-0.11541,0.04099,1.09702,0,0,57628
286.285000,439.877756,-3.35665,-19.83475,-21.97080,-0.11614,0.04880,1.08556,0,0,57629
286.290000,439.892756,-3.35665,-20.20093,-23.31346,-0.11712,0.06100,1.07824,0,0,57630
286.295000,439.892756,-3.11253,-20.44505,-24.90024,-0.11688,0.07515,1.07238,0,0,57631
286.300000,439.892756,-2.74635,-20.68917,-25.75466,-0.11492,0.08540,1.06823,0,0,57632
286.305000,439.907746,-2.74635,-21.29947,-26.12084,-0.11224,0.09150,1.06652,0,0,57633
286.310000,439.907746,-2.80738,-22.09286,-26.24290,-0.10785,0.09223,1.06433,0,0,57634
286.315000,439.907746,-2.74635,-23.00831,-26.36496,-0.10370,0.08979,1.06067,0,0,57635
286.320000,439.922758,-2.62429,-23.49655,-26.67011,-0.10394,0.08467,1.05847,0,0,57636
286.325000,439.922758,-2.07502,-23.86273,-27.21938,-0.10492,0.07784,1.05676,0,0,57637
286.330000,439.922758,-0.79339,-24.41200,-27.95174,-0.10346,0.07100,1.05554,0,0,57638
286.335000,439.937474,1.28163,-25.44951,-28.98925,-0.09833,0.06564,1.05164,0,0,57639
286.340000,439.937474,4.94343,-27.15835,-30.39294,-0.09248,0.06466,1.04286,0,0,57640
286.345000,439.937474,8.17802,-28.31792,-31.12530,-0.08979,0.06881,1.03895,0,0,57641
286.350000,439.952782,11.59570,-29.35543,-31.49148,-0.09028,0.07784,1.03676,0,0,57642
286.355000,439.952782,15.37956,-30.63706,-32.04075,-0.09199,0.09101,1.02944,0,0,57643
286.360000,439.952782,19.10239,-32.04075,-32.59002,-0.08516,0.10102,1.01797,0,0,57644
286.365000,439.967486,22.09286,-32.89517,-33.01723,-0.07491,0.11200,1.00528,0,0,57645
286.370000,439.967486,24.16788,-32.59002,-33.32238,-0.07979,0.13127,0.99820,0,0,57646
286.375000,439.967486,23.43552,-31.91869,-33.50547,-0.08028,0.14738,0.99308,0,0,57647
286.380000,439.982419,20.99432,-31.24736,-33.50547,-0.06783,0.15665,0.99210,0,0,57648
286.385000,439.982419,16.96634,-30.02676,-34.05474,-0.05563,0.16616,0.99698,0,0,57649
286.390000,439.982419,11.35158,-28.98925,-34.90916,-0.05075,0.17666,1.00357,0,0,57650
286.395000,439.997747,7.50669,-28.13483,-35.33637,-0.05197,0.18788,1.00772,0,0,57651
286.400000,439.997747,4.51622,-27.40247,-35.45843,-0.05075,0.19666,1.01528,0,0,57652
286.405000,439.997747,2.50223,-26.91423,-35.64152,-0.04563,0.20252,1.02309,0,0,57653
286.410000,440.012412,1.28163,-27.03629,-35.76358,-0.03806,0.20984,1.02895,0,0,57654
286.415000,440.012412,0.54927,-27.70762,-35.45843,-0.03367,0.22106,1.03066,0,0,57655
286.420000,440.012412,-0.12206,-28.56204,-34.90916,-0.03074,0.23253,1.03066,0,0,57656
286.425000,440.027375,-0.97648,-29.11131,-34.29886,-0.02660,0.24254,1.02553,0,0,57657
286.430000,440.027375,-1.95296,-29.53852,-33.87165,-0.02269,0.24986,1.01553,0,0,57658
286.435000,440.027375,-3.11253,-30.02676,-33.44444,-0.01659,0.24961,1.00284,0,0,57659
286.440000,440.042395,-3.78386,-30.39294,-32.89517,-0.01196,0.24595,0.98820,0,0,57660
286.445000,440.042395,-3.90592,-30.82015,-32.46796,-0.00878,0.24254,0.97136,0,0,57661
286.450000,440.042395,-3.41768,-31.00324,-32.40693,-0.00561,0.23888,0.95258,0,0,57662
286.455000,440.058734,-2.68532,-31.00324,-32.77311,0.00098,0.23644,0.93647,0,0,57663
286.460000,440.058734,-1.70884,-30.88118,-33.26135,0.01269,0.23619,0.92110,0,0,57664
286.465000,440.058734,-1.22060,-30.27088,-33.87165,0.02416,0.24376,0.90695,0,0,57665
286.470000,440.073709,-1.76987,-29.78264,-34.23783,0.03123,0.25766,0.89572,0,0,57666
286.475000,440.073709,-2.80738,-29.11131,-34.97019,0.04026,0.27426,0.88352,0,0,57667
286.480000,440.073709,-4.02798,-27.89071,-35.64152,0.04953,0.29304,0.87303,0,0,57668
286.485000,440.088735,-5.30961,-26.48702,-35.76358,0.05758,0.31281,0.86718,0,0,57669
286.490000,440.088735,-6.83536,-25.26642,-35.58049,0.06417,0.33355,0.86156,0,0,57670
286.495000,440.088735,-7.99493,-24.47303,-35.33637,0.07100,0.35136,0.85644,0,0,57671
286.500000,440.103651,-9.21553,-23.74067,-34.66504,0.08028,0.36820,0.85180,0,0,57672
286.505000,440.103651,-10.13098,-22.88625,-33.87165,0.08930,0.38601,0.84766,0,0,57673
286.510000,440.103651,-10.61922,-21.97080,-32.34590,0.09833,0.40187,0.84204,0,0,57674
286.515000,440.118830,-10.37510,-21.66565,-30.63706,0.10858,0.41675,0.83155,0,0,57675
286.520000,440.118830,-9.45965,-21.23844,-28.62307,0.11541,0.43115,0.82106,0,0,57676
286.525000,440.118830,-7.87287,-20.38402,-26.18187,0.12224,0.44286,0.81008,0,0,57677
286.530000,440.148888,-6.04197,-19.40754,-23.49655,0.12956,0.44774,0.80056,0,0,57678
286.535000,440.148888,-4.45519,-18.67518,-20.87226,0.13664,0.44920,0.79398,0,0,57679
286.540000,440.148888,-2.56326,-18.00385,-17.69870,0.14298,0.44725,0.78812,0,0,57680
286.545000,440.163756,-1.46472,-17.08840,-15.37956,0.14884,0.44481,0.78617,0,0,57681
286.550000,440.163756,-0.73236,-15.74574,-13.18248,0.15128,0.44018,0.79032,0,0,57682
286.555000,440.163756,-0.12206,-14.52514,-11.35158,0.14835,0.43554,0.79642,0,0,57683
286.560000,440.178798,0.24412,-13.79278,-9.94789,0.14591,0.43066,0.80008,0,0,57684
286.565000,440.178798,1.22060,-13.85381,-8.11699,0.13908,0.42700,0.79983,0,0,57685
286.570000,440.178798,2.07502,-13.54866,-6.53021,0.13274,0.42090,0.79910,0,0,57686
286.575000,440.193846,3.35665,-12.51115,-5.00446,0.13274,0.40772,0.79959,0,0,57687
286.580000,440.193846,4.21107,-11.04643,-3.78386,0.13493,0.39016,0.80398,0,0,57688
286.585000,440.193846,4.69931,-9.64274,-2.56326,0.13518,0.37674,0.80666,0,0,57689
286.590000,440.208863,3.78386,-7.99493,-0.36618,0.12420,0.36771,0.82008,0,0,57690
286.595000,440.208863,2.80738,-6.65227,0.48824,0.11858,0.35307,0.82862,0,0,57691
286.600000,440.208863,2.31914,-6.04197,0.85442,0.11810,0.33379,0.83692,0,0,57692
286.605000,440.238839,0.91545,-5.55373,1.28163,0.11712,0.31403,0.84424,0,0,57693
286.610000,440.238839,-0.06103,-5.12652,1.52575,0.11492,0.29207,0.84644,0,0,57694
286.615000,440.238839,-0.48824,-4.33313,1.03751,0.11444,0.27328,0.84619,0,0,57695
286.620000,440.253891,-0.30515,-3.78386,0.12206,0.11346,0.26206,0.84888,0,0,57696
286.625000,440.253891,0.42721,-3.41768,-0.79339,0.11175,0.25327,0.85473,0,0,57697
286.630000,440.253891,1.52575,-3.17356,-1.76987,0.11078,0.24986,0.86474,0,0,57698
286.635000,440.268648,2.74635,-3.05150,-2.86841,0.10956,0.25498,0.87230,0,0,57699
286.640000,440.268648,3.96695,-3.11253,-4.21107,0.10565,0.26718,0.87938,0,0,57700
286.645000,440.268648,4.51622,-3.60077,-5.18755,0.10272,0.28182,0.88133,0,0,57701
286.650000,440.283695,4.94343,-3.72283,-5.91991,0.10321,0.29646,0.88304,0,0,57702
286.655000,440.283695,4.94343,-3.41768,-6.16403,0.10297,0.30842,0.88572,0,0,57703
286.660000,440.283695,4.94343,-3.05150,-5.79785,0.10102,0.31452,0.88889,0,0,57704
286.665000,440.298684,4.88240,-3.05150,-4.94343,0.09906,0.31525,0.88987,0,0,57705
286.670000,440.298684,5.00446,-2.99047,-4.02798,0.10053,0.31500,0.88987,0,0,57706
286.675000,440.298684,5.00446,-2.92944,-3.23459,0.10248,0.31427,0.88962,0,0,57707
286.680000,440.328846,4.69931,-2.68532,-2.38017,0.10224,0.30939,0.88889,0,0,57708
286.685000,440.328846,3.66180,-2.44120,-1.40369,0.10004,0.30476,0.88743,0,0,57709
286.690000,440.328846,2.74635,-2.01399,-0.79339,0.09638,0.30183,0.88377,0,0,57710
286.695000,440.343871,2.38017,-1.40369,-0.30515,0.09467,0.29988,0.88157,0,0,57711
286.700000,440.343871,2.56326,-0.85442,0.36618,0.09370,0.29670,0.88328,0,0,57712
286.705000,440.343871,3.29562,-0.48824,1.28163,0.09492,0.29036,0.88694,0,0,57713
286.710000,440.372783,4.69931,-0.24412,2.38017,0.09516,0.28450,0.89109,0,0,57714
286.715000,440.372783,7.26257,0.06103,3.72283,0.09394,0.27548,0.90134,0,0,57715
286.720000,440.372783,9.45965,0.48824,4.82137,0.09150,0.26474,0.91329,0,0,57716
286.725000,440.373647,10.68025,0.91545,5.61476,0.08833,0.25547,0.92744,0,0,57717
286.730000,440.373647,10.80231,0.97648,5.79785,0.08540,0.24668,0.93818,0,0,57718
286.735000,440.373647,10.00892,0.97648,5.24858,0.08516,0.24156,0.94550,0,0,57719
286.740000,440.388684,7.44566,1.64781,4.21107,0.08540,0.23766,0.95111,0,0,57720
286.745000,440.388684,4.69931,2.62429,3.53974,0.08150,0.23741,0.95453,0,0,57721
286.750000,440.388684,2.07502,3.29562,2.99047,0.07686,0.23326,0.95599,0,0,57722
286.755000,440.418671,0.24412,3.96695,2.50223,0.07637,0.22570,0.95843,0,0,57723
286.760000,440.418671,-0.54927,4.21107,1.76987,0.07540,0.21838,0.96307,0,0,57724
286.765000,440.418671,-0.18309,3.60077,1.15957,0.07296,0.21545,0.96551,0,0,57725
286.770000,440.448577,1.15957,2.62429,0.73236,0.06978,0.21667,0.96282,0,0,57726
286.775000,440.448577,2.80738,1.83090,0.24412,0.07198,0.21814,0.95575,0,0,57727
286.780000,440.448577,4.02798,1.58678,0.12206,0.07344,0.22375,0.95184,0,0,57728
286.785000,440.478615,5.12652,1.64781,0.42721,0.06881,0.23107,0.95258,0,0,57729
286.790000,440.478615,5.67579,1.76987,0.67133,0.06856,0.23619,0.95209,0,0,57730
286.795000,440.478615,5.55373,2.13605,1.03751,0.06905,0.24278,0.95233,0,0,57731
286.800000,440.493605,4.88240,2.68532,1.64781,0.06466,0.24912,0.96136,0,0,57732
286.805000,440.493605,4.27210,3.47871,2.44120,0.06490,0.24937,0.97185,0,0,57733
286.810000,440.493605,3.66180,3.96695,3.11253,0.06222,0.24790,0.98503,0,0,57734
286.815000,440.508671,3.29562,3.96695,3.53974,0.06295,0.24083,0.99747,0,0,57735
286.820000,440.508671,3.11253,3.84489,3.96695,0.06978,0.23253,1.00650,0,0,57736
286.825000,440.508671,2.50223,3.84489,4.08901,0.06832,0.23082,1.01870,0,0,57737
286.830000,440.538821,1.64781,3.53974,4.02798,0.06295,0.23058,1.02212,0,0,57738
286.835000,440.538821,0.97648,3.05150,3.72283,0.06564,0.22790,1.01455,0,0,57739
286.840000,440.538821,0.24412,2.56326,3.47871,0.06661,0.22521,1.01040,0,0,57740
286.845000,440.553854,-0.06103,2.68532,3.23459,0.06515,0.22448,1.00650,0,0,57741
286.850000,440.553854,-0.24412,2.99047,2.92944,0.06295,0.22472,0.99845,0,0,57742
286.855000,440.553854,-0.61030,3.23459,2.68532,0.06051,0.22448,0.99454,0,0,57743
286.860000,440.568588,-0.97648,3.35665,2.31914,0.05929,0.22497,0.99406,0,0,57744
286.865000,440.568588,-1.15957,3.53974,1.95296,0.06490,0.22302,0.99674,0,0,57745
286.870000,440.568588,-1.09854,3.41768,1.76987,0.06661,0.22326,1.00089,0,0,57746
286.875000,440.583800,-0.91545,3.17356,1.64781,0.06417,0.22472,1.00699,0,0,57747
286.880000,440.583800,-0.42721,2.68532,1.46472,0.06612,0.22594,1.00918,0,0,57748
286.885000,440.583800,0.18309,2.31914,1.40369,0.06637,0.22692,1.01284,0,0,57749
286.890000,440.598857,0.73236,2.31914,1.95296,0.06466,0.22814,1.01724,0,0,57750
286.895000,440.598857,0.91545,2.19708,2.50223,0.06417,0.22741,1.02138,0,0,57751
286.900000,440.598857,0.42721,1.89193,2.92944,0.06222,0.23058,1.02553,0,0,57752
286.905000,440.600031,-0.48824,1.64781,3.23459,0.06637,0.22985,1.02700,0,0,57753
286.910000,440.600031,-1.46472,1.89193,3.53974,0.06930,0.22399,1.02944,0,0,57754
286.915000,440.600031,-1.46472,2.19708,3.90592,0.06515,0.22058,1.03066,0,0,57755
286.920000,440.601135,-1.03751,2.07502,4.27210,0.06149,0.21326,1.03163,0,0,57756
286.925000,440.601135,-0.30515,1.40369,4.33313,0.05710,0.20838,1.02944,0,0,57757
286.930000,440.601135,0.48824,0.48824,4.02798,0.05417,0.20886,1.02504,0,0,57758
286.935000,440.602312,1.15957,-0.18309,3.53974,0.06100,0.20716,1.01504,0,0,57759
286.940000,440.602312,1.76987,-0.30515,2.92944,0.06588,0.20984,1.00357,0,0,57760
286.945000,440.602312,1.76987,-0.30515,2.62429,0.06466,0.21374,0.99942,0,0,57761
286.950000,440.603630,1.52575,-0.06103,2.13605,0.06417,0.21399,0.99454,0,0,57762
286.955000,440.603630,0.85442,0.30515,1.52575,0.06612,0.21082,0.99113,0,0,57763
286.960000,440.603630,0.12206,0.61030,0.97648,0.06368,0.21155,0.99040,0,0,57764
286.965000,440.605063,-0.54927,0.73236,0.36618,0.06173,0.21179,0.98991,0,0,57765
286.970000,440.605063,-1.28163,0.97648,-0.12206,0.06515,0.20984,0.98991,0,0,57766
286.975000,440.605063,-2.01399,1.03751,-0.67133,0.06539,0.21033,0.99235,0,0,57767
286.980000,440.606310,-2.50223,1.28163,-0.79339,0.06076,0.21228,0.99381,0,0,57768
286.985000,440.606310,-2.68532,1.46472,-0.73236,0.05710,0.21448,0.99357,0,0,57769
286.990000,440.606310,-2.62429,1.46472,-0.54927,0.05856,0.21570,0.99454,0,0,57770
286.995000,440.607753,-2.56326,1.34266,-0.36618,0.05832,0.21643,0.99430,0,0,57771
287.000000,440.607753,-2.68532,1.09854,0.00000,0.05856,0.21643,0.99406,0,0,57772
287.005000,440.607753,-2.68532,1.03751,0.42721,0.06149,0.21545,0.99186,0,0,57773
287.010000,440.613853,-2.13605,0.91545,0.97648,0.06271,0.21399,0.98991,0,0,57774
287.015000,440.613853,-1.34266,0.42721,1.76987,0.05929,0.21155,0.98625,0,0,57775
287.020000,440.613853,-0.61030,0.06103,2.38017,0.05710,0.20667,0.98186,0,0,57776
287.025000,440.627396,0.36618,-0.18309,2.92944,0.06002,0.20106,0.97795,0,0,57777
287.030000,440.627396,1.46472,-0.48824,3.29562,0.06222,0.19666,0.97795,0,0,57778
287.035000,440.627396,2.38017,-0.61030,3.41768,0.06076,0.19398,0.97844,0,0,57779
287.040000,440.642758,2.99047,-0.42721,3.29562,0.05710,0.19325,0.97868,0,0,57780
287.045000,440.642758,2.99047,-0.12206,2.62429,0.05441,0.19203,0.98015,0,0,57781
287.050000,440.642758,2.13605,0.00000,1.89193,0.05319,0.18788,0.98137,0,0,57782
287.055000,440.657441,0.91545,-0.06103,0.97648,0.05563,0.18422,0.98015,0,0,57783
287.060000,440.657441,-0.24412,0.06103,-0.18309,0.05710,0.18300,0.97942,0,0,57784
287.065000,440.657441,-1.15957,0.30515,-1.76987,0.06027,0.18324,0.97990,0,0,57785
287.070000,440.672385,-1.70884,0.12206,-2.92944,0.06076,0.18715,0.97771,0,0,57786
287.075000,440.672385,-2.44120,-0.12206,-3.78386,0.06246,0.19496,0.97014,0,0,57787
287.080000,440.672385,-3.29562,-0.12206,-4.27210,0.06661,0.20374,0.96136,0,0,57788
287.085000,440.687494,-3.96695,0.18309,-4.39416,0.07149,0.21179,0.95526,0,0,57789
287.090000,440.687494,-4.82137,0.67133,-4.39416,0.07149,0.22082,0.94965,0,0,57790
287.095000,440.687494,-5.00446,1.03751,-4.21107,0.07027,0.22814,0.94526,0,0,57791
287.100000,440.702441,-4.45519,1.28163,-3.72283,0.07174,0.23375,0.94379,0,0,57792
287.105000,440.702441,-3.60077,1.46472,-3.05150,0.07320,0.23644,0.94843,0,0,57793
287.110000,440.702441,-2.50223,1.70884,-2.07502,0.07418,0.23790,0.95624,0,0,57794
287.115000,440.717537,-0.79339,1.76987,-0.54927,0.07271,0.23814,0.96673,0,0,57795
287.120000,440.717537,0.67133,1.52575,0.67133,0.07100,0.23619,0.97844,0,0,57796
287.125000,440.717537,2.01399,0.97648,1.76987,0.06612,0.23156,0.98820,0,0,57797
287.130000,440.732786,2.86841,0.42721,2.62429,0.06320,0.22619,0.99454,0,0,57798
287.135000,440.732786,3.05150,0.24412,3.23459,0.06246,0.21765,0.99723,0,0,57799
287.140000,440.732786,2.68532,0.42721,3.41768,0.06393,0.20813,0.99820,0,0,57800
287.145000,440.747443,2.19708,0.61030,3.23459,0.06222,0.19862,0.99820,0,0,57801
287.150000,440.747443,1.58678,0.54927,2.74635,0.06100,0.18861,0.99674,0,0,57802
287.155000,440.747443,1.03751,0.12206,2.01399,0.06124,0.18276,0.99259,0,0,57803
287.160000,440.762760,0.79339,-0.30515,1.15957,0.06295,0.18324,0.98747,0,0,57804
287.165000,440.762760,0.61030,-0.79339,0.00000,0.06442,0.19130,0.98186,0,0,57805
287.170000,440.762760,0.54927,-1.09854,-0.73236,0.06539,0.19862,0.97405,0,0,57806
287.175000,440.777786,0.36618,-0.85442,-1.28163,0.06588,0.20374,0.96404,0,0,57807
287.180000,440.777786,0.30515,-0.42721,-1.70884,0.06783,0.20886,0.95624,0,0,57808
287.185000,440.777786,0.06103,-0.12206,-1.58678,0.06710,0.21350,0.95331,0,0,57809
287.190000,440.792408,-0.54927,0.24412,-1.58678,0.06490,0.21862,0.94989,0,0,57810
287.195000,440.792408,-1.34266,0.67133,-1.95296,0.06734,0.22155,0.94867,0,0,57811
287.200000,440.792408,-2.38017,1.28163,-2.31914,0.07003,0.22594,0.95038,0,0,57812
287.205000,440.807438,-3.29562,1.70884,-2.50223,0.06978,0.23156,0.95062,0,0,57813
287.210000,440.807438,-4.45519,2.31914,-2.25811,0.06881,0.23473,0.95331,0,0,57814
287.215000,440.807438,-5.18755,2.86841,-1.95296,0.07149,0.23814,0.95770,0,0,57815
287.220000,440.822485,-5.12652,2.92944,-1.46472,0.07418,0.24107,0.95916,0,0,57816
287.225000,440.822485,-4.69931,2.99047,-0.61030,0.07174,0.24376,0.96307,0,0,57817
287.230000,440.822485,-3.47871,3.17356,0.30515,0.06954,0.24449,0.96673,0,0,57818
287.235000,440.837540,-1.76987,3.17356,1.34266,0.06783,0.24424,0.97136,0,0,57819
287.240000,440.837540,-0.06103,3.05150,2.92944,0.06612,0.24278,0.97917,0,0,57820
287.245000,440.837540,0.61030,3.11253,3.96695,0.06417,0.23790,0.98698,0,0,57821
287.250000,440.852540,0.91545,2.92944,4.33313,0.06295,0.23034,0.99259,0,0,57822
287.255000,440.852540,1.03751,2.56326,4.51622,0.06295,0.22375,0.99479,0,0,57823
287.260000,440.852540,0.79339,2.38017,4.63828,0.06295,0.21692,0.99552,0,0,57824
287.265000,440.867428,0.48824,2.62429,4.88240,0.06100,0.20984,0.99820,0,0,57825
287.270000,440.867428,0.06103,2.80738,4.76034,0.05685,0.20081,0.99991,0,0,57826
287.275000,440.867428,-0.85442,2.92944,4.45519,0.05636,0.19178,0.99942,0,0,57827
287.280000,441.003909,-1.83090,2.80738,3.78386,0.05807,0.18422,0.99894,0,0,57828
287.285000,441.003909,-2.50223,2.86841,2.62429,0.05612,0.17763,0.99967,0,0,57829
287.290000,441.003909,-2.62429,2.74635,1.58678,0.05173,0.17348,1.00113,0,0,57830
287.295000,441.005022,-2.62429,2.50223,0.36618,0.05100,0.17129,1.00064,0,0,57831
287.300000,441.005022,-2.50223,2.01399,-1.03751,0.05466,0.17422,0.99576,0,0,57832
287.305000,441.005022,-2.13605,1.40369,-2.38017,0.05783,0.18251,0.99284,0,0,57833
287.310000,441.006025,-1.52575,1.03751,-2.74635,0.05514,0.19447,0.99210,0,0,57834
287.315000,441.006025,-1.03751,0.97648,-2.80738,0.05319,0.20520,0.98966,0,0,57835
287.320000,441.006025,-0.85442,1.15957,-2.68532,0.05319,0.21423,0.98600,0,0,57836
287.325000,441.007710,-0.73236,1.22060,-2.38017,0.05490,0.22253,0.98308,0,0,57837
287.330000,441.007710,-0.48824,1.28163,-1.58678,0.05563,0.22521,0.98210,0,0,57838
287.335000,441.007710,-0.06103,1.52575,-0.06103,0.05685,0.22472,0.98308,0,0,57839
287.340000,441.008593,0.30515,1.83090,0.91545,0.05466,0.22546,0.98454,0,0,57840
287.345000,441.008593,0.97648,1.64781,1.64781,0.05344,0.22277,0.98503,0,0,57841
287.350000,441.008593,1.89193,1.15957,2.31914,0.05490,0.21862,0.98576,0,0,57842
287.355000,441.010369,2.99047,0.73236,2.99047,0.05368,0.21130,0.98527,0,0,57843
287.360000,441.010369,4.21107,0.06103,3.41768,0.05148,0.20423,0.98576,0,0,57844
287.365000,441.010369,5.00446,-0.48824,3.17356,0.04880,0.19862,0.98625,0,0,57845
287.370000,441.011154,5.61476,-0.79339,2.62429,0.04709,0.19325,0.98552,0,0,57846
287.375000,441.011154,5.73682,-0.91545,2.01399,0.04563,0.18764,0.98454,0,0,57847
287.380000,441.011154,5.55373,-0.79339,1.34266,0.04368,0.18544,0.98405,0,0,57848
287.385000,441.012566,4.63828,-0.61030,0.54927,0.04246,0.18446,0.98332,0,0,57849
287.390000,441.012566,3.60077,-0.73236,-0.42721,0.04075,0.18520,0.98064,0,0,57850
287.395000,441.012566,2.56326,-0.73236,-1.40369,0.03758,0.18642,0.97746,0,0,57851
287.415000,441.018725,3.90592,-1.28163,-2.25811,0.04514,0.21448,0.98039,3,0,57852
287.420000,441.018725,4.82137,-1.34266,-1.64781,0.04709,0.22668,0.97917,0,0,57853
287.425000,441.018725,4.76034,-1.22060,-1.09854,0.04636,0.23448,0.97454,0,0,57854
287.430000,441.032429,2.68532,-0.67133,-1.15957,0.04856,0.23717,0.96648,0,0,57855
287.435000,441.032429,-1.28163,0.67133,-1.46472,0.05148,0.23790,0.96966,0,0,57856
287.440000,441.032429,-5.30961,2.80738,-1.76987,0.05783,0.23790,0.97429,0,0,57857
287.445000,441.047393,-7.14051,3.90592,-1.89193,0.06100,0.23644,0.97966,0,0,57858
287.450000,441.047393,-8.30008,4.33313,-1.83090,0.05807,0.23351,0.98966,0,0,57859
287.455000,441.047393,-8.30008,4.21107,-1.70884,0.05368,0.23131,0.99552,0,0,57860
287.460000,441.062616,-7.20154,3.41768,-1.70884,0.04929,0.23131,0.99406,0,0,57861
287.465000,441.062616,-4.82137,2.07502,-1.40369,0.05002,0.22838,0.99210,0,0,57862
287.470000,441.062616,-1.64781,0.91545,-0.91545,0.05929,0.22424,0.98454,0,0,57863
287.475000,441.077775,1.52575,0.12206,0.12206,0.06173,0.22033,0.97405,0,0,57864
287.480000,441.077775,4.33313,-0.67133,0.85442,0.05758,0.21496,0.96478,0,0,57865
287.485000,441.077775,7.14051,-1.03751,1.40369,0.06100,0.20935,0.95697,0,0,57866
287.490000,441.092665,8.66626,-1.22060,1.46472,0.06466,0.20423,0.95453,0,0,57867
287.495000,441.092665,8.60523,-1.03751,1.03751,0.06271,0.20081,0.95624,0,0,57868
287.500000,441.092665,8.11699,-0.73236,0.36618,0.06686,0.19837,0.95868,0,0,57869
287.505000,441.107499,7.07948,-0.24412,-0.54927,0.07003,0.19910,0.96356,0,0,57870
287.510000,441.107499,4.76034,0.42721,-1.46472,0.06905,0.20496,0.97014,0,0,57871
287.515000,441.107499,2.99047,0.79339,-1.76987,0.06588,0.21545,0.97771,0,0,57872
287.520000,441.122559,1.46472,1.40369,-1.83090,0.06393,0.22668,0.98576,0,0,57873
287.525000,441.122559,0.18309,2.01399,-2.01399,0.06124,0.23936,0.99381,0,0,57874
287.530000,441.122559,-0.67133,2.07502,-2.13605,0.05954,0.24961,0.99820,0,0,57875
287.535000,441.137661,-0.85442,1.70884,-2.07502,0.06100,0.25840,0.99845,0,0,57876
287.540000,441.137661,0.00000,1.15957,-1.40369,0.06320,0.26620,0.99674,0,0,57877
287.545000,441.137661,1.09854,0.73236,-0.42721,0.06466,0.26742,0.99406,0,0,57878
287.550000,441.167764,2.38017,0.42721,0.79339,0.06368,0.26669,0.98771,0,0,57879
287.555000,441.167764,3.11253,0.18309,1.76987,0.06002,0.26230,0.98064,0,0,57880
287.560000,441.167764,3.23459,0.67133,2.74635,0.05978,0.25498,0.97576,0,0,57881
287.565000,441.168590,2.68532,1.28163,3.41768,0.06173,0.24620,0.97283,0,0,57882
287.570000,441.168590,1.64781,2.31914,3.84489,0.06149,0.23473,0.97502,0,0,57883
287.575000,441.168590,0.85442,3.23459,3.66180,0.05880,0.22326,0.98112,0,0,57884
287.580000,441.198608,0.48824,3.53974,3.11253,0.05612,0.21618,0.98600,0,0,57885
287.585000,441.198608,-0.06103,3.41768,2.07502,0.05197,0.21301,0.99064,0,0,57886
287.590000,441.198608,-0.54927,3.23459,1.34266,0.05392,0.21130,0.99406,0,0,57887
287.595000,441.228772,-0.73236,3.23459,0.97648,0.05954,0.20935,0.99796,0,0,57888
287.600000,441.228772,-0.91545,2.86841,0.61030,0.06027,0.21155,1.00040,0,0,57889
287.605000,441.228772,-1.52575,2.68532,0.12206,0.05783,0.21740,1.00064,0,0,57890
287.610000,441.318656,-2.13605,2.74635,-0.36618,0.05832,0.22472,1.00016,0,0,57891
287.615000,441.318656,-2.19708,2.38017,-0.61030,0.05685,0.23253,1.00113,0,0,57892
287.620000,441.318656,-2.13605,1.95296,-0.61030,0.05734,0.23912,0.99650,0,0,57893
287.625000,441.333876,-2.07502,2.01399,-0.12206,0.05734,0.24180,0.98893,0,0,57894
287.630000,441.333876,-1.76987,2.44120,0.79339,0.05783,0.24132,0.98722,0,0,57895
287.635000,441.333876,-0.67133,2.99047,2.25811,0.05319,0.23692,0.99381,0,0,57896
287.640000,441.348835,0.18309,2.86841,3.11253,0.04636,0.23034,1.00064,0,0,57897
287.645000,441.348835,1.09854,2.62429,3.60077,0.04392,0.22082,1.00455,0,0,57898
287.650000,441.348835,1.70884,2.19708,3.41768,0.04612,0.21106,1.00796,0,0,57899
287.655000,441.363917,1.95296,1.76987,3.17356,0.04709,0.20520,1.01138,0,0,57900
287.660000,441.363917,1.52575,1.34266,3.05150,0.04636,0.20203,1.01187,0,0,57901
287.665000,441.363917,0.36618,1.09854,2.68532,0.04294,0.19984,1.00772,0,0,57902
287.670000,441.364818,-1.09854,1.40369,1.64781,0.03831,0.19691,1.00357,0,0,57903
287.675000,441.364818,-1.95296,1.76987,0.67133,0.04002,0.19300,0.99723,0,0,57904
287.680000,441.364818,-2.19708,1.52575,-0.18309,0.04441,0.19032,0.99210,0,0,57905
287.685000,441.366184,-2.01399,1.28163,-0.67133,0.04392,0.19154,0.98844,0,0,57906
287.690000,441.366184,-1.46472,1.22060,-0.79339,0.04368,0.19544,0.98600,0,0,57907
287.695000,441.366184,-1.40369,1.22060,-0.91545,0.04441,0.19959,0.98918,0,0,57908
287.700000,441.367643,-1.46472,1.15957,-0.91545,0.04685,0.20447,0.98942,0,0,57909
287.705000,441.367643,-1.40369,0.85442,-0.54927,0.04758,0.21106,0.98966,0,0,57910
287.710000,441.367643,-1.64781,0.97648,0.18309,0.04636,0.21350,0.98991,0,0,57911
287.715000,441.368732,-2.13605,1.34266,0.30515,0.04197,0.21423,0.98991,0,0,57912
287.720000,441.368732,-2.44120,1.46472,-0.06103,0.04148,0.21204,0.99015,0,0,57913
287.725000,441.368732,-2.13605,1.03751,-0.54927,0.04465,0.20984,0.99137,0,0,57914
287.730000,441.371513,-1.76987,0.54927,-0.61030,0.04685,0.20960,0.99113,0,0,57915
287.735000,441.371513,-1.34266,0.48824,-0.42721,0.04734,0.21130,0.98722,0,0,57916
287.740000,441.371513,-0.61030,0.42721,-0.30515,0.04953,0.21155,0.98600,0,0,57917
287.745000,441.372398,0.24412,0.42721,-0.12206,0.05124,0.21277,0.98771,0,0,57918
287.750000,441.372398,0.61030,0.24412,0.24412,0.04856,0.21545,0.99162,0,0,57919
287.755000,441.372398,1.15957,0.06103,0.42721,0.04587,0.21643,0.99308,0,0,57920
287.760000,441.378841,1.58678,-0.06103,0.30515,0.04831,0.21789,0.99137,0,0,57921
287.765000,441.378841,1.89193,-0.18309,-0.06103,0.05124,0.22106,0.99308,0,0,57922
287.770000,441.378841,1.83090,-0.12206,-0.42721,0.05100,0.22643,0.99650,0,0,57923
287.775000,441.379899,1.46472,-0.06103,-0.54927,0.04953,0.23180,0.99869,0,0,57924
287.780000,441.379899,1.09854,0.06103,-0.42721,0.04782,0.23668,1.00089,0,0,57925
287.785000,441.379899,0.73236,0.12206,-0.12206,0.04782,0.23863,1.00308,0,0,57926
287.790000,441.392762,0.24412,-0.18309,0.36618,0.04953,0.23766,1.00016,0,0,57927
287.795000,441.392762,-0.36618,-0.18309,1.15957,0.05075,0.23692,0.99601,0,0,57928
287.800000,441.392762,-0.97648,0.06103,1.76987,0.05100,0.23278,0.99235,0,0,57929
287.805000,441.407754,-1.28163,0.24412,1.95296,0.04904,0.22594,0.98796,0,0,57930
287.810000,441.407754,-1.52575,0.30515,1.83090,0.04880,0.21911,0.98430,0,0,57931
287.815000,441.407754,-1.58678,0.36618,1.76987,0.04978,0.21374,0.98308,0,0,57932
287.820000,441.422766,-1.89193,0.54927,1.64781,0.04904,0.21057,0.98283,0,0,57933
287.825000,441.422766,-2.38017,0.73236,1.34266,0.04270,0.21033,0.98308,0,0,57934
287.830000,441.422766,-2.07502,0.91545,0.73236,0.04221,0.21033,0.97942,0,0,57935
287.835000,441.453878,-1.52575,0.97648,0.42721,0.04197,0.20594,0.98332,0,0,57936
287.840000,441.453878,-1.22060,0.97648,0.24412,0.04172,0.20252,0.98918,0,0,57937
287.845000,441.453878,-1.76987,0.85442,-0.12206,0.03904,0.20106,0.98991,0,0,57938
287.850000,441.468758,-2.25811,0.36618,-0.73236,0.03831,0.19886,0.98600,0,0,57939
287.855000,441.468758,-2.31914,-0.24412,-1.52575,0.04319,0.19715,0.98015,0,0,57940
287.860000,441.468758,-1.70884,-0.61030,-1.89193,0.04538,0.19813,0.97088,0,0,57941
287.865000,441.483615,-1.03751,-0.54927,-1.64781,0.04392,0.20374,0.95843,0,0,57942
287.870000,441.483615,-1.03751,-0.12206,-1.52575,0.04099,0.21204,0.95062,0,0,57943
287.875000,441.483615,-0.61030,0.06103,-1.40369,0.04368,0.21814,0.94818,0,0,57944
287.880000,441.498623,0.18309,0.18309,-1.15957,0.04831,0.22155,0.95038,0,0,57945
287.885000,441.498623,1.09854,0.73236,0.12206,0.05075,0.22277,0.95355,0,0,57946
287.890000,441.498623,1.46472,1.46472,1.03751,0.05124,0.22350,0.96087,0,0,57947
287.895000,441.500202,1.09854,1.95296,1.70884,0.05002,0.22253,0.96990,0,0,57948
287.900000,441.500202,0.30515,1.76987,1.76987,0.04904,0.22155,0.97746,0,0,57949
287.905000,441.500202,-0.61030,1.58678,1.52575,0.05002,0.21887,0.98112,0,0,57950
287.910000,441.512424,-1.89193,1.76987,1.09854,0.05222,0.21692,0.98210,0,0,57951
287.915000,441.512424,-3.47871,2.07502,0.42721,0.05100,0.21692,0.98308,0,0,57952
287.920000,441.512424,-3.78386,1.70884,-0.12206,0.05075,0.21716,0.98112,0,0,57953
287.925000,441.527590,-3.47871,1.09854,-0.36618,0.05051,0.21545,0.97624,0,0,57954
287.930000,441.527590,-3.17356,0.73236,-0.36618,0.05100,0.21423,0.96868,0,0,57955
287.935000,441.527590,-2.92944,0.54927,-0.73236,0.05002,0.21545,0.96234,0,0,57956
287.940000,441.542473,-2.44120,0.36618,-1.15957,0.05100,0.21423,0.95331,0,0,57957
287.945000,441.542473,-1.52575,0.48824,-0.91545,0.05270,0.21521,0.94843,0,0,57958
287.950000,441.542473,-0.18309,0.97648,-0.12206,0.05197,0.21594,0.95184,0,0,57959
287.955000,441.557763,1.28163,1.15957,0.54927,0.05075,0.21618,0.95672,0,0,57960
287.960000,441.557763,2.68532,1.28163,0.73236,0.04709,0.21765,0.96258,0,0,57961
287.965000,441.557763,3.84489,0.91545,0.85442,0.04563,0.21960,0.97014,0,0,57962
287.970000,441.572505,3.78386,1.09854,1.15957,0.04490,0.21911,0.97771,0,0,57963
287.975000,441.572505,3.05150,1.58678,1.34266,0.04392,0.21936,0.98600,0,0,57964
287.980000,441.572505,2.07502,1.76987,1.70884,0.04099,0.22058,0.99162,0,0,57965
287.985000,441.587455,0.73236,1.76987,1.70884,0.04050,0.21936,0.99552,0,0,57966
287.990000,441.587455,-0.18309,1.58678,1.64781,0.04075,0.21643,0.99796,0,0,57967
287.995000,441.587455,-0.97648,1.46472,1.52575,0.04099,0.21326,0.99625,0,0,57968
288.000000,441.602777,-1.34266,1.15957,1.46472,0.03977,0.21252,0.98991,0,0,57969
288.005000,441.602777,-1.28163,0.97648,1.22060,0.03953,0.21204,0.98234,0,0,57970
288.010000,441.602777,-0.91545,1.09854,0.85442,0.04246,0.21057,0.97844,0,0,57971
288.015000,441.617742,-0.79339,1.28163,0.61030,0.04660,0.21008,0.97868,0,0,57972
288.020000,441.617742,-1.40369,1.40369,0.18309,0.04392,0.21350,0.97698,0,0,57973
288.025000,441.617742,-2.19708,1.46472,-0.12206,0.04319,0.21936,0.97283,0,0,57974
288.030000,441.632406,-2.62429,1.28163,-0.18309,0.04856,0.22350,0.96746,0,0,57975
288.035000,441.632406,-2.68532,1.46472,-0.06103,0.05368,0.22594,0.96307,0,0,57976
288.040000,441.632406,-2.62429,1.64781,-0.12206,0.05563,0.22790,0.95941,0,0,57977
288.045000,441.648695,-2.86841,1.89193,-0.48824,0.05368,0.23107,0.95453,0,0,57978
288.050000,441.648695,-2.80738,1.83090,-0.85442,0.05612,0.23570,0.94745,0,0,57979
288.055000,441.648695,-2.25811,1.83090,-0.97648,0.06124,0.24058,0.94062,0,0,57980
288.060000,441.663806,-1.58678,1.76987,-0.36618,0.06539,0.24327,0.93574,0,0,57981
288.065000,441.663806,-0.67133,2.25811,0.61030,0.06661,0.24546,0.93135,0,0,57982
288.070000,441.663806,-1.15957,2.80738,0.85442,0.06222,0.24937,0.92940,0,0,57983
288.075000,441.678712,-1.83090,3.35665,0.73236,0.06393,0.25254,0.92842,0,0,57984
288.080000,441.678712,-2.92944,3.66180,0.85442,0.06759,0.25620,0.92866,0,0,57985
288.085000,441.678712,-5.12652,4.15004,1.22060,0.06954,0.26450,0.92476,0,0,57986
288.090000,441.693710,-7.01845,4.94343,1.34266,0.06856,0.27133,0.92061,0,0,57987
288.095000,441.693710,-8.54420,5.98094,1.34266,0.06954,0.27792,0.91988,0,0,57988
288.100000,441.693710,-9.52068,6.65227,1.46472,0.07100,0.28255,0.92110,0,0,57989
288.105000,441.707758,-10.19201,6.77433,1.83090,0.07052,0.28377,0.92232,0,0,57990
288.110000,441.707758,-9.82583,6.89639,2.25811,0.07003,0.28328,0.91890,0,0,57991
288.115000,441.707758,-8.72729,6.83536,2.68532,0.07003,0.28426,0.91793,0,0,57992
288.120000,441.722775,-7.14051,6.40815,3.11253,0.07198,0.28499,0.91549,0,0,57993
288.125000,441.722775,-5.49270,5.67579,3.41768,0.07369,0.28353,0.90597,0,0,57994
288.130000,441.722775,-4.02798,5.06549,3.60077,0.07174,0.28646,0.89255,0,0,57995
288.135000,441.738612,-3.66180,5.06549,3.41768,0.06856,0.29060,0.87840,0,0,57996
288.140000,441.738612,-3.72283,5.00446,3.23459,0.06637,0.29792,0.86254,0,0,57997
288.145000,441.738612,-4.02798,5.18755,3.17356,0.06710,0.30549,0.84204,0,0,57998
288.150000,441.753879,-4.21107,5.67579,3.35665,0.06856,0.31354,0.82008,0,0,57999
288.155000,441.753879,-4.69931,6.46918,3.84489,0.06930,0.32232,0.80276,0,0,58000
288.160000,441.753879,-5.24858,8.23905,4.82137,0.06954,0.33013,0.79300,0,0,58001
288.165000,441.768878,-5.43167,9.82583,5.79785,0.06905,0.33355,0.78958,0,0,58002
288.170000,441.768878,-5.24858,10.86334,7.07948,0.06710,0.33721,0.78617,0,0,58003
288.175000,441.768878,-4.94343,11.77879,8.42214,0.06783,0.33696,0.78422,0,0,58004
288.180000,441.783848,-3.96695,12.51115,10.43613,0.07198,0.33233,0.77982,0,0,58005
288.185000,441.783848,-2.99047,13.67072,12.99939,0.07418,0.32354,0.77250,0,0,58006
288.190000,441.783848,-2.50223,14.64720,14.89132,0.07735,0.31330,0.76811,0,0,58007
288.195000,441.797570,-2.25811,15.68471,16.29501,0.08052,0.30378,0.76689,0,0,58008
288.200000,441.797570,-2.31914,16.66119,17.14943,0.08076,0.29475,0.76860,0,0,58009
288.205000,441.797570,-2.50223,17.69870,17.21046,0.07784,0.29109,0.77470,0,0,58010
288.210000,441.812789,-2.44120,18.85827,17.02737,0.07686,0.28743,0.78812,0,0,58011
288.215000,441.812789,-1.52575,19.71269,16.66119,0.07540,0.28548,0.79715,0,0,58012
288.220000,441.812789,-0.61030,19.59063,16.35604,0.06856,0.28597,0.80276,0,0,58013
288.225000,441.827482,0.85442,19.22445,16.17295,0.06271,0.28938,0.80447,0,0,58014
288.230000,441.827482,2.99047,19.04136,16.17295,0.06124,0.29890,0.80300,0,0,58015
288.235000,441.827482,5.18755,19.04136,16.35604,0.05612,0.30890,0.80130,0,0,58016
288.240000,441.842443,6.22506,19.16342,16.53913,0.04831,0.31598,0.79910,0,0,58017
288.245000,441.842443,7.01845,19.59063,16.90531,0.04441,0.32354,0.79422,0,0,58018
288.250000,441.842443,7.75081,20.20093,17.21046,0.04465,0.32598,0.78568,0,0,58019
288.255000,441.873806,7.68978,21.23844,17.57664,0.04343,0.32550,0.78495,0,0,58020
288.260000,441.873806,7.01845,23.37449,18.55312,0.04172,0.32696,0.79471,0,0,58021
288.265000,441.873806,6.77433,25.14436,19.59063,0.04343,0.32964,0.80178,0,0,58022
288.270000,441.888854,6.10300,26.12084,20.50608,0.04416,0.33086,0.80910,0,0,58023
288.275000,441.888854,4.94343,26.91423,21.29947,0.03831,0.33306,0.81911,0,0,58024
288.280000,441.888854,4.88240,28.07380,22.21492,0.03294,0.33550,0.83058,0,0,58025
288.285000,441.903777,5.24858,29.29440,23.31346,0.03172,0.33672,0.84619,0,0,58026
288.290000,441.903777,5.24858,29.96573,23.98479,0.02660,0.33892,0.86376,0,0,58027
288.295000,441.903777,5.06549,30.27088,24.71715,0.01537,0.34550,0.88255,0,0,58028
288.300000,441.918852,5.49270,30.39294,25.75466,0.00708,0.34990,0.89865,0,0,58029
288.305000,441.918852,6.10300,30.51500,27.40247,0.00098,0.34794,0.91451,0,0,58030
288.310000,441.918852,7.20154,30.63706,29.59955,-0.00439,0.34087,0.92964,0,0,58031
288.315000,441.920178,8.11699,30.75912,31.30839,-0.01049,0.33038,0.94086,0,0,58032
288.320000,441.920178,8.72729,30.69809,32.52899,-0.02074,0.31842,0.95136,0,0,58033
288.325000,441.920178,8.84935,30.82015,32.95620,-0.03270,0.30720,0.95990,0,0,58034
288.330000,441.932803,8.42214,31.24736,32.77311,-0.03660,0.29841,0.96673,0,0,58035
288.335000,441.932803,6.89639,32.28487,32.34590,-0.03782,0.28938,0.97722,0,0,58036
288.340000,441.932803,5.37064,32.95620,32.22384,-0.04319,0.28304,0.99088,0,0,58037
288.345000,441.947463,4.21107,33.44444,32.10178,-0.05270,0.27694,1.00748,0,0,58038
288.350000,441.947463,3.78386,33.68856,32.16281,-0.06198,0.26938,1.02870,0,0,58039
288.355000,441.947463,4.33313,33.62753,32.28487,-0.06856,0.26084,1.04822,0,0,58040
288.360000,441.962512,5.37064,33.07826,32.40693,-0.07613,0.25474,1.06848,0,0,58041
288.365000,441.962512,6.89639,31.91869,32.65105,-0.08589,0.25205,1.08848,0,0,58042
288.370000,441.962512,8.17802,30.94221,32.95620,-0.09565,0.24864,1.10410,0,0,58043
288.375000,441.977476,9.27656,29.72161,33.44444,-0.10565,0.24156,1.11776,0,0,58044
288.380000,441.977476,10.86334,28.62307,33.81062,-0.11736,0.23326,1.12923,0,0,58045
288.385000,441.977476,11.71776,27.70762,33.99371,-0.12590,0.22326,1.13972,0,0,58046
288.390000,441.992754,11.83982,26.67011,34.11577,-0.13078,0.21155,1.14680,0,0,58047
288.395000,441.992754,11.77879,25.87672,33.99371,-0.13518,0.19788,1.15217,0,0,58048
288.400000,441.992754,11.04643,25.32745,33.56650,-0.13884,0.18642,1.16120,0,0,58049
288.405000,442.023694,10.43613,25.02230,33.32238,-0.14176,0.17324,1.16974,0,0,58050
288.410000,442.023694,9.09347,24.28994,32.71208,-0.14762,0.15738,1.18120,0,0,58051
288.415000,442.023694,7.87287,23.49655,31.85766,-0.15421,0.14054,1.19023,0,0,58052
288.420000,442.038679,6.83536,22.52007,30.63706,-0.16104,0.12615,1.20024,0,0,58053
288.425000,442.038679,6.16403,21.23844,29.05028,-0.16568,0.11395,1.20756,0,0,58054
288.430000,442.038679,5.73682,19.89578,27.40247,-0.16934,0.10541,1.21244,0,0,58055
288.435000,442.053655,5.12652,18.18694,24.96127,-0.17422,0.10175,1.21707,0,0,58056
288.440000,442.053655,4.39416,17.14943,23.31346,-0.17763,0.10248,1.21780,0,0,58057
288.445000,442.053655,3.23459,16.29501,21.97080,-0.17763,0.10370,1.21610,0,0,58058
288.450000,442.068675,1.64781,15.98986,20.81123,-0.17910,0.10346,1.21634,0,0,58059
288.455000,442.068675,0.06103,15.74574,19.77372,-0.18154,0.10126,1.21732,0,0,58060
288.460000,442.068675,-1.58678,15.31853,19.04136,-0.18276,0.09589,1.21829,0,0,58061
288.465000,442.069755,-2.13605,14.52514,18.61415,-0.18495,0.09052,1.21829,0,0,58062
288.470000,442.069755,-2.13605,13.54866,18.06488,-0.18056,0.08076,1.21805,0,0,58063
288.475000,442.069755,-1.28163,12.32806,17.21046,-0.17617,0.07149,1.21780,0,0,58064
288.480000,442.082410,-0.30515,11.16849,16.05089,-0.17544,0.06564,1.21829,0,0,58065
288.485000,442.082410,0.00000,9.70377,14.89132,-0.17178,0.06149,1.21634,0,0,58066
288.490000,442.082410,-0.24412,8.60523,13.91484,-0.17153,0.06051,1.21390,0,0,58067
288.495000,442.097430,-1.03751,7.68978,12.93836,-0.17129,0.05954,1.21146,0,0,58068
288.500000,442.097430,-2.38017,6.95742,11.90085,-0.16812,0.05636,1.20756,0,0,58069
288.505000,442.097430,-3.84489,6.22506,10.43613,-0.16592,0.05514,1.19999,0,0,58070
288.510000,442.112608,-5.00446,5.30961,8.60523,-0.16616,0.05734,1.18779,0,0,58071
288.515000,442.112608,-5.79785,4.51622,6.65227,-0.16641,0.06198,1.17340,0,0,58072
288.520000,442.112608,-5.73682,3.29562,5.24858,-0.16372,0.06856,1.16290,0,0,58073
288.525000,442.127782,-5.18755,2.13605,4.08901,-0.16031,0.07857,1.14997,0,0,58074
288.530000,442.127782,-4.08901,1.03751,2.99047,-0.15738,0.08906,1.13802,0,0,58075
288.535000,442.127782,-2.38017,-0.30515,1.83090,-0.15494,0.10004,1.12704,0,0,58076
288.540000,442.142773,-1.28163,-1.22060,1.28163,-0.15104,0.10907,1.11874,0,0,58077
288.545000,442.142773,-0.54927,-2.07502,0.91545,-0.14518,0.11907,1.11264,0,0,58078
288.550000,442.142773,-0.18309,-2.74635,0.36618,-0.13737,0.12737,1.10727,0,0,58079
288.555000,442.157694,0.06103,-3.60077,-0.06103,-0.13152,0.13688,1.09849,0,0,58080
288.560000,442.157694,0.00000,-4.45519,-0.12206,-0.12590,0.14372,1.08360,0,0,58081
288.565000,442.157694,-1.46472,-4.76034,0.06103,-0.12468,0.14664,1.07262,0,0,58082
288.570000,442.172758,-2.86841,-4.57725,0.00000,-0.12200,0.14640,1.06335,0,0,58083
288.575000,442.172758,-3.78386,-4.51622,-0.42721,-0.11322,0.14372,1.04944,0,0,58084
288.580000,442.172758,-5.12652,-4.63828,-0.91545,-0.10858,0.13859,1.03798,0,0,58085
288.585000,442.188847,-6.89639,-4.51622,-1.52575,-0.10882,0.13688,1.02578,0,0,58086
288.590000,442.188847,-8.54420,-4.15004,-2.19708,-0.10614,0.13908,1.01504,0,0,58087
288.595000,442.188847,-9.52068,-3.84489,-3.05150,-0.10394,0.14396,1.00674,0,0,58088
288.600000,442.203837,-9.94789,-3.72283,-4.02798,-0.10419,0.14738,1.00016,0,0,58089
288.605000,442.203837,-9.82583,-3.72283,-4.69931,-0.10468,0.15299,0.99284,0,0,58090
288.610000,442.203837,-8.78832,-3.90592,-5.30961,-0.10077,0.15884,0.98698,0,0,58091
288.615000,442.218550,-7.14051,-4.33313,-5.79785,-0.09540,0.16592,0.98503,0,0,58092
288.620000,442.218550,-5.24858,-4.88240,-5.91991,-0.09565,0.17568,0.98454,0,0,58093
288.625000,442.218550,-3.35665,-5.55373,-5.85888,-0.09540,0.18398,0.98332,0,0,58094
288.630000,442.233878,-1.89193,-6.10300,-5.79785,-0.09126,0.19130,0.98088,0,0,58095
288.635000,442.233878,-0.85442,-6.53021,-5.67579,-0.08418,0.19666,0.97576,0,0,58096
288.640000,442.233878,-0.85442,-6.22506,-5.49270,-0.08369,0.20301,0.97136,0,0,58097
288.645000,442.247483,-1.58678,-5.43167,-5.12652,-0.08662,0.20545,0.97014,0,0,58098
288.650000,442.247483,-2.74635,-4.76034,-4.94343,-0.08442,0.20374,0.96673,0,0,58099
288.655000,442.247483,-3.90592,-4.69931,-4.94343,-0.07906,0.20252,0.96404,0,0,58100
288.660000,442.262313,-4.76034,-4.51622,-4.82137,-0.07588,0.20252,0.96136,0,0,58101
288.665000,442.262313,-5.37064,-4.27210,-4.57725,-0.07540,0.20179,0.95868,0,0,58102
288.670000,442.262313,-5.91991,-4.15004,-4.39416,-0.07564,0.20154,0.95526,0,0,58103
288.675000,442.277470,-6.04197,-3.78386,-4.21107,-0.07320,0.19740,0.94965,0,0,58104
288.680000,442.277470,-6.16403,-3.35665,-4.27210,-0.07100,0.19227,0.94550,0,0,58105
288.685000,442.277470,-6.89639,-2.86841,-4.21107,-0.07686,0.18812,0.94721,0,0,58106
288.690000,442.292664,-7.44566,-2.68532,-4.63828,-0.08101,0.18544,0.94794,0,0,58107
288.695000,442.292664,-7.62875,-2.74635,-5.61476,-0.07637,0.18422,0.94452,0,0,58108
288.700000,442.292664,-7.99493,-2.74635,-7.07948,-0.07100,0.18666,0.94330,0,0,58109
288.705000,442.308887,-8.30008,-2.62429,-7.81184,-0.07003,0.19447,0.94086,0,0,58110
288.710000,442.308887,-8.66626,-2.44120,-8.30008,-0.07100,0.20594,0.93964,0,0,58111
288.715000,442.308887,-8.48317,-2.31914,-8.54420,-0.06612,0.21716,0.93476,0,0,58112
288.720000,442.323628,-7.68978,-2.31914,-8.17802,-0.06027,0.22790,0.92891,0,0,58113
288.725000,442.323628,-6.40815,-2.50223,-7.26257,-0.05880,0.23717,0.92378,0,0,58114
288.730000,442.323628,-4.27210,-2.74635,-6.04197,-0.05783,0.24302,0.91915,0,0,58115
288.735000,442.338724,-2.56326,-2.99047,-5.30961,-0.05661,0.24620,0.91573,0,0,58116
288.740000,442.338724,-1.09854,-3.17356,-4.69931,-0.05368,0.24717,0.91256,0,0,58117
288.745000,442.338724,0.06103,-3.29562,-3.90592,-0.05100,0.24644,0.90939,0,0,58118
288.750000,442.353864,0.54927,-3.05150,-3.29562,-0.04538,0.24376,0.90744,0,0,58119
288.755000,442.353864,0.30515,-2.62429,-3.05150,-0.04294,0.24376,0.90646,0,0,58120
288.760000,442.353864,-1.15957,-1.46472,-3.05150,-0.04197,0.24571,0.90914,0,0,58121
288.765000,442.367450,-2.62429,-0.12206,-3.41768,-0.04221,0.24766,0.91134,0,0,58122
288.770000,442.367450,-3.90592,0.91545,-3.29562,-0.04465,0.25278,0.91622,0,0,58123
288.775000,442.367450,-4.69931,1.52575,-2.80738,-0.04953,0.25547,0.92525,0,0,58124
288.780000,442.382755,-4.51622,1.28163,-2.13605,-0.05295,0.25620,0.93013,0,0,58125
288.785000,442.382755,-3.60077,1.15957,-1.34266,-0.05417,0.25547,0.93403,0,0,58126
288.790000,442.382755,-2.19708,1.22060,-0.48824,-0.05490,0.25400,0.93769,0,0,58127
288.795000,442.397783,-0.61030,1.22060,0.24412,-0.05612,0.24937,0.94135,0,0,58128
288.800000,442.397783,0.91545,0.97648,0.97648,-0.05929,0.24156,0.94477,0,0,58129
288.805000,442.397783,1.83090,0.73236,1.52575,-0.06002,0.23497,0.94428,0,0,58130
288.810000,442.412733,1.58678,0.48824,1.52575,-0.06076,0.22838,0.94184,0,0,58131
288.815000,442.412733,0.91545,0.67133,1.34266,-0.05856,0.22277,0.93550,0,0,58132
288.820000,442.412733,0.00000,1.40369,1.34266,-0.05978,0.22253,0.93623,0,0,58133
288.825000,442.443870,-0.85442,2.56326,1.52575,-0.06246,0.22106,0.93916,0,0,58134
288.830000,442.443870,-1.46472,3.72283,1.83090,-0.06246,0.21838,0.94745,0,0,58135
288.835000,442.443870,-1.40369,3.96695,1.89193,-0.06295,0.21472,0.95697,0,0,58136
288.840000,442.488770,-0.91545,3.96695,2.01399,-0.06368,0.20960,0.96648,0,0,58137
288.845000,442.488770,-0.24412,3.66180,1.89193,-0.06368,0.20545,0.97454,0,0,58138
288.850000,442.488770,0.42721,3.11253,1.40369,-0.06149,0.20520,0.97917,0,0,58139
288.855000,442.503643,0.67133,2.62429,0.61030,-0.06124,0.20862,0.98186,0,0,58140
288.860000,442.503643,0.24412,2.31914,-0.06103,-0.06442,0.21692,0.98064,0,0,58141
288.865000,442.503643,-0.73236,2.44120,0.00000,-0.06954,0.22546,0.98234,0,0,58142
288.870000,442.518569,-1.52575,3.11253,-0.12206,-0.07174,0.22863,0.98478,0,0,58143
288.875000,442.518569,-2.13605,3.60077,-0.12206,-0.07271,0.22960,0.98722,0,0,58144
288.880000,442.518569,-2.25811,3.72283,0.18309,-0.07442,0.23400,0.99235,0,0,58145
288.885000,442.533799,-1.95296,3.47871,0.61030,-0.07418,0.23766,0.99576,0,0,58146
288.890000,442.533799,-1.46472,3.23459,1.22060,-0.07491,0.24010,0.99845,0,0,58147
288.895000,442.533799,-0.97648,3.29562,1.89193,-0.07759,0.23888,1.00284,0,0,58148
288.900000,442.534979,-0.42721,3.11253,2.56326,-0.07637,0.23473,1.00479,0,0,58149
288.905000,442.534979,0.18309,2.44120,3.29562,-0.07637,0.22668,1.00455,0,0,58150
288.910000,442.534979,0.67133,2.19708,3.72283,-0.07857,0.21765,1.00479,0,0,58151
288.915000,442.536321,1.03751,2.13605,3.84489,-0.08101,0.20862,1.00845,0,0,58152
288.920000,442.536321,1.28163,1.95296,3.66180,-0.08394,0.19764,1.01382,0,0,58153
288.925000,442.536321,1.15957,1.58678,3.35665,-0.08638,0.18910,1.01724,0,0,58154
288.930000,442.537715,0.67133,1.09854,2.86841,-0.08613,0.18251,1.01968,0,0,58155
288.935000,442.537715,0.48824,0.79339,1.95296,-0.08711,0.17470,1.01821,0,0,58156
288.940000,442.537715,0.36618,0.67133,1.09854,-0.08711,0.17104,1.01626,0,0,58157
288.945000,442.547796,0.00000,0.67133,0.42721,-0.08638,0.17104,1.01699,0,0,58158
288.950000,442.547796,-0.36618,0.30515,-0.36618,-0.08467,0.17275,1.01309,0,0,58159
288.955000,442.547796,-0.79339,0.00000,-1.22060,-0.08467,0.17836,1.00650,0,0,58160
288.960000,442.562488,-1.15957,0.00000,-1.83090,-0.08125,0.18422,1.00040,0,0,58161
288.965000,442.562488,-1.22060,0.30515,-2.38017,-0.07540,0.19008,0.99552,0,0,58162
288.970000,442.562488,-1.28163,0.54927,-2.31914,-0.07588,0.20106,0.99332,0,0,58163
288.975000,442.577502,-1.40369,0.48824,-2.07502,-0.08272,0.21423,0.99137,0,0,58164
288.980000,442.577502,-1.15957,0.54927,-1.64781,-0.08394,0.22546,0.98893,0,0,58165
288.985000,442.577502,-0.73236,0.42721,-1.28163,-0.08028,0.23058,0.98844,0,0,58166
288.990000,442.592800,-0.12206,0.18309,-0.42721,-0.07637,0.23180,0.98918,0,0,58167
288.995000,442.592800,0.48824,0.18309,0.73236,-0.07540,0.23253,0.99259,0,0,58168
289.000000,442.592800,0.79339,0.42721,2.13605,-0.07369,0.23034,0.99698,0,0,58169
289.005000,442.608702,0.54927,0.73236,2.62429,-0.07247,0.22350,1.00162,0,0,58170
289.010000,442.608702,-0.06103,0.85442,2.80738,-0.07393,0.21521,1.00650,0,0,58171
289.015000,442.608702,-0.85442,0.67133,2.86841,-0.07686,0.20862,1.00943,0,0,58172
289.020000,442.623705,-1.70884,0.54927,2.92944,-0.07832,0.20106,1.00845,0,0,58173
289.025000,442.623705,-2.31914,0.36618,2.86841,-0.07637,0.19325,1.00699,0,0,58174
289.030000,442.623705,-2.74635,0.30515,2.31914,-0.07344,0.18422,1.00528,0,0,58175
289.035000,442.638755,-2.92944,0.36618,1.70884,-0.07418,0.17910,1.00333,0,0,58176
289.040000,442.638755,-2.86841,0.30515,0.97648,-0.07466,0.17812,1.00040,0,0,58177
289.045000,442.638755,-2.68532,0.18309,0.30515,-0.07369,0.17812,0.99918,0,0,58178
289.050000,442.653634,-2.50223,-0.18309,-0.42721,-0.07564,0.18129,0.99479,0,0,58179
289.055000,442.653634,-2.01399,-0.42721,-0.85442,-0.07906,0.18837,0.98918,0,0,58180
289.060000,442.653634,-1.03751,-0.67133,-0.73236,-0.08174,0.19618,0.98722,0,0,58181
289.065000,442.667792,-0.06103,-0.97648,-0.48824,-0.08223,0.20130,0.98649,0,0,58182
289.070000,442.667792,0.97648,-0.91545,-0.06103,-0.08345,0.20520,0.98918,0,0,58183
289.075000,442.667792,1.83090,-1.09854,0.24412,-0.08491,0.20642,0.99186,0,0,58184
289.080000,442.682614,2.31914,-1.58678,0.61030,-0.08442,0.20325,0.99381,0,0,58185
289.085000,442.682614,2.38017,-1.89193,0.79339,-0.08296,0.19837,0.99381,0,0,58186
289.090000,442.682614,2.07502,-1.89193,0.61030,-0.08150,0.19398,0.99430,0,0,58187
289.095000,442.697459,1.52575,-1.76987,0.18309,-0.07906,0.19300,0.99406,0,0,58188
289.100000,442.697459,0.79339,-1.70884,-0.36618,-0.07784,0.19325,0.99406,0,0,58189
289.105000,442.697459,-0.18309,-1.83090,-1.09854,-0.07686,0.19520,0.99088,0,0,58190
289.110000,442.712420,-0.91545,-1.83090,-1.40369,-0.07564,0.19618,0.98332,0,0,58191
289.115000,442.712420,-1.34266,-1.76987,-1.34266,-0.06832,0.19398,0.97600,0,0,58192
289.120000,442.712420,-1.28163,-1.52575,-1.09854,-0.06588,0.19398,0.97112,0,0,58193
289.125000,442.728644,-0.61030,-1.40369,-0.97648,-0.06881,0.19496,0.96526,0,0,58194
289.130000,442.728644,0.54927,-1.34266,-1.22060,-0.06954,0.19715,0.95990,0,0,58195
289.135000,442.728644,1.52575,-1.40369,-1.58678,-0.06881,0.20081,0.95794,0,0,58196
289.140000,442.743687,2.19708,-1.58678,-1.95296,-0.06881,0.20813,0.95526,0,0,58197
289.145000,442.743687,2.19708,-1.58678,-2.19708,-0.06783,0.21667,0.95136,0,0,58198
289.150000,442.743687,1.58678,-1.15957,-2.31914,-0.06612,0.22155,0.94770,0,0,58199
289.155000,442.758827,0.54927,-0.30515,-2.07502,-0.06564,0.22741,0.94843,0,0,58200
289.160000,442.758827,-1.03751,0.85442,-1.52575,-0.06564,0.23034,0.95331,0,0,58201
289.165000,442.758827,-2.50223,1.34266,-1.09854,-0.06564,0.22936,0.95502,0,0,58202
289.170000,442.773854,-3.66180,1.70884,-0.79339,-0.06515,0.22912,0.95770,0,0,58203
289.175000,442.773854,-4.39416,2.07502,-0.42721,-0.06637,0.22936,0.96112,0,0,58204
289.180000,442.773854,-4.63828,2.38017,-0.30515,-0.06832,0.22790,0.96307,0,0,58205
289.185000,442.787702,-4.57725,2.56326,-0.06103,-0.06881,0.22497,0.96526,0,0,58206
289.190000,442.787702,-4.39416,2.56326,0.18309,-0.06881,0.22180,0.96697,0,0,58207
289.195000,442.787702,-3.60077,2.13605,0.36618,-0.07198,0.21740,0.96966,0,0,58208
289.200000,442.802785,-2.80738,1.76987,0.48824,-0.07588,0.21326,0.97112,0,0,58209
289.205000,442.802785,-1.28163,1.22060,0.54927,-0.07954,0.20984,0.97429,0,0,58210
289.210000,442.802785,0.24412,0.61030,0.61030,-0.07979,0.20667,0.97502,0,0,58211
289.215000,442.817802,1.58678,0.06103,0.67133,-0.08150,0.20130,0.97649,0,0,58212
289.220000,442.817802,2.50223,-0.24412,0.67133,-0.08516,0.19788,0.97698,0,0,58213
289.225000,442.817802,2.92944,-0.61030,0.61030,-0.08735,0.19447,0.97795,0,0,58214
289.230000,442.833758,2.62429,-0.91545,0.54927,-0.08638,0.18910,0.97795,0,0,58215
289.235000,442.833758,2.07502,-0.97648,0.24412,-0.08174,0.18593,0.97673,0,0,58216
289.240000,442.833758,1.15957,-0.91545,-0.18309,-0.07954,0.18593,0.97210,0,0,58217
289.245000,442.848734,0.36618,-0.79339,-0.54927,-0.07808,0.19081,0.96478,0,0,58218
289.250000,442.848734,-0.12206,-0.54927,-0.67133,-0.07588,0.19691,0.95843,0,0,58219
289.255000,442.848734,-0.24412,-0.06103,-0.67133,-0.07393,0.20228,0.95136,0,0,58220
289.260000,442.863857,-0.06103,0.42721,-0.42721,-0.07344,0.20691,0.94770,0,0,58221
289.265000,442.863857,0.06103,0.97648,-0.06103,-0.07369,0.21082,0.94770,0,0,58222
289.270000,442.863857,-0.24412,1.46472,0.42721,-0.06978,0.21252,0.94916,0,0,58223
289.275000,442.878773,-0.91545,1.70884,0.12206,-0.06832,0.21301,0.95233,0,0,58224
289.280000,442.878773,-1.40369,2.01399,-0.42721,-0.07174,0.21570,0.95843,0,0,58225
289.285000,442.878773,-1.46472,2.07502,-0.67133,-0.07540,0.21887,0.96404,0,0,58226
289.290000,442.892787,-1.28163,2.01399,-0.54927,-0.07637,0.22228,0.96990,0,0,58227
289.295000,442.892787,-0.61030,1.89193,-0.36618,-0.07540,0.22253,0.97405,0,0,58228
289.300000,442.892787,0.24412,1.58678,-0.18309,-0.07564,0.22277,0.97551,0,0,58229
289.305000,442.907886,1.15957,1.46472,0.24412,-0.07832,0.22521,0.97844,0,0,58230
289.310000,442.907886,1.40369,1.40369,0.67133,-0.08198,0.22643,0.97795,0,0,58231
289.315000,442.907886,1.40369,1.28163,1.03751,-0.08320,0.22546,0.97795,0,0,58232
289.315000,442.922634,1.40369,1.28163,1.34266,-0.08150,0.22180,0.97942,0,0,58233
289.320000,442.922634,1.40369,1.46472,1.76987,-0.07808,0.21423,0.98308,0,0,58234
289.325000,442.922634,1.83090,1.40369,1.89193,-0.07662,0.20520,0.98893,0,0,58235
289.330000,442.937555,2.50223,1.09854,1.70884,-0.07613,0.19764,0.99454,0,0,58236
289.335000,442.937555,2.86841,0.61030,1.09854,-0.07515,0.19154,0.99650,0,0,58237
289.340000,442.937555,2.86841,0.00000,0.24412,-0.07296,0.18837,0.99723,0,0,58238
289.345000,442.953627,2.38017,-0.48824,-0.48824,-0.07125,0.19081,0.99381,0,0,58239
289.350000,442.953627,0.97648,-0.61030,-1.28163,-0.07125,0.19788,0.98869,0,0,58240
289.355000,442.953627,-0.18309,-0.24412,-1.70884,-0.07076,0.20642,0.98722,0,0,58241
289.360000,442.968856,-1.34266,0.36618,-1.95296,-0.07003,0.21667,0.98722,0,0,58242
289.365000,442.968856,-1.89193,0.73236,-2.01399,-0.07076,0.22570,0.98869,0,0,58243
289.370000,442.968856,-2.38017,0.67133,-1.83090,-0.07466,0.23204,0.99162,0,0,58244
289.375000,442.983846,-2.38017,0.61030,-1.15957,-0.07174,0.23302,0.99186,0,0,58245
289.380000,442.983846,-2.38017,0.61030,-0.73236,-0.06856,0.23107,0.99259,0,0,58246
289.385000,442.983846,-2.50223,0.85442,-0.24412,-0.07076,0.22863,0.99308,0,0,58247
289.390000,442.998835,-2.86841,0.97648,0.24412,-0.07418,0.22692,0.99235,0,0,58248
289.395000,442.998835,-3.53974,1.03751,0.54927,-0.07296,0.22448,0.99235,0,0,58249
289.400000,442.998835,-4.69931,1.70884,1.09854,-0.06612,0.22131,0.99162,0,0,58250
289.405000,443.012421,-5.61476,2.31914,1.52575,-0.06661,0.21740,0.99430,0,0,58251
289.410000,443.012421,-6.16403,2.74635,1.95296,-0.07344,0.21496,0.99942,0,0,58252
289.415000,443.012421,-6.04197,2.99047,2.25811,-0.07832,0.21130,1.00333,0,0,58253
289.420000,443.027471,-5.12652,2.86841,2.31914,-0.08198,0.20789,1.00748,0,0,58254
289.425000,443.027471,-3.41768,2.38017,2.07502,-0.08345,0.20472,1.01333,0,0,58255
289.430000,443.027471,-2.19708,2.01399,2.07502,-0.08418,0.20252,1.01894,0,0,58256
289.435000,443.042408,-1.64781,1.83090,2.07502,-0.08711,0.20130,1.02163,0,0,58257
289.440000,443.042408,-0.91545,1.46472,1.95296,-0.08906,0.19642,1.02260,0,0,58258
289.445000,443.042408,0.18309,0.61030,1.70884,-0.08662,0.19105,1.02065,0,0,58259
289.450000,443.057517,0.61030,-0.06103,1.46472,-0.08540,0.18593,1.01992,0,0,58260
289.455000,443.057517,0.85442,-0.85442,0.73236,-0.08564,0.18202,1.01504,0,0,58261
289.460000,443.057517,0.36618,-1.28163,0.00000,-0.08442,0.18080,1.00918,0,0,58262
289.465000,443.073792,-0.36618,-1.58678,-0.73236,-0.08003,0.18056,1.00186,0,0,58263
289.470000,443.073792,-1.28163,-1.52575,-1.40369,-0.07881,0.18373,0.99576,0,0,58264
289.475000,443.073792,-1.89193,-1.15957,-1.70884,-0.07637,0.18959,0.99162,0,0,58265
289.480000,443.088950,-2.13605,-0.91545,-2.07502,-0.07564,0.19447,0.98893,0,0,58266
289.485000,443.088950,-2.13605,-0.97648,-2.38017,-0.07662,0.20008,0.98552,0,0,58267
289.490000,443.088950,-2.13605,-1.03751,-2.44120,-0.07588,0.20691,0.98381,0,0,58268
289.495000,443.103874,-2.01399,-1.15957,-2.25811,-0.07320,0.21179,0.98308,0,0,58269
289.500000,443.103874,-1.70884,-1.22060,-2.01399,-0.07027,0.21960,0.97771,0,0,58270
289.505000,443.103874,-1.70884,-0.91545,-1.76987,-0.07149,0.22424,0.97210,0,0,58271
289.510000,443.118840,-1.89193,-0.18309,-1.34266,-0.07125,0.22960,0.96941,0,0,58272
289.515000,443.118840,-2.31914,0.67133,-0.73236,-0.06978,0.23424,0.97405,0,0,58273
289.520000,443.118840,-2.99047,1.22060,0.00000,-0.06978,0.23595,0.98039,0,0,58274
289.525000,443.147744,-3.78386,1.28163,0.61030,-0.07125,0.23570,0.98308,0,0,58275
289.530000,443.147744,-4.63828,1.34266,1.09854,-0.07418,0.23302,0.98576,0,0,58276
289.535000,443.147744,-4.15004,1.22060,1.34266,-0.07442,0.22790,0.98747,0,0,58277
289.540000,443.178864,-2.99047,0.61030,1.70884,-0.07515,0.22253,0.98796,0,0,58278
289.545000,443.178864,-1.40369,-0.18309,2.07502,-0.08003,0.21716,0.98527,0,0,58279
289.550000,443.178864,0.67133,-0.91545,2.38017,-0.08418,0.21057,0.98356,0,0,58280
289.555000,443.193785,1.76987,-1.09854,2.50223,-0.08442,0.20228,0.98478,0,0,58281
289.560000,443.193785,2.25811,-1.46472,2.19708,-0.08296,0.19374,0.98649,0,0,58282
289.565000,443.193785,2.07502,-1.52575,2.07502,-0.08369,0.18764,0.98844,0,0,58283
289.570000,443.208723,1.22060,-1.52575,1.76987,-0.08418,0.18324,0.98893,0,0,58284
289.575000,443.208723,0.18309,-1.52575,1.28163,-0.08613,0.17714,0.98966,0,0,58285
289.580000,443.208723,-0.54927,-1.40369,0.79339,-0.08808,0.17178,0.99015,0,0,58286
289.585000,443.238778,-0.79339,-1.46472,0.36618,-0.08857,0.16592,0.98698,0,0,58287
289.590000,443.238778,-0.67133,-2.01399,-0.18309,-0.08589,0.16275,0.98283,0,0,58288
289.595000,443.238778,0.06103,-2.44120,-0.73236,-0.08272,0.16324,0.97576,0,0,58289
289.600000,443.253775,1.09854,-2.50223,-1.28163,-0.07930,0.16909,0.96844,0,0,58290
289.605000,443.253775,1.34266,-2.31914,-1.52575,-0.08125,0.17495,0.96258,0,0,58291
289.610000,443.253775,0.97648,-2.07502,-2.01399,-0.08198,0.18544,0.95575,0,0,58292
289.615000,443.268864,0.42721,-1.76987,-2.62429,-0.07808,0.19618,0.94843,0,0,58293
289.620000,443.268864,0.12206,-1.34266,-2.74635,-0.07442,0.20594,0.94038,0,0,58294
289.625000,443.268864,-0.24412,-0.36618,-2.07502,-0.07637,0.21399,0.93891,0,0,58295
289.630000,443.298726,-0.48824,0.36618,-1.15957,-0.07857,0.21814,0.94160,0,0,58296
289.635000,443.298726,-0.73236,0.79339,-0.73236,-0.07881,0.22009,0.94452,0,0,58297
289.640000,443.298726,-1.03751,0.97648,-0.61030,-0.07637,0.22009,0.94965,0,0,58298
289.645000,443.313877,-1.28163,1.22060,-0.36618,-0.07491,0.22033,0.95428,0,0,58299
289.650000,443.313877,-1.52575,1.40369,0.12206,-0.07466,0.22009,0.96014,0,0,58300
289.655000,443.313877,-1.89193,1.40369,0.67133,-0.07662,0.21936,0.96478,0,0,58301
289.660000,443.328874,-1.89193,1.03751,0.97648,-0.07442,0.21301,0.96502,0,0,58302
289.665000,443.328874,-2.07502,0.67133,1.46472,-0.07247,0.20472,0.96160,0,0,58303
289.670000,443.328874,-1.70884,0.24412,1.95296,-0.07320,0.19813,0.95916,0,0,58304
289.675000,443.373875,-0.67133,-0.06103,2.13605,-0.07735,0.19203,0.95843,0,0,58305
289.680000,443.373875,0.12206,-0.18309,1.95296,-0.08003,0.18690,0.95770,0,0,58306
289.685000,443.373875,0.73236,-0.24412,1.76987,-0.07735,0.18129,0.95502,0,0,58307
289.690000,443.388784,0.91545,-0.06103,1.40369,-0.07442,0.17763,0.95648,0,0,58308
289.695000,443.388784,0.91545,0.06103,1.22060,-0.07491,0.17617,0.95794,0,0,58309
289.700000,443.388784,1.28163,0.12206,0.48824,-0.07930,0.17836,0.96014,0,0,58310
289.705000,443.403748,1.70884,0.18309,-0.12206,-0.08150,0.18129,0.96331,0,0,58311
289.710000,443.403748,2.19708,0.24412,-0.85442,-0.08028,0.18495,0.96844,0,0,58312
289.715000,443.403748,2.62429,0.24412,-1.28163,-0.07930,0.18910,0.97551,0,0,58313
289.720000,443.433723,2.86841,0.00000,-1.40369,-0.07832,0.19178,0.98112,0,0,58314
289.725000,443.433723,2.99047,-0.42721,-1.34266,-0.07418,0.19325,0.98112,0,0,58315
289.730000,443.433723,2.92944,-0.79339,-1.22060,-0.07149,0.19496,0.97795,0,0,58316
289.735000,443.448751,2.80738,-0.85442,-1.28163,-0.06954,0.19618,0.97112,0,0,58317
289.740000,443.448751,2.50223,-0.61030,-1.34266,-0.07100,0.19837,0.96429,0,0,58318
289.745000,443.448751,1.95296,-0.18309,-1.64781,-0.07271,0.20496,0.95721,0,0,58319
289.750000,443.463630,0.97648,0.48824,-1.64781,-0.07100,0.21277,0.95331,0,0,58320
289.755000,443.463630,0.06103,1.15957,-1.22060,-0.07003,0.21765,0.95428,0,0,58321
289.760000,443.463630,-0.73236,1.89193,-0.73236,-0.06978,0.22180,0.96160,0,0,58322
289.765000,443.493784,-1.76987,2.50223,-0.48824,-0.07027,0.22326,0.96868,0,0,58323
289.770000,443.493784,-3.29562,2.80738,-0.30515,-0.06783,0.22253,0.97234,0,0,58324
289.775000,443.493784,-4.45519,2.99047,-0.12206,-0.06539,0.21960,0.97356,0,0,58325
289.780000,443.495361,-4.88240,3.11253,-0.06103,-0.06759,0.21887,0.97502,0,0,58326
289.785000,443.495361,-4.45519,2.99047,0.12206,-0.07076,0.21789,0.97820,0,0,58327
289.790000,443.495361,-3.23459,2.62429,0.18309,-0.07125,0.21692,0.98137,0,0,58328
289.795000,443.496150,-1.83090,2.38017,0.30515,-0.07174,0.21765,0.98356,0,0,58329
289.800000,443.496150,-0.48824,2.38017,0.61030,-0.07588,0.21862,0.98869,0,0,58330
289.805000,443.496150,0.48824,2.31914,1.09854,-0.08003,0.21887,0.99308,0,0,58331
289.810000,443.497374,1.15957,2.19708,1.70884,-0.08345,0.21740,0.99869,0,0,58332
289.815000,443.497374,1.58678,1.95296,2.01399,-0.08589,0.21106,1.00382,0,0,58333
289.820000,443.497374,1.83090,1.34266,2.01399,-0.08564,0.20447,1.00430,0,0,58334
289.825000,443.498658,1.76987,1.03751,1.89193,-0.08613,0.19910,1.00284,0,0,58335
289.830000,443.498658,1.58678,0.73236,1.89193,-0.08442,0.19740,1.00308,0,0,58336
289.835000,443.498658,1.40369,0.61030,1.70884,-0.08198,0.19593,1.00308,0,0,58337
289.840000,443.500338,1.22060,0.54927,1.34266,-0.08028,0.19666,0.99991,0,0,58338
289.845000,443.500338,0.48824,0.54927,0.97648,-0.07832,0.19959,0.99430,0,0,58339
289.850000,443.500338,-0.48824,0.48824,0.79339,-0.07808,0.20301,0.98698,0,0,58340
289.855000,443.501098,-1.58678,0.85442,0.67133,-0.07784,0.20618,0.98308,0,0,58341
289.860000,443.501098,-2.44120,1.34266,0.61030,-0.07735,0.20667,0.98234,0,0,58342
289.865000,443.501098,-3.35665,2.13605,0.54927,-0.07881,0.20276,0.98527,0,0,58343
289.870000,443.502284,-3.72283,2.44120,0.24412,-0.08052,0.20130,0.99088,0,0,58344
289.875000,443.502284,-3.05150,2.07502,-0.24412,-0.08272,0.20325,0.99698,0,0,58345
289.880000,443.502284,-2.19708,1.40369,-0.48824,-0.08516,0.20594,1.00162,0,0,58346
289.900000,443.508690,1.46472,-1.09854,0.36618,-0.07784,0.21082,0.97722,3,0,58347
289.905000,443.508690,1.40369,-0.91545,1.28163,-0.08150,0.20838,0.97258,0,0,58348
289.910000,443.508690,0.91545,-0.24412,1.76987,-0.08052,0.20106,0.96551,0,0,58349
289.915000,443.522584,-0.67133,0.97648,1.76987,-0.07491,0.19520,0.96160,0,0,58350
289.920000,443.522584,-2.44120,2.07502,1.64781,-0.07320,0.19178,0.96575,0,0,58351
289.925000,443.522584,-4.15004,2.68532,1.34266,-0.07100,0.18934,0.97258,0,0,58352
289.930000,443.537471,-6.71330,3.35665,0.67133,-0.07027,0.18837,0.98064,0,0,58353
289.935000,443.537471,-8.30008,3.96695,0.00000,-0.06954,0.19154,0.98771,0,0,58354
289.940000,443.537471,-8.91038,4.08901,-0.30515,-0.06905,0.19813,0.99503,0,0,58355
289.945000,443.598847,-8.60523,3.78386,-0.06103,-0.07198,0.20398,0.99918,0,0,58356
289.950000,443.598847,-7.81184,3.29562,0.24412,-0.07857,0.21033,0.99894,0,0,58357
289.955000,443.598847,-7.56772,3.41768,0.06103,-0.08296,0.21472,0.99942,0,0,58358
289.960000,443.613868,-7.38463,3.60077,0.12206,-0.08394,0.21667,1.00211,0,0,58359
289.965000,443.613868,-7.20154,3.72283,0.67133,-0.08345,0.21521,1.00333,0,0,58360
289.970000,443.613868,-6.65227,3.29562,1.28163,-0.08296,0.20838,1.00235,0,0,58361
289.975000,443.628800,-6.22506,3.11253,1.70884,-0.08467,0.20106,1.00504,0,0,58362
289.980000,443.628800,-5.37064,3.05150,1.76987,-0.08784,0.19349,1.00870,0,0,58363
289.985000,443.628800,-4.08901,2.74635,1.70884,-0.08564,0.18349,1.01236,0,0,58364
289.990000,443.673890,-2.74635,2.01399,1.83090,-0.08223,0.17470,1.01309,0,0,58365
289.995000,443.673890,-1.28163,1.28163,2.31914,-0.08247,0.17104,1.01528,0,0,58366
290.000000,443.673890,-0.42721,0.91545,2.68532,-0.08442,0.16958,1.01943,0,0,58367
290.005000,443.688862,0.06103,0.48824,2.68532,-0.08784,0.16836,1.01943,0,0,58368
290.010000,443.688862,0.42721,-0.12206,2.07502,-0.09150,0.16763,1.01553,0,0,58369
290.015000,443.688862,0.91545,-0.54927,1.46472,-0.09101,0.16519,1.01358,0,0,58370
290.020000,443.703874,1.46472,-0.48824,1.40369,-0.08979,0.16299,1.01577,0,0,58371
290.025000,443.703874,1.95296,-0.30515,1.83090,-0.08979,0.16714,1.01846,0,0,58372
290.030000,443.703874,1.83090,-0.24412,2.07502,-0.09418,0.17397,1.02138,0,0,58373
290.035000,443.733875,1.28163,-0.30515,2.07502,-0.09931,0.17885,1.02187,0,0,58374
290.040000,443.733875,0.61030,-0.30515,2.07502,-0.10102,0.18154,1.02456,0,0,58375
290.045000,443.733875,0.06103,-0.24412,2.31914,-0.09955,0.18032,1.02724,0,0,58376
290.050000,443.748822,-0.12206,-0.06103,2.92944,-0.10150,0.17641,1.03066,0,0,58377
290.055000,443.748822,0.18309,-0.24412,3.35665,-0.10394,0.17080,1.03334,0,0,58378
290.060000,443.748822,1.09854,-0.48824,3.60077,-0.10370,0.16250,1.03480,0,0,58379
290.065000,443.763857,2.13605,-0.85442,3.72283,-0.10004,0.15152,1.03578,0,0,58380
290.070000,443.763857,3.23459,-1.03751,4.27210,-0.09906,0.14103,1.03895,0,0,58381
290.075000,443.763857,3.47871,-0.79339,4.76034,-0.10199,0.13371,1.04359,0,0,58382
290.080000,443.793774,3.35665,-0.36618,5.18755,-0.11029,0.12859,1.04774,0,0,58383
290.085000,443.793774,2.92944,0.06103,5.06549,-0.12346,0.11956,1.05750,0,0,58384
290.090000,443.793774,2.44120,0.30515,4.82137,-0.13103,0.10614,1.06799,0,0,58385
290.095000,443.823853,2.50223,0.18309,4.69931,-0.13274,0.09004,1.07994,0,0,58386
290.100000,443.823853,3.47871,-0.24412,4.88240,-0.13664,0.07222,1.09483,0,0,58387
290.105000,443.823853,4.82137,-1.03751,4.76034,-0.14250,0.05734,1.10703,0,0,58388
290.110000,443.824938,6.46918,-2.13605,4.27210,-0.14884,0.04319,1.11484,0,0,58389
290.115000,443.824938,7.87287,-3.11253,3.47871,-0.15445,0.02855,1.12289,0,0,58390
290.120000,443.824938,8.91038,-3.78386,2.19708,-0.15616,0.01415,1.13655,0,0,58391
290.125000,443.826389,9.03244,-4.21107,0.85442,-0.15616,0.00317,1.14924,0,0,58392
290.130000,443.826389,8.36111,-5.00446,-0.61030,-0.16031,-0.00537,1.16315,0,0,58393
290.135000,443.826389,7.38463,-6.04197,-2.25811,-0.16787,-0.01269,1.18072,0,0,58394
290.140000,443.827374,6.59124,-7.26257,-4.08901,-0.17544,-0.01488,1.19340,0,0,58395
290.145000,443.827374,5.61476,-8.42214,-5.73682,-0.18056,-0.01586,1.20512,0,0,58396
290.150000,443.827374,5.00446,-10.00892,-7.68978,-0.17641,-0.01879,1.21268,0,0,58397
290.155000,443.828833,4.15004,-11.10746,-9.15450,-0.18007,-0.01732,1.22122,0,0,58398
290.160000,443.828833,3.35665,-12.45012,-10.49716,-0.18812,-0.01269,1.22512,0,0,58399
290.165000,443.828833,3.47871,-14.03690,-11.90085,-0.19008,-0.00830,1.21976,0,0,58400
290.170000,443.829915,3.47871,-16.35604,-13.67072,-0.18422,-0.00732,1.21024,0,0,58401
290.175000,443.829915,3.66180,-17.82076,-14.70823,-0.17446,-0.00634,1.19706,0,0,58402
290.180000,443.829915,3.47871,-18.49209,-15.44059,-0.16958,-0.00415,1.18877,0,0,58403
290.185000,443.831356,2.68532,-18.85827,-16.29501,-0.17080,0.00244,1.18316,0,0,58404
290.190000,443.831356,1.40369,-19.34651,-17.57664,-0.17300,0.00830,1.17754,0,0,58405
290.195000,443.831356,0.12206,-20.32299,-19.40754,-0.17153,0.01415,1.17071,0,0,58406
290.200000,443.832431,-0.48824,-21.11638,-20.56711,-0.16665,0.01879,1.16437,0,0,58407
290.205000,443.832431,-1.09854,-21.60462,-21.42153,-0.16177,0.02440,1.16022,0,0,58408
290.210000,443.832431,-1.95296,-22.15389,-22.15389,-0.15836,0.03221,1.15461,0,0,58409
290.230000,443.838635,-4.45519,-25.08333,-25.69363,-0.14176,0.05466,1.10996,3,0,58410
290.235000,443.838635,-4.39416,-25.57157,-26.48702,-0.12908,0.05636,1.09776,0,0,58411
290.240000,443.838635,-4.15004,-25.93775,-27.34144,-0.12102,0.06149,1.08873,0,0,58412
290.245000,443.852560,-3.53974,-26.48702,-28.31792,-0.12029,0.07100,1.07994,0,0,58413
290.250000,443.852560,-2.74635,-26.91423,-28.74513,-0.11858,0.08418,1.06799,0,0,58414
290.255000,443.852560,-1.40369,-27.21938,-28.62307,-0.11248,0.09614,1.06213,0,0,58415
290.260000,443.867593,-0.42721,-27.46350,-28.37895,-0.10809,0.10272,1.05945,0,0,58416
290.265000,443.867593,0.18309,-27.70762,-28.37895,-0.10516,0.10809,1.05628,0,0,58417
290.270000,443.867593,-0.18309,-27.64659,-28.37895,-0.10394,0.11444,1.05628,0,0,58418
290.275000,443.882480,-1.22060,-27.52453,-28.92822,-0.10248,0.12322,1.05432,0,0,58419
290.280000,443.882480,-2.31914,-27.64659,-29.17234,-0.09931,0.13030,1.04896,0,0,58420
290.285000,443.882480,-3.53974,-27.76865,-29.17234,-0.09492,0.13249,1.04042,0,0,58421
290.290000,443.913868,-4.57725,-27.82968,-28.98925,-0.09077,0.13347,1.03188,0,0,58422
290.295000,443.913868,-5.79785,-27.46350,-29.29440,-0.08686,0.13542,1.02407,0,0,58423
290.300000,443.913868,-6.59124,-27.28041,-29.84367,-0.08418,0.13786,1.01650,0,0,58424
290.305000,443.928728,-7.07948,-27.46350,-30.45397,-0.08150,0.14128,1.00772,0,0,58425
290.310000,443.928728,-6.95742,-27.76865,-30.63706,-0.07515,0.14518,0.99625,0,0,58426
290.315000,443.928728,-6.28609,-28.01277,-30.63706,-0.06832,0.14957,0.98674,0,0,58427
290.320000,443.943876,-5.55373,-28.13483,-30.75912,-0.06246,0.15250,0.97795,0,0,58428
290.325000,443.943876,-4.88240,-27.64659,-31.49148,-0.05661,0.15665,0.97088,0,0,58429
290.330000,443.943876,-4.82137,-26.91423,-32.16281,-0.05295,0.16421,0.97039,0,0,58430
290.335000,443.945142,-5.49270,-26.79217,-32.77311,-0.04978,0.17348,0.97136,0,0,58431
290.340000,443.945142,-6.34712,-27.28041,-33.44444,-0.04709,0.18373,0.96819,0,0,58432
290.345000,443.945142,-7.01845,-27.76865,-34.17680,-0.04392,0.19178,0.96112,0,0,58433
290.350000,443.957664,-7.68978,-28.13483,-34.84813,-0.03684,0.19813,0.95184,0,0,58434
290.355000,443.957664,-7.99493,-28.50101,-35.33637,-0.02782,0.20594,0.94233,0,0,58435
290.360000,443.957664,-8.11699,-28.56204,-36.00770,-0.01952,0.21545,0.93110,0,0,58436
290.365000,443.972666,-8.30008,-28.62307,-36.43491,-0.01342,0.22814,0.91866,0,0,58437
290.370000,443.972666,-8.11699,-28.68410,-36.43491,-0.00830,0.24400,0.90548,0,0,58438
290.375000,443.972666,-7.81184,-28.56204,-35.94667,-0.00342,0.25766,0.89109,0,0,58439
290.380000,443.988827,-7.68978,-28.31792,-35.39740,0.00293,0.26913,0.87767,0,0,58440
290.385000,443.988827,-7.62875,-27.64659,-34.78710,0.01049,0.27767,0.86327,0,0,58441
290.390000,443.988827,-7.93390,-26.54805,-34.23783,0.01635,0.28597,0.85302,0,0,58442
290.395000,444.003892,-8.30008,-24.96127,-33.74959,0.02220,0.29573,0.84473,0,0,58443
290.400000,444.003892,-8.42214,-23.61861,-33.13929,0.02806,0.30402,0.84058,0,0,58444
290.405000,444.003892,-8.66626,-22.58110,-32.22384,0.03562,0.30964,0.84058,0,0,58445
290.410000,444.018880,-8.91038,-21.78771,-31.30839,0.04416,0.31330,0.84009,0,0,58446
290.415000,444.018880,-9.03244,-21.17741,-30.57603,0.04831,0.31891,0.83985,0,0,58447
290.420000,444.018880,-8.91038,-20.50608,-29.90470,0.04978,0.32940,0.83887,0,0,58448
290.425000,444.033761,-8.30008,-19.95681,-29.35543,0.05539,0.33965,0.83546,0,0,58449
290.430000,444.033761,-7.50669,-19.65166,-28.31792,0.06246,0.34868,0.83106,0,0,58450
290.435000,444.033761,-6.65227,-19.40754,-26.85320,0.07076,0.35917,0.82740,0,0,58451
290.440000,444.047440,-5.43167,-18.98033,-25.20539,0.07735,0.36551,0.82155,0,0,58452
290.445000,444.047440,-4.21107,-18.61415,-23.55758,0.08491,0.37088,0.81496,0,0,58453
290.450000,444.047440,-3.23459,-17.94282,-21.66565,0.09004,0.37478,0.81008,0,0,58454
290.455000,444.062363,-2.62429,-17.14943,-20.13990,0.09248,0.37722,0.80422,0,0,58455
290.460000,444.062363,-1.76987,-16.23398,-18.24797,0.09589,0.37600,0.79861,0,0,58456
290.465000,444.062363,-1.03751,-14.76926,-16.23398,0.09882,0.37064,0.79959,0,0,58457
290.470000,444.078615,0.24412,-13.36557,-14.09793,0.10175,0.36283,0.80276,0,0,58458
290.475000,444.078615,1.28163,-12.51115,-12.69424,0.10346,0.35112,0.80715,0,0,58459
290.480000,444.078615,1.89193,-11.59570,-11.47364,0.10516,0.34136,0.81325,0,0,58460
290.485000,444.093616,2.56326,-10.98540,-10.43613,0.10590,0.33257,0.82252,0,0,58461
290.490000,444.093616,3.17356,-10.74128,-9.88686,0.10248,0.32989,0.82740,0,0,58462
290.495000,444.093616,3.53974,-10.13098,-9.45965,0.09638,0.33086,0.83253,0,0,58463
290.500000,444.108613,3.72283,-9.45965,-9.27656,0.09272,0.33233,0.83814,0,0,58464
290.505000,444.108613,3.96695,-8.78832,-9.15450,0.09370,0.33672,0.84375,0,0,58465
290.510000,444.108613,4.08901,-8.36111,-8.84935,0.09199,0.34111,0.84839,0,0,58466
290.515000,444.123529,3.96695,-7.93390,-8.48317,0.09101,0.34111,0.85107,0,0,58467
290.520000,444.123529,3.47871,-7.38463,-8.23905,0.09687,0.33965,0.85278,0,0,58468
290.525000,444.123529,1.95296,-6.28609,-8.05596,0.10297,0.33818,0.85351,0,0,58469
290.530000,444.137286,0.24412,-5.37064,-7.75081,0.10468,0.34111,0.85254,0,0,58470
290.535000,444.137286,-1.40369,-4.45519,-7.07948,0.10492,0.34550,0.84985,0,0,58471
290.540000,444.137286,-2.19708,-3.84489,-6.04197,0.10468,0.34697,0.84717,0,0,58472
290.540000,444.152356,-1.70884,-3.60077,-5.24858,0.10248,0.34819,0.84644,0,0,58473
290.545000,444.152356,1.34266,-3.23459,-3.53974,0.09809,0.34892,0.84912,0,0,58474
290.550000,444.152356,5.12652,-2.86841,-1.83090,0.08930,0.34843,0.85815,0,0,58475
290.555000,444.167362,9.88686,-2.68532,0.54927,0.08564,0.34136,0.87084,0,0,58476
290.560000,444.167362,12.87733,-3.17356,2.31914,0.08613,0.33013,0.88035,0,0,58477
290.565000,444.167362,14.15896,-3.60077,3.66180,0.08516,0.31696,0.88865,0,0,58478
290.570000,444.182369,13.48763,-3.47871,4.63828,0.08223,0.30329,0.89109,0,0,58479
290.575000,444.182369,11.53467,-2.68532,4.88240,0.08052,0.29109,0.89328,0,0,58480
290.580000,444.182369,8.66626,-1.46472,4.76034,0.08028,0.28011,0.89768,0,0,58481
290.585000,444.198627,5.55373,-0.12206,4.15004,0.08052,0.26864,0.90158,0,0,58482
290.590000,444.198627,2.19708,1.15957,3.23459,0.08125,0.25840,0.90866,0,0,58483
290.595000,444.198627,0.79339,1.76987,2.74635,0.08028,0.25254,0.91622,0,0,58484
290.600000,444.243655,1.09854,1.64781,2.44120,0.07540,0.25010,0.91915,0,0,58485
290.605000,444.243655,3.23459,0.97648,2.44120,0.07540,0.24424,0.92159,0,0,58486
290.610000,444.243655,6.04197,0.36618,2.50223,0.07564,0.24302,0.92500,0,0,58487
290.615000,444.258615,8.42214,0.24412,2.74635,0.06783,0.24498,0.93281,0,0,58488
290.620000,444.258615,9.27656,0.36618,2.92944,0.06734,0.24351,0.93672,0,0,58489
290.625000,444.258615,8.97141,0.48824,2.99047,0.06905,0.24400,0.94184,0,0,58490
290.630000,444.273601,7.75081,0.67133,3.23459,0.06588,0.24693,0.95087,0,0,58491
290.635000,444.273601,6.40815,1.15957,3.60077,0.06490,0.24766,0.95575,0,0,58492
290.640000,444.273601,4.76034,1.95296,3.72283,0.06393,0.24620,0.96258,0,0,58493
290.645000,444.318617,3.66180,2.68532,3.78386,0.06027,0.24473,0.97014,0,0,58494
290.650000,444.318617,3.05150,2.38017,3.78386,0.05344,0.24376,0.97551,0,0,58495
290.655000,444.318617,3.41768,1.83090,3.96695,0.05246,0.24156,0.97551,0,0,58496
290.660000,444.333608,4.33313,1.34266,4.21107,0.06149,0.23644,0.97429,0,0,58497
290.665000,444.333608,5.18755,1.15957,4.51622,0.06271,0.23351,0.97332,0,0,58498
290.670000,444.333608,5.30961,1.03751,5.00446,0.05051,0.23424,0.97161,0,0,58499
290.675000,444.348602,5.49270,1.03751,5.43167,0.04831,0.23107,0.96844,0,0,58500
290.680000,444.348602,5.43167,1.22060,5.73682,0.05832,0.22350,0.96282,0,0,58501
290.685000,444.348602,4.76034,1.40369,5.91991,0.05490,0.21862,0.96258,0,0,58502
290.690000,444.363611,4.08901,1.76987,5.91991,0.05246,0.21228,0.96307,0,0,58503
290.695000,444.363611,3.53974,2.92944,5.73682,0.05710,0.20813,0.96526,0,0,58504
290.700000,444.363611,2.92944,3.66180,5.61476,0.05295,0.20960,0.97551,0,0,58505
290.705000,444.364834,2.68532,3.90592,5.55373,0.04904,0.20667,0.98649,0,0,58506
290.710000,444.364834,2.80738,3.96695,5.55373,0.05392,0.20081,0.99430,0,0,58507
290.715000,444.364834,2.99047,3.60077,5.85888,0.05222,0.19642,1.00235,0,0,58508
290.720000,444.366086,3.29562,3.17356,6.10300,0.04343,0.19496,1.00748,0,0,58509
290.725000,444.366086,3.72283,2.62429,6.10300,0.03782,0.19032,1.00894,0,0,58510
290.730000,444.366086,4.08901,2.07502,5.67579,0.03514,0.18886,1.00699,0,0,58511
290.735000,444.367361,4.15004,1.64781,5.18755,0.03758,0.18593,1.00455,0,0,58512
290.740000,444.367361,4.08901,1.34266,4.82137,0.04099,0.18251,0.99967,0,0,58513
290.745000,444.367361,3.41768,0.97648,4.45519,0.03831,0.18276,0.99723,0,0,58514
290.750000,444.368629,2.74635,1.22060,4.21107,0.03684,0.18178,0.99479,0,0,58515
290.755000,444.368629,2.13605,1.83090,4.02798,0.04587,0.17763,0.99235,0,0,58516
290.760000,444.368629,1.52575,2.38017,4.15004,0.04490,0.17836,0.99723,0,0,58517
290.765000,444.377334,0.97648,2.31914,4.51622,0.04416,0.17788,1.00089,0,0,58518
290.770000,444.377334,1.28163,2.19708,4.45519,0.04831,0.17739,1.00040,0,0,58519
290.775000,444.377334,1.40369,2.44120,4.15004,0.04807,0.17934,1.00284,0,0,58520
290.780000,444.392348,1.58678,2.44120,3.84489,0.04758,0.18129,1.00308,0,0,58521
290.785000,444.392348,1.52575,2.19708,3.53974,0.04563,0.18349,1.00235,0,0,58522
290.790000,444.392348,1.15957,1.95296,3.35665,0.04612,0.18422,1.00186,0,0,58523
290.795000,444.407398,0.73236,1.95296,2.92944,0.04807,0.18861,0.99820,0,0,58524
290.800000,444.407398,0.12206,2.13605,2.62429,0.04856,0.19130,0.99650,0,0,58525
290.805000,444.407398,-0.42721,2.44120,2.38017,0.04831,0.19447,0.99576,0,0,58526
290.810000,444.468700,-0.91545,2.62429,2.19708,0.04782,0.19544,0.99674,0,0,58527
290.815000,444.468700,-1.22060,2.56326,1.89193,0.04782,0.19691,0.99747,0,0,58528
290.820000,444.468700,-0.73236,2.38017,1.52575,0.04612,0.19715,0.99942,0,0,58529
290.825000,444.528662,0.06103,2.01399,1.34266,0.04734,0.19862,1.00235,0,0,58530
290.830000,444.528662,1.03751,1.64781,1.34266,0.05002,0.20203,1.00406,0,0,58531
290.835000,444.528662,1.83090,1.28163,1.58678,0.05075,0.20642,1.00528,0,0,58532
290.840000,444.543576,2.01399,0.97648,1.95296,0.05100,0.21130,1.00577,0,0,58533
290.845000,444.543576,1.46472,0.85442,2.50223,0.04904,0.21545,1.00406,0,0,58534
290.850000,444.543576,0.54927,0.85442,2.74635,0.04685,0.21545,1.00382,0,0,58535
290.855000,444.544842,-0.54927,0.97648,3.17356,0.04660,0.21252,1.00455,0,0,58536
290.860000,444.544842,-1.03751,0.73236,3.47871,0.04563,0.20496,1.00333,0,0,58537
290.865000,444.544842,-0.79339,0.54927,3.84489,0.04709,0.19569,0.99942,0,0,58538
290.870000,444.546096,-0.06103,0.24412,3.96695,0.04660,0.18764,0.99698,0,0,58539
290.875000,444.546096,0.91545,-0.06103,3.78386,0.03928,0.18178,0.99528,0,0,58540
290.880000,444.546096,1.70884,-0.42721,3.53974,0.03489,0.17739,0.99137,0,0,58541
290.885000,444.547295,2.25811,-0.61030,3.29562,0.03953,0.17300,0.98796,0,0,58542
290.890000,444.547295,2.50223,-0.48824,2.74635,0.04148,0.17031,0.98796,0,0,58543
290.895000,444.547295,2.31914,-0.54927,2.38017,0.03831,0.16958,0.98918,0,0,58544
290.900000,444.548510,2.01399,-0.54927,2.01399,0.03806,0.17056,0.98991,0,0,58545
290.905000,444.548510,1.52575,-0.30515,1.40369,0.04270,0.17275,0.99113,0,0,58546
290.910000,444.548510,0.97648,0.06103,0.67133,0.04660,0.17763,0.99332,0,0,58547
290.915000,444.558485,0.42721,0.30515,0.24412,0.04465,0.18422,0.99674,0,0,58548
290.920000,444.558485,0.42721,0.42721,0.24412,0.04026,0.19008,0.99820,0,0,58549
290.925000,444.558485,0.73236,0.36618,0.12206,0.03880,0.19349,0.99820,0,0,58550
290.930000,444.559745,0.79339,0.18309,-0.12206,0.04343,0.19593,0.99576,0,0,58551
290.935000,444.559745,0.61030,-0.24412,-0.30515,0.04904,0.19740,0.99186,0,0,58552
290.940000,444.559745,0.18309,-0.48824,-0.30515,0.04782,0.20081,0.98991,0,0,58553
290.945000,444.560997,-0.42721,-0.24412,0.12206,0.04490,0.20325,0.99015,0,0,58554
290.950000,444.560997,-1.22060,0.24412,0.36618,0.04392,0.20398,0.99040,0,0,58555
290.955000,444.560997,-2.25811,0.67133,0.54927,0.04392,0.20276,0.98869,0,0,58556
290.960000,444.572267,-3.23459,0.91545,1.15957,0.04465,0.20008,0.98722,0,0,58557
290.965000,444.572267,-3.90592,1.28163,2.13605,0.04514,0.19398,0.98649,0,0,58558
290.970000,444.572267,-3.78386,1.76987,2.44120,0.04441,0.18642,0.98698,0,0,58559
290.975000,444.588674,-3.29562,1.76987,2.25811,0.04172,0.18178,0.98576,0,0,58560
290.980000,444.588674,-2.68532,1.58678,1.89193,0.03928,0.17836,0.98430,0,0,58561
290.985000,444.588674,-1.95296,1.22060,1.58678,0.03660,0.17592,0.98161,0,0,58562
290.990000,444.603475,-1.03751,0.85442,1.52575,0.03758,0.17397,0.97527,0,0,58563
290.995000,444.603475,-0.61030,0.91545,1.52575,0.04099,0.17202,0.97258,0,0,58564
291.000000,444.603475,-0.36618,1.15957,1.46472,0.04148,0.16982,0.97454,0,0,58565
291.005000,444.618465,0.00000,1.28163,1.34266,0.03660,0.16860,0.97942,0,0,58566
291.010000,444.618465,0.48824,1.15957,0.91545,0.03392,0.16934,0.98552,0,0,58567
291.015000,444.618465,1.15957,0.97648,0.06103,0.03562,0.17080,0.98942,0,0,58568
291.020000,444.632178,1.34266,0.61030,-0.79339,0.03855,0.17348,0.99088,0,0,58569
291.025000,444.632178,1.22060,0.18309,-1.34266,0.03880,0.18300,0.99088,0,0,58570
291.030000,444.632178,0.67133,-0.18309,-1.46472,0.03440,0.19471,0.98991,0,0,58571
291.035000,444.663699,0.12206,-0.48824,-1.58678,0.03392,0.20228,0.98430,0,0,58572
291.040000,444.663699,-0.54927,-0.42721,-1.58678,0.04099,0.20642,0.97771,0,0,58573
291.045000,444.663699,-0.79339,0.12206,-1.28163,0.04685,0.20935,0.97429,0,0,58574
291.050000,444.678646,-0.42721,0.24412,-0.54927,0.04392,0.21301,0.97502,0,0,58575
291.055000,444.678646,0.24412,0.06103,0.30515,0.04124,0.21301,0.97307,0,0,58576
291.060000,444.678646,1.28163,0.12206,1.03751,0.04465,0.21033,0.97210,0,0,58577
291.065000,444.693623,2.44120,-0.06103,1.64781,0.04831,0.20667,0.97624,0,0,58578
291.070000,444.693623,3.11253,0.06103,2.19708,0.04758,0.20276,0.98210,0,0,58579
291.075000,444.693623,3.41768,0.06103,2.68532,0.04514,0.19837,0.98454,0,0,58580
291.080000,444.694875,3.17356,0.36618,2.92944,0.04319,0.19398,0.99064,0,0,58581
291.085000,444.694875,2.19708,0.67133,2.99047,0.04246,0.18983,0.99869,0,0,58582
291.090000,444.694875,0.42721,0.54927,2.80738,0.04343,0.18349,1.00308,0,0,58583
291.095000,444.707759,-0.85442,0.42721,2.38017,0.04197,0.17836,1.00333,0,0,58584
291.100000,444.707759,-1.76987,0.42721,1.76987,0.03928,0.17300,0.99942,0,0,58585
291.105000,444.707759,-2.19708,0.61030,1.15957,0.03855,0.16958,0.99650,0,0,58586
291.110000,444.723834,-2.19708,0.67133,0.54927,0.03806,0.16763,0.99113,0,0,58587
291.115000,444.723834,-2.01399,0.73236,-0.18309,0.03880,0.17080,0.98747,0,0,58588
291.120000,444.723834,-1.76987,0.85442,-0.85442,0.04270,0.17446,0.98356,0,0,58589
291.125000,444.738693,-1.83090,0.91545,-1.46472,0.04978,0.17983,0.97917,0,0,58590
291.130000,444.738693,-1.95296,1.03751,-1.70884,0.05246,0.18910,0.97576,0,0,58591
291.135000,444.738693,-2.13605,1.40369,-1.46472,0.04953,0.20008,0.97405,0,0,58592
291.140000,444.753692,-2.44120,2.01399,-0.73236,0.04709,0.20789,0.97478,0,0,58593
291.145000,444.753692,-2.44120,2.68532,-0.24412,0.04904,0.20984,0.97942,0,0,58594
291.150000,444.753692,-2.19708,2.68532,0.18309,0.04856,0.20838,0.98771,0,0,58595
291.155000,444.768678,-1.76987,2.25811,0.61030,0.04490,0.20520,0.99479,0,0,58596
291.160000,444.768678,-0.79339,1.76987,0.97648,0.04392,0.20106,1.00064,0,0,58597
291.165000,444.768678,0.18309,1.22060,1.15957,0.04514,0.19764,1.00308,0,0,58598
291.170000,444.782499,0.61030,0.67133,1.22060,0.04538,0.19544,1.00162,0,0,58599
291.175000,444.782499,0.73236,0.18309,1.28163,0.04319,0.19544,0.99747,0,0,58600
291.180000,444.782499,0.42721,-0.12206,1.34266,0.04197,0.19666,0.99064,0,0,58601
291.185000,444.813955,-0.06103,-0.24412,1.34266,0.04099,0.19471,0.98137,0,0,58602
291.190000,444.813955,-0.61030,-0.12206,1.40369,0.04685,0.18788,0.97039,0,0,58603
291.195000,444.813955,-0.73236,0.36618,1.40369,0.05392,0.18105,0.96307,0,0,58604
291.200000,444.828676,-0.42721,1.03751,1.46472,0.05417,0.17836,0.96185,0,0,58605
291.205000,444.828676,0.24412,1.46472,1.64781,0.04953,0.17812,0.96551,0,0,58606
291.210000,444.828676,1.40369,1.52575,1.52575,0.04758,0.18129,0.97185,0,0,58607
291.215000,444.843714,2.86841,1.40369,1.15957,0.04807,0.18642,0.98161,0,0,58608
291.220000,444.843714,3.47871,1.28163,0.97648,0.04587,0.19008,0.99259,0,0,58609
291.225000,444.843714,3.53974,1.15957,0.85442,0.04343,0.19349,1.00382,0,0,58610
291.230000,444.845078,3.11253,1.34266,0.91545,0.04343,0.19447,1.01260,0,0,58611
291.235000,444.845078,2.25811,1.40369,0.79339,0.04441,0.19374,1.01943,0,0,58612
291.240000,444.845078,0.30515,1.52575,0.48824,0.04441,0.19252,1.02407,0,0,58613
291.245000,444.857509,-1.70884,1.52575,0.24412,0.04416,0.19276,1.02431,0,0,58614
291.250000,444.857509,-3.47871,1.28163,0.00000,0.04368,0.19447,1.01821,0,0,58615
291.255000,444.857509,-4.45519,1.22060,-0.12206,0.04099,0.19764,1.01211,0,0,58616
291.260000,444.873926,-4.51622,1.34266,0.00000,0.03928,0.19837,1.00504,0,0,58617
291.265000,444.873926,-3.90592,1.22060,0.18309,0.03709,0.19642,0.99698,0,0,58618
291.270000,444.873926,-2.74635,0.73236,0.36618,0.03538,0.19349,0.98942,0,0,58619
291.275000,444.888940,-1.52575,0.48824,0.61030,0.03953,0.18593,0.98137,0,0,58620
291.280000,444.888940,-0.67133,0.67133,0.73236,0.04709,0.17958,0.97649,0,0,58621
291.285000,444.888940,-0.06103,1.03751,1.03751,0.04587,0.17861,0.97673,0,0,58622
291.290000,444.903973,0.54927,1.15957,1.15957,0.03953,0.18007,0.97990,0,0,58623
291.295000,444.903973,1.22060,1.15957,1.09854,0.03636,0.18422,0.98210,0,0,58624
291.300000,444.903973,1.58678,1.28163,0.97648,0.03489,0.18690,0.98503,0,0,58625
291.305000,444.918876,1.52575,1.46472,0.91545,0.03270,0.18886,0.99259,0,0,58626
291.310000,444.918876,1.40369,1.46472,0.85442,0.03148,0.18764,1.00040,0,0,58627
291.315000,444.918876,1.15957,1.28163,0.85442,0.03245,0.18617,1.00382,0,0,58628
291.320000,444.932542,0.97648,0.85442,0.79339,0.03270,0.18276,1.00308,0,0,58629
291.325000,444.932542,0.85442,0.54927,0.73236,0.03026,0.18056,1.00138,0,0,58630
291.330000,444.932542,0.36618,0.18309,0.61030,0.02977,0.17934,0.99698,0,0,58631
291.335000,444.963938,-0.36618,0.00000,0.36618,0.03587,0.17666,0.98771,0,0,58632
291.340000,444.963938,-1.22060,0.12206,0.00000,0.03904,0.17641,0.97917,0,0,58633
291.345000,444.963938,-1.89193,0.48824,-0.18309,0.03636,0.17666,0.97405,0,0,58634
291.350000,444.978842,-2.31914,1.09854,-0.12206,0.03440,0.17617,0.97161,0,0,58635
291.355000,444.978842,-2.56326,1.52575,-0.30515,0.03514,0.17422,0.96795,0,0,58636
291.360000,444.978842,-2.31914,1.70884,-0.79339,0.03245,0.17446,0.96868,0,0,58637
291.365000,444.993660,-1.70884,1.70884,-1.28163,0.03465,0.17251,0.97332,0,0,58638
291.370000,444.993660,-1.03751,1.64781,-1.58678,0.03928,0.17348,0.97673,0,0,58639
291.375000,444.993660,-0.42721,1.28163,-1.70884,0.04002,0.17983,0.98015,0,0,58640
291.380000,445.023694,0.12206,0.91545,-1.64781,0.03465,0.18593,0.98381,0,0,58641
291.385000,445.023694,0.42721,0.67133,-1.52575,0.03440,0.19008,0.98576,0,0,58642
291.390000,445.023694,0.54927,0.79339,-1.46472,0.03806,0.19178,0.98649,0,0,58643
291.395000,445.038639,0.61030,0.73236,-1.28163,0.03953,0.19349,0.98747,0,0,58644
291.400000,445.038639,0.79339,0.79339,-0.73236,0.03660,0.19520,0.98698,0,0,58645
291.405000,445.038639,1.15957,1.15957,-0.24412,0.03440,0.19471,0.98722,0,0,58646
291.410000,445.053649,1.22060,1.46472,-0.06103,0.03562,0.19227,0.98869,0,0,58647
291.415000,445.053649,0.61030,1.58678,0.06103,0.03904,0.18739,0.98942,0,0,58648
291.420000,445.053649,0.12206,1.46472,0.24412,0.04124,0.18251,0.98747,0,0,58649
291.425000,445.083644,-0.42721,1.52575,0.54927,0.04221,0.18154,0.98698,0,0,58650
291.430000,445.083644,-0.85442,1.70884,0.79339,0.03831,0.18373,0.98942,0,0,58651
291.435000,445.083644,-1.09854,1.83090,0.67133,0.03538,0.18837,0.99113,0,0,58652
291.440000,445.098534,-1.22060,1.52575,0.18309,0.03514,0.19300,0.99137,0,0,58653
291.445000,445.098534,-1.09854,1.46472,0.18309,0.03392,0.19715,0.99454,0,0,58654
291.450000,445.098534,-0.85442,1.58678,0.36618,0.03343,0.19910,0.99601,0,0,58655
291.455000,445.113473,-0.30515,1.40369,0.67133,0.03172,0.19764,0.99576,0,0,58656
291.460000,445.113473,0.24412,1.58678,0.91545,0.03196,0.19349,0.99674,0,0,58657
291.465000,445.113473,0.73236,1.28163,1.03751,0.03294,0.18983,0.99747,0,0,58658
291.470000,445.128434,0.79339,1.15957,1.09854,0.03270,0.18593,0.99967,0,0,58659
291.475000,445.128434,0.73236,1.03751,0.91545,0.03221,0.18129,0.99918,0,0,58660
291.480000,445.128434,0.42721,0.91545,0.61030,0.03270,0.17910,0.99869,0,0,58661
291.485000,445.129680,0.18309,0.79339,0.24412,0.03416,0.17617,0.99698,0,0,58662
291.490000,445.129680,0.06103,0.67133,-0.30515,0.03001,0.17739,0.99357,0,0,58663
291.495000,445.129680,-0.12206,0.67133,-0.67133,0.02782,0.17714,0.99064,0,0,58664
291.500000,445.130931,-0.36618,0.85442,-0.91545,0.02879,0.17666,0.98747,0,0,58665
291.505000,445.130931,-0.48824,1.09854,-0.97648,0.03026,0.17592,0.98649,0,0,58666
291.510000,445.130931,-0.42721,1.09854,-0.97648,0.02855,0.17422,0.98698,0,0,58667
291.515000,445.132155,-0.06103,0.79339,-1.03751,0.02952,0.17495,0.98918,0,0,58668
291.520000,445.132155,0.18309,0.67133,-1.34266,0.03294,0.17739,0.99186,0,0,58669
291.525000,445.132155,0.42721,0.42721,-1.76987,0.03806,0.18007,0.99625,0,0,58670
291.530000,445.142198,0.18309,0.06103,-2.38017,0.03928,0.18495,0.99845,0,0,58671
291.535000,445.142198,0.18309,-0.30515,-2.62429,0.03831,0.19227,0.99796,0,0,58672
291.540000,445.142198,0.36618,-0.73236,-2.50223,0.03928,0.20130,0.99332,0,0,58673
291.545000,445.188549,0.67133,-0.61030,-2.13605,0.04050,0.20935,0.98893,0,0,58674
291.550000,445.188549,0.42721,-0.12206,-1.15957,0.04148,0.21643,0.98600,0,0,58675
291.555000,445.188549,0.54927,0.12206,-0.18309,0.04246,0.21862,0.98405,0,0,58676
291.560000,445.203536,0.67133,0.42721,0.67133,0.04246,0.21618,0.98356,0,0,58677
291.565000,445.203536,0.48824,0.73236,0.91545,0.04319,0.21082,0.98283,0,0,58678
291.570000,445.203536,0.00000,0.97648,1.15957,0.04172,0.20642,0.98381,0,0,58679
291.575000,445.218542,-0.42721,0.91545,1.15957,0.03977,0.20106,0.98430,0,0,58680
291.580000,445.218542,-0.79339,0.79339,0.91545,0.03880,0.19788,0.98332,0,0,58681
291.585000,445.218542,-1.03751,0.73236,0.18309,0.03733,0.19544,0.98210,0,0,58682
291.590000,445.248567,-1.09854,0.91545,-0.36618,0.03489,0.19520,0.98112,0,0,58683
291.595000,445.248567,-1.09854,1.09854,-0.79339,0.03538,0.19300,0.98234,0,0,58684
291.600000,445.248567,-1.09854,0.91545,-1.15957,0.03660,0.19252,0.98332,0,0,58685
291.605000,445.263545,-1.03751,0.48824,-1.58678,0.03709,0.19203,0.98308,0,0,58686
291.610000,445.263545,-0.67133,0.12206,-1.89193,0.03660,0.19422,0.98112,0,0,58687
291.615000,445.263545,0.18309,-0.18309,-1.89193,0.03270,0.19886,0.97917,0,0,58688
291.620000,445.278545,1.03751,-0.36618,-1.64781,0.03099,0.20081,0.97722,0,0,58689
291.625000,445.278545,1.76987,-0.54927,-1.34266,0.03050,0.20276,0.97454,0,0,58690
291.630000,445.278545,2.25811,-0.48824,-1.09854,0.02879,0.20398,0.97478,0,0,58691
291.635000,445.308457,2.38017,-0.18309,-0.85442,0.02757,0.20276,0.97966,0,0,58692
291.640000,445.308457,2.13605,0.06103,-0.67133,0.02733,0.19910,0.98552,0,0,58693
291.645000,445.308457,1.40369,0.12206,-0.67133,0.02952,0.19544,0.98893,0,0,58694
291.650000,445.323446,0.36618,0.24412,-0.67133,0.03196,0.19105,0.99284,0,0,58695
291.655000,445.323446,-0.61030,0.61030,-0.48824,0.03416,0.18544,0.99210,0,0,58696
291.660000,445.323446,-1.70884,1.15957,0.00000,0.03562,0.18495,0.99162,0,0,58697
291.665000,445.338537,-2.31914,1.83090,0.61030,0.03611,0.18422,0.99625,0,0,58698
291.670000,445.338537,-2.50223,2.31914,0.79339,0.03611,0.18080,0.99723,0,0,58699
291.675000,445.338537,-2.19708,2.38017,0.54927,0.03270,0.17861,0.99625,0,0,58700
291.680000,445.368545,-1.46472,2.25811,0.30515,0.02904,0.17836,0.99650,0,0,58701
291.685000,445.368545,-0.67133,1.70884,0.24412,0.02904,0.17983,0.99674,0,0,58702
291.690000,445.368545,-0.12206,1.40369,0.18309,0.02855,0.18398,0.99601,0,0,58703
291.695000,445.383449,0.30515,1.34266,0.00000,0.02708,0.18886,0.99674,0,0,58704
291.700000,445.383449,0.54927,1.28163,0.00000,0.02562,0.19300,0.99747,0,0,58705
291.705000,445.383449,0.54927,0.97648,-0.06103,0.02464,0.19374,0.99698,0,0,58706
291.710000,445.398432,0.48824,0.42721,-0.24412,0.02294,0.19398,0.99479,0,0,58707
291.715000,445.398432,0.67133,-0.12206,-0.30515,0.02367,0.19422,0.99186,0,0,58708
291.720000,445.398432,1.09854,-0.12206,-0.30515,0.02440,0.19276,0.98844,0,0,58709
291.725000,445.443505,1.52575,0.00000,-0.36618,0.02733,0.18739,0.98552,0,0,58710
291.730000,445.443505,1.70884,0.18309,-0.30515,0.03270,0.18276,0.98430,0,0,58711
291.735000,445.443505,1.34266,0.42721,-0.48824,0.03465,0.18154,0.98234,0,0,58712
291.740000,445.458688,-0.12206,0.85442,-0.85442,0.03489,0.18349,0.98112,0,0,58713
291.745000,445.458688,-1.89193,1.22060,-0.97648,0.03904,0.18642,0.97673,0,0,58714
291.750000,445.458688,-3.78386,1.40369,-1.09854,0.04148,0.19398,0.97234,0,0,58715
291.755000,445.488763,-4.88240,1.64781,-1.40369,0.03953,0.20374,0.96966,0,0,58716
291.760000,445.488763,-5.37064,2.07502,-1.52575,0.03855,0.21374,0.96941,0,0,58717
291.765000,445.488763,-5.24858,2.31914,-1.34266,0.04197,0.22228,0.97307,0,0,58718
291.770000,445.490086,-4.88240,2.13605,-0.91545,0.04709,0.22985,0.97527,0,0,58719
291.775000,445.490086,-4.63828,1.76987,-0.54927,0.05222,0.23546,0.97234,0,0,58720
291.780000,445.490086,-4.33313,1.46472,-0.12206,0.05661,0.23863,0.96673,0,0,58721
291.785000,445.491341,-4.08901,1.52575,0.79339,0.06027,0.23936,0.95965,0,0,58722
291.790000,445.491341,-3.66180,1.64781,1.34266,0.06051,0.23961,0.95111,0,0,58723
291.795000,445.491341,-2.86841,1.64781,1.70884,0.05661,0.23766,0.94257,0,0,58724
291.800000,445.492440,-2.01399,1.89193,1.95296,0.05612,0.23326,0.93476,0,0,58725
291.805000,445.492440,-1.52575,2.50223,1.89193,0.06124,0.22887,0.93086,0,0,58726
291.810000,445.492440,-1.09854,3.05150,1.22060,0.06832,0.23058,0.92891,0,0,58727
291.815000,445.493598,-1.58678,3.35665,0.91545,0.07125,0.23814,0.92647,0,0,58728
291.820000,445.493598,-2.62429,3.53974,0.85442,0.07393,0.24717,0.92305,0,0,58729
291.825000,445.493598,-3.60077,3.84489,1.03751,0.07832,0.25888,0.92061,0,0,58730
291.830000,445.494836,-4.69931,4.39416,1.28163,0.07954,0.26938,0.91866,0,0,58731
291.835000,445.494836,-5.43167,4.94343,1.46472,0.07808,0.27792,0.91451,0,0,58732
291.840000,445.494836,-5.61476,5.79785,1.83090,0.07857,0.28475,0.91036,0,0,58733
291.845000,445.496408,-5.79785,6.34712,2.07502,0.08125,0.28865,0.90695,0,0,58734
291.850000,445.496408,-6.53021,6.65227,2.44120,0.08564,0.29256,0.90451,0,0,58735
291.855000,445.496408,-7.56772,7.01845,2.74635,0.08638,0.29622,0.89987,0,0,58736
291.860000,445.497655,-8.36111,7.50669,3.17356,0.08833,0.29963,0.89475,0,0,58737
291.865000,445.497655,-8.66626,8.05596,3.72283,0.09028,0.30256,0.89206,0,0,58738
291.870000,445.497655,-8.91038,8.23905,4.45519,0.09248,0.30378,0.88865,0,0,58739
291.890000,445.503742,-14.64720,10.61922,4.51622,0.10053,0.32964,0.87450,3,0,58740
291.895000,445.503742,-16.29501,10.98540,3.90592,0.10199,0.33989,0.86474,0,0,58741
291.900000,445.503742,-17.33252,10.98540,3.66180,0.10394,0.34868,0.85400,0,0,58742
291.905000,445.517466,-17.39355,10.80231,3.78386,0.10516,0.35526,0.84424,0,0,58743
291.910000,445.517466,-16.47810,10.61922,4.08901,0.10907,0.36234,0.82740,0,0,58744
291.915000,445.517466,-14.15896,10.55819,4.51622,0.11004,0.37234,0.80666,0,0,58745
291.920000,445.532490,-12.08394,10.49716,5.06549,0.10809,0.38576,0.78861,0,0,58746
291.925000,445.532490,-9.45965,10.06995,6.22506,0.10907,0.40260,0.76470,0,0,58747
291.930000,445.532490,-6.46918,9.52068,7.56772,0.11175,0.42090,0.73883,0,0,58748
291.935000,445.563964,-3.35665,9.58171,9.15450,0.11297,0.44237,0.71272,0,0,58749
291.940000,445.563964,-0.42721,11.16849,11.65673,0.11273,0.46653,0.68906,0,0,58750
291.945000,445.563964,1.09854,13.48763,14.52514,0.11224,0.48824,0.67344,0,0,58751
291.950000,445.698694,1.76987,16.53913,18.30900,0.11004,0.50484,0.66734,0,0,58752
291.955000,445.698694,1.64781,20.26196,22.39801,0.10614,0.51045,0.67124,0,0,58753
291.960000,445.698694,0.67133,24.77818,27.89071,0.10004,0.50508,0.68564,0,0,58754
291.965000,445.699874,-0.42721,27.64659,32.04075,0.09101,0.49142,0.70540,0,0,58755
291.970000,445.699874,-0.97648,29.90470,35.88564,0.07954,0.46628,0.72883,0,0,58756
291.975000,445.699874,0.00000,31.24736,39.24229,0.06515,0.43627,0.75054,0,0,58757
291.980000,445.701172,2.07502,31.79663,41.98864,0.05222,0.40504,0.77153,0,0,58758
291.985000,445.701172,5.30961,31.73560,44.49087,0.03611,0.37308,0.79227,0,0,58759
291.990000,445.701172,7.62875,31.49148,45.83353,0.01635,0.35014,0.80471,0,0,58760
291.995000,445.702594,9.45965,31.36942,46.50486,-0.00122,0.33062,0.81276,0,0,58761
292.000000,445.702594,10.74128,31.79663,46.56589,-0.01879,0.31256,0.82277,0,0,58762
292.005000,445.702594,11.47364,32.95620,46.44383,-0.03636,0.29597,0.83546,0,0,58763
292.010000,445.712717,11.59570,33.81062,46.50486,-0.05173,0.27816,0.85010,0,0,58764
292.015000,445.712717,11.47364,34.48195,46.87104,-0.06320,0.25791,0.86815,0,0,58765
292.020000,445.712717,11.59570,34.97019,47.29825,-0.07149,0.23351,0.89084,0,0,58766
292.025000,445.713915,12.14497,35.39740,47.29825,-0.08320,0.20862,0.91573,0,0,58767
292.030000,445.713915,13.12145,35.76358,46.99310,-0.09784,0.18788,0.94330,0,0,58768
292.035000,445.713915,15.07441,35.39740,46.19971,-0.10809,0.16787,0.97014,0,0,58769
292.040000,445.714913,16.72222,34.35989,45.22323,-0.11492,0.15226,0.98966,0,0,58770
292.045000,445.714913,17.21046,33.13929,44.06366,-0.12566,0.14030,1.00992,0,0,58771
292.050000,445.714913,16.84428,32.59002,43.02615,-0.13737,0.13103,1.02602,0,0,58772
292.055000,445.716237,15.80677,32.22384,41.62246,-0.14884,0.12395,1.04286,0,0,58773
292.060000,445.716237,14.40308,31.79663,39.60847,-0.15836,0.11517,1.06116,0,0,58774
292.065000,445.716237,13.36557,31.24736,37.71654,-0.16592,0.10760,1.08019,0,0,58775
292.100000,445.717553,9.39862,22.64213,28.19586,-0.19203,0.07222,1.16730,6,0,58776
292.105000,445.717553,9.58171,20.81123,27.34144,-0.19227,0.06271,1.16876,0,0,58777
292.110000,445.717553,9.88686,19.16342,26.42599,-0.19252,0.05100,1.16534,0,0,58778
292.115000,445.727489,9.88686,17.39355,25.14436,-0.19032,0.03782,1.15754,0,0,58779
292.120000,445.727489,9.76480,16.47810,24.04582,-0.18593,0.02830,1.14997,0,0,58780
292.125000,445.727489,9.09347,16.11192,22.76419,-0.17763,0.02196,1.14216,0,0,58781
292.130000,445.743728,7.87287,16.11192,21.36050,-0.17226,0.02147,1.13826,0,0,58782
292.135000,445.743728,6.04197,16.17295,19.40754,-0.17275,0.02611,1.14046,0,0,58783
292.140000,445.743728,5.37064,16.41707,17.94282,-0.17544,0.03636,1.14802,0,0,58784
292.145000,445.878818,5.85888,15.62368,17.08840,-0.17739,0.05246,1.15119,0,0,58785
292.150000,445.878818,6.46918,14.28102,16.17295,-0.18105,0.06710,1.14924,0,0,58786
292.155000,445.878818,6.46918,13.12145,15.44059,-0.17983,0.08125,1.14509,0,0,58787
292.160000,445.880148,6.34712,12.57218,14.76926,-0.17275,0.09467,1.14192,0,0,58788
292.165000,445.880148,5.79785,12.69424,14.58617,-0.16812,0.10443,1.14168,0,0,58789
292.170000,445.880148,4.88240,12.99939,14.64720,-0.16665,0.11029,1.14460,0,0,58790
292.175000,445.881224,3.78386,12.93836,14.76926,-0.16568,0.11322,1.14778,0,0,58791
292.180000,445.881224,2.62429,12.45012,14.70823,-0.16421,0.11370,1.15070,0,0,58792
292.185000,445.881224,1.52575,12.32806,14.40308,-0.16446,0.11029,1.15363,0,0,58793
292.190000,445.882753,0.36618,12.32806,13.97587,-0.16446,0.10443,1.15583,0,0,58794
292.195000,445.882753,-0.67133,12.08394,13.30454,-0.16177,0.09809,1.15656,0,0,58795
292.200000,445.882753,-1.52575,11.53467,12.51115,-0.15860,0.09248,1.15558,0,0,58796
292.205000,445.883775,-2.13605,10.92437,11.71776,-0.15616,0.08955,1.15363,0,0,58797
292.210000,445.883775,-2.38017,10.43613,10.74128,-0.15616,0.08613,1.15095,0,0,58798
292.215000,445.883775,-2.19708,10.31407,10.13098,-0.15567,0.08394,1.15192,0,0,58799
292.220000,445.885038,-1.46472,9.58171,9.52068,-0.15396,0.08174,1.15363,0,0,58800
292.225000,445.885038,-0.61030,8.54420,8.78832,-0.15372,0.08150,1.15510,0,0,58801
292.230000,445.885038,0.06103,7.26257,8.23905,-0.15494,0.08442,1.15680,0,0,58802
292.235000,445.886180,1.64781,5.67579,7.75081,-0.15299,0.08662,1.15680,0,0,58803
292.240000,445.886180,2.80738,4.33313,7.32360,-0.14640,0.08686,1.15095,0,0,58804
292.245000,445.886180,2.86841,3.53974,6.77433,-0.14567,0.08613,1.14826,0,0,58805
292.250000,445.887815,2.25811,2.92944,6.10300,-0.14250,0.08442,1.14363,0,0,58806
292.255000,445.887815,0.85442,2.38017,4.69931,-0.13908,0.08418,1.13972,0,0,58807
292.260000,445.887815,-0.18309,2.07502,3.35665,-0.13713,0.08735,1.13558,0,0,58808
292.275000,445.893807,-7.20154,0.67133,-1.95296,-0.12712,0.11151,1.11044,0,0,58809
292.280000,445.893807,-8.60523,0.24412,-2.92944,-0.12688,0.11907,1.10020,0,0,58810
292.285000,445.893807,-9.52068,-0.12206,-3.60077,-0.12200,0.12834,1.08702,0,0,58811
292.290000,445.907479,-9.82583,-0.54927,-3.96695,-0.11907,0.14152,1.07311,0,0,58812
292.295000,445.907479,-9.70377,-0.61030,-3.90592,-0.11980,0.15177,1.06213,0,0,58813
292.300000,445.907479,-8.84935,-0.73236,-3.78386,-0.11907,0.15738,1.05310,0,0,58814
292.305000,446.043698,-7.93390,-1.22060,-3.78386,-0.11736,0.16055,1.04481,0,0,58815
292.310000,446.043698,-6.95742,-1.70884,-3.72283,-0.11248,0.16055,1.03822,0,0,58816
292.315000,446.043698,-5.91991,-2.19708,-3.47871,-0.10687,0.16031,1.03188,0,0,58817
292.320000,446.045378,-5.00446,-2.50223,-3.17356,-0.10272,0.15909,1.02431,0,0,58818
292.325000,446.045378,-4.76034,-2.80738,-3.23459,-0.09882,0.15787,1.01675,0,0,58819
292.330000,446.045378,-4.57725,-3.23459,-3.53974,-0.09321,0.15811,1.00894,0,0,58820
292.335000,446.046231,-4.45519,-3.66180,-3.72283,-0.09028,0.16153,1.00138,0,0,58821
292.340000,446.046231,-5.24858,-3.60077,-3.66180,-0.09004,0.16812,0.99015,0,0,58822
292.345000,446.046231,-6.34712,-3.05150,-3.78386,-0.09052,0.17031,0.97917,0,0,58823
292.350000,446.047324,-6.77433,-2.44120,-4.02798,-0.08857,0.17104,0.96966,0,0,58824
292.355000,446.047324,-6.40815,-2.44120,-3.72283,-0.08564,0.17422,0.96526,0,0,58825
292.360000,446.047324,-5.85888,-2.38017,-3.41768,-0.08589,0.17690,0.96307,0,0,58826
292.365000,446.048668,-5.67579,-2.01399,-3.23459,-0.08857,0.17958,0.95892,0,0,58827
292.370000,446.048668,-5.73682,-1.70884,-3.23459,-0.08638,0.17812,0.95697,0,0,58828
292.375000,446.048668,-4.57725,-1.70884,-3.05150,-0.07954,0.17544,0.95258,0,0,58829
292.380000,446.050118,-3.29562,-1.76987,-2.56326,-0.07881,0.17666,0.95014,0,0,58830
292.385000,446.050118,-2.07502,-1.83090,-1.89193,-0.08174,0.17885,0.94965,0,0,58831
292.390000,446.050118,-1.15957,-1.89193,-1.64781,-0.08198,0.17885,0.94892,0,0,58832
292.395000,446.051116,-0.91545,-1.89193,-1.95296,-0.07857,0.17690,0.94916,0,0,58833
292.400000,446.051116,-1.46472,-1.58678,-2.38017,-0.08174,0.17910,0.94843,0,0,58834
292.405000,446.051116,-2.74635,-0.91545,-2.68532,-0.08662,0.18349,0.95306,0,0,58835
292.410000,446.052429,-3.35665,-0.67133,-2.92944,-0.08369,0.18666,0.95331,0,0,58836
292.415000,446.052429,-3.90592,-0.73236,-3.11253,-0.08052,0.19032,0.95599,0,0,58837
292.420000,446.052429,-4.08901,-0.97648,-2.86841,-0.08028,0.19276,0.95746,0,0,58838
292.440000,446.058636,-4.51622,0.12206,-2.25811,-0.08442,0.18642,0.96160,3,0,58839
292.445000,446.058636,-3.90592,0.18309,-2.25811,-0.08662,0.18568,0.96575,0,0,58840
292.450000,446.058636,-2.68532,-0.12206,-1.83090,-0.09101,0.18666,0.97014,0,0,58841
292.455000,446.072829,-1.34266,-0.18309,-1.76987,-0.09248,0.18886,0.97478,0,0,58842
292.460000,446.072829,-0.30515,-0.61030,-2.07502,-0.09370,0.19056,0.97795,0,0,58843
292.465000,446.072829,0.00000,-0.97648,-1.83090,-0.09516,0.19130,0.97868,0,0,58844
292.470000,446.208971,0.00000,-1.03751,-1.40369,-0.09516,0.19008,0.97795,0,0,58845
292.475000,446.208971,-0.42721,-0.97648,-0.79339,-0.09418,0.18642,0.97698,0,0,58846
292.480000,446.208971,-0.97648,-0.85442,-0.54927,-0.09321,0.18300,0.97429,0,0,58847
292.485000,446.209948,-1.76987,-0.67133,-0.61030,-0.09345,0.18032,0.97234,0,0,58848
292.490000,446.209948,-2.44120,-0.67133,-1.15957,-0.09345,0.17739,0.96917,0,0,58849
292.495000,446.209948,-2.92944,-0.67133,-2.19708,-0.09272,0.17788,0.96600,0,0,58850
292.500000,446.211339,-3.29562,-0.67133,-3.17356,-0.09223,0.18178,0.96014,0,0,58851
292.505000,446.211339,-3.11253,-0.85442,-3.90592,-0.08979,0.18690,0.95453,0,0,58852
292.510000,446.211339,-2.50223,-1.03751,-3.90592,-0.08540,0.19276,0.94843,0,0,58853
292.515000,446.212430,-1.64781,-1.03751,-3.47871,-0.08467,0.19813,0.94257,0,0,58854
292.520000,446.212430,-0.42721,-0.67133,-3.11253,-0.08735,0.19984,0.94111,0,0,58855
292.525000,446.212430,0.85442,0.06103,-2.92944,-0.08955,0.20008,0.94599,0,0,58856
292.530000,446.213724,1.76987,0.61030,-2.80738,-0.08906,0.19935,0.95380,0,0,58857
292.535000,446.213724,1.70884,0.42721,-2.80738,-0.08711,0.19910,0.96209,0,0,58858
292.540000,446.213724,1.40369,0.61030,-2.74635,-0.08638,0.20130,0.97063,0,0,58859
292.545000,446.215018,0.48824,1.22060,-2.50223,-0.08760,0.20472,0.97771,0,0,58860
292.550000,446.215018,-0.61030,1.46472,-1.83090,-0.08760,0.20838,0.98600,0,0,58861
292.555000,446.215018,-1.58678,1.28163,-1.46472,-0.08686,0.21252,0.98674,0,0,58862
292.560000,446.216503,-2.19708,1.15957,-1.15957,-0.08540,0.21521,0.98283,0,0,58863
292.565000,446.216503,-2.68532,1.34266,-0.42721,-0.08345,0.21277,0.98039,0,0,58864
292.570000,446.216503,-2.62429,1.83090,0.85442,-0.08174,0.20667,0.97893,0,0,58865
292.575000,446.217431,-2.31914,1.95296,1.70884,-0.08028,0.19862,0.97820,0,0,58866
292.580000,446.217431,-1.03751,1.83090,2.74635,-0.07979,0.18861,0.98112,0,0,58867
292.585000,446.217431,0.24412,1.76987,3.05150,-0.08272,0.18080,0.98893,0,0,58868
292.605000,446.223932,2.68532,0.73236,1.58678,-0.09540,0.17348,1.01260,3,0,58869
292.610000,446.223932,2.25811,0.36618,1.09854,-0.10907,0.17739,1.01626,0,0,58870
292.615000,446.223932,2.13605,0.18309,0.48824,-0.10565,0.17422,1.01602,0,0,58871
292.620000,446.237509,1.95296,0.18309,0.06103,-0.09516,0.17129,1.01821,0,0,58872
292.625000,446.237509,1.58678,-0.18309,0.24412,-0.10028,0.17324,1.02431,0,0,58873
292.630000,446.237509,1.64781,-1.03751,0.54927,-0.10516,0.17373,1.02334,0,0,58874
292.635000,446.373841,1.89193,-1.46472,0.12206,-0.10370,0.17300,1.01675,0,0,58875
292.640000,446.373841,1.95296,-1.70884,0.06103,-0.10516,0.17080,1.01114,0,0,58876
292.645000,446.373841,2.01399,-1.64781,-0.06103,-0.10272,0.16763,1.00748,0,0,58877
292.650000,446.377500,2.62429,-1.83090,-0.12206,-0.09955,0.16446,1.00357,0,0,58878
292.655000,446.377500,2.99047,-2.25811,-0.42721,-0.09614,0.16080,0.99747,0,0,58879
292.660000,446.377500,2.86841,-2.56326,-0.85442,-0.09638,0.15933,0.99015,0,0,58880
292.665000,446.378755,2.25811,-2.68532,-1.40369,-0.09418,0.15958,0.98722,0,0,58881
292.670000,446.378755,1.95296,-2.44120,-2.01399,-0.08808,0.15836,0.98430,0,0,58882
292.675000,446.378755,1.83090,-2.07502,-2.74635,-0.08442,0.15933,0.98283,0,0,58883
292.680000,446.380341,1.76987,-1.95296,-3.41768,-0.08784,0.16372,0.98430,0,0,58884
292.685000,446.380341,1.70884,-2.01399,-4.08901,-0.09101,0.16958,0.98722,0,0,58885
292.690000,446.380341,1.58678,-2.13605,-4.88240,-0.08882,0.17641,0.99015,0,0,58886
292.695000,446.381207,1.09854,-2.01399,-5.61476,-0.08735,0.18324,0.99088,0,0,58887
292.700000,446.381207,0.42721,-2.01399,-6.10300,-0.08882,0.18861,0.98747,0,0,58888
292.705000,446.381207,-0.18309,-2.19708,-5.98094,-0.08979,0.19666,0.98332,0,0,58889
292.710000,446.382692,-0.30515,-2.56326,-5.55373,-0.08296,0.20106,0.97527,0,0,58890
292.715000,446.382692,-0.24412,-2.74635,-5.12652,-0.07857,0.20813,0.96746,0,0,58891
292.720000,446.382692,0.00000,-2.50223,-4.57725,-0.08272,0.21643,0.96600,0,0,58892
292.725000,446.388924,0.73236,-2.19708,-4.02798,-0.08174,0.22302,0.96429,0,0,58893
292.730000,446.388924,1.40369,-1.89193,-3.29562,-0.07808,0.22765,0.96526,0,0,58894
292.735000,446.388924,1.40369,-1.64781,-2.62429,-0.07808,0.23009,0.97039,0,0,58895
292.740000,446.390196,1.15957,-1.34266,-1.89193,-0.07930,0.22863,0.97502,0,0,58896
292.745000,446.390196,0.73236,-1.28163,-1.03751,-0.07686,0.22326,0.97917,0,0,58897
292.750000,446.390196,0.24412,-1.03751,-0.61030,-0.07637,0.21838,0.98381,0,0,58898
292.770000,446.391188,-0.91545,-0.61030,-0.48824,-0.08320,0.20886,0.98039,3,0,58899
292.775000,446.391188,-0.85442,-0.48824,-0.91545,-0.08272,0.20520,0.97429,0,0,58900
292.780000,446.391188,-0.54927,-0.30515,-1.28163,-0.08101,0.20423,0.97088,0,0,58901
292.785000,446.402814,-0.18309,0.18309,-1.58678,-0.08296,0.20252,0.97356,0,0,58902
292.790000,446.402814,0.12206,0.48824,-1.89193,-0.08613,0.19959,0.97673,0,0,58903
292.795000,446.402814,0.00000,0.42721,-2.19708,-0.08613,0.19862,0.97795,0,0,58904
292.800000,446.418919,-0.36618,0.12206,-2.56326,-0.08613,0.19740,0.97624,0,0,58905
292.805000,446.418919,-0.85442,-0.18309,-2.86841,-0.08516,0.19544,0.97576,0,0,58906
292.810000,446.418919,-0.91545,-0.18309,-2.92944,-0.08223,0.19471,0.97527,0,0,58907
292.815000,446.538819,-0.67133,0.00000,-2.68532,-0.08028,0.19691,0.97478,0,0,58908
292.820000,446.538819,-0.18309,0.06103,-2.31914,-0.08125,0.19910,0.97429,0,0,58909
292.825000,446.538819,0.18309,-0.18309,-1.95296,-0.08491,0.20081,0.97624,0,0,58910
292.830000,446.568775,0.85442,-0.61030,-1.58678,-0.08662,0.20154,0.97673,0,0,58911
292.835000,446.568775,1.28163,-1.09854,-1.40369,-0.08540,0.20325,0.97478,0,0,58912
292.840000,446.568775,1.64781,-1.28163,-1.40369,-0.08540,0.20374,0.97136,0,0,58913
292.845000,446.569931,1.89193,-1.34266,-1.15957,-0.08125,0.20350,0.96819,0,0,58914
292.850000,446.569931,1.58678,-1.15957,-1.03751,-0.07906,0.20447,0.96575,0,0,58915
292.855000,446.569931,0.91545,-0.85442,-1.22060,-0.08052,0.20618,0.96648,0,0,58916
292.860000,446.571172,0.18309,-0.54927,-1.70884,-0.08101,0.20886,0.96673,0,0,58917
292.865000,446.571172,-0.54927,-0.30515,-2.19708,-0.08076,0.21228,0.96844,0,0,58918
292.870000,446.571172,-1.40369,0.30515,-2.38017,-0.08125,0.21618,0.97258,0,0,58919
292.875000,446.572785,-1.76987,0.67133,-2.19708,-0.08125,0.22106,0.97771,0,0,58920
292.880000,446.572785,-2.07502,1.03751,-1.52575,-0.08223,0.22668,0.98381,0,0,58921
292.885000,446.572785,-2.01399,1.34266,-0.85442,-0.08345,0.22912,0.99088,0,0,58922
292.890000,446.573775,-1.64781,1.58678,-0.24412,-0.08369,0.22814,0.99796,0,0,58923
292.895000,446.573775,-1.15957,1.46472,0.24412,-0.08589,0.22716,1.00089,0,0,58924
292.900000,446.573775,-0.48824,1.03751,0.67133,-0.08784,0.22277,1.00089,0,0,58925
292.905000,446.574973,0.00000,0.79339,1.15957,-0.08808,0.21472,1.00064,0,0,58926
292.910000,446.574973,0.54927,0.42721,1.40369,-0.08930,0.20691,0.99894,0,0,58927
292.915000,446.574973,0.85442,0.00000,1.34266,-0.09028,0.19910,0.99601,0,0,58928
292.920000,446.576571,0.97648,-0.36618,1.22060,-0.09028,0.19056,0.99332,0,0,58929
292.925000,446.576571,1.09854,-0.67133,0.91545,-0.09028,0.18398,0.99259,0,0,58930
292.930000,446.576571,1.34266,-0.73236,0.48824,-0.09101,0.18129,0.99357,0,0,58931
292.935000,446.577460,1.34266,-0.67133,0.00000,-0.09028,0.17812,0.99479,0,0,58932
292.940000,446.577460,1.22060,-0.73236,-0.36618,-0.09028,0.17836,0.99528,0,0,58933
292.945000,446.577460,0.85442,-0.97648,-0.54927,-0.08882,0.18056,0.99601,0,0,58934
292.965000,446.583800,-2.25811,-0.85442,-2.25811,-0.08101,0.20106,0.98088,3,0,58935
292.970000,446.583800,-2.01399,-1.09854,-1.95296,-0.08101,0.20667,0.97698,0,0,58936
292.975000,446.583800,-1.34266,-1.15957,-1.70884,-0.08198,0.21326,0.97136,0,0,58937
292.975000,446.597513,-0.54927,-1.28163,-1.52575,-0.08174,0.21716,0.96722,0,0,58938
292.980000,446.597513,0.73236,-1.22060,-1.03751,-0.07954,0.21692,0.96453,0,0,58939
292.985000,446.597513,1.89193,-1.15957,-0.30515,-0.07369,0.21374,0.96136,0,0,58940
292.990000,446.612752,2.31914,-0.91545,0.36618,-0.07125,0.20984,0.96014,0,0,58941
292.995000,446.612752,2.38017,-0.73236,0.97648,-0.07442,0.20618,0.95819,0,0,58942
293.000000,446.612752,2.13605,-0.48824,1.09854,-0.07515,0.20496,0.95794,0,0,58943
293.005000,446.658742,1.58678,-0.24412,0.97648,-0.07491,0.20374,0.95916,0,0,58944
293.010000,446.658742,0.91545,0.24412,0.73236,-0.07759,0.20496,0.96307,0,0,58945
293.015000,446.658742,0.24412,0.61030,0.54927,-0.07710,0.20813,0.97063,0,0,58946
293.020000,446.673682,-0.42721,0.91545,0.36618,-0.07784,0.21082,0.97551,0,0,58947
293.025000,446.673682,-1.03751,1.09854,0.36618,-0.07613,0.21179,0.97966,0,0,58948
293.030000,446.673682,-1.03751,1.15957,0.42721,-0.07613,0.21179,0.98356,0,0,58949
293.035000,446.718906,-0.85442,1.09854,0.54927,-0.08003,0.21008,0.99015,0,0,58950
293.040000,446.718906,-0.30515,0.67133,0.61030,-0.08638,0.20716,0.99430,0,0,58951
293.045000,446.718906,0.18309,0.24412,0.61030,-0.08272,0.20032,0.99454,0,0,58952
293.050000,446.793856,0.00000,0.00000,0.61030,-0.07564,0.19349,0.99332,0,0,58953
293.055000,446.793856,-0.36618,-0.12206,0.85442,-0.07930,0.18861,0.99552,0,0,58954
293.060000,446.793856,-0.61030,-0.12206,0.91545,-0.08589,0.18446,0.99723,0,0,58955
293.065000,446.795043,-0.48824,-0.12206,0.67133,-0.08638,0.17836,0.99820,0,0,58956
293.070000,446.795043,-0.18309,-0.36618,0.06103,-0.08491,0.17300,0.99869,0,0,58957
293.075000,446.795043,0.12206,-0.61030,-0.30515,-0.08686,0.17104,0.99820,0,0,58958
293.080000,446.796355,0.18309,-0.79339,-0.42721,-0.09101,0.17226,0.99576,0,0,58959
293.085000,446.796355,0.12206,-1.03751,-0.73236,-0.09052,0.17104,0.99210,0,0,58960
293.090000,446.796355,0.00000,-1.22060,-1.28163,-0.08760,0.16909,0.98918,0,0,58961
293.095000,446.797602,-0.12206,-1.52575,-1.76987,-0.08833,0.16836,0.98527,0,0,58962
293.100000,446.797602,0.12206,-1.58678,-2.13605,-0.08613,0.17129,0.98356,0,0,58963
293.105000,446.797602,0.73236,-1.46472,-2.44120,-0.08516,0.17763,0.98454,0,0,58964
293.110000,446.798928,1.34266,-1.46472,-2.92944,-0.08662,0.18446,0.98503,0,0,58965
293.115000,446.798928,1.64781,-1.70884,-3.17356,-0.08564,0.19325,0.98308,0,0,58966
293.120000,446.798928,1.46472,-2.25811,-3.17356,-0.08516,0.20106,0.97722,0,0,58967
293.125000,446.799927,0.85442,-2.07502,-2.68532,-0.07954,0.20472,0.97014,0,0,58968
293.130000,446.799927,0.06103,-1.52575,-1.83090,-0.07564,0.20789,0.96648,0,0,58969
293.135000,446.799927,-0.79339,-1.34266,-1.40369,-0.07662,0.21228,0.96282,0,0,58970
293.140000,446.801266,-1.34266,-0.91545,-1.22060,-0.07857,0.21594,0.95916,0,0,58971
293.145000,446.801266,-1.64781,-0.18309,-1.03751,-0.07832,0.22155,0.95697,0,0,58972
293.150000,446.801266,-1.58678,0.42721,-0.42721,-0.07735,0.22521,0.96063,0,0,58973
293.155000,446.802857,-1.28163,0.85442,0.42721,-0.07954,0.22326,0.96795,0,0,58974
293.160000,446.802857,-0.61030,0.97648,1.28163,-0.08028,0.21789,0.97405,0,0,58975
293.165000,446.802857,0.36618,0.73236,1.89193,-0.08052,0.21301,0.97868,0,0,58976
293.185000,446.808830,2.13605,-0.18309,1.58678,-0.08296,0.19203,0.99088,3,0,58977
293.190000,446.808830,1.89193,-0.24412,0.97648,-0.08540,0.18886,0.99186,0,0,58978
293.195000,446.808830,1.40369,-0.30515,0.24412,-0.08491,0.18690,0.99235,0,0,58979
293.200000,446.822807,0.97648,-0.30515,-0.24412,-0.08369,0.18520,0.99186,0,0,58980
293.205000,446.822807,0.42721,-0.24412,-0.36618,-0.08223,0.18349,0.99308,0,0,58981
293.210000,446.822807,-0.24412,-0.12206,-0.54927,-0.08272,0.18422,0.99454,0,0,58982
293.215000,446.837461,-0.79339,-0.24412,-0.97648,-0.08491,0.18642,0.99406,0,0,58983
293.220000,446.837461,-1.40369,-0.18309,-1.28163,-0.08516,0.18934,0.99308,0,0,58984
293.225000,446.837461,-1.76987,-0.42721,-1.46472,-0.08272,0.19008,0.99284,0,0,58985
293.230000,446.852837,-1.95296,-0.48824,-1.76987,-0.08198,0.19203,0.98966,0,0,58986
293.235000,446.852837,-1.76987,-0.42721,-1.89193,-0.08760,0.19642,0.98503,0,0,58987
293.240000,446.852837,-1.83090,-0.30515,-1.64781,-0.08857,0.19910,0.98283,0,0,58988
293.245000,446.958945,-1.64781,-0.42721,-1.34266,-0.08125,0.20032,0.97917,0,0,58989
293.250000,446.958945,-1.40369,-0.48824,-0.97648,-0.07344,0.20398,0.97551,0,0,58990
293.255000,446.958945,-0.97648,-0.36618,-0.54927,-0.07442,0.20569,0.97380,0,0,58991
293.260000,447.005012,-0.24412,-0.06103,0.00000,-0.08223,0.20838,0.97234,0,0,58992
293.265000,447.005012,0.30515,0.24412,0.48824,-0.08418,0.20911,0.97380,0,0,58993
293.270000,447.005012,0.73236,0.06103,0.79339,-0.08174,0.20691,0.97258,0,0,58994
293.275000,447.006612,1.15957,-0.18309,0.85442,-0.07930,0.20472,0.97185,0,0,58995
293.280000,447.006612,1.58678,-0.18309,0.85442,-0.07832,0.20374,0.97234,0,0,58996
293.285000,447.006612,1.89193,-0.12206,0.79339,-0.07979,0.20154,0.97502,0,0,58997
293.290000,447.007440,2.07502,-0.12206,0.67133,-0.08150,0.20032,0.97746,0,0,58998
293.295000,447.007440,1.76987,-0.36618,0.48824,-0.08125,0.19788,0.98039,0,0,58999
293.300000,447.007440,1.09854,-0.42721,0.12206,-0.07979,0.19666,0.98186,0,0,59000
293.305000,447.008944,0.00000,-0.36618,-0.30515,-0.07881,0.19642,0.98234,0,0,59001
293.310000,447.008944,-0.67133,-0.30515,-0.73236,-0.07881,0.19544,0.98234,0,0,59002
293.315000,447.008944,-1.09854,-0.24412,-1.03751,-0.07832,0.19715,0.98137,0,0,59003
293.320000,447.010177,-1.28163,-0.30515,-1.28163,-0.07832,0.20081,0.98112,0,0,59004
293.325000,447.010177,-1.64781,-0.18309,-1.34266,-0.07808,0.20423,0.97942,0,0,59005
293.330000,447.010177,-1.70884,-0.06103,-1.22060,-0.07832,0.20642,0.97844,0,0,59006
293.335000,447.011204,-1.76987,-0.06103,-1.09854,-0.07857,0.20862,0.97917,0,0,59007
293.340000,447.011204,-1.46472,-0.30515,-0.61030,-0.07832,0.21008,0.97600,0,0,59008
293.345000,447.011204,-0.85442,-0.30515,-0.30515,-0.07832,0.20960,0.97307,0,0,59009
293.350000,447.012409,-0.24412,0.00000,0.00000,-0.07540,0.20618,0.97283,0,0,59010
293.355000,447.012409,0.30515,0.06103,0.54927,-0.07369,0.20057,0.97454,0,0,59011
293.360000,447.012409,0.91545,0.12206,1.15957,-0.07613,0.19666,0.97551,0,0,59012
293.365000,447.018817,1.34266,0.00000,1.64781,-0.07759,0.19374,0.97942,0,0,59013
293.370000,447.018817,1.40369,-0.18309,1.89193,-0.07686,0.18861,0.98161,0,0,59014
293.375000,447.018817,0.91545,-0.06103,1.76987,-0.07832,0.18446,0.97893,0,0,59015
293.395000,447.020243,-1.28163,0.73236,0.48824,-0.08808,0.18544,0.97698,3,0,59016
293.400000,447.020243,-1.40369,0.54927,0.06103,-0.08808,0.18812,0.97405,0,0,59017
293.405000,447.020243,-1.40369,0.42721,-0.42721,-0.08564,0.18886,0.96990,0,0,59018
293.410000,447.032710,-1.52575,0.67133,-0.79339,-0.08125,0.18861,0.96770,0,0,59019
293.415000,447.032710,-1.28163,0.61030,-0.97648,-0.07857,0.18934,0.96624,0,0,59020
293.420000,447.032710,-0.73236,0.54927,-1.15957,-0.07906,0.19154,0.96892,0,0,59021
293.425000,447.063871,-0.24412,0.24412,-0.91545,-0.08369,0.19178,0.97161,0,0,59022
293.430000,447.063871,0.30515,0.24412,-0.91545,-0.08467,0.19203,0.97161,0,0,59023
293.435000,447.063871,0.42721,0.12206,-1.15957,-0.08394,0.19154,0.97161,0,0,59024
293.440000,447.183751,0.97648,-0.18309,-1.15957,-0.08345,0.19008,0.97088,0,0,59025
293.445000,447.183751,1.83090,-0.30515,-0.73236,-0.08442,0.18983,0.97307,0,0,59026
293.450000,447.183751,2.38017,-0.30515,-0.36618,-0.08564,0.18666,0.97429,0,0,59027
293.455000,447.184860,3.11253,-0.61030,-0.30515,-0.08613,0.18593,0.97527,0,0,59028
293.460000,447.184860,3.47871,-0.67133,-0.48824,-0.08638,0.18764,0.97795,0,0,59029
293.465000,447.184860,3.78386,-0.79339,-0.61030,-0.08564,0.19008,0.97942,0,0,59030
293.470000,447.186153,3.47871,-0.67133,-0.61030,-0.08467,0.19471,0.97746,0,0,59031
293.475000,447.186153,2.50223,-0.24412,-0.42721,-0.08491,0.19886,0.97795,0,0,59032
293.480000,447.186153,1.28163,0.24412,-0.30515,-0.08418,0.20081,0.97893,0,0,59033
293.485000,447.187397,0.06103,0.61030,-0.24412,-0.08272,0.20008,0.98088,0,0,59034
293.490000,447.187397,-0.85442,0.85442,-0.30515,-0.08345,0.20008,0.98112,0,0,59035
293.495000,447.187397,-1.40369,1.15957,-0.18309,-0.08564,0.20057,0.98454,0,0,59036
293.500000,447.188709,-1.22060,1.03751,-0.24412,-0.08662,0.20081,0.98454,0,0,59037
293.505000,447.188709,-0.54927,0.54927,-0.48824,-0.08638,0.20252,0.98161,0,0,59038
293.510000,447.188709,0.06103,0.12206,-0.54927,-0.08516,0.20374,0.97868,0,0,59039
293.515000,447.189868,0.36618,0.06103,-0.54927,-0.08223,0.20423,0.97649,0,0,59040
293.520000,447.189868,0.48824,0.12206,-0.48824,-0.08150,0.20228,0.97551,0,0,59041
293.525000,447.189868,0.85442,0.48824,-0.67133,-0.08150,0.19862,0.97527,0,0,59042
293.530000,447.191172,0.97648,0.79339,-0.67133,-0.08320,0.19642,0.97600,0,0,59043
293.535000,447.191172,0.61030,1.15957,-0.73236,-0.08272,0.19349,0.98186,0,0,59044
293.540000,447.191172,0.24412,1.22060,-0.67133,-0.08052,0.19081,0.98625,0,0,59045
293.545000,447.192322,-0.42721,0.67133,-0.79339,-0.08028,0.19032,0.98820,0,0,59046
293.550000,447.192322,-0.73236,0.42721,-0.91545,-0.08394,0.18910,0.98698,0,0,59047
293.555000,447.192322,-0.73236,0.24412,-0.97648,-0.08491,0.18934,0.98308,0,0,59048
293.575000,447.198620,1.76987,-0.42721,-0.18309,-0.08150,0.20520,0.96331,3,0,59049
293.580000,447.198620,2.80738,-0.24412,0.54927,-0.08296,0.20935,0.95941,0,0,59050
293.585000,447.198620,3.90592,0.06103,1.09854,-0.07759,0.20691,0.95892,0,0,59051
293.590000,447.212508,4.51622,0.36618,1.34266,-0.07466,0.20447,0.96038,0,0,59052
293.595000,447.212508,4.45519,0.73236,1.58678,-0.07906,0.20520,0.96917,0,0,59053
293.600000,447.212508,4.15004,0.97648,1.89193,-0.07906,0.20496,0.97893,0,0,59054
293.605000,447.227529,3.11253,1.40369,1.76987,-0.07100,0.20252,0.99015,0,0,59055
293.610000,447.227529,0.97648,2.07502,1.52575,-0.07418,0.20081,1.00211,0,0,59056
293.615000,447.227529,-1.22060,2.50223,1.15957,-0.08052,0.19837,1.00967,0,0,59057
293.620000,447.363995,-2.80738,2.62429,0.79339,-0.08076,0.19325,1.01797,0,0,59058
293.625000,447.363995,-3.90592,2.31914,0.18309,-0.07979,0.18861,1.02236,0,0,59059
293.630000,447.363995,-4.02798,1.83090,-0.36618,-0.08052,0.18886,1.02016,0,0,59060
293.635000,447.364901,-3.53974,1.34266,-0.79339,-0.08418,0.19178,1.01797,0,0,59061
293.640000,447.364901,-1.95296,0.79339,-0.85442,-0.08589,0.19203,1.01382,0,0,59062
293.645000,447.364901,-0.54927,0.30515,-0.61030,-0.08662,0.19105,1.00967,0,0,59063
293.650000,447.366539,0.73236,-0.24412,-0.24412,-0.08516,0.18983,1.00577,0,0,59064
293.655000,447.366539,1.76987,-0.85442,0.12206,-0.08613,0.18715,1.00284,0,0,59065
293.660000,447.366539,2.56326,-1.22060,0.24412,-0.08930,0.18471,1.00235,0,0,59066
293.665000,447.367395,3.11253,-1.34266,0.18309,-0.09077,0.18544,1.00357,0,0,59067
293.670000,447.367395,3.53974,-1.70884,-0.12206,-0.09150,0.18739,1.00357,0,0,59068
293.675000,447.367395,3.53974,-2.01399,-0.36618,-0.09077,0.18934,1.00455,0,0,59069
293.680000,447.368873,3.66180,-2.19708,-0.48824,-0.08930,0.18983,1.00479,0,0,59070
293.685000,447.368873,3.90592,-2.13605,-0.54927,-0.08857,0.19130,1.00552,0,0,59071
293.690000,447.368873,4.08901,-1.95296,-0.36618,-0.09101,0.19276,1.00870,0,0,59072
293.695000,447.369958,4.08901,-2.13605,0.24412,-0.09321,0.19178,1.00845,0,0,59073
293.700000,447.369958,4.21107,-2.25811,0.73236,-0.09296,0.19154,1.00723,0,0,59074
293.705000,447.369958,4.21107,-2.38017,1.09854,-0.08735,0.18764,1.00577,0,0,59075
293.710000,447.371095,3.96695,-2.50223,1.22060,-0.08296,0.18398,1.00260,0,0,59076
293.715000,447.371095,3.41768,-2.01399,1.40369,-0.08833,0.18471,1.00357,0,0,59077
293.720000,447.371095,3.05150,-1.15957,1.64781,-0.09370,0.18300,1.00943,0,0,59078
293.725000,447.372496,3.11253,-0.79339,1.83090,-0.09711,0.18032,1.01894,0,0,59079
293.730000,447.372496,3.53974,-0.79339,2.07502,-0.09931,0.17422,1.02944,0,0,59080
293.735000,447.372496,4.63828,-0.73236,2.31914,-0.10175,0.16519,1.04188,0,0,59081
293.755000,447.378963,11.22952,-4.15004,2.07502,-0.12737,0.13688,1.06970,3,0,59082
293.760000,447.378963,12.38909,-4.94343,1.76987,-0.12883,0.13298,1.07214,0,0,59083
293.765000,447.378963,13.24351,-5.43167,1.34266,-0.12664,0.12737,1.07384,0,0,59084
293.770000,447.392431,13.42660,-5.43167,1.40369,-0.12932,0.12127,1.08068,0,0,59085
293.775000,447.392431,13.36557,-5.37064,1.83090,-0.13444,0.11273,1.09361,0,0,59086
293.780000,447.392431,13.30454,-5.49270,2.07502,-0.13859,0.10297,1.10532,0,0,59087
293.785000,447.407472,12.81630,-5.79785,2.07502,-0.13957,0.09052,1.12094,0,0,59088
293.790000,447.407472,11.90085,-6.22506,1.83090,-0.13957,0.07491,1.13680,0,0,59089
293.795000,447.407472,10.25304,-6.77433,0.97648,-0.14567,0.06027,1.15046,0,0,59090
293.800000,447.453827,8.60523,-7.14051,-0.18309,-0.15372,0.04856,1.16168,0,0,59091
293.805000,447.453827,6.83536,-7.75081,-1.34266,-0.15665,0.03636,1.16803,0,0,59092
293.810000,447.453827,5.00446,-8.54420,-2.68532,-0.15640,0.02538,1.17291,0,0,59093
293.815000,447.498779,3.53974,-9.09347,-3.96695,-0.15836,0.01610,1.17754,0,0,59094
293.820000,447.498779,2.25811,-9.82583,-5.49270,-0.16519,0.00976,1.18194,0,0,59095
293.825000,447.498779,2.13605,-10.74128,-6.77433,-0.17275,0.00683,1.18560,0,0,59096
293.830000,447.543852,2.74635,-12.14497,-8.42214,-0.17788,0.00464,1.18730,0,0,59097
293.835000,447.543852,3.41768,-13.24351,-10.25304,-0.17641,0.00122,1.18633,0,0,59098
293.840000,447.543852,4.45519,-14.52514,-11.90085,-0.17251,0.00073,1.18486,0,0,59099
293.845000,447.605190,5.43167,-15.92883,-13.67072,-0.17007,0.00195,1.18584,0,0,59100
293.850000,447.605190,5.85888,-16.96634,-15.25750,-0.16714,0.00464,1.18633,0,0,59101
293.855000,447.605190,5.73682,-18.49209,-16.78325,-0.16446,0.01049,1.18438,0,0,59102
293.860000,447.606351,5.37064,-19.77372,-18.24797,-0.16080,0.01708,1.17974,0,0,59103
293.865000,447.606351,5.00446,-20.75020,-19.52960,-0.15592,0.02416,1.17584,0,0,59104
293.870000,447.606351,4.51622,-21.54359,-20.87226,-0.15348,0.03343,1.17413,0,0,59105
293.875000,447.607797,3.72283,-22.27595,-21.84874,-0.15445,0.04124,1.17169,0,0,59106
293.880000,447.607797,2.38017,-23.00831,-22.82522,-0.15323,0.04807,1.16656,0,0,59107
293.885000,447.607797,0.73236,-23.67964,-23.92376,-0.14957,0.05466,1.15778,0,0,59108
293.890000,447.608772,-1.22060,-23.98479,-25.02230,-0.14616,0.06076,1.14753,0,0,59109
293.895000,447.608772,-3.84489,-24.10685,-26.24290,-0.14054,0.06856,1.13728,0,0,59110
293.900000,447.608772,-5.91991,-23.92376,-27.09732,-0.13542,0.07735,1.13216,0,0,59111
293.905000,447.610198,-7.32360,-23.74067,-27.82968,-0.13249,0.08882,1.12899,0,0,59112
293.910000,447.610198,-8.23905,-23.86273,-28.56204,-0.12834,0.09906,1.12435,0,0,59113
293.915000,447.610198,-8.36111,-24.28994,-29.23337,-0.12249,0.10638,1.11654,0,0,59114
293.920000,447.611350,-7.68978,-25.08333,-29.53852,-0.11810,0.11712,1.10922,0,0,59115
293.925000,447.611350,-6.65227,-25.69363,-29.35543,-0.11761,0.12615,1.10508,0,0,59116
293.930000,447.611350,-5.85888,-26.05981,-29.23337,-0.11346,0.13103,1.09873,0,0,59117
293.935000,447.612432,-5.85888,-26.24290,-29.29440,-0.10760,0.13347,1.08800,0,0,59118
293.940000,447.612432,-6.83536,-26.36496,-29.35543,-0.10297,0.13322,1.07750,0,0,59119
293.945000,447.612432,-7.75081,-26.30393,-29.41646,-0.09565,0.12859,1.07092,0,0,59120
293.950000,447.618858,-8.17802,-26.24290,-29.84367,-0.08930,0.12420,1.06530,0,0,59121
293.955000,447.618858,-8.17802,-26.30393,-30.69809,-0.09052,0.12590,1.06384,0,0,59122
293.960000,447.618858,-7.87287,-26.48702,-31.61354,-0.09443,0.13176,1.06408,0,0,59123
293.990000,447.619956,-12.57218,-28.74513,-34.54298,-0.06686,0.21594,1.04017,3,0,59124
293.995000,447.619956,-13.30454,-28.74513,-34.23783,-0.05905,0.22277,1.02919,0,0,59125
294.000000,447.619956,-13.91484,-28.37895,-33.44444,-0.05344,0.22790,1.02065,0,0,59126
294.005000,447.632778,-14.52514,-28.07380,-32.16281,-0.04734,0.22838,1.01162,0,0,59127
294.010000,447.632778,-14.76926,-28.01277,-31.73560,-0.04197,0.22765,1.00064,0,0,59128
294.015000,447.632778,-14.40308,-27.82968,-31.73560,-0.03758,0.22790,0.99064,0,0,59129
294.020000,447.678792,-13.97587,-27.52453,-31.85766,-0.03392,0.22716,0.98454,0,0,59130
294.025000,447.678792,-14.21999,-27.09732,-31.97972,-0.03196,0.22887,0.98332,0,0,59131
294.030000,447.678792,-13.30454,-27.28041,-32.28487,-0.02562,0.23400,0.97893,0,0,59132
294.035000,447.723906,-12.02291,-28.31792,-32.65105,-0.01806,0.24205,0.97283,0,0,59133
294.040000,447.723906,-10.43613,-28.92822,-33.01723,-0.01391,0.25254,0.96770,0,0,59134
294.045000,447.723906,-9.27656,-29.41646,-33.26135,-0.01025,0.26279,0.96234,0,0,59135
294.050000,447.768875,-8.66626,-29.84367,-33.56650,-0.00342,0.27572,0.95355,0,0,59136
294.055000,447.768875,-8.48317,-30.39294,-33.68856,0.00537,0.29036,0.93867,0,0,59137
294.060000,447.768875,-8.60523,-30.88118,-33.44444,0.01098,0.30524,0.92208,0,0,59138
294.065000,447.828843,-8.91038,-31.36942,-32.65105,0.01732,0.32086,0.90036,0,0,59139
294.070000,447.828843,-9.03244,-31.49148,-31.79663,0.02440,0.33501,0.87889,0,0,59140
294.075000,447.828843,-9.03244,-31.30839,-31.00324,0.03440,0.34746,0.85229,0,0,59141
294.080000,447.829947,-8.91038,-30.82015,-30.20985,0.04416,0.35526,0.82740,0,0,59142
294.085000,447.829947,-8.91038,-29.90470,-29.29440,0.05734,0.36136,0.80422,0,0,59143
294.090000,447.829947,-9.88686,-28.25689,-28.13483,0.07247,0.36624,0.78007,0,0,59144
294.095000,447.831556,-11.53467,-26.97526,-27.52453,0.08686,0.37064,0.75982,0,0,59145
294.100000,447.831556,-13.73175,-25.38848,-27.09732,0.10126,0.37820,0.73908,0,0,59146
294.105000,447.831556,-15.92883,-23.43552,-26.60908,0.11419,0.38796,0.72151,0,0,59147
294.110000,447.832463,-17.88179,-21.17741,-25.81569,0.11956,0.39845,0.71102,0,0,59148
294.115000,447.832463,-18.98033,-18.18694,-24.41200,0.12102,0.41114,0.70492,0,0,59149
294.120000,447.832463,-18.79724,-15.74574,-22.45904,0.12224,0.42261,0.70467,0,0,59150
294.125000,447.833938,-17.33252,-13.85381,-20.44505,0.12200,0.43042,0.70906,0,0,59151
294.130000,447.833938,-14.64720,-12.51115,-18.12591,0.12395,0.43359,0.71419,0,0,59152
294.135000,447.833938,-11.53467,-11.71776,-15.44059,0.12908,0.43042,0.71760,0,0,59153
294.140000,447.835073,-7.68978,-11.04643,-11.90085,0.13152,0.42334,0.72053,0,0,59154
294.145000,447.835073,-4.21107,-10.61922,-9.09347,0.13127,0.41407,0.72370,0,0,59155
294.150000,447.835073,-0.54927,-9.94789,-6.40815,0.13103,0.40114,0.72761,0,0,59156
294.155000,447.836242,3.29562,-9.15450,-3.84489,0.13249,0.38625,0.73371,0,0,59157
294.160000,447.836242,6.83536,-7.99493,-1.15957,0.13078,0.36942,0.74591,0,0,59158
294.165000,447.836242,8.84935,-6.95742,0.36618,0.12737,0.35136,0.76250,0,0,59159
294.170000,447.837394,10.19201,-6.10300,1.52575,0.12517,0.33184,0.78031,0,0,59160
294.175000,447.837394,10.74128,-5.37064,2.13605,0.12176,0.31256,0.80349,0,0,59161
294.180000,447.837394,10.61922,-4.82137,2.13605,0.11639,0.29866,0.82545,0,0,59162
294.215000,447.843646,4.69931,-4.69931,-1.40369,0.08296,0.25425,0.89084,6,0,59163
294.220000,447.843646,4.57725,-5.24858,-2.07502,0.08174,0.25132,0.88474,0,0,59164
294.225000,447.843646,4.33313,-5.73682,-2.86841,0.08320,0.24912,0.87742,0,0,59165
294.230000,447.857795,4.69931,-5.85888,-3.47871,0.08320,0.25498,0.86644,0,0,59166
294.235000,447.857795,6.22506,-5.85888,-3.66180,0.08491,0.26767,0.85498,0,0,59167
294.240000,447.857795,7.81184,-5.67579,-3.66180,0.08857,0.28084,0.84912,0,0,59168
294.245000,447.888763,8.54420,-4.76034,-3.23459,0.08930,0.29109,0.85034,0,0,59169
294.250000,447.888763,8.72729,-3.47871,-2.56326,0.08882,0.29866,0.85717,0,0,59170
294.255000,447.888763,8.42214,-2.38017,-1.95296,0.08760,0.29988,0.86742,0,0,59171
294.260000,447.948717,7.56772,-1.70884,-1.52575,0.08833,0.29573,0.87791,0,0,59172
294.265000,447.948717,6.65227,-1.34266,-0.85442,0.09101,0.28743,0.88694,0,0,59173
294.270000,447.948717,6.28609,-1.22060,-0.30515,0.09150,0.28133,0.89084,0,0,59174
294.275000,448.038845,6.40815,-1.22060,0.36618,0.09443,0.27548,0.89328,0,0,59175
294.280000,448.038845,6.95742,-1.15957,1.09854,0.09589,0.26767,0.89694,0,0,59176
294.285000,448.038845,7.75081,-0.97648,1.95296,0.09345,0.26254,0.89963,0,0,59177
294.290000,448.040565,8.11699,-0.67133,2.44120,0.09272,0.25791,0.90207,0,0,59178
294.295000,448.040565,7.75081,-0.48824,2.80738,0.09077,0.25522,0.90524,0,0,59179
294.300000,448.040565,7.07948,-0.12206,3.05150,0.08345,0.25644,0.90939,0,0,59180
294.305000,448.041764,6.22506,0.67133,3.41768,0.07784,0.25693,0.91549,0,0,59181
294.310000,448.041764,5.30961,1.40369,3.66180,0.07491,0.25596,0.92061,0,0,59182
294.315000,448.041764,3.96695,2.07502,4.02798,0.07393,0.25327,0.92744,0,0,59183
294.320000,448.044023,3.23459,2.62429,4.39416,0.07271,0.24766,0.93330,0,0,59184
294.325000,448.044023,3.11253,3.53974,5.12652,0.06759,0.23961,0.94013,0,0,59185
294.330000,448.044023,3.23459,4.08901,5.98094,0.05905,0.22936,0.94696,0,0,59186
294.335000,448.044886,4.02798,3.90592,6.34712,0.05392,0.21618,0.94989,0,0,59187
294.340000,448.044886,5.79785,3.35665,6.40815,0.06027,0.19740,0.94989,0,0,59188
294.345000,448.044886,7.32360,3.17356,6.40815,0.06149,0.18495,0.95111,0,0,59189
294.350000,448.046485,8.30008,3.23459,6.22506,0.05685,0.17251,0.95672,0,0,59190
294.355000,448.046485,9.03244,3.29562,5.73682,0.05880,0.16202,0.96038,0,0,59191
294.360000,448.046485,9.03244,3.35665,4.69931,0.06076,0.15738,0.96844,0,0,59192
294.365000,448.047414,8.48317,3.23459,3.78386,0.05856,0.15787,0.97600,0,0,59193
294.370000,448.047414,7.62875,3.17356,2.92944,0.05612,0.16275,0.98210,0,0,59194
294.375000,448.047414,6.53021,3.41768,2.07502,0.05466,0.17056,0.98869,0,0,59195
294.380000,448.053728,5.30961,3.66180,1.34266,0.05392,0.17788,0.99210,0,0,59196
294.385000,448.053728,4.02798,3.78386,0.97648,0.05563,0.18593,0.99674,0,0,59197
294.390000,448.053728,2.56326,3.66180,0.73236,0.05685,0.19300,0.99942,0,0,59198
294.425000,448.054919,1.70884,3.90592,4.15004,0.05905,0.20960,0.98844,6,0,59199
294.430000,448.054919,3.29562,3.90592,4.76034,0.05856,0.20398,0.99357,0,0,59200
294.435000,448.054919,4.88240,4.08901,5.24858,0.05563,0.19618,0.99869,0,0,59201
294.440000,448.067842,5.79785,3.90592,5.30961,0.05588,0.18349,1.00308,0,0,59202
294.445000,448.067842,5.98094,3.72283,4.51622,0.05441,0.17397,1.00772,0,0,59203
294.450000,448.067842,5.55373,3.66180,3.53974,0.05246,0.16568,1.01358,0,0,59204
294.455000,448.098829,5.06549,3.66180,2.50223,0.05514,0.16153,1.01772,0,0,59205
294.460000,448.098829,4.33313,3.84489,1.40369,0.05392,0.16226,1.02675,0,0,59206
294.465000,448.098829,3.84489,3.60077,0.61030,0.05295,0.16299,1.03554,0,0,59207
294.470000,448.143969,3.72283,3.29562,-0.12206,0.05441,0.16860,1.03993,0,0,59208
294.475000,448.143969,3.41768,2.86841,-0.67133,0.04904,0.17885,1.04627,0,0,59209
294.480000,448.143969,3.23459,2.25811,-0.97648,0.04856,0.18568,1.05091,0,0,59210
294.485000,448.233944,3.17356,1.83090,-1.15957,0.05148,0.19178,1.05286,0,0,59211
294.490000,448.233944,2.50223,1.28163,-0.91545,0.04416,0.20057,1.05408,0,0,59212
294.495000,448.233944,2.07502,0.79339,-0.42721,0.04343,0.20447,1.05262,0,0,59213
294.500000,448.235139,1.22060,0.67133,-0.06103,0.04831,0.20520,1.04774,0,0,59214
294.505000,448.235139,0.06103,0.54927,0.24412,0.04734,0.20667,1.04530,0,0,59215
294.510000,448.235139,-0.85442,0.36618,0.73236,0.04270,0.20545,1.04188,0,0,59216
294.515000,448.236415,-1.22060,0.30515,1.15957,0.04904,0.20057,1.03310,0,0,59217
294.520000,448.236415,-1.28163,0.00000,1.22060,0.05539,0.19691,1.02529,0,0,59218
294.525000,448.236415,-0.97648,-0.18309,1.40369,0.05197,0.19520,1.01846,0,0,59219
294.530000,448.237384,-0.12206,-0.36618,1.64781,0.04538,0.19422,1.01236,0,0,59220
294.535000,448.237384,0.73236,0.18309,1.89193,0.04880,0.18642,1.00967,0,0,59221
294.540000,448.237384,0.97648,0.67133,1.76987,0.05514,0.17739,1.01138,0,0,59222
294.545000,448.238866,0.67133,0.73236,1.52575,0.05197,0.17275,1.01528,0,0,59223
294.550000,448.238866,0.18309,0.73236,1.03751,0.04441,0.17129,1.02065,0,0,59224
294.555000,448.238866,-0.12206,0.91545,0.36618,0.04002,0.17056,1.02334,0,0,59225
294.560000,448.239868,-0.24412,0.79339,-0.61030,0.03880,0.17202,1.02456,0,0,59226
294.565000,448.239868,-0.42721,0.18309,-1.70884,0.03709,0.17666,1.02163,0,0,59227
294.570000,448.239868,-0.30515,-0.54927,-2.31914,0.03514,0.18373,1.01968,0,0,59228
294.575000,448.241582,0.24412,-1.09854,-2.38017,0.03270,0.19349,1.01553,0,0,59229
294.580000,448.241582,0.91545,-1.22060,-2.19708,0.03416,0.19813,1.01138,0,0,59230
294.585000,448.241582,1.52575,-1.40369,-1.95296,0.04026,0.19935,1.00845,0,0,59231
294.590000,448.242371,1.64781,-1.58678,-1.76987,0.04197,0.19910,1.00918,0,0,59232
294.595000,448.242371,1.58678,-1.70884,-1.40369,0.04026,0.19837,1.01089,0,0,59233
294.600000,448.242371,1.76987,-1.83090,-0.91545,0.03855,0.19422,1.01016,0,0,59234
294.620000,448.248770,0.48824,-2.80738,-1.76987,0.04685,0.18129,0.99869,3,0,59235
294.625000,448.248770,-0.73236,-2.86841,-2.13605,0.04294,0.18032,0.99284,0,0,59236
294.630000,448.248770,-1.95296,-2.62429,-2.44120,0.04148,0.18056,0.98600,0,0,59237
294.635000,448.262455,-2.80738,-2.31914,-2.99047,0.04685,0.18178,0.97893,0,0,59238
294.640000,448.262455,-3.47871,-1.70884,-3.90592,0.04807,0.18959,0.97210,0,0,59239
294.645000,448.262455,-3.78386,-1.58678,-4.02798,0.04587,0.19618,0.96917,0,0,59240
294.650000,448.277473,-3.35665,-1.58678,-3.96695,0.05002,0.20008,0.96356,0,0,59241
294.655000,448.277473,-2.38017,-1.52575,-3.84489,0.05441,0.20569,0.96038,0,0,59242
294.660000,448.277473,-0.61030,-1.40369,-3.11253,0.05588,0.21155,0.96258,0,0,59243
294.665000,448.338952,1.09854,-1.46472,-2.25811,0.05344,0.21399,0.96429,0,0,59244
294.670000,448.338952,2.56326,-1.64781,-1.70884,0.05368,0.21496,0.96502,0,0,59245
294.675000,448.338952,3.41768,-1.95296,-1.40369,0.05807,0.21423,0.96600,0,0,59246
294.680000,448.428747,3.35665,-2.07502,-1.22060,0.05929,0.21252,0.96722,0,0,59247
294.685000,448.428747,2.07502,-1.58678,-0.85442,0.05929,0.21033,0.96990,0,0,59248
294.690000,448.428747,0.67133,-0.73236,-0.61030,0.06076,0.21082,0.97185,0,0,59249
294.695000,448.430102,-0.91545,-0.12206,-0.79339,0.06002,0.20984,0.97405,0,0,59250
294.700000,448.430102,-2.31914,0.06103,-1.09854,0.05880,0.20740,0.97600,0,0,59251
294.705000,448.430102,-3.41768,0.12206,-1.28163,0.06027,0.20691,0.97478,0,0,59252
294.710000,448.431572,-3.84489,-0.12206,-1.46472,0.06051,0.20813,0.97136,0,0,59253
294.715000,448.431572,-3.66180,-0.36618,-1.46472,0.05929,0.21008,0.96380,0,0,59254
294.720000,448.431572,-2.62429,-0.30515,-1.22060,0.06198,0.21277,0.95770,0,0,59255
294.725000,448.432462,-1.28163,-0.24412,-0.91545,0.06588,0.21301,0.95209,0,0,59256
294.730000,448.432462,-0.18309,0.06103,-0.67133,0.06442,0.21448,0.95282,0,0,59257
294.735000,448.432462,0.91545,0.54927,0.12206,0.06076,0.21204,0.95672,0,0,59258
294.740000,448.433863,1.40369,0.73236,0.73236,0.06320,0.20716,0.95868,0,0,59259
294.745000,448.433863,1.34266,0.85442,1.15957,0.06490,0.19935,0.96087,0,0,59260
294.750000,448.433863,1.03751,0.91545,1.28163,0.06246,0.19252,0.96478,0,0,59261
294.755000,448.434925,0.73236,0.85442,0.85442,0.05514,0.18886,0.96892,0,0,59262
294.760000,448.434925,0.67133,0.97648,0.06103,0.05222,0.18812,0.97161,0,0,59263
294.765000,448.434925,0.73236,0.97648,-0.48824,0.05929,0.18568,0.97380,0,0,59264
294.770000,448.436257,0.54927,0.97648,-0.79339,0.06149,0.18446,0.97624,0,0,59265
294.775000,448.436257,0.42721,0.97648,-0.85442,0.05490,0.18764,0.97893,0,0,59266
294.780000,448.436257,0.54927,0.85442,-0.67133,0.05441,0.18983,0.97844,0,0,59267
294.785000,448.437769,0.42721,0.79339,-0.61030,0.06173,0.19227,0.97576,0,0,59268
294.790000,448.437769,-0.36618,0.67133,-0.73236,0.06271,0.19837,0.97454,0,0,59269
294.795000,448.437769,-1.15957,0.67133,-0.61030,0.05856,0.20301,0.97234,0,0,59270
294.815000,448.443860,-1.15957,1.58678,-0.12206,0.06393,0.20276,0.96673,3,0,59271
294.820000,448.443860,-0.73236,1.46472,-0.12206,0.06734,0.20154,0.96868,0,0,59272
294.825000,448.443860,-0.24412,0.97648,-0.06103,0.06612,0.20325,0.96844,0,0,59273
294.825000,448.457500,0.36618,0.85442,-0.12206,0.06783,0.20545,0.96551,0,0,59274
294.830000,448.457500,0.97648,1.09854,-0.18309,0.06710,0.21179,0.96404,0,0,59275
294.835000,448.457500,1.64781,1.58678,0.06103,0.06344,0.21423,0.96770,0,0,59276
294.840000,448.472580,2.01399,2.07502,0.36618,0.06124,0.21033,0.97454,0,0,59277
294.845000,448.472580,2.07502,2.25811,0.54927,0.06051,0.20789,0.98112,0,0,59278
294.850000,448.472580,1.76987,2.13605,0.85442,0.05710,0.20374,0.98552,0,0,59279
294.855000,448.608547,1.46472,2.01399,1.15957,0.05710,0.19862,0.98796,0,0,59280
294.860000,448.608547,1.15957,2.13605,1.52575,0.05490,0.19496,0.99186,0,0,59281
294.865000,448.608547,0.91545,2.19708,1.76987,0.05197,0.19032,0.99552,0,0,59282
294.870000,448.609721,0.85442,1.95296,1.52575,0.04929,0.18715,0.99918,0,0,59283
294.875000,448.609721,0.73236,1.52575,1.28163,0.04978,0.18544,1.00016,0,0,59284
294.880000,448.609721,0.42721,1.22060,1.22060,0.05148,0.18300,0.99845,0,0,59285
294.885000,448.610967,0.06103,1.22060,1.34266,0.05173,0.18398,1.00064,0,0,59286
294.890000,448.610967,-0.36618,1.28163,1.40369,0.04953,0.18690,1.00016,0,0,59287
294.895000,448.610967,-0.97648,1.40369,1.28163,0.04636,0.18812,0.99674,0,0,59288
294.900000,448.612178,-1.64781,1.46472,1.34266,0.04880,0.18593,0.99430,0,0,59289
294.905000,448.612178,-1.58678,1.83090,0.73236,0.05295,0.18520,0.99284,0,0,59290
294.910000,448.612178,-1.09854,2.13605,0.06103,0.04978,0.18886,0.99186,0,0,59291
294.915000,448.613541,-0.42721,1.89193,-0.67133,0.04660,0.19496,0.99040,0,0,59292
294.920000,448.613541,-0.06103,1.58678,-0.91545,0.04465,0.20423,0.98308,0,0,59293
294.925000,448.613541,0.12206,1.64781,-0.91545,0.04514,0.21033,0.97746,0,0,59294
294.930000,448.614705,0.12206,2.19708,-0.24412,0.04612,0.21277,0.97576,0,0,59295
294.935000,448.614705,0.12206,2.68532,0.18309,0.04392,0.21057,0.97673,0,0,59296
294.940000,448.614705,-0.06103,2.80738,0.54927,0.04319,0.20350,0.97698,0,0,59297
294.945000,448.615959,-0.30515,2.99047,0.91545,0.04612,0.19471,0.97917,0,0,59298
294.950000,448.615959,-0.36618,3.11253,1.09854,0.05124,0.18544,0.98259,0,0,59299
294.955000,448.615959,-0.06103,3.05150,0.97648,0.05173,0.17861,0.98649,0,0,59300
294.960000,448.617141,0.54927,2.62429,0.73236,0.04685,0.17812,0.99015,0,0,59301
294.965000,448.617141,1.34266,2.07502,0.48824,0.04246,0.17934,0.99162,0,0,59302
294.970000,448.617141,2.01399,1.76987,0.30515,0.04441,0.17910,0.99332,0,0,59303
294.990000,448.623537,2.13605,0.73236,-0.54927,0.04124,0.18910,0.99625,3,0,59304
294.995000,448.623537,0.91545,1.15957,-0.85442,0.04758,0.19105,0.99430,0,0,59305
295.000000,448.623537,-0.91545,2.01399,-1.03751,0.04831,0.19593,0.99796,0,0,59306
295.005000,448.637211,-1.95296,2.07502,-1.22060,0.04514,0.20472,0.99747,0,0,59307
295.010000,448.637211,-2.74635,2.25811,-1.46472,0.04490,0.21204,0.99381,0,0,59308
295.015000,448.637211,-2.86841,2.68532,-1.52575,0.04953,0.21496,0.99113,0,0,59309
295.020000,448.773574,-2.74635,2.80738,-1.15957,0.05100,0.21716,0.98918,0,0,59310
295.025000,448.773574,-1.83090,2.38017,-0.24412,0.04734,0.21838,0.98820,0,0,59311
295.030000,448.773574,-1.03751,2.31914,0.42721,0.04368,0.21667,0.98918,0,0,59312
295.035000,448.774723,-0.54927,2.44120,0.79339,0.04294,0.21252,0.99064,0,0,59313
295.040000,448.774723,-0.06103,2.56326,0.91545,0.04514,0.20301,0.99528,0,0,59314
295.045000,448.774723,0.85442,2.13605,0.97648,0.04831,0.19618,1.00162,0,0,59315
295.050000,448.775961,1.95296,1.52575,1.15957,0.04563,0.19227,1.00699,0,0,59316
295.055000,448.775961,3.05150,0.61030,1.15957,0.04197,0.19032,1.01016,0,0,59317
295.060000,448.775961,3.53974,0.24412,0.73236,0.04002,0.18959,1.01040,0,0,59318
295.065000,448.777145,3.47871,0.12206,0.06103,0.03928,0.19032,1.01309,0,0,59319
295.070000,448.777145,2.92944,0.06103,-0.54927,0.03782,0.19105,1.01675,0,0,59320
295.075000,448.777145,1.76987,0.06103,-1.15957,0.03709,0.19276,1.01577,0,0,59321
295.080000,448.778538,0.67133,-0.12206,-1.64781,0.03684,0.19520,1.01358,0,0,59322
295.085000,448.778538,-0.18309,-0.30515,-2.07502,0.03782,0.19788,1.00992,0,0,59323
295.090000,448.778538,-0.48824,-0.67133,-2.07502,0.04246,0.19886,1.00040,0,0,59324
295.095000,448.779705,-0.73236,-0.73236,-1.95296,0.04685,0.20228,0.99040,0,0,59325
295.100000,448.779705,-0.85442,-0.24412,-1.46472,0.04782,0.20447,0.98308,0,0,59326
295.105000,448.779705,-0.85442,0.67133,-1.03751,0.04465,0.20472,0.97576,0,0,59327
295.110000,448.780964,-1.22060,1.09854,-0.73236,0.04270,0.20520,0.97600,0,0,59328
295.115000,448.780964,-1.09854,1.34266,-0.54927,0.04343,0.20447,0.97795,0,0,59329
295.120000,448.780964,-0.91545,1.52575,-0.54927,0.04587,0.20447,0.98015,0,0,59330
295.125000,448.782246,-0.61030,1.52575,-0.30515,0.04587,0.20569,0.98430,0,0,59331
295.130000,448.782246,-0.54927,1.40369,0.06103,0.04172,0.20813,0.99259,0,0,59332
295.135000,448.782246,-0.30515,1.03751,0.12206,0.03758,0.21179,0.99820,0,0,59333
295.155000,448.788541,-0.73236,0.61030,0.00000,0.03099,0.22033,0.99284,3,0,59334
295.160000,448.788541,-1.28163,0.97648,0.18309,0.03514,0.21521,0.98820,0,0,59335
295.165000,448.788541,-1.58678,1.28163,0.54927,0.04050,0.20960,0.98478,0,0,59336
295.170000,448.802242,-1.15957,1.34266,1.03751,0.04099,0.20447,0.98503,0,0,59337
295.175000,448.802242,-0.36618,1.22060,1.40369,0.03831,0.19935,0.98820,0,0,59338
295.180000,448.802242,0.30515,1.09854,1.46472,0.03514,0.19398,0.99015,0,0,59339
295.185000,448.938723,-0.12206,1.34266,1.09854,0.03733,0.19008,0.98991,0,0,59340
295.190000,448.938723,-1.28163,1.52575,0.79339,0.03928,0.18837,0.99332,0,0,59341
295.195000,448.938723,-2.31914,1.83090,0.61030,0.03831,0.18593,0.99747,0,0,59342
295.200000,448.940119,-2.80738,2.01399,0.42721,0.03611,0.18422,0.99918,0,0,59343
295.205000,448.940119,-2.68532,1.95296,0.06103,0.03367,0.18666,1.00113,0,0,59344
295.210000,448.940119,-2.19708,1.52575,-0.48824,0.03196,0.19105,1.00162,0,0,59345
295.215000,448.941328,-1.83090,1.28163,-1.22060,0.03245,0.19520,0.99894,0,0,59346
295.220000,448.941328,-2.01399,1.28163,-1.58678,0.03416,0.19984,0.99845,0,0,59347
295.225000,448.941328,-1.89193,1.09854,-1.64781,0.03489,0.20374,0.99625,0,0,59348
295.230000,448.942483,-1.09854,0.67133,-1.40369,0.03318,0.20594,0.99503,0,0,59349
295.235000,448.942483,-0.42721,0.42721,-0.85442,0.03221,0.20496,0.99210,0,0,59350
295.240000,448.942483,0.24412,0.12206,-0.48824,0.03343,0.20106,0.98918,0,0,59351
295.245000,448.943766,0.67133,-0.12206,-0.36618,0.03465,0.19691,0.98698,0,0,59352
295.250000,448.943766,0.30515,-0.12206,-0.42721,0.03514,0.19252,0.98722,0,0,59353
295.255000,448.943766,-0.42721,0.18309,-0.61030,0.03733,0.18666,0.98820,0,0,59354
295.260000,448.945073,-1.09854,0.48824,-1.09854,0.03904,0.18129,0.98747,0,0,59355
295.265000,448.945073,-1.64781,0.48824,-1.83090,0.04002,0.17861,0.98771,0,0,59356
295.270000,448.945073,-2.07502,0.18309,-2.38017,0.04075,0.17739,0.98771,0,0,59357
295.275000,448.946311,-2.62429,0.12206,-2.80738,0.04368,0.17739,0.98356,0,0,59358
295.280000,448.946311,-2.99047,0.18309,-3.05150,0.04416,0.18202,0.97844,0,0,59359
295.285000,448.946311,-2.31914,-0.06103,-2.80738,0.04490,0.19008,0.97502,0,0,59360
295.290000,448.947492,-1.22060,-0.42721,-2.44120,0.04368,0.19764,0.97039,0,0,59361
295.295000,448.947492,-0.06103,-0.36618,-2.19708,0.04319,0.20423,0.96526,0,0,59362
295.300000,448.947492,0.97648,0.30515,-1.95296,0.04441,0.20984,0.96551,0,0,59363
295.320000,448.953677,1.28163,0.73236,0.12206,0.04392,0.20886,0.98088,3,0,59364
295.325000,448.953677,0.79339,0.91545,0.24412,0.04563,0.20350,0.98869,0,0,59365
295.330000,448.953677,0.61030,0.97648,0.12206,0.04538,0.20057,0.99430,0,0,59366
295.335000,448.967415,0.42721,0.42721,-0.18309,0.04685,0.20276,0.99650,0,0,59367
295.340000,448.967415,0.00000,0.30515,-0.48824,0.04929,0.20618,0.99894,0,0,59368
295.345000,448.967415,-0.36618,0.36618,-0.67133,0.04929,0.20862,0.99942,0,0,59369
295.350000,449.088959,-0.91545,0.30515,-0.91545,0.04734,0.21057,0.99552,0,0,59370
295.355000,449.088959,-1.83090,0.06103,-0.73236,0.04709,0.21228,0.99113,0,0,59371
295.360000,449.088959,-2.13605,-0.12206,-0.73236,0.04856,0.21033,0.98649,0,0,59372
295.365000,449.118795,-2.07502,-0.06103,-0.67133,0.04953,0.20594,0.98015,0,0,59373
295.370000,449.118795,-1.64781,0.12206,-0.48824,0.04807,0.20325,0.97600,0,0,59374
295.375000,449.118795,-0.85442,0.36618,-0.36618,0.04734,0.19910,0.97454,0,0,59375
295.380000,449.120154,-0.42721,0.61030,-0.36618,0.04904,0.19764,0.97210,0,0,59376
295.385000,449.120154,-0.24412,0.85442,-0.48824,0.05173,0.19715,0.97283,0,0,59377
295.390000,449.120154,-0.06103,0.85442,-0.54927,0.05051,0.19886,0.97454,0,0,59378
295.395000,449.121240,-0.12206,0.97648,-0.48824,0.04880,0.20203,0.97820,0,0,59379
295.400000,449.121240,-0.30515,0.73236,-0.54927,0.04709,0.20764,0.97868,0,0,59380
295.405000,449.121240,-0.73236,0.42721,-0.85442,0.04660,0.21521,0.97429,0,0,59381
295.410000,449.122818,-1.89193,0.42721,-1.22060,0.04856,0.22228,0.96941,0,0,59382
295.415000,449.122818,-3.41768,0.61030,-1.40369,0.05002,0.23131,0.96136,0,0,59383
295.420000,449.122818,-4.82137,1.03751,-1.15957,0.05026,0.23839,0.95380,0,0,59384
295.425000,449.123645,-5.00446,1.58678,-0.48824,0.05197,0.24058,0.94770,0,0,59385
295.430000,449.123645,-3.90592,1.70884,0.36618,0.05466,0.24034,0.94379,0,0,59386
295.435000,449.123645,-3.11253,1.76987,0.85442,0.05270,0.23961,0.94013,0,0,59387
295.440000,449.125066,-2.31914,2.07502,0.97648,0.05368,0.23839,0.93720,0,0,59388
295.445000,449.125066,-1.22060,2.07502,1.09854,0.05758,0.23790,0.93306,0,0,59389
295.450000,449.125066,-0.36618,1.95296,1.40369,0.06100,0.23790,0.93306,0,0,59390
295.455000,449.126417,-0.12206,2.38017,2.25811,0.06149,0.24010,0.92988,0,0,59391
295.460000,449.126417,-1.22060,3.11253,2.25811,0.05807,0.24424,0.92891,0,0,59392
295.465000,449.126417,-3.17356,3.78386,1.64781,0.06100,0.24790,0.92525,0,0,59393
295.470000,449.127832,-5.73682,4.39416,0.79339,0.06612,0.25278,0.92086,0,0,59394
295.475000,449.127832,-8.30008,5.06549,0.36618,0.06686,0.26108,0.91354,0,0,59395
295.480000,449.127832,-10.86334,5.73682,0.24412,0.06637,0.26962,0.90109,0,0,59396
295.500000,449.133966,-15.31853,8.84935,0.48824,0.08272,0.29158,0.86449,3,0,59397
295.505000,449.133966,-15.25750,9.58171,1.58678,0.08442,0.30012,0.85961,0,0,59398
295.510000,449.133966,-14.40308,10.19201,2.80738,0.08955,0.30842,0.85449,0,0,59399
295.510000,449.147445,-13.60969,10.49716,3.84489,0.09296,0.31427,0.85083,0,0,59400
295.515000,449.147445,-12.75527,11.10746,5.24858,0.09150,0.32452,0.84668,0,0,59401
295.520000,449.147445,-12.02291,12.32806,6.71330,0.09101,0.33428,0.84400,0,0,59402
295.525000,449.162517,-11.90085,13.30454,8.05596,0.09199,0.34258,0.84009,0,0,59403
295.530000,449.162517,-11.96188,14.15896,9.21553,0.09321,0.34721,0.83643,0,0,59404
295.535000,449.162517,-12.02291,15.19647,10.80231,0.09540,0.35160,0.83375,0,0,59405
295.540000,449.208923,-11.90085,16.11192,12.51115,0.09638,0.35404,0.83131,0,0,59406
295.545000,449.208923,-11.71776,16.96634,13.67072,0.09467,0.35551,0.82716,0,0,59407
295.550000,449.208923,-10.92437,17.82076,15.13544,0.09028,0.35258,0.82204,0,0,59408
295.555000,449.253818,-9.39862,18.30900,16.41707,0.08808,0.34965,0.81984,0,0,59409
295.560000,449.253818,-7.26257,18.73621,18.06488,0.08589,0.34550,0.82155,0,0,59410
295.565000,449.253818,-4.94343,19.28548,19.95681,0.08125,0.33940,0.82643,0,0,59411
295.570000,449.255321,-2.74635,20.01784,21.90977,0.07344,0.33160,0.83204,0,0,59412
295.575000,449.255321,-0.67133,20.81123,24.10685,0.06344,0.31647,0.84229,0,0,59413
295.580000,449.255321,0.30515,21.05535,25.51054,0.05710,0.29866,0.85083,0,0,59414
295.585000,449.256191,0.67133,21.23844,26.24290,0.05295,0.28011,0.85986,0,0,59415
295.590000,449.256191,0.42721,21.29947,26.30393,0.04636,0.26230,0.86620,0,0,59416
295.595000,449.256191,-0.30515,21.60462,25.87672,0.04002,0.24888,0.87132,0,0,59417
295.600000,449.257461,-2.38017,22.33698,24.77818,0.03148,0.23668,0.87791,0,0,59418
295.605000,449.257461,-4.45519,22.88625,23.49655,0.02586,0.22912,0.88328,0,0,59419
295.610000,449.257461,-6.40815,23.19140,22.03183,0.02172,0.22619,0.88938,0,0,59420
295.615000,449.258687,-7.56772,23.37449,20.75020,0.01854,0.22619,0.89206,0,0,59421
295.620000,449.258687,-7.87287,23.19140,20.07887,0.01806,0.22912,0.89328,0,0,59422
295.625000,449.258687,-7.38463,22.94728,19.89578,0.01732,0.23400,0.89499,0,0,59423
295.630000,449.267520,-6.40815,22.76419,19.83475,0.01415,0.24058,0.90012,0,0,59424
295.635000,449.267520,-5.06549,22.58110,19.89578,0.00805,0.24888,0.90573,0,0,59425
295.640000,449.267520,-3.35665,21.90977,19.89578,0.00415,0.25742,0.90939,0,0,59426
295.645000,449.298828,-2.44120,21.42153,19.83475,0.00464,0.26352,0.91036,0,0,59427
295.650000,449.298828,-1.34266,21.17741,19.89578,0.00537,0.26596,0.91110,0,0,59428
295.655000,449.298828,-1.22060,21.36050,20.01784,0.00439,0.27133,0.91280,0,0,59429
295.660000,449.313851,-1.58678,21.84874,20.13990,0.00171,0.27816,0.91549,0,0,59430
295.665000,449.313851,-2.07502,22.39801,20.38402,0.00000,0.28280,0.91768,0,0,59431
295.670000,449.313851,-2.44120,22.70316,20.87226,0.00171,0.28694,0.92354,0,0,59432
295.675000,449.327492,-2.74635,22.76419,21.29947,0.00390,0.28841,0.92891,0,0,59433
295.680000,449.327492,-3.11253,22.82522,21.42153,0.00683,0.29134,0.93354,0,0,59434
295.685000,449.327492,-3.35665,22.94728,21.36050,0.01074,0.30012,0.94160,0,0,59435
295.690000,449.358963,-3.41768,23.19140,21.29947,0.01366,0.31134,0.95209,0,0,59436
295.695000,449.358963,-3.35665,23.19140,21.66565,0.01781,0.31964,0.96185,0,0,59437
295.700000,449.358963,-3.47871,23.06934,22.39801,0.02172,0.32501,0.97112,0,0,59438
295.705000,449.403792,-4.08901,23.06934,22.70316,0.02245,0.33379,0.97673,0,0,59439
295.710000,449.403792,-5.55373,22.94728,22.58110,0.01708,0.34526,0.98137,0,0,59440
295.715000,449.403792,-7.26257,23.13037,21.90977,0.01000,0.35795,0.98161,0,0,59441
295.720000,449.448961,-8.60523,23.06934,21.72668,0.00268,0.36942,0.97868,0,0,59442
295.725000,449.448961,-8.60523,22.82522,22.45904,-0.00317,0.38259,0.97502,0,0,59443
295.730000,449.448961,-7.75081,22.21492,23.43552,-0.00708,0.39333,0.96868,0,0,59444
295.735000,449.493977,-6.65227,21.60462,24.22891,-0.00976,0.40504,0.95697,0,0,59445
295.740000,449.493977,-5.18755,21.05535,25.02230,-0.01000,0.41797,0.94062,0,0,59446
295.745000,449.493977,-2.74635,20.20093,26.73114,-0.00732,0.43383,0.92427,0,0,59447
295.750000,449.494919,-0.24412,19.34651,28.98925,-0.00805,0.44652,0.90670,0,0,59448
295.755000,449.494919,3.05150,18.79724,31.79663,-0.01562,0.45799,0.88767,0,0,59449
295.760000,449.494919,7.14051,18.67518,35.03122,-0.03074,0.46824,0.86864,0,0,59450
295.765000,449.496226,12.08394,19.10239,38.69302,-0.04246,0.47190,0.85546,0,0,59451
295.770000,449.496226,17.45458,19.89578,43.02615,-0.05563,0.47116,0.85034,0,0,59452
295.775000,449.496226,24.04582,21.54359,49.19018,-0.07247,0.45921,0.85522,0,0,59453
295.780000,449.497563,28.74513,22.94728,54.43876,-0.08930,0.43432,0.86864,0,0,59454
295.785000,449.497563,32.89517,24.16788,59.50425,-0.10321,0.39284,0.88743,0,0,59455
295.790000,449.497563,35.76358,25.08333,64.14253,-0.12054,0.34502,0.91012,0,0,59456
295.795000,449.498747,37.53345,25.44951,67.43815,-0.14591,0.28987,0.93452,0,0,59457
295.800000,449.498747,38.87611,25.44951,69.20802,-0.17495,0.22497,0.96063,0,0,59458
295.805000,449.498747,39.73053,25.14436,68.41463,-0.19349,0.16885,0.98088,0,0,59459
295.810000,449.500049,41.07319,24.77818,66.52270,-0.21155,0.11590,1.00162,0,0,59460
295.815000,449.500049,41.92761,23.98479,64.20356,-0.22887,0.06978,1.02016,0,0,59461
295.820000,449.500049,42.35482,23.43552,61.88442,-0.24254,0.03270,1.03920,0,0,59462
295.825000,449.501300,42.35482,23.19140,58.16159,-0.25352,-0.00171,1.06628,0,0,59463
295.830000,449.501300,41.37834,22.64213,54.74391,-0.26132,-0.02879,1.09044,0,0,59464
295.835000,449.501300,38.81508,22.15389,51.14314,-0.27426,-0.05173,1.11874,0,0,59465
295.840000,449.502469,35.82461,21.72668,47.60340,-0.27962,-0.06515,1.13582,0,0,59466
295.845000,449.502469,32.89517,21.36050,44.18572,-0.27938,-0.08125,1.15510,0,0,59467
295.850000,449.502469,29.17234,21.17741,40.58495,-0.28377,-0.09394,1.17852,0,0,59468
295.870000,449.508864,10.37510,21.42153,27.95174,-0.29622,-0.11419,1.23586,3,0,59469
295.875000,449.508864,6.71330,21.36050,25.57157,-0.29939,-0.12127,1.24757,0,0,59470
295.880000,449.508864,3.90592,20.87226,23.37449,-0.30354,-0.13030,1.26148,0,0,59471
295.885000,449.522529,1.83090,19.89578,20.75020,-0.30158,-0.14298,1.27783,0,0,59472
295.890000,449.522529,0.91545,18.73621,18.49209,-0.29670,-0.15567,1.29247,0,0,59473
295.895000,449.522529,0.06103,17.08840,16.11192,-0.29280,-0.16494,1.30394,0,0,59474
295.900000,449.537508,-0.42721,15.01338,13.60969,-0.28597,-0.16665,1.31126,0,0,59475
295.905000,449.537508,-0.73236,12.26703,10.31407,-0.27792,-0.16128,1.31296,0,0,59476
295.910000,449.537508,-1.15957,10.00892,7.38463,-0.26986,-0.15177,1.30833,0,0,59477
295.915000,449.552540,-2.13605,8.30008,4.51622,-0.26181,-0.13981,1.29906,0,0,59478
295.920000,449.552540,-3.66180,6.59124,0.97648,-0.25352,-0.12298,1.28686,0,0,59479
295.925000,449.552540,-5.00446,5.43167,-1.46472,-0.24522,-0.10419,1.27685,0,0,59480
295.930000,449.598984,-6.28609,4.08901,-3.66180,-0.23790,-0.08613,1.26612,0,0,59481
295.935000,449.598984,-7.26257,2.99047,-5.37064,-0.22692,-0.06686,1.25465,0,0,59482
295.940000,449.598984,-8.11699,2.01399,-6.77433,-0.21789,-0.05124,1.24513,0,0,59483
295.945000,449.643812,-8.91038,0.79339,-7.87287,-0.20789,-0.03538,1.23513,0,0,59484
295.950000,449.643812,-9.76480,-0.12206,-8.72729,-0.19837,-0.02123,1.22439,0,0,59485
295.955000,449.643812,-10.31407,-0.97648,-9.27656,-0.18886,-0.01098,1.21292,0,0,59486
295.960000,449.688895,-10.92437,-1.89193,-9.88686,-0.17910,-0.00098,1.20048,0,0,59487
295.965000,449.688895,-11.47364,-2.80738,-10.68025,-0.17104,0.01074,1.18730,0,0,59488
295.970000,449.688895,-11.83982,-3.72283,-11.59570,-0.16421,0.02464,1.17364,0,0,59489
295.975000,449.748832,-12.14497,-4.63828,-12.93836,-0.15494,0.03977,1.15632,0,0,59490
295.980000,449.748832,-12.26703,-5.30961,-13.91484,-0.14591,0.05417,1.13948,0,0,59491
295.985000,449.748832,-12.51115,-5.85888,-14.52514,-0.13640,0.06734,1.12191,0,0,59492
295.990000,449.750117,-12.87733,-6.16403,-15.13544,-0.12810,0.07832,1.10752,0,0,59493
295.995000,449.750117,-13.36557,-6.34712,-15.80677,-0.12151,0.09101,1.09092,0,0,59494
296.000000,449.750117,-13.91484,-6.65227,-16.41707,-0.11663,0.10565,1.07506,0,0,59495
296.005000,449.751354,-14.09793,-6.77433,-16.90531,-0.11248,0.11761,1.06311,0,0,59496
296.010000,449.751354,-13.79278,-6.77433,-17.51561,-0.10492,0.12932,1.05164,0,0,59497
296.015000,449.751354,-13.24351,-6.95742,-18.12591,-0.09858,0.14323,1.04066,0,0,59498
296.020000,449.752427,-12.75527,-7.26257,-18.49209,-0.09760,0.15958,1.03139,0,0,59499
296.025000,449.752427,-12.32806,-7.68978,-18.85827,-0.09711,0.17836,1.02114,0,0,59500
296.030000,449.752427,-11.53467,-8.17802,-19.04136,-0.09540,0.19520,1.00918,0,0,59501
296.035000,449.753772,-10.55819,-8.54420,-18.85827,-0.09028,0.21252,0.99747,0,0,59502
296.040000,449.753772,-9.15450,-8.78832,-18.24797,-0.08320,0.22546,0.98844,0,0,59503
296.045000,449.753772,-7.26257,-8.84935,-17.45458,-0.07418,0.23766,0.97990,0,0,59504
296.050000,449.754952,-6.04197,-8.91038,-16.90531,-0.06710,0.25083,0.97112,0,0,59505
296.055000,449.754952,-5.24858,-8.91038,-16.35604,-0.06246,0.26474,0.96087,0,0,59506
296.060000,449.754952,-5.00446,-8.72729,-15.74574,-0.05832,0.27694,0.95209,0,0,59507
296.065000,449.756127,-5.06549,-8.30008,-15.07441,-0.05222,0.28548,0.94574,0,0,59508
296.070000,449.756127,-5.00446,-7.56772,-14.03690,-0.04685,0.29280,0.94233,0,0,59509
296.075000,449.756127,-4.39416,-7.20154,-12.69424,-0.04758,0.29524,0.94135,0,0,59510
296.080000,449.757517,-3.47871,-7.01845,-11.35158,-0.04807,0.29402,0.94086,0,0,59511
296.085000,449.757517,-2.56326,-6.71330,-9.88686,-0.04514,0.28890,0.93964,0,0,59512
296.090000,449.757517,-1.89193,-6.34712,-8.54420,-0.04270,0.28231,0.93940,0,0,59513
296.125000,449.763650,-3.47871,-4.08901,-4.63828,-0.05319,0.27377,0.92866,6,0,59514
296.130000,449.763650,-3.41768,-3.60077,-3.78386,-0.05295,0.27450,0.92281,0,0,59515
296.135000,449.763650,-3.23459,-2.86841,-2.86841,-0.05417,0.27401,0.92086,0,0,59516
296.140000,449.777381,-3.11253,-2.25811,-2.50223,-0.05685,0.27304,0.92037,0,0,59517
296.145000,449.777381,-3.17356,-1.70884,-2.25811,-0.05856,0.27426,0.91964,0,0,59518
296.150000,449.777381,-3.35665,-1.46472,-1.89193,-0.06076,0.27718,0.92183,0,0,59519
296.155000,449.808797,-3.66180,-0.97648,-1.40369,-0.06368,0.27670,0.92305,0,0,59520
296.160000,449.808797,-3.84489,-0.48824,-0.73236,-0.06905,0.27596,0.92403,0,0,59521
296.165000,449.808797,-3.66180,-0.24412,-0.06103,-0.07393,0.27182,0.92354,0,0,59522
296.170000,449.853934,-3.23459,-0.30515,0.61030,-0.07808,0.26767,0.92281,0,0,59523
296.175000,449.853934,-2.44120,-0.48824,1.52575,-0.08101,0.26328,0.91988,0,0,59524
296.180000,449.853934,-1.83090,-0.30515,2.56326,-0.08296,0.25620,0.91646,0,0,59525
296.185000,449.912811,-1.40369,0.42721,3.60077,-0.08516,0.24620,0.91671,0,0,59526
296.190000,449.912811,-0.91545,1.09854,4.69931,-0.08882,0.23351,0.92012,0,0,59527
296.195000,449.912811,-0.61030,1.70884,5.24858,-0.09394,0.21984,0.92696,0,0,59528
296.200000,449.943839,-0.36618,1.70884,5.55373,-0.09394,0.20716,0.93281,0,0,59529
296.205000,449.943839,-0.12206,1.70884,5.24858,-0.09394,0.19374,0.94038,0,0,59530
296.210000,449.943839,0.18309,1.40369,4.88240,-0.09199,0.18105,0.94867,0,0,59531
296.215000,449.973820,0.54927,1.34266,4.45519,-0.09101,0.17080,0.95575,0,0,59532
296.220000,449.973820,1.15957,1.15957,3.78386,-0.09565,0.16324,0.96136,0,0,59533
296.225000,449.973820,1.58678,1.09854,3.11253,-0.10102,0.15909,0.96868,0,0,59534
296.230000,449.975346,1.89193,0.73236,2.19708,-0.10199,0.15543,0.97795,0,0,59535
296.235000,449.975346,2.13605,-0.06103,0.67133,-0.10175,0.15421,0.98405,0,0,59536
296.240000,449.975346,2.50223,-0.97648,-1.03751,-0.10150,0.15665,0.98356,0,0,59537
296.245000,449.976227,3.05150,-2.07502,-2.68532,-0.10102,0.16372,0.97868,0,0,59538
296.250000,449.976227,3.72283,-2.80738,-3.60077,-0.09906,0.17373,0.97210,0,0,59539
296.255000,449.976227,4.27210,-3.23459,-4.02798,-0.09687,0.18300,0.96502,0,0,59540
296.260000,449.977604,4.45519,-3.11253,-3.96695,-0.09516,0.19593,0.96038,0,0,59541
296.265000,449.977604,4.21107,-2.56326,-3.66180,-0.09565,0.20813,0.95843,0,0,59542
296.270000,449.977604,3.23459,-1.46472,-3.17356,-0.09516,0.21692,0.95599,0,0,59543
296.275000,449.978674,1.22060,-0.48824,-2.25811,-0.09516,0.21862,0.95819,0,0,59544
296.280000,449.978674,-0.73236,0.54927,-1.58678,-0.09540,0.21692,0.96648,0,0,59545
296.285000,449.978674,-2.44120,1.28163,-1.09854,-0.09662,0.21228,0.97844,0,0,59546
296.290000,449.979903,-3.66180,1.70884,-1.03751,-0.09809,0.20886,0.98820,0,0,59547
296.295000,449.979903,-4.27210,1.89193,-1.40369,-0.09858,0.20667,0.99528,0,0,59548
296.300000,449.979903,-4.51622,1.83090,-1.76987,-0.09955,0.20813,1.00333,0,0,59549
296.305000,449.981403,-4.15004,1.28163,-1.76987,-0.10224,0.20716,1.00894,0,0,59550
296.310000,449.981403,-3.11253,0.30515,-2.01399,-0.10419,0.20569,1.00894,0,0,59551
296.315000,449.981403,-2.01399,-0.54927,-2.07502,-0.10224,0.20472,1.00528,0,0,59552
296.320000,449.982657,-1.15957,-1.15957,-2.56326,-0.09784,0.20472,0.99991,0,0,59553
296.325000,449.982657,-0.48824,-1.46472,-3.11253,-0.09150,0.20472,0.99430,0,0,59554
296.330000,449.982657,-0.12206,-1.64781,-3.72283,-0.08711,0.20618,0.98869,0,0,59555
296.350000,449.988967,0.30515,-0.61030,-3.41768,-0.08491,0.22302,0.99674,3,0,59556
296.355000,449.988967,0.67133,-0.97648,-3.11253,-0.08223,0.22424,1.00138,0,0,59557
296.360000,449.988967,1.70884,-1.46472,-2.62429,-0.08150,0.22326,1.00577,0,0,59558
296.365000,450.002588,3.23459,-2.07502,-2.19708,-0.08272,0.22180,1.00894,0,0,59559
296.370000,450.002588,4.69931,-2.56326,-1.70884,-0.07759,0.21960,1.00992,0,0,59560
296.375000,450.002588,5.06549,-3.23459,-1.22060,-0.07320,0.22106,1.00577,0,0,59561
296.380000,450.017794,3.47871,-3.23459,-0.79339,-0.07369,0.22180,1.00089,0,0,59562
296.385000,450.017794,1.28163,-2.86841,-0.54927,-0.07466,0.21984,0.99357,0,0,59563
296.390000,450.017794,-0.54927,-2.31914,-0.42721,-0.07637,0.21399,0.98722,0,0,59564
296.395000,450.048972,-0.97648,-1.89193,-0.36618,-0.07149,0.20569,0.98161,0,0,59565
296.400000,450.048972,-0.67133,-1.58678,-0.42721,-0.07052,0.19984,0.98039,0,0,59566
296.405000,450.048972,0.42721,-1.70884,-0.18309,-0.07393,0.19740,0.98088,0,0,59567
296.410000,450.093856,2.25811,-1.95296,0.06103,-0.07296,0.19471,0.97990,0,0,59568
296.415000,450.093856,3.53974,-2.25811,0.06103,-0.07100,0.19447,0.98039,0,0,59569
296.420000,450.093856,4.76034,-2.56326,0.18309,-0.07442,0.19618,0.97966,0,0,59570
296.425000,450.168847,5.49270,-2.56326,0.06103,-0.07637,0.19862,0.97893,0,0,59571
296.430000,450.168847,5.18755,-1.95296,-0.12206,-0.07198,0.20179,0.98234,0,0,59572
296.435000,450.168847,4.27210,-1.46472,-0.42721,-0.06856,0.20301,0.98771,0,0,59573
296.440000,450.197620,2.68532,-1.22060,-0.85442,-0.07052,0.20594,0.99162,0,0,59574
296.445000,450.197620,0.24412,-0.67133,-1.46472,-0.07320,0.21130,0.99406,0,0,59575
296.450000,450.197620,-1.52575,-0.06103,-1.64781,-0.07491,0.21789,0.99845,0,0,59576
296.455000,450.213762,-2.74635,0.18309,-1.46472,-0.07540,0.22058,1.00430,0,0,59577
296.460000,450.213762,-3.05150,-0.18309,-1.15957,-0.07442,0.21740,1.00406,0,0,59578
296.465000,450.213762,-2.50223,-0.97648,-0.91545,-0.07466,0.21423,0.99845,0,0,59579
296.470000,450.215270,-1.52575,-1.76987,-0.67133,-0.07491,0.21252,0.99162,0,0,59580
296.475000,450.215270,-0.18309,-2.31914,-0.48824,-0.07442,0.20716,0.98332,0,0,59581
296.480000,450.215270,0.73236,-2.38017,-0.18309,-0.07247,0.20350,0.97771,0,0,59582
296.485000,450.216152,0.91545,-2.31914,0.18309,-0.07442,0.20203,0.97722,0,0,59583
296.490000,450.216152,0.48824,-2.19708,0.42721,-0.07808,0.19862,0.97795,0,0,59584
296.495000,450.216152,0.06103,-1.83090,0.42721,-0.07906,0.19276,0.97820,0,0,59585
296.500000,450.217872,-0.18309,-1.89193,0.06103,-0.08150,0.18886,0.97917,0,0,59586
296.505000,450.217872,-0.24412,-1.95296,-0.42721,-0.08272,0.18568,0.98064,0,0,59587
296.510000,450.217872,0.42721,-2.25811,-0.91545,-0.08223,0.18446,0.97893,0,0,59588
296.515000,450.218743,1.34266,-2.50223,-1.40369,-0.07979,0.18788,0.97746,0,0,59589
296.520000,450.218743,2.56326,-2.99047,-2.19708,-0.07832,0.19496,0.97356,0,0,59590
296.525000,450.218743,3.29562,-3.05150,-2.44120,-0.07515,0.19935,0.96795,0,0,59591
296.530000,450.219983,3.66180,-2.99047,-2.25811,-0.07027,0.20374,0.96282,0,0,59592
296.535000,450.219983,3.60077,-2.68532,-1.95296,-0.06710,0.21033,0.96112,0,0,59593
296.540000,450.219983,2.86841,-2.25811,-1.76987,-0.07149,0.21521,0.96307,0,0,59594
296.545000,450.221549,1.64781,-1.70884,-1.46472,-0.07344,0.21789,0.96648,0,0,59595
296.550000,450.221549,0.73236,-1.52575,-1.40369,-0.06978,0.21667,0.96917,0,0,59596
296.555000,450.221549,0.00000,-1.52575,-1.46472,-0.06930,0.21423,0.97258,0,0,59597
296.560000,450.222407,-0.54927,-1.40369,-1.34266,-0.07003,0.21130,0.97502,0,0,59598
296.565000,450.222407,-0.67133,-1.22060,-1.03751,-0.06856,0.21130,0.97454,0,0,59599
296.570000,450.222407,-0.67133,-1.28163,-0.79339,-0.06808,0.21301,0.97478,0,0,59600
296.585000,450.228966,-1.15957,-0.61030,-0.79339,-0.07808,0.22131,0.96795,0,0,59601
296.590000,450.228966,-1.28163,-0.67133,-0.42721,-0.07832,0.22033,0.96453,0,0,59602
296.595000,450.228966,-0.61030,-0.73236,-0.06103,-0.07369,0.21594,0.96160,0,0,59603
296.600000,450.242852,0.54927,-0.61030,0.36618,-0.07222,0.21472,0.95916,0,0,59604
296.605000,450.242852,1.40369,-0.48824,0.42721,-0.07832,0.21765,0.95672,0,0,59605
296.610000,450.242852,2.38017,-0.42721,0.48824,-0.08052,0.22106,0.95282,0,0,59606
296.615000,450.257814,3.29562,-0.24412,0.67133,-0.07344,0.21716,0.94916,0,0,59607
296.620000,450.257814,3.84489,0.06103,1.34266,-0.06442,0.21228,0.94867,0,0,59608
296.625000,450.257814,3.60077,0.48824,2.07502,-0.06686,0.20886,0.95550,0,0,59609
296.630000,450.272481,3.05150,0.85442,2.44120,-0.07491,0.20740,0.95916,0,0,59610
296.635000,450.272481,2.38017,1.28163,1.95296,-0.07662,0.20398,0.96429,0,0,59611
296.640000,450.272481,1.34266,1.64781,1.22060,-0.06637,0.19813,0.97210,0,0,59612
296.645000,450.318947,0.24412,1.64781,0.97648,-0.06442,0.19837,0.97990,0,0,59613
296.650000,450.318947,-0.85442,1.64781,0.85442,-0.06954,0.20008,0.98552,0,0,59614
296.655000,450.318947,-1.28163,1.58678,0.54927,-0.07222,0.19910,0.98747,0,0,59615
296.660000,450.333840,-1.22060,1.46472,0.06103,-0.06978,0.19666,0.98991,0,0,59616
296.665000,450.333840,-0.67133,1.09854,-0.18309,-0.06856,0.20008,0.99259,0,0,59617
296.670000,450.333840,0.12206,0.79339,0.06103,-0.06881,0.20594,0.99454,0,0,59618
296.675000,450.335296,0.61030,0.42721,0.42721,-0.06930,0.21155,0.99528,0,0,59619
296.680000,450.335296,0.61030,0.30515,0.36618,-0.07052,0.21594,0.99479,0,0,59620
296.685000,450.335296,0.06103,0.36618,0.24412,-0.06930,0.21765,0.99528,0,0,59621
296.690000,450.336237,-0.61030,0.61030,0.12206,-0.06905,0.22009,0.99503,0,0,59622
296.695000,450.336237,-0.97648,0.48824,-0.06103,-0.07027,0.22277,0.99137,0,0,59623
296.700000,450.336237,-0.73236,0.24412,-0.06103,-0.07320,0.22692,0.98722,0,0,59624
296.705000,450.347448,-0.24412,0.24412,0.12206,-0.07466,0.22985,0.98454,0,0,59625
296.710000,450.347448,0.67133,0.18309,0.30515,-0.07686,0.23278,0.98088,0,0,59626
296.715000,450.347448,1.34266,-0.06103,0.85442,-0.07979,0.23497,0.97820,0,0,59627
296.720000,450.363850,1.58678,-0.18309,1.28163,-0.07759,0.23351,0.97478,0,0,59628
296.725000,450.363850,1.52575,-0.30515,1.64781,-0.07540,0.23009,0.97210,0,0,59629
296.730000,450.363850,1.34266,-0.30515,1.76987,-0.07296,0.22497,0.96990,0,0,59630
296.735000,450.378772,0.97648,-0.12206,2.01399,-0.07100,0.21960,0.96917,0,0,59631
296.740000,450.378772,0.18309,0.24412,2.31914,-0.07125,0.21326,0.96966,0,0,59632
296.745000,450.378772,-0.12206,0.61030,2.31914,-0.07149,0.20545,0.97258,0,0,59633
296.750000,450.392604,0.00000,0.79339,2.25811,-0.06978,0.19910,0.97698,0,0,59634
296.755000,450.392604,0.24412,0.85442,2.38017,-0.07052,0.19276,0.98478,0,0,59635
296.760000,450.392604,0.42721,0.73236,2.44120,-0.07418,0.19032,0.99040,0,0,59636
296.765000,450.438933,0.73236,0.30515,2.13605,-0.07662,0.18642,0.99210,0,0,59637
296.770000,450.438933,0.85442,0.12206,1.52575,-0.07686,0.18276,0.99015,0,0,59638
296.775000,450.438933,0.79339,0.12206,1.03751,-0.07906,0.18007,0.99186,0,0,59639
296.780000,450.453947,0.79339,0.18309,0.79339,-0.07881,0.17714,0.99601,0,0,59640
296.785000,450.453947,0.54927,0.00000,0.24412,-0.07710,0.17666,0.99576,0,0,59641
296.790000,450.453947,0.00000,-0.73236,-0.97648,-0.07857,0.17934,0.98942,0,0,59642
296.795000,450.455273,-0.12206,-1.34266,-1.76987,-0.08174,0.18568,0.98015,0,0,59643
296.800000,450.455273,0.18309,-1.76987,-2.13605,-0.08491,0.19471,0.97210,0,0,59644
296.805000,450.455273,0.48824,-1.76987,-2.07502,-0.08442,0.20228,0.96404,0,0,59645
296.810000,450.456167,0.30515,-1.34266,-2.13605,-0.08247,0.20960,0.95721,0,0,59646
296.815000,450.456167,-0.73236,-0.73236,-2.01399,-0.07906,0.21643,0.95184,0,0,59647
296.820000,450.456167,-1.40369,-0.12206,-1.58678,-0.07515,0.21936,0.94965,0,0,59648
296.825000,450.467551,-2.19708,0.54927,-1.09854,-0.07076,0.22106,0.94867,0,0,59649
296.830000,450.467551,-2.56326,1.09854,-0.67133,-0.06905,0.21936,0.94818,0,0,59650
296.835000,450.467551,-2.31914,1.58678,-0.42721,-0.06856,0.21960,0.94916,0,0,59651
296.840000,450.483874,-1.58678,1.89193,0.24412,-0.06954,0.22106,0.95648,0,0,59652
296.845000,450.483874,-0.97648,1.89193,0.79339,-0.06856,0.22302,0.96234,0,0,59653
296.850000,450.483874,-0.36618,1.70884,1.03751,-0.06832,0.22326,0.96697,0,0,59654
296.855000,450.500363,0.36618,1.46472,1.15957,-0.07174,0.22228,0.97039,0,0,59655
296.860000,450.500363,1.22060,1.15957,1.40369,-0.07296,0.22009,0.97454,0,0,59656
296.865000,450.500363,1.95296,0.97648,1.70884,-0.07100,0.21740,0.97673,0,0,59657
296.870000,450.512478,2.01399,0.91545,1.64781,-0.06881,0.21423,0.97722,0,0,59658
296.875000,450.512478,2.13605,0.91545,1.52575,-0.06930,0.20911,0.97673,0,0,59659
296.880000,450.512478,2.38017,1.03751,1.64781,-0.07320,0.20496,0.97698,0,0,59660
296.885000,450.543812,2.68532,0.97648,1.76987,-0.07491,0.20252,0.97502,0,0,59661
296.890000,450.543812,2.68532,0.73236,1.70884,-0.07759,0.19959,0.97283,0,0,59662
296.895000,450.543812,2.31914,0.54927,1.76987,-0.07930,0.19666,0.97258,0,0,59663
296.900000,450.588753,1.95296,0.61030,1.40369,-0.08028,0.19374,0.97283,0,0,59664
296.905000,450.588753,1.28163,0.48824,1.15957,-0.07954,0.19178,0.97063,0,0,59665
296.910000,450.588753,0.48824,0.61030,0.61030,-0.07857,0.19130,0.96892,0,0,59666
296.915000,450.633850,-0.18309,0.73236,0.06103,-0.07686,0.19544,0.96795,0,0,59667
296.920000,450.633850,-0.61030,0.91545,-0.24412,-0.07832,0.20447,0.96624,0,0,59668
296.925000,450.633850,-1.34266,1.28163,-0.18309,-0.07954,0.21179,0.96453,0,0,59669
296.930000,450.678848,-2.38017,1.89193,-0.06103,-0.07637,0.21472,0.96575,0,0,59670
296.935000,450.678848,-3.35665,2.31914,-0.06103,-0.07637,0.21765,0.96746,0,0,59671
296.940000,450.678848,-4.02798,2.56326,0.12206,-0.07808,0.21618,0.96966,0,0,59672
296.945000,450.708957,-3.84489,2.86841,0.12206,-0.08052,0.21374,0.97185,0,0,59673
296.950000,450.708957,-2.50223,2.56326,0.00000,-0.08052,0.21179,0.97429,0,0,59674
296.955000,450.708957,-0.36618,1.70884,-0.12206,-0.08174,0.21130,0.97698,0,0,59675
296.960000,450.709913,1.95296,0.79339,-0.12206,-0.08125,0.21057,0.97868,0,0,59676
296.965000,450.709913,4.45519,0.12206,0.18309,-0.08150,0.21008,0.97917,0,0,59677
296.970000,450.709913,5.91991,-0.18309,0.30515,-0.08101,0.20911,0.97917,0,0,59678
296.975000,450.711345,6.71330,-0.42721,0.54927,-0.08101,0.20642,0.97942,0,0,59679
296.980000,450.711345,6.59124,-0.24412,0.91545,-0.07906,0.20252,0.98039,0,0,59680
296.985000,450.711345,5.55373,0.36618,1.22060,-0.07906,0.20203,0.98381,0,0,59681
296.990000,450.712552,3.84489,0.85442,1.22060,-0.07979,0.20057,0.98893,0,0,59682
296.995000,450.712552,1.52575,1.22060,0.61030,-0.08003,0.20008,0.99406,0,0,59683
297.000000,450.712552,-0.30515,1.52575,0.00000,-0.07808,0.20081,0.99528,0,0,59684
297.005000,450.713934,-1.64781,1.83090,-0.24412,-0.07613,0.20325,0.99332,0,0,59685
297.010000,450.713934,-2.92944,2.13605,0.00000,-0.07662,0.20764,0.99406,0,0,59686
297.015000,450.713934,-3.29562,2.19708,0.00000,-0.07881,0.21228,0.99747,0,0,59687
297.020000,450.714910,-3.11253,1.76987,-0.24412,-0.07979,0.21472,0.99796,0,0,59688
297.025000,450.714910,-2.92944,1.15957,-0.36618,-0.07784,0.21814,0.99235,0,0,59689
297.030000,450.714910,-2.68532,0.85442,-0.36618,-0.07637,0.22204,0.98625,0,0,59690
297.035000,450.716225,-2.13605,0.67133,0.00000,-0.07637,0.22521,0.98186,0,0,59691
297.040000,450.716225,-1.58678,0.97648,0.24412,-0.07369,0.22643,0.97722,0,0,59692
297.045000,450.716225,-1.03751,1.15957,0.30515,-0.07271,0.22765,0.97356,0,0,59693
297.050000,450.717452,-0.54927,1.22060,0.36618,-0.07735,0.22912,0.97405,0,0,59694
297.055000,450.717452,0.00000,1.34266,0.73236,-0.07881,0.22838,0.97576,0,0,59695
297.060000,450.717452,0.67133,1.58678,1.09854,-0.07442,0.22424,0.98137,0,0,59696
297.080000,450.723704,2.80738,0.79339,1.64781,-0.07174,0.20764,0.98503,3,0,59697
297.085000,450.723704,2.99047,0.85442,1.70884,-0.07027,0.20764,0.98381,0,0,59698
297.090000,450.723704,2.92944,0.79339,1.89193,-0.07491,0.20667,0.98283,0,0,59699
297.095000,450.737603,2.80738,0.67133,2.07502,-0.07832,0.20545,0.98161,0,0,59700
297.100000,450.737603,2.31914,0.91545,2.13605,-0.07369,0.20179,0.98186,0,0,59701
297.105000,450.737603,1.83090,1.15957,1.89193,-0.07320,0.20008,0.98625,0,0,59702
297.110000,450.752526,1.22060,1.52575,1.95296,-0.07930,0.19984,0.99357,0,0,59703
297.115000,450.752526,1.22060,1.58678,1.83090,-0.08418,0.19813,0.99942,0,0,59704
297.120000,450.752526,1.34266,1.52575,1.76987,-0.08320,0.19569,1.00577,0,0,59705
297.125000,450.767830,1.52575,1.28163,1.76987,-0.07784,0.19252,1.01016,0,0,59706
297.130000,450.767830,1.83090,1.15957,1.64781,-0.07784,0.19227,1.01236,0,0,59707
297.135000,450.767830,2.13605,0.91545,1.58678,-0.08369,0.19374,1.01504,0,0,59708
297.140000,450.798953,2.13605,0.91545,1.52575,-0.08686,0.19422,1.01675,0,0,59709
297.145000,450.798953,1.70884,1.09854,1.40369,-0.08833,0.19398,1.02138,0,0,59710
297.150000,450.798953,1.09854,1.22060,1.28163,-0.09052,0.19130,1.02773,0,0,59711
297.155000,450.843917,0.67133,1.28163,1.40369,-0.09248,0.18739,1.03432,0,0,59712
297.160000,450.843917,0.67133,1.22060,1.70884,-0.09540,0.18154,1.03920,0,0,59713
297.165000,450.843917,1.22060,0.67133,1.70884,-0.09760,0.17592,1.04237,0,0,59714
297.170000,450.888743,2.44120,0.00000,1.76987,-0.10126,0.17129,1.04286,0,0,59715
297.175000,450.888743,3.66180,-0.30515,2.13605,-0.10224,0.16665,1.04334,0,0,59716
297.180000,450.888743,4.94343,-0.48824,2.74635,-0.10199,0.16250,1.04554,0,0,59717
297.185000,450.963870,5.73682,-0.67133,3.17356,-0.10394,0.15909,1.04530,0,0,59718
297.190000,450.963870,6.22506,-0.85442,3.29562,-0.11053,0.15421,1.04847,0,0,59719
297.195000,450.963870,6.22506,-0.97648,3.23459,-0.11395,0.14567,1.05432,0,0,59720
297.200000,450.964968,6.71330,-0.91545,3.47871,-0.11517,0.13347,1.06482,0,0,59721
297.205000,450.964968,7.38463,-0.85442,3.90592,-0.11834,0.11810,1.07921,0,0,59722
297.210000,450.964968,8.30008,-1.15957,4.21107,-0.12371,0.10443,1.09458,0,0,59723
297.215000,450.966329,10.06995,-1.70884,4.08901,-0.13152,0.09199,1.10922,0,0,59724
297.220000,450.966329,11.22952,-2.56326,3.60077,-0.14030,0.08540,1.11947,0,0,59725
297.225000,450.966329,11.83982,-3.29562,2.92944,-0.15030,0.08052,1.12704,0,0,59726
297.230000,450.967874,11.71776,-3.47871,2.19708,-0.15592,0.07662,1.13411,0,0,59727
297.235000,450.967874,10.86334,-3.29562,1.52575,-0.16348,0.07149,1.14509,0,0,59728
297.240000,450.967874,9.39862,-3.23459,0.73236,-0.16934,0.06222,1.15900,0,0,59729
297.245000,450.968937,8.54420,-3.60077,0.00000,-0.16982,0.05002,1.17096,0,0,59730
297.250000,450.968937,8.17802,-4.51622,-0.79339,-0.17080,0.03245,1.18242,0,0,59731
297.255000,450.968937,8.54420,-6.04197,-1.70884,-0.17153,0.01635,1.19023,0,0,59732
297.260000,450.970171,9.70377,-7.56772,-2.74635,-0.17226,0.00390,1.19584,0,0,59733
297.265000,450.970171,11.77879,-9.33759,-4.27210,-0.17226,-0.00366,1.20438,0,0,59734
297.270000,450.970171,13.48763,-10.74128,-5.85888,-0.17470,-0.00708,1.21000,0,0,59735
297.275000,450.971446,14.21999,-11.90085,-7.68978,-0.18032,-0.00390,1.21292,0,0,59736
297.280000,450.971446,13.36557,-12.51115,-9.58171,-0.18788,0.00390,1.21805,0,0,59737
297.285000,450.971446,10.49716,-12.51115,-11.83982,-0.19398,0.01537,1.22293,0,0,59738
297.290000,450.972645,4.33313,-11.83982,-14.76926,-0.20130,0.02879,1.23196,0,0,59739
297.295000,450.972645,-1.83090,-10.92437,-16.96634,-0.20691,0.03831,1.24147,0,0,59740
297.300000,450.972645,-7.62875,-9.82583,-18.91930,-0.21033,0.04416,1.25270,0,0,59741
297.335000,450.978966,-15.62368,-17.82076,-25.02230,-0.20276,0.05295,1.28198,6,0,59742
297.340000,450.978966,-12.14497,-20.01784,-26.54805,-0.18471,0.04319,1.26221,0,0,59743
297.345000,450.978966,-5.73682,-24.10685,-26.12084,-0.17348,0.04538,1.25440,0,0,59744
297.350000,450.992825,-1.09854,-27.46350,-23.61861,-0.20252,0.05295,1.24611,0,0,59745
297.355000,450.992825,3.23459,-29.90470,-23.06934,-0.21960,0.05124,1.23000,0,0,59746
297.360000,450.992825,7.50669,-33.07826,-25.20539,-0.20374,0.05197,1.22171,0,0,59747
297.365000,451.068860,11.65673,-35.45843,-25.99878,-0.18471,0.05002,1.20780,0,0,59748
297.370000,451.068860,14.15896,-37.47242,-24.35097,-0.18568,0.04221,1.19365,0,0,59749
297.375000,451.068860,14.64720,-39.18126,-23.80170,-0.19056,0.03733,1.17632,0,0,59750
297.380000,451.143964,13.85381,-40.40186,-25.63260,-0.19008,0.03343,1.15802,0,0,59751
297.385000,451.143964,12.75527,-41.01216,-27.95174,-0.18617,0.03050,1.13924,0,0,59752
297.390000,451.143964,11.41261,-41.92761,-30.08779,-0.17739,0.02513,1.12167,0,0,59753
297.395000,451.145193,11.16849,-43.02615,-31.73560,-0.16519,0.02440,1.10142,0,0,59754
297.400000,451.145193,10.98540,-43.94160,-33.62753,-0.15543,0.02928,1.07775,0,0,59755
297.405000,451.145193,10.31407,-44.24675,-36.12976,-0.14811,0.03855,1.06164,0,0,59756
297.410000,451.146131,8.60523,-43.57542,-38.69302,-0.14201,0.05563,1.05140,0,0,59757
297.415000,451.146131,6.28609,-42.90409,-40.03568,-0.13737,0.07857,1.04359,0,0,59758
297.420000,451.146131,3.41768,-42.59894,-40.82907,-0.13444,0.09906,1.03895,0,0,59759
297.425000,451.147930,0.12206,-42.17173,-41.68349,-0.13200,0.11883,1.03358,0,0,59760
297.430000,451.147930,-3.05150,-41.68349,-42.72100,-0.12908,0.13444,1.02919,0,0,59761
297.435000,451.147930,-6.34712,-41.13422,-43.94160,-0.12542,0.14982,1.02529,0,0,59762
297.440000,451.148774,-8.36111,-40.95113,-45.04014,-0.11956,0.16519,1.01870,0,0,59763
297.445000,451.148774,-9.88686,-41.31731,-46.07765,-0.11248,0.17958,1.00772,0,0,59764
297.450000,451.148774,-11.10746,-41.92761,-46.87104,-0.10516,0.19398,0.99357,0,0,59765
297.455000,451.150316,-12.02291,-42.53791,-47.60340,-0.09662,0.20496,0.97502,0,0,59766
297.460000,451.150316,-13.18248,-42.96512,-48.45782,-0.08540,0.21448,0.94940,0,0,59767
297.465000,451.150316,-14.64720,-42.78203,-48.76297,-0.07906,0.22521,0.92940,0,0,59768
297.470000,451.151236,-16.17295,-42.23276,-48.76297,-0.07149,0.23375,0.91061,0,0,59769
297.475000,451.151236,-17.39355,-41.68349,-48.51885,-0.05758,0.23741,0.88987,0,0,59770
297.480000,451.151236,-17.63767,-41.07319,-48.21370,-0.04246,0.23814,0.87059,0,0,59771
297.485000,451.152583,-17.57664,-40.46289,-47.90855,-0.03270,0.23961,0.85766,0,0,59772
297.490000,451.152583,-16.53913,-39.97465,-47.54237,-0.02196,0.24278,0.84570,0,0,59773
297.495000,451.152583,-14.64720,-39.85259,-47.66443,-0.01000,0.24815,0.83228,0,0,59774
297.515000,451.158747,-11.90085,-39.12023,-48.57988,0.04002,0.30183,0.77104,3,0,59775
297.520000,451.158747,-13.24351,-37.77757,-48.57988,0.05148,0.33062,0.75494,0,0,59776
297.525000,451.158747,-15.56265,-35.82461,-47.78649,0.06124,0.35600,0.73810,0,0,59777
297.530000,451.172484,-16.78325,-34.17680,-46.74898,0.07735,0.37625,0.71858,0,0,59778
297.535000,451.172484,-17.33252,-31.79663,-45.40632,0.09882,0.39016,0.69760,0,0,59779
297.540000,451.172484,-16.90531,-29.66058,-44.24675,0.11102,0.40992,0.68125,0,0,59780
297.545000,451.218870,-15.98986,-27.15835,-42.78203,0.12346,0.43676,0.66978,0,0,59781
297.550000,451.218870,-15.19647,-24.16788,-40.89010,0.13859,0.46653,0.66222,0,0,59782
297.555000,451.218870,-14.95235,-21.23844,-38.38787,0.15030,0.48995,0.66880,0,0,59783
297.560000,451.263961,-14.76926,-18.85827,-34.84813,0.16202,0.51484,0.67588,0,0,59784
297.565000,451.263961,-15.31853,-16.05089,-30.02676,0.16202,0.53753,0.68808,0,0,59785
297.570000,451.263961,-15.50162,-13.36557,-27.03629,0.16519,0.54632,0.69491,0,0,59786
297.575000,451.308954,-14.64720,-11.16849,-24.10685,0.17617,0.54363,0.70858,0,0,59787
297.580000,451.308954,-13.42660,-9.70377,-20.44505,0.18934,0.53656,0.72736,0,0,59788
297.585000,451.308954,-11.53467,-8.72729,-16.66119,0.19471,0.52850,0.74152,0,0,59789
297.590000,451.368990,-7.44566,-8.54420,-12.75527,0.19032,0.52387,0.74908,0,0,59790
297.595000,451.368990,-3.66180,-8.54420,-10.19201,0.18812,0.51679,0.75030,0,0,59791
297.600000,451.368990,-0.06103,-8.78832,-7.62875,0.19300,0.50606,0.75176,0,0,59792
297.605000,451.370187,3.47871,-8.84935,-5.12652,0.19569,0.49459,0.75542,0,0,59793
297.610000,451.370187,6.59124,-8.54420,-2.19708,0.19496,0.47751,0.76177,0,0,59794
297.615000,451.370187,7.87287,-8.30008,-0.30515,0.18812,0.45970,0.76836,0,0,59795
297.620000,451.371215,8.17802,-8.36111,0.85442,0.17812,0.44091,0.77031,0,0,59796
297.625000,451.371215,7.56772,-8.42214,1.22060,0.16982,0.41895,0.76762,0,0,59797
297.630000,451.371215,6.40815,-7.81184,0.91545,0.16665,0.40553,0.76274,0,0,59798
297.635000,451.372437,4.39416,-6.53021,0.54927,0.16275,0.39601,0.75957,0,0,59799
297.640000,451.372437,0.67133,-4.39416,0.00000,0.15567,0.38698,0.76177,0,0,59800
297.645000,451.372437,-2.07502,-2.74635,-0.85442,0.15055,0.37820,0.76470,0,0,59801
297.650000,451.373777,-3.90592,-1.34266,-1.83090,0.14762,0.37039,0.76860,0,0,59802
297.655000,451.373777,-4.57725,-0.18309,-2.38017,0.14494,0.36649,0.77958,0,0,59803
297.660000,451.373777,-3.35665,0.54927,-2.44120,0.14176,0.36112,0.79593,0,0,59804
297.665000,451.375075,-1.09854,0.61030,-2.13605,0.13981,0.35722,0.81325,0,0,59805
297.670000,451.375075,1.64781,0.42721,-1.40369,0.13566,0.35453,0.82911,0,0,59806
297.675000,451.375075,4.69931,0.06103,-0.36618,0.13518,0.34697,0.84326,0,0,59807
297.680000,451.376091,6.77433,-0.12206,0.79339,0.12883,0.34014,0.85864,0,0,59808
297.685000,451.376091,7.81184,0.00000,1.64781,0.11810,0.32842,0.87474,0,0,59809
297.690000,451.376091,7.68978,0.24412,2.07502,0.11175,0.31305,0.88645,0,0,59810
297.695000,451.377561,6.40815,0.61030,1.70884,0.11151,0.30012,0.89719,0,0,59811
297.700000,451.377561,4.63828,0.91545,0.85442,0.10931,0.29036,0.90500,0,0,59812
297.705000,451.377561,3.05150,1.28163,-0.48824,0.10394,0.28792,0.90768,0,0,59813
297.735000,451.383812,3.66180,1.70884,-0.79339,0.09882,0.30110,0.90500,3,0,59814
297.740000,451.383812,3.53974,1.64781,0.48824,0.09565,0.29304,0.91329,0,0,59815
297.745000,451.383812,3.78386,1.70884,1.83090,0.09272,0.28450,0.91890,0,0,59816
297.750000,451.397560,3.84489,1.95296,2.68532,0.09174,0.27596,0.92574,0,0,59817
297.755000,451.397560,3.78386,1.89193,3.47871,0.09199,0.26572,0.92988,0,0,59818
297.760000,451.397560,3.84489,1.70884,3.96695,0.09101,0.26206,0.92622,0,0,59819
297.765000,451.428943,4.15004,1.95296,4.94343,0.08882,0.26352,0.92452,0,0,59820
297.770000,451.428943,4.82137,2.31914,5.85888,0.08564,0.26279,0.92574,0,0,59821
297.775000,451.428943,5.43167,3.11253,6.83536,0.08418,0.25644,0.92744,0,0,59822
297.780000,451.473966,5.67579,4.08901,7.87287,0.08150,0.25059,0.93013,0,0,59823
297.785000,451.473966,5.24858,5.12652,8.97141,0.08101,0.24132,0.93818,0,0,59824
297.790000,451.473966,4.82137,5.79785,9.27656,0.07832,0.23131,0.95014,0,0,59825
297.795000,451.518971,4.08901,6.53021,8.91038,0.07296,0.22424,0.96136,0,0,59826
297.800000,451.518971,3.11253,7.20154,8.36111,0.06637,0.22204,0.97014,0,0,59827
297.805000,451.518971,2.38017,7.26257,7.44566,0.06539,0.21692,0.97820,0,0,59828
297.810000,451.563791,2.13605,7.38463,6.95742,0.06637,0.21204,0.98942,0,0,59829
297.815000,451.563791,2.13605,7.56772,6.40815,0.06124,0.21179,0.99894,0,0,59830
297.820000,451.563791,2.56326,7.75081,6.10300,0.05710,0.21033,1.00870,0,0,59831
297.825000,451.593973,3.17356,7.68978,5.91991,0.06149,0.21008,1.01724,0,0,59832
297.830000,451.593973,2.86841,6.71330,6.16403,0.05856,0.21204,1.02212,0,0,59833
297.835000,451.593973,2.07502,5.79785,6.40815,0.05441,0.21082,1.02260,0,0,59834
297.840000,451.594939,0.91545,5.37064,6.46918,0.05392,0.20740,1.01992,0,0,59835
297.845000,451.594939,-0.36618,5.30961,6.40815,0.05295,0.20154,1.01821,0,0,59836
297.850000,451.594939,-1.28163,4.88240,6.16403,0.05295,0.19642,1.01309,0,0,59837
297.855000,451.596198,-1.64781,4.21107,5.61476,0.05466,0.19227,1.00650,0,0,59838
297.860000,451.596198,-1.34266,3.84489,5.24858,0.05685,0.18861,1.00186,0,0,59839
297.865000,451.596198,-0.67133,3.60077,5.18755,0.05856,0.18568,0.99845,0,0,59840
297.870000,451.597394,0.12206,3.66180,5.37064,0.05563,0.18471,0.99528,0,0,59841
297.875000,451.597394,0.61030,4.33313,5.73682,0.05417,0.18446,0.99723,0,0,59842
297.880000,451.597394,0.97648,4.94343,6.04197,0.05514,0.18080,1.00430,0,0,59843
297.885000,451.598751,1.46472,5.37064,6.04197,0.05246,0.17470,1.01260,0,0,59844
297.890000,451.598751,1.58678,5.24858,5.55373,0.04782,0.16982,1.02138,0,0,59845
297.895000,451.598751,1.15957,4.69931,4.88240,0.04660,0.16494,1.02626,0,0,59846
297.900000,451.599995,0.30515,4.33313,4.08901,0.04563,0.16080,1.02846,0,0,59847
297.905000,451.599995,-0.61030,3.90592,3.17356,0.04465,0.15762,1.02919,0,0,59848
297.910000,451.599995,-1.40369,3.72283,2.38017,0.04416,0.15738,1.02895,0,0,59849
297.915000,451.601375,-1.95296,3.11253,1.46472,0.04368,0.15860,1.02797,0,0,59850
297.920000,451.601375,-2.44120,2.38017,0.73236,0.04758,0.15982,1.02212,0,0,59851
297.925000,451.601375,-2.86841,2.07502,0.18309,0.05466,0.16153,1.01626,0,0,59852
297.930000,451.602680,-3.47871,2.38017,-0.18309,0.05856,0.16592,1.01309,0,0,59853
297.935000,451.602680,-4.45519,2.62429,-0.67133,0.05880,0.17397,1.00967,0,0,59854
297.940000,451.602680,-5.55373,2.44120,-1.09854,0.05905,0.18129,1.00406,0,0,59855
297.960000,451.608846,-3.96695,2.68532,0.79339,0.05880,0.20594,0.99918,3,0,59856
297.965000,451.608846,-2.44120,2.50223,1.64781,0.05905,0.20642,1.00357,0,0,59857
297.970000,451.608846,-1.22060,2.25811,2.31914,0.06295,0.20496,1.00699,0,0,59858
297.975000,451.623793,-0.73236,2.01399,2.56326,0.06539,0.20252,1.01333,0,0,59859
297.980000,451.623793,-1.22060,1.70884,2.68532,0.06222,0.20179,1.01602,0,0,59860
297.985000,451.623793,-2.86841,1.40369,2.62429,0.06173,0.20154,1.01333,0,0,59861
297.990000,451.637506,-4.39416,1.28163,2.56326,0.05929,0.19935,1.00967,0,0,59862
297.995000,451.637506,-5.55373,1.15957,2.62429,0.05514,0.19471,1.00333,0,0,59863
298.000000,451.637506,-6.22506,1.28163,2.31914,0.05368,0.18861,0.99576,0,0,59864
298.005000,451.698753,-5.12652,1.15957,2.01399,0.05636,0.18276,0.98649,0,0,59865
298.010000,451.698753,-3.23459,0.79339,2.07502,0.05856,0.17885,0.98064,0,0,59866
298.015000,451.698753,-0.48824,0.42721,2.44120,0.05929,0.17714,0.97429,0,0,59867
298.020000,451.758981,2.38017,0.18309,2.99047,0.05978,0.17519,0.97014,0,0,59868
298.025000,451.758981,4.27210,0.24412,3.35665,0.05734,0.17519,0.96990,0,0,59869
298.030000,451.758981,4.88240,0.73236,3.66180,0.05490,0.17178,0.97527,0,0,59870
298.035000,451.818796,4.39416,1.40369,3.78386,0.05466,0.17031,0.98234,0,0,59871
298.040000,451.818796,2.99047,2.01399,3.72283,0.04978,0.16763,0.99162,0,0,59872
298.045000,451.818796,0.91545,2.56326,3.17356,0.04538,0.16372,1.00064,0,0,59873
298.050000,451.820115,-1.83090,3.29562,2.13605,0.04490,0.15616,1.00870,0,0,59874
298.055000,451.820115,-5.30961,3.90592,0.61030,0.04465,0.14908,1.01968,0,0,59875
298.060000,451.820115,-7.14051,3.78386,-0.30515,0.04465,0.14835,1.02700,0,0,59876
298.065000,451.821547,-8.23905,3.11253,-1.03751,0.04392,0.15323,1.02553,0,0,59877
298.070000,451.821547,-8.78832,2.38017,-1.89193,0.04465,0.15884,1.01797,0,0,59878
298.075000,451.821547,-8.91038,1.89193,-2.86841,0.04904,0.16372,1.01016,0,0,59879
298.080000,451.822505,-9.09347,1.52575,-3.47871,0.05319,0.17007,1.00064,0,0,59880
298.085000,451.822505,-8.91038,0.85442,-3.53974,0.05466,0.17788,0.98918,0,0,59881
298.090000,451.822505,-7.68978,0.24412,-3.23459,0.05685,0.18422,0.97600,0,0,59882
298.095000,451.823907,-5.43167,-0.54927,-2.86841,0.05612,0.19178,0.96697,0,0,59883
298.100000,451.823907,-2.13605,-0.79339,-2.13605,0.05588,0.19715,0.96307,0,0,59884
298.105000,451.823907,2.13605,-1.22060,-0.91545,0.05685,0.20032,0.96551,0,0,59885
298.110000,451.825055,4.76034,-1.52575,-0.06103,0.05929,0.20130,0.97088,0,0,59886
298.115000,451.825055,6.22506,-1.52575,0.48824,0.06173,0.20374,0.97332,0,0,59887
298.120000,451.825055,6.22506,-1.22060,0.97648,0.06027,0.20423,0.97698,0,0,59888
298.125000,451.826597,4.69931,-0.54927,1.58678,0.05758,0.20350,0.97942,0,0,59889
298.130000,451.826597,1.76987,0.36618,1.83090,0.05417,0.20081,0.98186,0,0,59890
298.135000,451.826597,-0.73236,0.79339,1.52575,0.05539,0.19788,0.98234,0,0,59891
298.140000,451.827545,-2.68532,1.15957,0.79339,0.05563,0.19471,0.98283,0,0,59892
298.145000,451.827545,-3.84489,1.46472,-0.18309,0.05734,0.19081,0.98234,0,0,59893
298.150000,451.827545,-4.15004,1.46472,-0.97648,0.06027,0.18959,0.98088,0,0,59894
298.185000,451.833952,-3.96695,1.83090,-1.03751,0.05222,0.20740,0.95941,6,0,59895
298.190000,451.833952,-2.56326,2.01399,-0.36618,0.05173,0.20618,0.96478,0,0,59896
298.195000,451.833952,-0.91545,2.07502,0.24412,0.05173,0.20325,0.97234,0,0,59897
298.200000,451.847628,0.73236,1.64781,1.03751,0.05368,0.19935,0.98259,0,0,59898
298.205000,451.847628,2.25811,0.91545,1.64781,0.05563,0.19618,0.98820,0,0,59899
298.210000,451.847628,2.50223,0.48824,2.38017,0.05270,0.19447,0.99137,0,0,59900
298.215000,451.983941,2.07502,0.54927,2.86841,0.05124,0.19032,0.99210,0,0,59901
298.220000,451.983941,1.28163,0.97648,2.74635,0.05246,0.18373,0.99015,0,0,59902
298.225000,451.983941,0.00000,1.46472,2.68532,0.05368,0.17592,0.98991,0,0,59903
298.230000,451.984897,-0.61030,1.58678,2.62429,0.05173,0.16665,0.99040,0,0,59904
298.235000,451.984897,-1.09854,1.58678,2.31914,0.04782,0.15811,0.98771,0,0,59905
298.240000,451.984897,-1.52575,1.89193,1.70884,0.04368,0.15250,0.98698,0,0,59906
298.245000,451.986231,-1.76987,2.31914,0.97648,0.04392,0.14982,0.99088,0,0,59907
298.250000,451.986231,-1.83090,2.38017,0.24412,0.04465,0.15055,0.99259,0,0,59908
298.255000,451.986231,-1.76987,1.95296,-0.48824,0.04368,0.15543,0.99332,0,0,59909
298.260000,451.987425,-1.58678,1.70884,-0.91545,0.04197,0.16226,0.99308,0,0,59910
298.265000,451.987425,-1.83090,1.40369,-1.70884,0.04343,0.16812,0.99235,0,0,59911
298.270000,451.987425,-2.19708,1.40369,-2.56326,0.04856,0.17470,0.99088,0,0,59912
298.275000,451.988932,-2.44120,1.15957,-2.99047,0.05124,0.18276,0.98649,0,0,59913
298.280000,451.988932,-2.31914,0.73236,-2.80738,0.05246,0.18910,0.98039,0,0,59914
298.285000,451.988932,-1.89193,0.85442,-2.31914,0.05563,0.19569,0.97600,0,0,59915
298.290000,451.990277,-0.97648,1.09854,-1.76987,0.05661,0.20203,0.97307,0,0,59916
298.295000,451.990277,-0.30515,1.03751,-1.09854,0.05710,0.20447,0.97039,0,0,59917
298.300000,451.990277,0.30515,1.09854,-0.42721,0.06002,0.20276,0.96819,0,0,59918
298.305000,451.991176,0.73236,1.70884,0.12206,0.06002,0.20008,0.96990,0,0,59919
298.310000,451.991176,0.73236,2.01399,0.24412,0.05710,0.19642,0.97454,0,0,59920
298.315000,451.991176,0.67133,2.25811,0.18309,0.05563,0.19349,0.97868,0,0,59921
298.320000,451.992718,0.91545,2.38017,0.12206,0.05710,0.19203,0.97942,0,0,59922
298.325000,451.992718,1.58678,2.01399,0.24412,0.05734,0.19008,0.98161,0,0,59923
298.330000,451.992718,2.13605,1.89193,0.61030,0.05392,0.18910,0.98552,0,0,59924
298.350000,451.998807,2.01399,1.22060,0.73236,0.04978,0.18032,0.99674,3,0,59925
298.355000,451.998807,1.52575,1.09854,0.67133,0.05051,0.17641,0.99552,0,0,59926
298.360000,451.998807,0.73236,1.34266,0.61030,0.05026,0.17226,0.99454,0,0,59927
298.365000,452.012482,0.42721,1.52575,0.12206,0.04978,0.17178,0.99259,0,0,59928
298.370000,452.012482,0.36618,1.58678,-0.12206,0.04831,0.17617,0.99088,0,0,59929
298.375000,452.012482,0.30515,1.52575,-0.18309,0.04758,0.17788,0.98966,0,0,59930
298.380000,452.149020,0.06103,1.52575,-0.24412,0.05124,0.17934,0.98918,0,0,59931
298.385000,452.149020,-0.73236,1.83090,-0.24412,0.05319,0.18129,0.99113,0,0,59932
298.390000,452.149020,-1.46472,2.13605,-0.36618,0.05246,0.18251,0.99479,0,0,59933
298.395000,452.150047,-1.83090,2.38017,-0.42721,0.04953,0.18520,0.99918,0,0,59934
298.400000,452.150047,-1.83090,2.01399,-0.54927,0.04734,0.18617,1.00186,0,0,59935
298.405000,452.150047,-1.70884,1.95296,-0.67133,0.04709,0.18715,1.00260,0,0,59936
298.410000,452.152491,-1.28163,1.89193,-0.91545,0.04929,0.18837,1.00186,0,0,59937
298.415000,452.152491,-0.48824,1.64781,-0.85442,0.04953,0.19105,1.00308,0,0,59938
298.420000,452.152491,0.36618,0.97648,-0.67133,0.04636,0.19178,1.00284,0,0,59939
298.425000,452.153732,1.22060,0.42721,-0.54927,0.04441,0.19154,0.99942,0,0,59940
298.430000,452.153732,1.76987,0.24412,-0.79339,0.04441,0.19203,0.99552,0,0,59941
298.435000,452.153732,1.83090,0.42721,-0.91545,0.04782,0.19374,0.99162,0,0,59942
298.440000,452.154984,1.52575,0.85442,-0.61030,0.04904,0.19471,0.99015,0,0,59943
298.445000,452.154984,1.28163,1.03751,-0.12206,0.04685,0.19252,0.99235,0,0,59944
298.450000,452.154984,1.40369,0.97648,0.36618,0.04587,0.18886,0.99406,0,0,59945
298.455000,452.156670,1.64781,1.15957,0.79339,0.04612,0.18593,0.99869,0,0,59946
298.460000,452.156670,2.13605,1.09854,1.15957,0.04343,0.18178,1.00235,0,0,59947
298.465000,452.156670,2.56326,0.97648,1.52575,0.04026,0.17568,1.00674,0,0,59948
298.470000,452.157560,2.92944,0.97648,1.89193,0.04050,0.17226,1.00894,0,0,59949
298.475000,452.157560,3.17356,0.85442,2.07502,0.04026,0.17056,1.01211,0,0,59950
298.480000,452.157560,2.68532,0.42721,2.01399,0.03758,0.16958,1.01333,0,0,59951
298.485000,452.164003,1.95296,0.12206,1.76987,0.03465,0.17226,1.00967,0,0,59952
298.490000,452.164003,0.85442,0.30515,1.34266,0.03318,0.17617,1.00455,0,0,59953
298.495000,452.164003,-0.73236,0.85442,0.73236,0.03270,0.17836,1.00186,0,0,59954
298.515000,452.165024,-4.57725,1.70884,-0.61030,0.04075,0.18446,0.99430,3,0,59955
298.520000,452.165024,-3.11253,1.58678,-0.18309,0.04124,0.18398,0.99210,0,0,59956
298.525000,452.165024,-1.40369,1.40369,0.12206,0.04026,0.18349,0.98991,0,0,59957
298.530000,452.177728,0.00000,1.34266,0.12206,0.04050,0.18398,0.98844,0,0,59958
298.535000,452.177728,0.73236,1.52575,0.18309,0.04270,0.18349,0.98942,0,0,59959
298.540000,452.177728,0.61030,1.76987,0.30515,0.04392,0.18178,0.99064,0,0,59960
298.545000,452.313877,-0.06103,2.01399,0.42721,0.04319,0.18105,0.99284,0,0,59961
298.550000,452.313877,-0.91545,2.31914,0.48824,0.04368,0.17885,0.99625,0,0,59962
298.555000,452.313877,-1.58678,2.25811,0.30515,0.04026,0.17934,0.99894,0,0,59963
298.560000,452.315070,-1.83090,2.13605,0.30515,0.03636,0.17983,1.00113,0,0,59964
298.565000,452.315070,-1.95296,2.07502,0.36618,0.03855,0.17666,1.00016,0,0,59965
298.570000,452.315070,-2.07502,2.01399,0.18309,0.04221,0.17275,1.00064,0,0,59966
298.575000,452.316190,-1.83090,1.70884,0.00000,0.04148,0.17104,1.00089,0,0,59967
298.580000,452.316190,-1.52575,1.15957,0.00000,0.03758,0.16958,0.99967,0,0,59968
298.585000,452.316190,-1.15957,0.79339,-0.18309,0.03855,0.16934,0.99625,0,0,59969
298.590000,452.317522,-0.85442,0.61030,-0.61030,0.03953,0.17031,0.99308,0,0,59970
298.595000,452.317522,-0.79339,0.48824,-1.22060,0.04002,0.17373,0.98966,0,0,59971
298.600000,452.317522,-1.03751,0.79339,-1.52575,0.04075,0.17812,0.98771,0,0,59972
298.605000,452.318971,-1.64781,1.22060,-1.40369,0.04148,0.18129,0.98698,0,0,59973
298.610000,452.318971,-1.64781,1.15957,-1.22060,0.04294,0.18422,0.98844,0,0,59974
298.615000,452.318971,-1.22060,0.85442,-0.97648,0.04050,0.18544,0.99137,0,0,59975
298.620000,452.320035,-0.48824,0.48824,-0.85442,0.03758,0.18446,0.99332,0,0,59976
298.625000,452.320035,0.79339,0.12206,-0.91545,0.03758,0.18446,0.99454,0,0,59977
298.630000,452.320035,1.58678,-0.36618,-1.09854,0.03831,0.18666,0.99503,0,0,59978
298.635000,452.321248,1.95296,-0.91545,-1.34266,0.03806,0.18837,0.99137,0,0,59979
298.640000,452.321248,1.70884,-1.03751,-1.46472,0.04172,0.18983,0.98576,0,0,59980
298.645000,452.321248,0.54927,-0.67133,-1.46472,0.04538,0.19349,0.98186,0,0,59981
298.650000,452.322382,-1.28163,0.12206,-1.52575,0.04563,0.19813,0.98039,0,0,59982
298.655000,452.322382,-3.66180,1.09854,-1.34266,0.04709,0.20106,0.97917,0,0,59983
298.660000,452.322382,-4.69931,1.76987,-1.03751,0.04831,0.20130,0.97990,0,0,59984
298.675000,452.328917,-3.96695,1.83090,-0.30515,0.05124,0.19398,0.98649,0,0,59985
298.680000,452.328917,-3.60077,1.70884,-0.42721,0.05588,0.19398,0.98356,0,0,59986
298.685000,452.328917,-3.17356,1.58678,-0.12206,0.05392,0.19740,0.98137,0,0,59987
298.690000,452.342668,-2.62429,1.28163,0.54927,0.04587,0.20057,0.97673,0,0,59988
298.695000,452.342668,-1.58678,0.97648,0.61030,0.04612,0.19764,0.97112,0,0,59989
298.700000,452.342668,-0.61030,0.79339,0.54927,0.04953,0.19471,0.96917,0,0,59990
298.705000,452.478985,0.24412,0.73236,0.61030,0.04856,0.19618,0.96819,0,0,59991
298.710000,452.478985,1.09854,0.67133,0.85442,0.04734,0.19959,0.96770,0,0,59992
298.715000,452.478985,1.95296,0.79339,1.03751,0.04612,0.20179,0.96844,0,0,59993
298.720000,452.479962,2.38017,0.79339,1.15957,0.04343,0.20398,0.97088,0,0,59994
298.725000,452.479962,2.74635,0.67133,1.34266,0.04172,0.20496,0.97551,0,0,59995
298.730000,452.479962,2.50223,0.61030,1.34266,0.04246,0.20398,0.97844,0,0,59996
298.735000,452.481361,1.76987,0.61030,1.15957,0.04368,0.20374,0.97917,0,0,59997
298.740000,452.481361,0.73236,0.67133,0.91545,0.04514,0.20423,0.98039,0,0,59998
298.745000,452.481361,-0.67133,0.79339,0.85442,0.04514,0.20740,0.97893,0,0,59999
298.750000,452.482575,-1.89193,1.28163,0.91545,0.04660,0.20813,0.97746,0,0,60000
298.755000,452.482575,-3.78386,1.83090,0.79339,0.04929,0.21204,0.97307,0,0,60001
298.760000,452.482575,-6.22506,2.62429,0.48824,0.04685,0.21862,0.96966,0,0,60002
298.765000,452.484007,-7.75081,3.05150,-0.06103,0.04978,0.22302,0.96331,0,0,60003
298.770000,452.484007,-8.72729,3.53974,-0.48824,0.05319,0.22716,0.95746,0,0,60004
298.775000,452.484007,-8.91038,3.66180,-0.42721,0.05246,0.23107,0.95355,0,0,60005
298.780000,452.485318,-7.62875,3.90592,-0.12206,0.05295,0.23400,0.94989,0,0,60006
298.785000,452.485318,-5.73682,3.53974,0.06103,0.05514,0.23814,0.94672,0,0,60007
298.790000,452.485318,-3.35665,2.86841,0.61030,0.05783,0.24180,0.94282,0,0,60008
298.795000,452.486277,-0.30515,2.07502,1.83090,0.05807,0.24498,0.93916,0,0,60009
298.800000,452.486277,2.01399,1.76987,2.86841,0.05807,0.24668,0.93574,0,0,60010
298.805000,452.486277,4.08901,1.70884,3.90592,0.05832,0.24424,0.93257,0,0,60011
298.810000,452.487602,5.37064,1.70884,4.88240,0.06173,0.23839,0.93525,0,0,60012
298.815000,452.487602,5.61476,1.89193,5.37064,0.06271,0.23400,0.93940,0,0,60013
298.820000,452.487602,4.15004,2.01399,5.37064,0.06442,0.22936,0.94086,0,0,60014
298.840000,452.493991,-4.82137,3.66180,1.95296,0.06978,0.23985,0.93428,3,0,60015
298.845000,452.493991,-5.79785,4.08901,1.28163,0.07296,0.24961,0.93598,0,0,60016
298.850000,452.493991,-5.85888,4.15004,1.28163,0.07759,0.25791,0.93672,0,0,60017
298.855000,452.507603,-4.57725,3.78386,1.76987,0.07564,0.26425,0.93135,0,0,60018
298.860000,452.507603,-2.74635,3.35665,2.25811,0.07174,0.26913,0.92476,0,0,60019
298.865000,452.507603,-0.48824,2.80738,2.68532,0.07198,0.27304,0.91695,0,0,60020
298.870000,452.643849,1.58678,2.31914,2.92944,0.07296,0.27889,0.90744,0,0,60021
298.875000,452.643849,3.72283,1.83090,3.29562,0.07100,0.28914,0.89743,0,0,60022
298.880000,452.643849,4.39416,2.01399,3.84489,0.07027,0.29817,0.89060,0,0,60023
298.885000,452.645294,4.63828,2.31914,4.76034,0.07222,0.30402,0.88304,0,0,60024
298.890000,452.645294,4.33313,2.80738,5.49270,0.07515,0.30671,0.87840,0,0,60025
298.895000,452.645294,3.53974,3.47871,6.04197,0.07442,0.30939,0.87303,0,0,60026
298.900000,452.646386,3.05150,3.72283,6.40815,0.07149,0.31232,0.86400,0,0,60027
298.905000,452.646386,2.99047,3.72283,6.83536,0.07491,0.31525,0.85424,0,0,60028
298.910000,452.646386,3.72283,3.47871,7.62875,0.07954,0.32110,0.84253,0,0,60029
298.915000,452.647552,5.06549,3.53974,8.60523,0.08198,0.32525,0.82814,0,0,60030
298.920000,452.647552,6.10300,4.08901,10.13098,0.08516,0.32696,0.81081,0,0,60031
298.925000,452.647552,5.67579,5.49270,11.35158,0.08760,0.32598,0.80178,0,0,60032
298.930000,452.649001,4.69931,7.32360,12.51115,0.09126,0.32379,0.79837,0,0,60033
298.935000,452.649001,3.53974,9.27656,13.48763,0.09174,0.32232,0.79959,0,0,60034
298.940000,452.649001,2.25811,11.29055,14.15896,0.08540,0.32354,0.80618,0,0,60035
298.945000,452.650043,0.97648,13.36557,14.70823,0.07954,0.32501,0.81935,0,0,60036
298.950000,452.650043,-0.48824,16.05089,15.25750,0.07735,0.32354,0.83960,0,0,60037
298.955000,452.650043,-1.58678,17.33252,15.86780,0.07442,0.32110,0.86059,0,0,60038
298.960000,452.651350,-2.50223,18.12591,16.66119,0.06759,0.31647,0.87718,0,0,60039
298.965000,452.651350,-3.17356,18.67518,17.51561,0.05636,0.31086,0.89475,0,0,60040
298.970000,452.651350,-2.50223,18.85827,18.43106,0.04929,0.30280,0.90890,0,0,60041
298.975000,452.652897,-0.97648,18.67518,19.22445,0.04758,0.29524,0.92037,0,0,60042
298.980000,452.652897,0.85442,18.30900,20.07887,0.04099,0.28670,0.92940,0,0,60043
298.985000,452.652897,2.56326,17.75973,20.68917,0.03343,0.27743,0.93208,0,0,60044
299.005000,452.658997,3.96695,16.66119,20.75020,0.02367,0.26572,0.91817,3,0,60045
299.010000,452.658997,3.05150,17.51561,20.50608,0.02196,0.26694,0.91744,0,0,60046
299.015000,452.658997,2.38017,17.94282,20.56711,0.02098,0.27108,0.92110,0,0,60047
299.020000,452.672546,2.07502,18.18694,20.68917,0.02220,0.27596,0.92452,0,0,60048
299.025000,452.672546,2.13605,18.24797,20.81123,0.02342,0.28304,0.92256,0,0,60049
299.030000,452.672546,2.19708,18.37003,20.93329,0.02196,0.29353,0.91744,0,0,60050
299.035000,452.808899,2.62429,18.43106,21.54359,0.01830,0.30622,0.91305,0,0,60051
299.040000,452.808899,3.72283,18.55312,22.64213,0.01196,0.31549,0.90817,0,0,60052
299.045000,452.808899,5.55373,18.91930,24.53406,0.00732,0.32232,0.90475,0,0,60053
299.050000,452.810002,6.95742,19.59063,26.24290,0.00415,0.32574,0.90597,0,0,60054
299.055000,452.810002,7.87287,20.26196,27.89071,0.00293,0.32403,0.90988,0,0,60055
299.060000,452.810002,8.30008,20.93329,29.72161,0.00049,0.31696,0.91573,0,0,60056
299.065000,452.811266,8.17802,21.84874,31.67457,-0.00366,0.30817,0.92696,0,0,60057
299.070000,452.811266,7.50669,23.19140,33.62753,-0.01147,0.29353,0.94257,0,0,60058
299.075000,452.811266,6.53021,23.98479,34.48195,-0.01952,0.27840,0.95599,0,0,60059
299.080000,452.812499,5.61476,24.41200,35.21431,-0.02782,0.26230,0.97039,0,0,60060
299.085000,452.812499,5.30961,24.35097,36.00770,-0.03489,0.24278,0.98234,0,0,60061
299.090000,452.812499,5.30961,24.10685,36.25182,-0.04075,0.22399,0.98820,0,0,60062
299.095000,452.813821,5.79785,23.92376,35.82461,-0.04782,0.20813,0.99235,0,0,60063
299.100000,452.813821,6.59124,23.67964,35.21431,-0.05344,0.19520,0.99357,0,0,60064
299.105000,452.813821,7.44566,23.06934,34.84813,-0.05661,0.18227,0.99162,0,0,60065
299.110000,452.815366,8.48317,22.52007,34.78710,-0.06149,0.17348,0.98966,0,0,60066
299.115000,452.815366,10.06995,22.21492,34.97019,-0.07125,0.16494,0.98918,0,0,60067
299.120000,452.815366,12.14497,22.15389,35.51946,-0.08247,0.15128,0.99454,0,0,60068
299.125000,452.816247,13.97587,22.21492,35.94667,-0.08882,0.13542,1.00333,0,0,60069
299.130000,452.816247,15.62368,22.21492,36.06873,-0.09126,0.11785,1.01528,0,0,60070
299.135000,452.816247,16.35604,22.33698,35.94667,-0.09296,0.10394,1.03163,0,0,60071
299.140000,452.817835,15.98986,22.88625,35.58049,-0.09687,0.09638,1.05018,0,0,60072
299.145000,452.817835,13.97587,23.98479,34.60401,-0.10394,0.09004,1.07433,0,0,60073
299.150000,452.817835,11.35158,24.16788,33.68856,-0.11053,0.08272,1.09532,0,0,60074
299.170000,452.823961,4.08901,22.39801,29.17234,-0.13298,0.05222,1.14460,3,0,60075
299.175000,452.823961,2.80738,21.60462,27.21938,-0.13176,0.05344,1.14436,0,0,60076
299.180000,452.823961,1.28163,20.81123,25.44951,-0.13249,0.05783,1.13997,0,0,60077
299.180000,452.837388,-0.12206,20.20093,24.04582,-0.13469,0.05905,1.13704,0,0,60078
299.185000,452.837388,-1.03751,19.77372,23.25243,-0.13908,0.05636,1.13411,0,0,60079
299.190000,452.837388,-1.15957,19.16342,22.45904,-0.14274,0.05051,1.13192,0,0,60080
299.195000,452.852501,0.12206,18.06488,21.84874,-0.14762,0.04514,1.13265,0,0,60081
299.200000,452.852501,1.64781,17.02737,21.36050,-0.14884,0.04002,1.13728,0,0,60082
299.205000,452.852501,3.29562,15.92883,20.62814,-0.14762,0.03684,1.14412,0,0,60083
299.210000,452.988839,4.45519,15.07441,19.89578,-0.14664,0.03148,1.15095,0,0,60084
299.215000,452.988839,5.30961,14.09793,18.79724,-0.14689,0.02538,1.16022,0,0,60085
299.220000,452.988839,5.79785,13.24351,17.88179,-0.14908,0.02001,1.16974,0,0,60086
299.225000,452.989936,5.67579,12.20600,16.53913,-0.15421,0.01659,1.17486,0,0,60087
299.230000,452.989936,4.27210,11.47364,14.46411,-0.15201,0.01293,1.18047,0,0,60088
299.235000,452.989936,2.44120,10.49716,11.16849,-0.13615,0.00220,1.17413,0,0,60089
299.240000,452.991223,0.48824,9.58171,10.19201,-0.13225,0.00317,1.17925,0,0,60090
299.245000,452.991223,-2.56326,8.36111,9.21553,-0.14079,0.00781,1.17315,0,0,60091
299.250000,452.991223,-3.84489,7.38463,7.44566,-0.14786,0.01147,1.15705,0,0,60092
299.255000,452.992716,-4.88240,6.77433,5.30961,-0.14738,0.01610,1.14631,0,0,60093
299.260000,452.992716,-5.30961,6.46918,3.60077,-0.14103,0.02147,1.13802,0,0,60094
299.265000,452.992716,-5.79785,5.85888,1.89193,-0.13322,0.02830,1.13021,0,0,60095
299.270000,452.993707,-6.10300,5.43167,0.67133,-0.13103,0.03733,1.12142,0,0,60096
299.275000,452.993707,-6.65227,5.24858,-0.36618,-0.13054,0.04660,1.11532,0,0,60097
299.280000,452.993707,-7.32360,4.94343,-1.40369,-0.12810,0.05344,1.11191,0,0,60098
299.285000,452.996632,-8.17802,4.21107,-2.50223,-0.12395,0.06124,1.10605,0,0,60099
299.290000,452.996632,-8.72729,3.53974,-3.47871,-0.12005,0.07052,1.09751,0,0,60100
299.295000,452.996632,-8.91038,2.99047,-4.27210,-0.11785,0.07857,1.09068,0,0,60101
299.300000,452.997417,-8.97141,2.31914,-4.88240,-0.11444,0.08589,1.08702,0,0,60102
299.305000,452.997417,-8.54420,1.70884,-5.55373,-0.10809,0.09345,1.07946,0,0,60103
299.310000,452.997417,-7.99493,0.73236,-6.59124,-0.10248,0.10199,1.06823,0,0,60104
299.315000,453.003931,-7.56772,0.00000,-7.32360,-0.09784,0.11053,1.05481,0,0,60105
299.320000,453.003931,-6.95742,-0.54927,-7.81184,-0.09321,0.12249,1.04090,0,0,60106
299.325000,453.003931,-6.40815,-0.97648,-8.11699,-0.08857,0.13493,1.02895,0,0,60107
299.345000,453.004921,-5.00446,-0.67133,-7.14051,-0.07979,0.16836,0.99845,3,0,60108
299.350000,453.004921,-4.57725,-0.24412,-6.65227,-0.07637,0.17324,0.99918,0,0,60109
299.355000,453.004921,-4.33313,0.06103,-6.40815,-0.07442,0.17812,1.00235,0,0,60110
299.360000,453.017855,-4.39416,0.06103,-6.46918,-0.07247,0.18593,1.00479,0,0,60111
299.365000,453.017855,-5.12652,0.24412,-6.59124,-0.07344,0.19544,1.00674,0,0,60112
299.370000,453.017855,-6.10300,0.61030,-6.46918,-0.07784,0.20203,1.01016,0,0,60113
299.375000,453.153956,-5.91991,0.42721,-6.16403,-0.07735,0.20594,1.01260,0,0,60114
299.380000,453.153956,-4.82137,-0.24412,-5.73682,-0.07832,0.20862,1.01577,0,0,60115
299.385000,453.153956,-3.23459,-1.09854,-5.12652,-0.07979,0.20886,1.01870,0,0,60116
299.390000,453.154962,-1.09854,-1.83090,-4.21107,-0.07832,0.20838,1.01772,0,0,60117
299.395000,453.154962,0.24412,-2.13605,-3.72283,-0.07588,0.20764,1.01431,0,0,60118
299.400000,453.154962,0.73236,-2.68532,-3.47871,-0.07540,0.20447,1.00992,0,0,60119
299.405000,453.156608,0.61030,-3.05150,-3.53974,-0.07271,0.20179,1.00430,0,0,60120
299.410000,453.156608,-0.06103,-3.05150,-3.78386,-0.06832,0.20130,0.99528,0,0,60121
299.415000,453.156608,-1.28163,-2.50223,-4.08901,-0.06710,0.20008,0.98722,0,0,60122
299.420000,453.157501,-2.44120,-1.76987,-4.08901,-0.06783,0.19788,0.98234,0,0,60123
299.425000,453.157501,-3.17356,-1.15957,-3.84489,-0.06686,0.19544,0.97917,0,0,60124
299.430000,453.157501,-3.41768,-0.85442,-3.53974,-0.06490,0.19374,0.97990,0,0,60125
299.435000,453.158962,-3.35665,-0.61030,-3.35665,-0.06588,0.19374,0.98308,0,0,60126
299.440000,453.158962,-2.86841,-0.24412,-3.41768,-0.06808,0.19349,0.98649,0,0,60127
299.445000,453.158962,-2.62429,-0.12206,-3.66180,-0.06978,0.19593,0.98722,0,0,60128
299.450000,453.159966,-2.86841,-0.24412,-3.84489,-0.07149,0.19837,0.98918,0,0,60129
299.455000,453.159966,-2.62429,-0.48824,-4.02798,-0.06881,0.20179,0.98674,0,0,60130
299.460000,453.159966,-2.44120,-0.73236,-4.39416,-0.06710,0.20642,0.98454,0,0,60131
299.465000,453.161608,-2.38017,-0.73236,-4.51622,-0.06930,0.21204,0.98259,0,0,60132
299.470000,453.161608,-2.31914,-0.73236,-4.39416,-0.07149,0.21643,0.98186,0,0,60133
299.475000,453.161608,-2.68532,-0.85442,-4.08901,-0.06856,0.21618,0.98234,0,0,60134
299.480000,453.162437,-2.68532,-1.28163,-3.78386,-0.06393,0.21521,0.98015,0,0,60135
299.485000,453.162437,-2.07502,-1.58678,-3.72283,-0.06442,0.21277,0.97454,0,0,60136
299.490000,453.162437,-1.28163,-1.52575,-3.47871,-0.06564,0.21008,0.97136,0,0,60137
299.510000,453.168843,-0.91545,-0.97648,-2.92944,-0.05636,0.19666,0.96063,3,0,60138
299.515000,453.168843,-0.73236,-1.03751,-3.29562,-0.05612,0.19740,0.95599,0,0,60139
299.520000,453.168843,-0.54927,-1.46472,-3.60077,-0.05612,0.20276,0.95136,0,0,60140
299.525000,453.182802,-0.48824,-1.70884,-3.90592,-0.05392,0.20984,0.94477,0,0,60141
299.530000,453.182802,-0.54927,-1.15957,-3.96695,-0.05075,0.21472,0.94257,0,0,60142
299.535000,453.182802,-0.18309,-0.36618,-3.47871,-0.04831,0.22082,0.94282,0,0,60143
299.540000,453.318962,0.54927,-0.36618,-2.74635,-0.04953,0.22765,0.94550,0,0,60144
299.545000,453.318962,1.40369,-0.48824,-1.89193,-0.05246,0.23497,0.95038,0,0,60145
299.550000,453.318962,2.19708,-0.42721,-1.28163,-0.05417,0.24010,0.95453,0,0,60146
299.555000,453.319923,2.68532,0.06103,-0.61030,-0.05295,0.24449,0.96209,0,0,60147
299.560000,453.319923,2.56326,0.61030,0.06103,-0.05368,0.24498,0.97136,0,0,60148
299.565000,453.319923,1.15957,1.46472,0.73236,-0.05466,0.24351,0.97820,0,0,60149
299.570000,453.321244,-0.67133,2.07502,1.40369,-0.05588,0.24351,0.98552,0,0,60150
299.575000,453.321244,-2.38017,2.44120,1.89193,-0.05832,0.24058,0.99210,0,0,60151
299.580000,453.321244,-4.51622,2.92944,2.07502,-0.06002,0.23351,0.99430,0,0,60152
299.585000,453.322434,-6.46918,3.47871,2.19708,-0.06295,0.22448,0.99357,0,0,60153
299.590000,453.322434,-7.32360,3.60077,2.38017,-0.06710,0.21326,0.99479,0,0,60154
299.595000,453.322434,-7.32360,3.47871,2.74635,-0.06808,0.20130,0.99552,0,0,60155
299.600000,453.323943,-6.53021,3.23459,2.80738,-0.06783,0.18788,0.99308,0,0,60156
299.605000,453.323943,-4.94343,2.68532,2.68532,-0.06637,0.17348,0.99235,0,0,60157
299.610000,453.323943,-2.56326,1.76987,2.44120,-0.06710,0.16446,0.99454,0,0,60158
299.615000,453.325333,-0.85442,0.97648,1.83090,-0.06832,0.15860,0.99357,0,0,60159
299.620000,453.325333,0.48824,0.24412,0.61030,-0.06759,0.15665,0.99064,0,0,60160
299.625000,453.325333,1.58678,-0.30515,-0.48824,-0.06734,0.15762,0.98820,0,0,60161
299.630000,453.326211,2.56326,-0.61030,-1.03751,-0.06808,0.16275,0.98576,0,0,60162
299.635000,453.326211,3.35665,-0.67133,-0.97648,-0.06905,0.17129,0.98747,0,0,60163
299.640000,453.326211,3.96695,-0.61030,-0.79339,-0.07100,0.17739,0.98747,0,0,60164
299.645000,453.327690,4.15004,-0.61030,-0.67133,-0.07271,0.18129,0.98844,0,0,60165
299.650000,453.327690,4.27210,-0.54927,-0.61030,-0.07296,0.18251,0.99040,0,0,60166
299.655000,453.327690,4.15004,-0.73236,-0.67133,-0.06905,0.18178,0.98966,0,0,60167
299.675000,453.333767,1.03751,-1.03751,-0.67133,-0.06466,0.19569,0.97820,3,0,60168
299.680000,453.333767,0.54927,-0.91545,-0.79339,-0.05783,0.19910,0.97576,0,0,60169
299.685000,453.333767,-0.73236,-0.30515,-0.85442,-0.05783,0.20032,0.97820,0,0,60170
299.690000,453.347608,-1.34266,-0.06103,-0.91545,-0.05954,0.20228,0.97990,0,0,60171
299.695000,453.347608,-1.09854,-0.24412,-1.52575,-0.06051,0.20520,0.98015,0,0,60172
299.700000,453.347608,-0.91545,-0.36618,-1.83090,-0.06149,0.21008,0.98210,0,0,60173
299.705000,453.498856,-0.73236,-0.48824,-2.01399,-0.06051,0.21423,0.98283,0,0,60174
299.710000,453.498856,-0.36618,-0.67133,-2.07502,-0.05490,0.21545,0.98259,0,0,60175
299.715000,453.498856,-0.12206,-0.67133,-1.76987,-0.05173,0.21692,0.98186,0,0,60176
299.720000,453.500317,0.48824,-0.91545,-1.28163,-0.05661,0.21960,0.97942,0,0,60177
299.725000,453.500317,1.40369,-1.28163,-0.79339,-0.06027,0.22228,0.97649,0,0,60178
299.730000,453.500317,2.25811,-1.40369,-0.61030,-0.05954,0.22155,0.97234,0,0,60179
299.735000,453.501193,2.86841,-1.28163,-0.54927,-0.05612,0.21667,0.96795,0,0,60180
299.740000,453.501193,2.99047,-0.91545,-0.42721,-0.05222,0.21179,0.96282,0,0,60181
299.745000,453.501193,2.62429,-0.54927,0.18309,-0.05124,0.20862,0.96185,0,0,60182
299.750000,453.502935,2.25811,-0.18309,0.85442,-0.05417,0.20569,0.96185,0,0,60183
299.755000,453.502935,1.83090,0.24412,1.46472,-0.05685,0.20057,0.96160,0,0,60184
299.760000,453.502935,1.46472,0.85442,1.76987,-0.05832,0.19666,0.96160,0,0,60185
299.765000,453.503783,1.28163,1.64781,1.89193,-0.05978,0.19569,0.96453,0,0,60186
299.770000,453.503783,1.34266,1.89193,2.25811,-0.06198,0.19496,0.97039,0,0,60187
299.775000,453.503783,1.76987,1.95296,2.50223,-0.06417,0.19374,0.97673,0,0,60188
299.780000,453.504968,1.83090,1.95296,2.44120,-0.06588,0.19203,0.98234,0,0,60189
299.785000,453.504968,1.76987,2.07502,2.44120,-0.06734,0.18812,0.98674,0,0,60190
299.790000,453.504968,2.07502,1.89193,1.89193,-0.06954,0.18276,0.99064,0,0,60191
299.795000,453.506598,2.38017,1.58678,1.52575,-0.06759,0.17910,0.99381,0,0,60192
299.800000,453.506598,2.25811,1.40369,0.97648,-0.07027,0.17861,0.99332,0,0,60193
299.805000,453.506598,2.19708,1.09854,0.36618,-0.07222,0.17983,0.99113,0,0,60194
299.810000,453.507427,2.01399,1.03751,-0.36618,-0.07296,0.18056,0.99064,0,0,60195
299.815000,453.507427,1.64781,0.73236,-0.91545,-0.07174,0.18227,0.98966,0,0,60196
299.820000,453.507427,1.58678,0.30515,-1.09854,-0.07198,0.18300,0.98698,0,0,60197
299.850000,453.513812,0.18309,0.85442,-1.03751,-0.05344,0.20789,0.96868,3,0,60198
299.855000,453.513812,-0.24412,1.52575,-0.85442,-0.05417,0.22204,0.97112,0,0,60199
299.860000,453.513812,-0.18309,1.89193,-0.06103,-0.05929,0.23302,0.97429,0,0,60200
299.865000,453.527859,0.42721,1.95296,0.97648,-0.06368,0.23888,0.97722,0,0,60201
299.870000,453.527859,1.58678,1.70884,2.13605,-0.06393,0.23888,0.98234,0,0,60202
299.875000,453.527859,2.68532,1.46472,2.80738,-0.06490,0.23448,0.98649,0,0,60203
299.880000,453.543820,3.47871,0.97648,3.17356,-0.06637,0.22741,0.98698,0,0,60204
299.885000,453.543820,3.66180,0.91545,3.41768,-0.06588,0.21789,0.98503,0,0,60205
299.890000,453.543820,3.29562,0.91545,3.41768,-0.06686,0.21082,0.98527,0,0,60206
299.895000,453.558799,2.56326,1.09854,3.23459,-0.06759,0.20447,0.98405,0,0,60207
299.900000,453.558799,1.76987,1.40369,2.86841,-0.06783,0.19813,0.98503,0,0,60208
299.905000,453.558799,0.73236,1.70884,2.31914,-0.06881,0.19374,0.98796,0,0,60209
299.910000,453.572490,-0.42721,1.95296,1.70884,-0.06856,0.18812,0.98893,0,0,60210
299.915000,453.572490,-0.91545,1.64781,1.09854,-0.06612,0.18373,0.98869,0,0,60211
299.920000,453.572490,-0.85442,1.15957,0.79339,-0.06612,0.18276,0.98600,0,0,60212
299.925000,453.587456,-0.18309,0.85442,0.73236,-0.06954,0.18251,0.98332,0,0,60213
299.930000,453.587456,0.85442,1.09854,0.91545,-0.07052,0.17788,0.97990,0,0,60214
299.935000,453.587456,1.40369,1.22060,0.85442,-0.06832,0.17397,0.97868,0,0,60215
299.940000,453.633936,1.64781,1.03751,0.73236,-0.06832,0.17226,0.97771,0,0,60216
299.945000,453.633936,1.46472,0.85442,0.24412,-0.07100,0.17397,0.97576,0,0,60217
299.950000,453.633936,0.73236,1.28163,-0.36618,-0.07418,0.17861,0.97502,0,0,60218
299.955000,453.635169,-0.67133,2.13605,-1.15957,-0.07393,0.18251,0.97722,0,0,60219
299.960000,453.635169,-3.11253,2.92944,-1.70884,-0.07198,0.18520,0.98137,0,0,60220
299.965000,453.635169,-4.15004,2.56326,-1.95296,-0.07198,0.18983,0.98405,0,0,60221
299.970000,453.636505,-4.15004,1.89193,-1.58678,-0.07491,0.19422,0.98527,0,0,60222
299.975000,453.636505,-2.86841,1.34266,-1.03751,-0.07662,0.19544,0.98552,0,0,60223
299.980000,453.636505,-0.91545,1.03751,-0.73236,-0.07442,0.19544,0.98478,0,0,60224
299.985000,453.647505,1.34266,0.30515,-0.54927,-0.07100,0.19642,0.98259,0,0,60225
299.990000,453.647505,3.05150,-0.42721,-0.54927,-0.07100,0.19813,0.97966,0,0,60226
299.995000,453.647505,4.33313,-0.85442,-0.36618,-0.07271,0.19984,0.97966,0,0,60227
300.000000,453.723733,5.06549,-0.97648,0.00000,-0.07222,0.20154,0.97746,0,0,60228
300.005000,453.723733,4.88240,-0.91545,0.30515,-0.06954,0.20252,0.97356,0,0,60229
300.010000,453.723733,3.78386,-0.85442,0.18309,-0.06808,0.20325,0.96917,0,0,60230
300.015000,453.724942,2.25811,-0.42721,-0.06103,-0.06661,0.20154,0.96795,0,0,60231
300.020000,453.724942,0.67133,0.18309,-0.42721,-0.06515,0.20081,0.96575,0,0,60232
300.025000,453.724942,-0.36618,0.79339,-0.79339,-0.06222,0.20276,0.96624,0,0,60233
300.030000,453.726195,-0.67133,1.28163,-1.15957,-0.06222,0.20496,0.96917,0,0,60234
300.035000,453.726195,-0.73236,1.46472,-1.40369,-0.06515,0.20789,0.97283,0,0,60235
300.040000,453.726195,-0.61030,1.34266,-1.28163,-0.06588,0.21521,0.97307,0,0,60236
300.045000,453.727404,-0.67133,1.64781,-0.67133,-0.06466,0.22131,0.97478,0,0,60237
300.050000,453.727404,-0.85442,2.19708,0.12206,-0.06490,0.22302,0.98064,0,0,60238
300.055000,453.727404,-0.85442,2.38017,0.79339,-0.06808,0.22033,0.98478,0,0,60239
300.060000,453.728691,-0.42721,2.19708,1.64781,-0.07320,0.21228,0.99040,0,0,60240
300.065000,453.728691,0.48824,1.89193,2.13605,-0.07735,0.20520,0.99479,0,0,60241
300.070000,453.728691,1.70884,1.46472,1.83090,-0.07881,0.19837,0.99869,0,0,60242
300.075000,453.737369,2.80738,0.97648,1.52575,-0.07954,0.19276,1.00089,0,0,60243
300.080000,453.737369,3.60077,0.24412,1.46472,-0.07954,0.18812,1.00162,0,0,60244
300.085000,453.737369,3.66180,-0.48824,1.15957,-0.07808,0.18520,0.99894,0,0,60245
300.090000,453.752438,3.29562,-0.61030,0.91545,-0.07735,0.18251,0.99357,0,0,60246
300.095000,453.752438,2.50223,-0.12206,0.36618,-0.07662,0.17666,0.99088,0,0,60247
300.100000,453.752438,1.89193,0.42721,-0.30515,-0.07418,0.16982,0.99015,0,0,60248
300.105000,453.767422,1.52575,0.48824,-0.91545,-0.07296,0.16690,0.98966,0,0,60249
300.110000,453.767422,1.28163,0.18309,-1.89193,-0.07174,0.16982,0.98942,0,0,60250
300.115000,453.767422,1.40369,0.00000,-2.74635,-0.06978,0.17836,0.98966,0,0,60251
300.120000,453.813538,1.34266,-0.18309,-3.47871,-0.06710,0.18934,0.99064,0,0,60252
300.125000,453.813538,1.22060,-0.24412,-4.02798,-0.06710,0.20569,0.99210,0,0,60253
300.130000,453.813538,0.91545,-0.24412,-4.08901,-0.06515,0.22033,0.98820,0,0,60254
300.135000,453.827261,0.06103,0.12206,-3.60077,-0.06344,0.23595,0.98112,0,0,60255
300.140000,453.827261,-1.03751,0.67133,-2.56326,-0.06222,0.24644,0.97649,0,0,60256
300.145000,453.827261,-1.89193,1.03751,-1.34266,-0.06320,0.24986,0.97112,0,0,60257
300.150000,453.828500,-2.19708,1.46472,-0.30515,-0.06515,0.24839,0.96697,0,0,60258
300.155000,453.828500,-1.64781,1.95296,0.48824,-0.06637,0.24400,0.96526,0,0,60259
300.160000,453.828500,-0.12206,2.38017,1.46472,-0.06710,0.23644,0.96575,0,0,60260
300.165000,453.829675,1.15957,2.31914,2.07502,-0.06515,0.22643,0.97161,0,0,60261
300.170000,453.829675,2.31914,2.13605,2.68532,-0.06783,0.21667,0.97624,0,0,60262
300.175000,453.829675,3.23459,1.64781,2.86841,-0.07149,0.20667,0.97990,0,0,60263
300.180000,453.842243,3.96695,1.34266,2.68532,-0.07296,0.19666,0.98503,0,0,60264
300.185000,453.842243,4.33313,1.03751,2.01399,-0.07271,0.18666,0.99137,0,0,60265
300.190000,453.842243,4.02798,1.03751,1.46472,-0.07466,0.18032,0.99747,0,0,60266
300.195000,453.857256,3.47871,1.15957,0.85442,-0.07686,0.17714,1.00284,0,0,60267
300.200000,453.857256,2.31914,1.22060,0.00000,-0.07857,0.17397,1.00577,0,0,60268
300.205000,453.857256,0.48824,1.40369,-1.09854,-0.07637,0.17129,1.01114,0,0,60269
300.210000,453.963532,-0.54927,1.28163,-2.01399,-0.07344,0.17129,1.01284,0,0,60270
300.215000,453.963532,-1.28163,0.91545,-2.99047,-0.07344,0.17397,1.01284,0,0,60271
300.220000,453.963532,-1.58678,0.54927,-3.66180,-0.07296,0.17983,1.01358,0,0,60272
300.225000,453.964733,-1.46472,0.30515,-3.96695,-0.07027,0.18886,1.01358,0,0,60273
300.230000,453.964733,-0.91545,-0.06103,-4.02798,-0.07003,0.19935,1.01016,0,0,60274
300.235000,453.964733,-0.06103,-0.61030,-3.96695,-0.06930,0.21130,1.00699,0,0,60275
300.240000,453.965926,0.61030,-0.91545,-3.66180,-0.07003,0.22180,1.00138,0,0,60276
300.245000,453.965926,1.09854,-0.97648,-2.99047,-0.07344,0.23204,0.99650,0,0,60277
300.250000,453.965926,1.28163,-0.91545,-2.31914,-0.07418,0.23839,0.99332,0,0,60278
300.255000,453.967209,1.28163,-0.79339,-1.52575,-0.07271,0.24034,0.98820,0,0,60279
300.260000,453.967209,0.97648,-0.36618,-0.48824,-0.07100,0.24229,0.98356,0,0,60280
300.265000,453.967209,0.54927,-0.24412,0.24412,-0.07222,0.23888,0.97917,0,0,60281
300.270000,453.968498,0.06103,0.00000,0.42721,-0.07052,0.23375,0.97600,0,0,60282
300.275000,453.968498,-0.24412,0.42721,0.54927,-0.06978,0.22985,0.97576,0,0,60283
300.280000,453.968498,-0.67133,0.85442,0.48824,-0.07100,0.22668,0.97673,0,0,60284
300.285000,453.978525,-0.97648,1.09854,0.67133,-0.07149,0.22180,0.97893,0,0,60285
300.290000,453.978525,-0.85442,1.09854,0.85442,-0.07125,0.21545,0.98210,0,0,60286
300.295000,453.978525,-0.42721,0.79339,1.03751,-0.07247,0.20935,0.98527,0,0,60287
300.300000,453.979727,0.06103,0.54927,1.22060,-0.07466,0.20642,0.98576,0,0,60288
300.305000,453.979727,0.67133,0.24412,1.52575,-0.07759,0.20496,0.98576,0,0,60289
300.310000,453.979727,1.52575,0.12206,2.01399,-0.08052,0.20130,0.98649,0,0,60290
300.315000,453.980926,1.95296,-0.06103,2.19708,-0.08076,0.19715,0.98698,0,0,60291
300.320000,453.980926,2.07502,-0.24412,2.25811,-0.07930,0.19154,0.98820,0,0,60292
300.325000,453.980926,1.95296,-0.42721,2.13605,-0.07784,0.18642,0.98966,0,0,60293
300.330000,453.992252,1.58678,-0.61030,1.76987,-0.07832,0.18398,0.98820,0,0,60294
300.335000,453.992252,1.09854,-0.73236,1.03751,-0.07735,0.18349,0.98405,0,0,60295
300.340000,453.992252,0.48824,-0.67133,0.48824,-0.07393,0.18593,0.97868,0,0,60296
300.345000,454.007251,0.00000,-0.36618,0.00000,-0.07174,0.19130,0.97551,0,0,60297
300.350000,454.007251,-0.42721,0.06103,-0.18309,-0.07100,0.19569,0.97429,0,0,60298
300.355000,454.007251,-0.91545,0.42721,-0.36618,-0.07174,0.19740,0.97454,0,0,60299
300.360000,454.022258,-1.40369,0.79339,-0.73236,-0.07222,0.20130,0.97771,0,0,60300
300.365000,454.022258,-2.01399,1.15957,-1.09854,-0.07125,0.20545,0.98259,0,0,60301
300.370000,454.022258,-2.56326,1.76987,-1.09854,-0.07100,0.20862,0.99186,0,0,60302
300.375000,454.037258,-2.86841,2.01399,-0.73236,-0.07247,0.20740,1.00064,0,0,60303
300.380000,454.037258,-3.17356,1.64781,-0.48824,-0.07637,0.20740,1.00455,0,0,60304
300.385000,454.037258,-3.11253,1.15957,-0.24412,-0.08125,0.20789,1.00577,0,0,60305
300.390000,454.052228,-2.38017,0.85442,-0.06103,-0.08125,0.20691,1.00357,0,0,60306
300.395000,454.052228,-1.64781,0.67133,0.18309,-0.08076,0.20423,1.00357,0,0,60307
300.400000,454.052228,-1.09854,0.36618,0.36618,-0.07930,0.20203,1.00138,0,0,60308
300.405000,454.067286,-0.79339,0.00000,0.67133,-0.07686,0.20106,0.99820,0,0,60309
300.410000,454.067286,-0.73236,-0.30515,0.79339,-0.07784,0.19984,0.99650,0,0,60310
300.415000,454.067286,-0.61030,-0.36618,0.79339,-0.07881,0.19593,0.99625,0,0,60311
300.420000,454.113540,-0.54927,-0.36618,0.79339,-0.07393,0.19056,0.99674,0,0,60312
300.425000,454.113540,-0.42721,-0.42721,0.61030,-0.06978,0.18568,0.99528,0,0,60313
300.430000,454.113540,-0.42721,-0.61030,0.18309,-0.06930,0.18764,0.99454,0,0,60314
300.435000,454.114696,-1.09854,-0.79339,-0.48824,-0.07027,0.19203,0.99284,0,0,60315
300.440000,454.114696,-1.46472,-1.09854,-1.09854,-0.06954,0.19618,0.98844,0,0,60316
300.445000,454.114696,-1.34266,-1.15957,-1.34266,-0.06564,0.20130,0.98161,0,0,60317
300.450000,454.115965,-0.85442,-1.09854,-1.22060,-0.06710,0.20496,0.97990,0,0,60318
300.455000,454.115965,-0.12206,-1.09854,-1.03751,-0.06808,0.20764,0.97990,0,0,60319
300.460000,454.115965,0.67133,-1.22060,-0.91545,-0.06710,0.20862,0.97966,0,0,60320
300.465000,454.127252,0.73236,-1.22060,-0.73236,-0.06466,0.20520,0.98112,0,0,60321
300.470000,454.127252,0.18309,-1.15957,-0.61030,-0.06515,0.20520,0.98186,0,0,60322
300.475000,454.127252,-0.61030,-0.67133,-0.54927,-0.06954,0.20447,0.98137,0,0,60323
300.480000,454.173538,-0.12206,-0.30515,-0.12206,-0.06759,0.20179,0.98259,0,0,60324
300.485000,454.173538,0.30515,0.24412,0.36618,-0.06954,0.19764,0.99040,0,0,60325
300.490000,454.173538,0.79339,0.42721,1.15957,-0.07271,0.19252,0.99576,0,0,60326
300.495000,454.174713,1.28163,0.36618,1.52575,-0.07369,0.18666,1.00162,0,0,60327
300.500000,454.174713,1.76987,0.30515,1.58678,-0.07344,0.17983,1.00870,0,0,60328
300.505000,454.174713,1.70884,0.06103,1.34266,-0.07735,0.17714,1.01626,0,0,60329
300.510000,454.175966,1.52575,-0.12206,1.22060,-0.08247,0.17544,1.02260,0,0,60330
300.515000,454.175966,1.28163,-0.42721,0.91545,-0.08516,0.17300,1.02700,0,0,60331
300.520000,454.175966,1.22060,-0.61030,0.67133,-0.08784,0.16958,1.03358,0,0,60332
300.525000,454.187243,1.64781,-0.85442,0.67133,-0.09150,0.16738,1.03798,0,0,60333
300.530000,454.187243,2.74635,-1.22060,0.97648,-0.09540,0.16128,1.04139,0,0,60334
300.535000,454.187243,4.39416,-1.64781,1.58678,-0.09516,0.15543,1.04725,0,0,60335
300.540000,454.248531,5.49270,-2.07502,2.13605,-0.09492,0.14908,1.04993,0,0,60336
300.545000,454.248531,5.98094,-2.44120,2.38017,-0.10199,0.14079,1.05457,0,0,60337
300.550000,454.248531,6.04197,-2.38017,2.31914,-0.10760,0.13054,1.06018,0,0,60338
300.555000,454.249721,5.79785,-1.83090,2.13605,-0.10687,0.12005,1.07043,0,0,60339
300.560000,454.249721,4.76034,-1.03751,2.13605,-0.10663,0.10882,1.08653,0,0,60340
300.565000,454.249721,3.78386,-1.22060,2.13605,-0.11078,0.09540,1.10288,0,0,60341
300.570000,454.250922,3.53974,-1.64781,1.89193,-0.11761,0.08174,1.11947,0,0,60342
300.575000,454.250922,4.33313,-1.76987,1.46472,-0.12444,0.07198,1.13362,0,0,60343
300.580000,454.250922,5.43167,-2.19708,1.09854,-0.13152,0.06320,1.15046,0,0,60344
300.585000,454.252217,6.59124,-3.35665,0.67133,-0.13884,0.05539,1.16559,0,0,60345
300.590000,454.252217,7.44566,-4.57725,0.30515,-0.14542,0.05051,1.17242,0,0,60346
300.595000,454.252217,7.75081,-5.43167,-0.36618,-0.16470,0.05002,1.17901,0,0,60347
300.600000,454.262243,7.50669,-5.49270,-1.89193,-0.16836,0.03953,1.19145,0,0,60348
300.605000,454.262243,9.03244,-6.71330,-3.78386,-0.14616,0.02538,1.19194,0,0,60349
300.610000,454.262243,9.27656,-9.03244,-3.60077,-0.15884,0.02001,1.21122,0,0,60350
300.615000,454.277252,9.15450,-10.31407,-3.96695,-0.17202,0.01074,1.20951,0,0,60351
300.620000,454.277252,9.27656,-11.90085,-5.91991,-0.17300,0.00293,1.20658,0,0,60352
300.625000,454.277252,8.48317,-13.30454,-8.48317,-0.16934,-0.00220,1.20194,0,0,60353
300.630000,454.292258,7.14051,-14.64720,-10.49716,-0.16958,-0.00390,1.19536,0,0,60354
300.635000,454.292258,4.57725,-15.80677,-12.69424,-0.17568,-0.00098,1.18218,0,0,60355
300.640000,454.292258,1.70884,-16.29501,-15.13544,-0.17397,0.00390,1.16998,0,0,60356
300.645000,454.307193,-0.91545,-16.29501,-17.63767,-0.16494,0.00634,1.15412,0,0,60357
300.650000,454.307193,-3.53974,-15.56265,-18.91930,-0.16104,0.00268,1.14290,0,0,60358
300.655000,454.307193,-4.88240,-15.44059,-19.59063,-0.15421,0.00049,1.12899,0,0,60359
300.660000,454.353542,-7.68978,-15.86780,-20.56711,-0.15958,0.00683,1.12411,0,0,60360
300.665000,454.353542,-8.48317,-15.80677,-21.54359,-0.16299,0.01074,1.11093,0,0,60361
300.670000,454.353542,-8.91038,-16.23398,-22.88625,-0.16128,0.01464,1.10556,0,0,60362
300.675000,454.354721,-9.09347,-16.41707,-24.41200,-0.15738,0.02196,1.10410,0,0,60363
300.680000,454.354721,-8.91038,-17.33252,-25.08333,-0.14982,0.03636,1.10093,0,0,60364
300.685000,454.354721,-9.09347,-18.06488,-25.14436,-0.14323,0.05222,1.09580,0,0,60365
300.690000,454.355933,-9.45965,-18.91930,-25.02230,-0.13835,0.06222,1.09044,0,0,60366
300.695000,454.355933,-9.64274,-19.77372,-25.14436,-0.13591,0.06881,1.07848,0,0,60367
300.700000,454.355933,-9.64274,-20.56711,-25.20539,-0.13200,0.07344,1.06457,0,0,60368
300.705000,454.367283,-9.21553,-21.23844,-25.32745,-0.12834,0.07588,1.05042,0,0,60369
300.710000,454.367283,-8.17802,-21.90977,-25.75466,-0.12298,0.07881,1.02919,0,0,60370
300.715000,454.367283,-6.95742,-22.21492,-25.99878,-0.11736,0.08198,1.01162,0,0,60371
300.720000,454.443531,-5.49270,-22.21492,-26.12084,-0.11078,0.08369,0.99991,0,0,60372
300.725000,454.443531,-3.84489,-22.27595,-26.36496,-0.10907,0.08589,0.98918,0,0,60373
300.730000,454.443531,-2.19708,-22.39801,-26.85320,-0.10760,0.08808,0.98039,0,0,60374
300.735000,454.444715,-1.28163,-22.52007,-27.40247,-0.10419,0.08638,0.97698,0,0,60375
300.740000,454.444715,-0.54927,-22.52007,-28.25689,-0.09980,0.08516,0.97966,0,0,60376
300.745000,454.444715,-0.48824,-22.45904,-29.23337,-0.09638,0.08686,0.98259,0,0,60377
300.750000,454.445986,-1.09854,-22.58110,-30.33191,-0.09321,0.09052,0.98625,0,0,60378
300.755000,454.445986,-2.19708,-22.52007,-31.67457,-0.08857,0.09809,0.98942,0,0,60379
300.760000,454.445986,-3.47871,-22.64213,-32.89517,-0.08638,0.10638,0.99113,0,0,60380
300.765000,454.447180,-4.15004,-23.06934,-33.44444,-0.08052,0.11102,0.98844,0,0,60381
300.770000,454.447180,-3.96695,-24.10685,-33.99371,-0.07393,0.11541,0.97942,0,0,60382
300.775000,454.447180,-3.53974,-24.53406,-34.54298,-0.07320,0.12127,0.96990,0,0,60383
300.780000,454.458525,-2.68532,-24.59509,-35.21431,-0.07588,0.12956,0.96380,0,0,60384
300.785000,454.458525,-1.89193,-24.90024,-35.64152,-0.07564,0.13957,0.95794,0,0,60385
300.790000,454.458525,-0.91545,-25.75466,-36.12976,-0.07003,0.14762,0.94892,0,0,60386
300.795000,454.472279,0.42721,-27.03629,-36.67903,-0.06149,0.15518,0.93696,0,0,60387
300.800000,454.472279,1.64781,-27.70762,-37.28933,-0.05466,0.16641,0.92525,0,0,60388
300.805000,454.472279,3.05150,-27.52453,-37.83860,-0.04856,0.18617,0.91280,0,0,60389
300.810000,454.473490,3.90592,-27.21938,-38.08272,-0.04392,0.20642,0.90109,0,0,60390
300.815000,454.473490,4.45519,-26.97526,-38.26581,-0.03660,0.22228,0.89255,0,0,60391
300.820000,454.473490,4.45519,-26.85320,-38.26581,-0.02513,0.23985,0.88157,0,0,60392
300.825000,454.487255,3.66180,-26.60908,-38.02169,-0.01537,0.26108,0.86596,0,0,60393
300.830000,454.487255,2.25811,-25.69363,-37.22830,-0.01000,0.28328,0.85132,0,0,60394
300.835000,454.487255,-0.18309,-23.31346,-35.33637,-0.00464,0.29914,0.84180,0,0,60395
300.840000,454.502260,-1.83090,-21.48256,-33.74959,0.00195,0.30573,0.83643,0,0,60396
300.845000,454.502260,-2.99047,-20.26196,-32.22384,0.00781,0.30646,0.83204,0,0,60397
300.850000,454.502260,-3.35665,-18.98033,-30.69809,0.01391,0.30256,0.82862,0,0,60398
300.855000,454.517261,-3.29562,-17.63767,-29.35543,0.01952,0.29744,0.82887,0,0,60399
300.860000,454.517261,-3.23459,-15.92883,-28.50101,0.02538,0.29304,0.83253,0,0,60400
300.865000,454.517261,-3.41768,-14.76926,-28.50101,0.03245,0.29134,0.83619,0,0,60401
300.870000,454.532248,-4.02798,-13.97587,-28.68410,0.04026,0.29548,0.84473,0,0,60402
300.875000,454.532248,-4.82137,-13.06042,-28.68410,0.04490,0.30476,0.85620,0,0,60403
300.880000,454.532248,-5.43167,-12.20600,-28.68410,0.04636,0.31671,0.86644,0,0,60404
300.885000,454.547244,-5.98094,-11.65673,-28.37895,0.04880,0.32916,0.87352,0,0,60405
300.890000,454.547244,-6.10300,-11.41261,-27.82968,0.05344,0.34038,0.87938,0,0,60406
300.895000,454.547244,-5.85888,-11.65673,-27.21938,0.05832,0.34868,0.88182,0,0,60407
300.900000,454.623538,-5.18755,-11.77879,-26.48702,0.06246,0.35819,0.88328,0,0,60408
300.905000,454.623538,-3.60077,-11.77879,-25.44951,0.06808,0.36771,0.88255,0,0,60409
300.910000,454.623538,-2.07502,-11.71776,-24.59509,0.07564,0.37698,0.88157,0,0,60410
300.915000,454.624748,-0.97648,-11.65673,-23.67964,0.07954,0.38454,0.88304,0,0,60411
300.920000,454.624748,-0.36618,-11.65673,-22.70316,0.08491,0.39235,0.88255,0,0,60412
300.925000,454.624748,-0.12206,-11.65673,-21.23844,0.09199,0.40333,0.87938,0,0,60413
300.930000,454.625953,-0.24412,-11.04643,-19.71269,0.09418,0.41431,0.87962,0,0,60414
300.935000,454.625953,-0.12206,-10.25304,-18.12591,0.09418,0.42285,0.88206,0,0,60415
300.940000,454.625953,0.54927,-9.70377,-16.66119,0.09321,0.42798,0.88084,0,0,60416
300.945000,454.627210,1.28163,-9.27656,-15.19647,0.09174,0.43115,0.87669,0,0,60417
300.950000,454.627210,1.95296,-8.72729,-13.85381,0.09296,0.43237,0.87401,0,0,60418
300.955000,454.627210,2.80738,-8.36111,-12.51115,0.09589,0.42602,0.87352,0,0,60419
300.960000,454.628490,4.08901,-7.99493,-10.92437,0.09565,0.41700,0.87376,0,0,60420
300.965000,454.628490,5.61476,-7.75081,-9.82583,0.09223,0.40626,0.87376,0,0,60421
300.970000,454.628490,7.01845,-7.93390,-8.84935,0.08808,0.39406,0.87718,0,0,60422
300.975000,454.637255,7.99493,-7.68978,-8.36111,0.08711,0.38406,0.87938,0,0,60423
300.980000,454.637255,7.87287,-7.32360,-8.30008,0.08540,0.37674,0.88206,0,0,60424
300.985000,454.637255,6.89639,-6.89639,-8.23905,0.08223,0.37186,0.88328,0,0,60425
300.990000,454.652224,5.55373,-6.28609,-7.81184,0.07979,0.36966,0.88523,0,0,60426
300.995000,454.652224,4.08901,-5.61476,-7.20154,0.07881,0.36478,0.88889,0,0,60427
301.000000,454.652224,2.99047,-5.12652,-6.71330,0.07784,0.35770,0.89084,0,0,60428
301.005000,454.667249,2.68532,-4.94343,-6.53021,0.07491,0.35160,0.89206,0,0,60429
301.010000,454.667249,3.35665,-4.88240,-6.28609,0.07393,0.34526,0.89182,0,0,60430
301.015000,454.667249,4.33313,-4.82137,-6.04197,0.07442,0.34062,0.89450,0,0,60431
301.020000,454.682234,5.24858,-4.57725,-5.73682,0.07149,0.33623,0.90012,0,0,60432
301.025000,454.682234,5.79785,-4.39416,-5.55373,0.07174,0.33111,0.90451,0,0,60433
301.030000,454.682234,5.79785,-4.21107,-5.18755,0.07540,0.32867,0.90939,0,0,60434
301.035000,454.698510,5.49270,-4.08901,-4.82137,0.07564,0.32989,0.90988,0,0,60435
301.040000,454.698510,5.18755,-3.78386,-4.27210,0.07174,0.33355,0.90866,0,0,60436
301.045000,454.698510,5.12652,-3.60077,-3.53974,0.06564,0.33843,0.90426,0,0,60437
301.050000,454.712261,5.91991,-3.53974,-2.80738,0.05978,0.34087,0.89719,0,0,60438
301.055000,454.712261,7.38463,-3.23459,-2.07502,0.06149,0.34087,0.89109,0,0,60439
301.060000,454.712261,9.45965,-2.38017,-0.91545,0.06490,0.33940,0.88865,0,0,60440
301.065000,454.727269,10.61922,-1.46472,0.12206,0.06417,0.33989,0.89255,0,0,60441
301.070000,454.727269,10.92437,-0.67133,1.28163,0.05905,0.33916,0.90036,0,0,60442
301.075000,454.727269,10.68025,-0.06103,2.50223,0.05685,0.33477,0.90817,0,0,60443
301.080000,454.742245,9.21553,0.85442,3.96695,0.05661,0.32769,0.91842,0,0,60444
301.085000,454.742245,7.50669,1.58678,5.00446,0.05051,0.31500,0.92988,0,0,60445
301.090000,454.742245,5.85888,2.13605,5.55373,0.04368,0.30158,0.93745,0,0,60446
301.095000,454.773528,4.88240,2.44120,5.79785,0.04050,0.28914,0.94477,0,0,60447
301.100000,454.773528,4.39416,2.62429,6.16403,0.03538,0.27840,0.95184,0,0,60448
301.105000,454.773528,4.33313,2.92944,6.83536,0.02391,0.26572,0.95965,0,0,60449
301.110000,454.774737,5.06549,3.11253,7.14051,0.02416,0.25083,0.96551,0,0,60450
301.115000,454.774737,6.10300,3.35665,7.38463,0.02879,0.23326,0.97258,0,0,60451
301.120000,454.774737,6.83536,3.41768,7.68978,0.02660,0.21521,0.98674,0,0,60452
301.125000,454.787670,7.26257,3.47871,7.99493,0.02294,0.19959,0.99845,0,0,60453
301.130000,454.787670,7.14051,3.47871,7.81184,0.01684,0.18788,1.01114,0,0,60454
301.135000,454.787670,6.16403,3.60077,7.07948,0.00830,0.17910,1.02431,0,0,60455
301.140000,454.837636,5.18755,3.66180,6.16403,0.00098,0.17226,1.03456,0,0,60456
301.145000,454.837636,4.33313,3.17356,5.30961,-0.00317,0.16470,1.04286,0,0,60457
301.150000,454.837636,3.90592,2.50223,4.33313,-0.00366,0.15665,1.04749,0,0,60458
301.155000,454.837831,3.47871,1.64781,3.23459,-0.00415,0.15104,1.04896,0,0,60459
301.160000,454.837831,3.47871,0.30515,1.70884,-0.00390,0.14762,1.04749,0,0,60460
301.165000,454.837831,4.27210,-0.79339,0.54927,-0.00171,0.14957,1.04139,0,0,60461
301.170000,454.837906,4.82137,-1.52575,-0.67133,0.00464,0.15372,1.03383,0,0,60462
301.175000,454.837906,5.12652,-2.62429,-1.76987,0.01196,0.16275,1.02212,0,0,60463
301.180000,454.837906,4.39416,-3.41768,-3.17356,0.01513,0.18080,1.00723,0,0,60464
301.185000,454.847271,3.17356,-3.17356,-3.72283,0.01586,0.19813,0.99503,0,0,60465
301.190000,454.847271,1.95296,-2.44120,-3.90592,0.01732,0.21252,0.98698,0,0,60466
301.195000,454.847271,0.42721,-1.58678,-3.66180,0.01537,0.22228,0.98186,0,0,60467
301.200000,454.893570,-1.40369,-1.03751,-3.23459,0.00878,0.22790,0.97746,0,0,60468
301.205000,454.893570,-2.86841,-0.54927,-2.80738,0.01147,0.22765,0.97502,0,0,60469
301.210000,454.893570,-3.35665,0.12206,-2.44120,0.01928,0.22619,0.97502,0,0,60470
301.215000,454.894730,-3.53974,0.36618,-1.83090,0.01879,0.22375,0.97844,0,0,60471
301.220000,454.894730,-3.05150,0.18309,-1.22060,0.02074,0.21887,0.98064,0,0,60472
301.225000,454.894730,-1.95296,-0.30515,-0.79339,0.02269,0.21643,0.97820,0,0,60473
301.230000,454.895974,-0.67133,-0.85442,-0.54927,0.02464,0.21448,0.97356,0,0,60474
301.235000,454.895974,1.15957,-1.34266,-0.30515,0.02635,0.21179,0.96770,0,0,60475
301.240000,454.895974,2.80738,-1.40369,-0.36618,0.02830,0.20960,0.96551,0,0,60476
301.245000,454.907322,4.33313,-1.34266,-0.24412,0.02830,0.20911,0.96624,0,0,60477
301.250000,454.907322,5.49270,-1.09854,0.06103,0.02513,0.21179,0.97234,0,0,60478
301.255000,454.907322,6.22506,-1.03751,0.00000,0.02538,0.21374,0.97795,0,0,60479
301.260000,454.923636,5.61476,-0.73236,-0.42721,0.03416,0.21496,0.98234,0,0,60480
301.265000,454.923636,4.08901,-0.30515,-0.85442,0.03392,0.21887,0.99137,0,0,60481
301.270000,454.923636,2.07502,0.36618,-1.03751,0.03074,0.22009,1.00333,0,0,60482
301.275000,454.937349,0.85442,0.48824,-1.15957,0.03270,0.21984,1.00699,0,0,60483
301.280000,454.937349,-0.54927,0.30515,-1.34266,0.02977,0.22399,1.00894,0,0,60484
301.285000,454.937349,-1.70884,0.12206,-1.52575,0.02708,0.22302,1.01065,0,0,60485
301.290000,454.952344,-1.46472,-0.06103,-1.64781,0.03001,0.22131,1.00650,0,0,60486
301.295000,454.952344,-1.22060,-0.48824,-1.70884,0.02855,0.21960,1.00138,0,0,60487
301.300000,454.952344,-1.09854,-1.09854,-1.58678,0.02904,0.21960,0.99113,0,0,60488
301.305000,454.967341,-0.97648,-1.46472,-1.46472,0.03123,0.22106,0.98039,0,0,60489
301.310000,454.967341,-1.46472,-0.97648,-0.91545,0.03392,0.22106,0.96819,0,0,60490
301.315000,454.967341,-1.76987,-0.30515,-0.30515,0.03367,0.21911,0.96356,0,0,60491
301.320000,455.028586,-1.76987,0.36618,0.18309,0.03148,0.21399,0.96453,0,0,60492
301.325000,455.028586,-0.97648,0.67133,0.48824,0.02830,0.20886,0.97039,0,0,60493
301.330000,455.028586,0.85442,0.48824,0.67133,0.02318,0.20545,0.97942,0,0,60494
301.335000,455.029764,2.56326,0.18309,0.61030,0.02196,0.20081,0.98991,0,0,60495
301.340000,455.029764,3.53974,-0.18309,0.36618,0.02367,0.19593,0.99991,0,0,60496
301.345000,455.029764,4.02798,-1.03751,0.00000,0.02489,0.19325,1.00552,0,0,60497
301.350000,455.031010,4.27210,-1.83090,-0.36618,0.02342,0.19081,1.00772,0,0,60498
301.355000,455.031010,4.08901,-2.44120,-1.28163,0.02050,0.18812,1.00504,0,0,60499
301.360000,455.031010,2.80738,-2.56326,-2.56326,0.02098,0.18715,0.99772,0,0,60500
301.365000,455.032230,1.09854,-2.31914,-3.23459,0.02416,0.19203,0.98991,0,0,60501
301.370000,455.032230,-0.85442,-2.01399,-3.90592,0.02806,0.19569,0.98161,0,0,60502
301.375000,455.032230,-2.50223,-1.89193,-4.51622,0.03026,0.20057,0.97502,0,0,60503
301.380000,455.042279,-3.78386,-1.70884,-5.00446,0.02879,0.20594,0.96746,0,0,60504
301.385000,455.042279,-4.08901,-1.89193,-5.24858,0.03099,0.20838,0.95892,0,0,60505
301.390000,455.042279,-3.47871,-1.76987,-5.18755,0.03831,0.21057,0.94867,0,0,60506
301.395000,455.058539,-2.38017,-1.28163,-4.76034,0.04197,0.21423,0.94452,0,0,60507
301.400000,455.058539,-1.52575,-0.73236,-4.15004,0.04172,0.22009,0.94477,0,0,60508
301.405000,455.058539,-1.28163,-0.42721,-3.96695,0.04221,0.22814,0.94867,0,0,60509
301.410000,455.072295,-1.58678,-0.24412,-3.96695,0.04490,0.23619,0.95209,0,0,60510
301.415000,455.072295,-1.95296,0.12206,-3.72283,0.04270,0.24278,0.95819,0,0,60511
301.420000,455.072295,-1.83090,0.54927,-3.29562,0.03953,0.24644,0.96502,0,0,60512
301.425000,455.103563,-1.52575,0.85442,-2.80738,0.04099,0.24595,0.97185,0,0,60513
301.430000,455.103563,-0.91545,0.91545,-2.25811,0.04221,0.24327,0.97673,0,0,60514
301.435000,455.103563,-0.48824,0.79339,-1.89193,0.04026,0.24278,0.98015,0,0,60515
301.440000,455.104787,-0.12206,0.42721,-1.52575,0.04075,0.24010,0.98039,0,0,60516
301.445000,455.104787,0.00000,0.00000,-1.46472,0.03977,0.24058,0.97698,0,0,60517
301.450000,455.104787,0.12206,-0.12206,-1.34266,0.03831,0.24376,0.97234,0,0,60518
301.455000,455.117289,-0.18309,-0.06103,-1.03751,0.03904,0.24864,0.96502,0,0,60519
301.460000,455.117289,-0.79339,0.06103,-0.61030,0.03855,0.25083,0.95672,0,0,60520
301.465000,455.117289,-1.40369,0.42721,0.06103,0.03709,0.24937,0.94940,0,0,60521
301.470000,455.268573,-1.28163,0.91545,0.85442,0.03953,0.24742,0.94818,0,0,60522
301.475000,455.268573,-0.67133,1.70884,1.52575,0.03928,0.24473,0.95087,0,0,60523
301.480000,455.268573,0.00000,2.13605,2.07502,0.03636,0.23668,0.95868,0,0,60524
301.485000,455.269747,0.85442,2.44120,2.56326,0.03684,0.22570,0.96600,0,0,60525
301.490000,455.269747,1.83090,2.07502,2.74635,0.03562,0.21570,0.97380,0,0,60526
301.495000,455.269747,2.68532,1.40369,2.74635,0.03196,0.20740,0.97893,0,0,60527
301.500000,455.270981,3.29562,1.03751,2.62429,0.02952,0.20179,0.98356,0,0,60528
301.505000,455.270981,3.11253,1.15957,2.38017,0.02708,0.19496,0.98796,0,0,60529
301.510000,455.270981,2.31914,1.15957,1.95296,0.02269,0.19008,0.99040,0,0,60530
301.515000,455.272239,1.15957,0.97648,1.28163,0.01976,0.18715,0.99064,0,0,60531
301.520000,455.272239,-0.18309,0.97648,0.24412,0.02367,0.18544,0.98844,0,0,60532
301.525000,455.272239,-1.34266,1.15957,-0.91545,0.02586,0.18764,0.98600,0,0,60533
301.530000,455.273504,-1.83090,1.15957,-2.19708,0.02050,0.19740,0.98332,0,0,60534
301.535000,455.273504,-1.03751,0.73236,-2.74635,0.01830,0.20911,0.97844,0,0,60535
301.540000,455.273504,0.18309,0.42721,-2.99047,0.02513,0.21984,0.97258,0,0,60536
301.545000,455.274764,1.76987,0.18309,-2.80738,0.02611,0.22960,0.97088,0,0,60537
301.550000,455.274764,3.17356,0.18309,-2.19708,0.02147,0.23961,0.97136,0,0,60538
301.555000,455.274764,4.21107,0.48824,-0.91545,0.02342,0.24668,0.97210,0,0,60539
301.560000,455.275989,4.21107,0.67133,-0.18309,0.03026,0.24766,0.97478,0,0,60540
301.565000,455.275989,3.47871,0.97648,0.30515,0.02904,0.24668,0.97990,0,0,60541
301.570000,455.275989,2.19708,1.03751,0.67133,0.02708,0.24424,0.98454,0,0,60542
301.575000,455.277197,0.42721,1.46472,0.79339,0.03245,0.23912,0.98552,0,0,60543
301.580000,455.277197,-0.91545,1.70884,0.54927,0.03392,0.23668,0.99015,0,0,60544
301.585000,455.277197,-1.95296,2.01399,0.36618,0.03074,0.23497,0.99576,0,0,60545
301.620000,455.297275,-0.48824,1.15957,1.03751,0.02464,0.22643,0.97820,6,0,60546
301.625000,455.297275,-0.85442,1.64781,1.09854,0.02220,0.22546,0.98039,0,0,60547
301.630000,455.297275,-1.15957,1.89193,1.34266,0.02416,0.22277,0.98308,0,0,60548
301.635000,455.343712,-1.28163,1.95296,1.46472,0.02684,0.21716,0.98405,0,0,60549
301.640000,455.343712,-1.22060,2.01399,1.15957,0.02294,0.21472,0.98381,0,0,60550
301.645000,455.343712,-0.85442,1.95296,0.79339,0.01879,0.21521,0.98308,0,0,60551
301.650000,455.344866,-0.24412,1.76987,0.61030,0.02147,0.21545,0.98356,0,0,60552
301.655000,455.344866,0.42721,1.58678,0.36618,0.02635,0.21448,0.98332,0,0,60553
301.660000,455.344866,0.91545,1.40369,0.54927,0.02611,0.21521,0.98332,0,0,60554
301.665000,455.346159,1.28163,1.34266,1.03751,0.02001,0.21496,0.98405,0,0,60555
301.670000,455.346159,1.34266,1.46472,1.09854,0.01854,0.21106,0.98430,0,0,60556
301.675000,455.346159,1.09854,1.40369,0.73236,0.02269,0.20472,0.98454,0,0,60557
301.680000,455.347399,1.15957,1.03751,0.24412,0.02318,0.20130,0.98503,0,0,60558
301.685000,455.347399,0.97648,1.15957,0.12206,0.02025,0.20057,0.98722,0,0,60559
301.690000,455.347399,0.85442,1.28163,0.06103,0.02245,0.19959,0.98649,0,0,60560
301.695000,455.478796,0.79339,1.15957,-0.18309,0.02342,0.20276,0.98625,0,0,60561
301.700000,455.478796,0.97648,0.79339,-0.48824,0.02098,0.20764,0.98869,0,0,60562
301.705000,455.478796,1.28163,0.54927,-0.73236,0.01708,0.21716,0.98869,0,0,60563
301.710000,455.479969,1.15957,0.67133,-0.85442,0.01781,0.22546,0.98747,0,0,60564
301.715000,455.479969,0.42721,0.85442,-0.91545,0.02391,0.23082,0.98796,0,0,60565
301.720000,455.479969,-0.12206,0.73236,-1.03751,0.02879,0.23497,0.98942,0,0,60566
301.725000,455.481193,-0.12206,0.61030,-0.97648,0.02757,0.23912,0.99064,0,0,60567
301.730000,455.481193,0.36618,0.54927,-0.54927,0.02660,0.24180,0.98869,0,0,60568
301.735000,455.481193,0.61030,0.48824,-0.48824,0.03026,0.24449,0.98381,0,0,60569
301.740000,455.482405,0.36618,0.42721,-0.42721,0.03392,0.24693,0.97966,0,0,60570
301.745000,455.482405,0.36618,0.42721,-0.06103,0.03392,0.24815,0.97234,0,0,60571
301.750000,455.482405,0.24412,1.22060,0.97648,0.03343,0.24717,0.97014,0,0,60572
301.755000,455.483750,0.18309,2.13605,1.83090,0.03294,0.24132,0.97210,0,0,60573
301.760000,455.483750,-0.12206,2.62429,2.19708,0.03099,0.23302,0.97722,0,0,60574
301.765000,455.483750,-0.79339,2.74635,2.31914,0.02635,0.22619,0.98430,0,0,60575
301.770000,455.484975,-1.40369,2.80738,2.31914,0.02367,0.22106,0.98649,0,0,60576
301.775000,455.484975,-2.01399,2.92944,2.44120,0.02074,0.21765,0.99259,0,0,60577
301.780000,455.484975,-2.56326,3.05150,2.31914,0.01879,0.21594,0.99894,0,0,60578
301.785000,455.486199,-2.80738,2.80738,1.95296,0.01732,0.21594,1.00186,0,0,60579
301.790000,455.486199,-2.44120,2.07502,1.64781,0.01610,0.21740,0.99845,0,0,60580
301.795000,455.486199,-0.85442,1.46472,2.07502,0.01293,0.21960,0.99454,0,0,60581
301.800000,455.487368,0.42721,1.22060,2.56326,0.00952,0.22106,0.99528,0,0,60582
301.805000,455.487368,2.62429,0.85442,3.47871,0.00537,0.21814,0.99918,0,0,60583
301.810000,455.487368,4.21107,0.54927,3.90592,0.00342,0.21106,1.00406,0,0,60584
301.830000,455.493732,6.77433,-1.15957,2.38017,0.00464,0.17226,1.01992,3,0,60585
301.835000,455.493732,6.53021,-1.46472,1.40369,0.00756,0.17153,1.02114,0,0,60586
301.840000,455.493732,5.91991,-1.83090,0.67133,0.00903,0.17446,1.02456,0,0,60587
301.845000,455.507422,4.94343,-2.13605,0.00000,0.01122,0.18056,1.02382,0,0,60588
301.850000,455.507422,4.15004,-2.01399,-0.61030,0.00903,0.19349,1.01846,0,0,60589
301.855000,455.507422,2.86841,-1.70884,-1.03751,0.00708,0.20252,1.01358,0,0,60590
301.860000,455.658819,1.58678,-1.46472,-1.09854,0.00732,0.20984,1.01065,0,0,60591
301.865000,455.658819,0.30515,-1.22060,-1.34266,0.00927,0.21643,1.00650,0,0,60592
301.870000,455.658819,-0.61030,-1.28163,-1.34266,0.01000,0.21911,0.99894,0,0,60593
301.875000,455.660444,-1.09854,-1.40369,-1.52575,0.00952,0.22058,0.99259,0,0,60594
301.880000,455.660444,-1.22060,-1.34266,-1.64781,0.01220,0.22009,0.98600,0,0,60595
301.885000,455.660444,-1.28163,-1.58678,-1.76987,0.01854,0.21911,0.97771,0,0,60596
301.890000,455.661178,-1.46472,-1.58678,-1.83090,0.02269,0.21984,0.96892,0,0,60597
301.895000,455.661178,-1.34266,-1.15957,-1.83090,0.02342,0.21936,0.96526,0,0,60598
301.900000,455.661178,-1.46472,-0.73236,-1.64781,0.02342,0.21960,0.96331,0,0,60599
301.905000,455.662390,-1.40369,-0.48824,-1.70884,0.02367,0.22033,0.96478,0,0,60600
301.910000,455.662390,-1.09854,-0.36618,-2.07502,0.02464,0.22204,0.96624,0,0,60601
301.915000,455.662390,-0.79339,-0.42721,-2.44120,0.02733,0.22546,0.96746,0,0,60602
301.920000,455.663564,-0.61030,-0.42721,-2.62429,0.02904,0.22912,0.96892,0,0,60603
301.925000,455.663564,-0.30515,-0.54927,-2.62429,0.02708,0.23351,0.97014,0,0,60604
301.930000,455.663564,0.00000,-0.79339,-2.44120,0.02562,0.23692,0.97185,0,0,60605
301.935000,455.665014,0.48824,-0.97648,-2.31914,0.02538,0.23668,0.97136,0,0,60606
301.940000,455.665014,1.15957,-1.22060,-2.25811,0.02562,0.23790,0.96892,0,0,60607
301.945000,455.665014,1.64781,-1.28163,-1.95296,0.02635,0.23766,0.96722,0,0,60608
301.950000,455.666705,1.89193,-1.28163,-1.76987,0.02684,0.23766,0.96380,0,0,60609
301.955000,455.666705,1.64781,-1.15957,-1.40369,0.03050,0.23912,0.95990,0,0,60610
301.960000,455.666705,0.67133,-0.79339,-1.22060,0.03270,0.23888,0.95746,0,0,60611
301.965000,455.667526,-0.30515,0.06103,-0.85442,0.03318,0.23546,0.95648,0,0,60612
301.970000,455.667526,-1.46472,0.97648,-0.06103,0.03465,0.23156,0.95990,0,0,60613
301.975000,455.667526,-2.50223,2.01399,0.67133,0.03440,0.22741,0.96722,0,0,60614
302.005000,455.673948,-0.61030,0.67133,-0.48824,0.02391,0.21984,0.98649,3,0,60615
302.010000,455.673948,-0.36618,0.54927,-0.67133,0.02464,0.22253,0.98991,0,0,60616
302.015000,455.673948,-0.06103,0.36618,-0.48824,0.02025,0.22424,0.99137,0,0,60617
302.020000,455.687771,0.18309,0.18309,-0.36618,0.01635,0.22180,0.98893,0,0,60618
302.025000,455.687771,0.61030,-0.18309,-0.48824,0.01586,0.21765,0.98796,0,0,60619
302.030000,455.687771,0.91545,-0.42721,-0.73236,0.01928,0.21252,0.98942,0,0,60620
302.035000,455.823757,1.03751,-0.54927,-0.85442,0.02074,0.21033,0.99015,0,0,60621
302.040000,455.823757,0.36618,-0.54927,-1.03751,0.02220,0.20960,0.98649,0,0,60622
302.045000,455.823757,-0.67133,-0.24412,-1.40369,0.02513,0.21033,0.98161,0,0,60623
302.050000,455.825087,-1.64781,0.06103,-1.89193,0.02733,0.21301,0.97990,0,0,60624
302.055000,455.825087,-2.01399,0.73236,-1.95296,0.02782,0.21887,0.97868,0,0,60625
302.060000,455.825087,-1.89193,0.97648,-1.52575,0.03001,0.22814,0.97600,0,0,60626
302.065000,455.826182,-1.64781,0.97648,-1.28163,0.02928,0.23766,0.97673,0,0,60627
302.070000,455.826182,-1.34266,1.15957,-0.73236,0.02660,0.24498,0.97942,0,0,60628
302.075000,455.826182,-0.61030,1.09854,-0.36618,0.02464,0.24644,0.97917,0,0,60629
302.080000,455.827491,0.06103,1.09854,0.00000,0.02562,0.24571,0.97795,0,0,60630
302.085000,455.827491,0.79339,0.97648,0.30515,0.02513,0.24522,0.97844,0,0,60631
302.090000,455.827491,1.15957,0.79339,0.61030,0.02586,0.24254,0.98039,0,0,60632
302.095000,455.828711,1.22060,0.67133,0.97648,0.02635,0.23888,0.98234,0,0,60633
302.100000,455.828711,1.22060,0.54927,1.22060,0.02538,0.23326,0.98454,0,0,60634
302.105000,455.828711,1.09854,0.54927,1.22060,0.02318,0.22619,0.98478,0,0,60635
302.110000,455.830676,0.91545,0.36618,0.97648,0.02586,0.21911,0.98381,0,0,60636
302.115000,455.830676,0.48824,0.42721,0.79339,0.02733,0.21423,0.98381,0,0,60637
302.120000,455.830676,-0.42721,0.79339,0.85442,0.02538,0.21301,0.98332,0,0,60638
302.125000,455.830979,-1.09854,0.91545,0.61030,0.02001,0.21326,0.98430,0,0,60639
302.130000,455.830979,-1.58678,0.91545,0.24412,0.01610,0.21179,0.98478,0,0,60640
302.135000,455.830979,-1.83090,0.97648,-0.30515,0.01684,0.21008,0.98918,0,0,60641
302.140000,455.832436,-1.46472,0.73236,-0.61030,0.02001,0.21057,0.99308,0,0,60642
302.145000,455.832436,-0.54927,0.18309,-0.73236,0.01903,0.21350,0.99576,0,0,60643
302.150000,455.832436,0.73236,-0.54927,-0.54927,0.01659,0.21740,0.99528,0,0,60644
302.170000,455.838896,0.48824,-0.97648,-0.36618,0.01659,0.22302,0.97844,3,0,60645
302.175000,455.838896,-0.48824,-0.67133,-0.61030,0.01879,0.21936,0.97136,0,0,60646
302.180000,455.838896,-1.58678,0.00000,-1.15957,0.02220,0.21667,0.96868,0,0,60647
302.185000,455.852849,-1.83090,0.48824,-1.28163,0.02269,0.21789,0.96551,0,0,60648
302.190000,455.852849,-1.34266,0.67133,-1.28163,0.02123,0.21862,0.96209,0,0,60649
302.195000,455.852849,-0.67133,1.03751,-1.09854,0.02269,0.21911,0.96087,0,0,60650
302.200000,455.867842,-0.06103,1.40369,-0.97648,0.02513,0.21911,0.96478,0,0,60651
302.205000,455.867842,0.42721,1.28163,-0.97648,0.02611,0.22033,0.97039,0,0,60652
302.210000,455.867842,0.67133,1.15957,-0.91545,0.02269,0.22375,0.97478,0,0,60653
302.215000,455.929005,0.48824,1.22060,-0.73236,0.01806,0.22863,0.97917,0,0,60654
302.220000,455.929005,-0.12206,1.46472,-0.61030,0.01464,0.23082,0.98820,0,0,60655
302.225000,455.929005,-0.85442,1.28163,-0.48824,0.01513,0.23058,0.99406,0,0,60656
302.230000,455.930216,-1.40369,1.03751,-0.36618,0.01513,0.22863,0.99528,0,0,60657
302.235000,455.930216,-1.64781,0.73236,-0.36618,0.01464,0.22326,0.99552,0,0,60658
302.240000,455.930216,-1.64781,0.54927,-0.48824,0.01440,0.21936,0.99454,0,0,60659
302.245000,455.931265,-1.76987,0.42721,-0.67133,0.01342,0.21716,0.99308,0,0,60660
302.250000,455.931265,-2.31914,-0.12206,-1.22060,0.01269,0.21643,0.98893,0,0,60661
302.255000,455.931265,-3.23459,-0.06103,-1.58678,0.01635,0.21618,0.98308,0,0,60662
302.260000,455.932738,-3.66180,-0.06103,-1.70884,0.02538,0.21618,0.97502,0,0,60663
302.265000,455.932738,-3.66180,-0.30515,-1.64781,0.02708,0.21740,0.96624,0,0,60664
302.270000,455.932738,-3.11253,-0.73236,-1.52575,0.02196,0.22033,0.95868,0,0,60665
302.275000,455.942892,-2.80738,-0.30515,-1.70884,0.01976,0.22277,0.95209,0,0,60666
302.280000,455.942892,-3.29562,0.36618,-2.19708,0.02172,0.22448,0.95014,0,0,60667
302.285000,455.942892,-4.08901,0.97648,-2.62429,0.02684,0.22936,0.94867,0,0,60668
302.290000,455.959002,-4.08901,1.22060,-2.62429,0.03050,0.23522,0.94916,0,0,60669
302.295000,455.959002,-4.08901,1.76987,-2.13605,0.03196,0.24156,0.95306,0,0,60670
302.300000,455.959002,-4.27210,2.25811,-1.64781,0.02904,0.24571,0.96234,0,0,60671
302.305000,455.972525,-4.39416,2.38017,-1.40369,0.03270,0.24693,0.96795,0,0,60672
302.310000,455.972525,-4.51622,2.19708,-1.40369,0.03953,0.24668,0.97210,0,0,60673
302.315000,455.972525,-4.82137,2.01399,-1.46472,0.03806,0.24937,0.97502,0,0,60674
302.320000,455.987923,-5.24858,1.83090,-1.58678,0.03928,0.25327,0.97527,0,0,60675
302.325000,455.987923,-5.98094,1.76987,-1.70884,0.04490,0.25937,0.97332,0,0,60676
302.330000,455.987923,-6.65227,1.70884,-1.76987,0.04490,0.26572,0.97014,0,0,60677
302.335000,456.033975,-6.89639,1.40369,-1.64781,0.04392,0.27157,0.96624,0,0,60678
302.340000,456.033975,-6.71330,1.15957,-1.34266,0.04685,0.27450,0.96038,0,0,60679
302.345000,456.033975,-6.16403,1.15957,-1.03751,0.05173,0.27816,0.95306,0,0,60680
302.350000,456.034971,-5.43167,1.40369,-0.73236,0.05124,0.28182,0.94867,0,0,60681
302.355000,456.034971,-4.82137,1.52575,-0.48824,0.05222,0.28621,0.94745,0,0,60682
302.360000,456.034971,-4.76034,1.70884,-0.36618,0.05856,0.28865,0.94867,0,0,60683
302.365000,456.036414,-6.16403,2.31914,-0.79339,0.06198,0.29304,0.95136,0,0,60684
302.370000,456.036414,-10.06995,3.23459,-1.89193,0.06198,0.29768,0.95624,0,0,60685
302.375000,456.036414,-14.52514,3.96695,-2.99047,0.06490,0.30646,0.96331,0,0,60686
302.380000,456.047888,-19.28548,4.82137,-4.02798,0.06954,0.31744,0.96990,0,0,60687
302.385000,456.047888,-23.13037,5.43167,-4.94343,0.07466,0.33355,0.97771,0,0,60688
302.390000,456.047888,-25.63260,5.37064,-5.30961,0.07832,0.35063,0.97746,0,0,60689
302.395000,456.063770,-27.70762,4.94343,-5.18755,0.08150,0.36478,0.96746,0,0,60690
302.400000,456.063770,-29.29440,4.45519,-5.00446,0.08491,0.37869,0.95477,0,0,60691
302.405000,456.063770,-30.20985,4.08901,-4.57725,0.09004,0.38918,0.93940,0,0,60692
302.410000,456.077530,-29.90470,3.78386,-3.90592,0.09687,0.39333,0.91988,0,0,60693
302.415000,456.077530,-27.03629,3.17356,-2.74635,0.10346,0.39382,0.89719,0,0,60694
302.420000,456.077530,-22.76419,2.44120,-1.52575,0.10956,0.39504,0.87547,0,0,60695
302.425000,456.122524,-17.33252,1.64781,-0.06103,0.11248,0.40040,0.85449,0,0,60696
302.430000,456.122524,-11.71776,0.67133,1.52575,0.11468,0.41163,0.83228,0,0,60697
302.435000,456.122524,-6.59124,0.18309,3.23459,0.11785,0.42798,0.81228,0,0,60698
302.440000,456.123711,-2.13605,0.54927,5.06549,0.11810,0.44310,0.79934,0,0,60699
302.445000,456.123711,1.15957,1.70884,6.77433,0.11492,0.45677,0.79129,0,0,60700
302.450000,456.123711,3.29562,3.17356,9.21553,0.11200,0.46750,0.79007,0,0,60701
302.455000,456.125115,3.72283,4.51622,11.53467,0.10736,0.47458,0.79739,0,0,60702
302.460000,456.125115,4.57725,5.30961,13.54866,0.10199,0.48166,0.80349,0,0,60703
302.465000,456.125115,5.67579,5.18755,15.37956,0.09638,0.48922,0.79886,0,0,60704
302.470000,456.137871,6.22506,4.51622,18.37003,0.09028,0.49581,0.78617,0,0,60705
302.475000,456.137871,6.34712,4.57725,20.93329,0.08686,0.49874,0.76738,0,0,60706
302.480000,456.137871,5.55373,5.67579,23.37449,0.08711,0.49776,0.74932,0,0,60707
302.485000,456.168883,4.08901,7.26257,25.32745,0.08857,0.49337,0.72639,0,0,60708
302.490000,456.168883,1.89193,9.03244,27.09732,0.08589,0.48507,0.71102,0,0,60709
302.495000,456.168883,-1.58678,11.77879,29.66058,0.08076,0.47531,0.70394,0,0,60710
302.500000,456.170270,-3.35665,14.09793,32.04075,0.07735,0.46092,0.70150,0,0,60711
302.505000,456.170270,-4.21107,16.17295,34.54298,0.07003,0.44286,0.69540,0,0,60712
302.510000,456.170270,-4.45519,18.06488,36.86212,0.05270,0.42041,0.70052,0,0,60713
302.515000,456.182889,-3.66180,19.95681,38.93714,0.04050,0.39870,0.71175,0,0,60714
302.520000,456.182889,-1.52575,22.64213,41.13422,0.03343,0.36868,0.72834,0,0,60715
302.525000,456.182889,0.12206,24.22891,42.47688,0.02464,0.33940,0.74566,0,0,60716
302.530000,456.213939,1.64781,25.32745,43.45336,0.01244,0.31305,0.76616,0,0,60717
302.535000,456.213939,3.90592,25.75466,43.81954,0.00268,0.28743,0.78422,0,0,60718
302.540000,456.213939,6.89639,25.57157,43.69748,-0.00390,0.27279,0.79056,0,0,60719
302.545000,456.215241,9.64274,25.75466,43.39233,-0.02098,0.26572,0.80130,0,0,60720
302.550000,456.215241,12.87733,26.73114,43.33130,-0.04002,0.26474,0.81398,0,0,60721
302.555000,456.215241,15.07441,27.58556,43.14821,-0.05246,0.26742,0.82496,0,0,60722
302.560000,456.227542,17.02737,28.25689,43.27027,-0.06002,0.27182,0.84424,0,0,60723
302.565000,456.227542,19.83475,28.86719,44.18572,-0.06295,0.27450,0.86059,0,0,60724
302.570000,456.227542,21.11638,29.23337,44.97911,-0.07076,0.27377,0.87596,0,0,60725
302.575000,456.273815,20.75020,29.66058,45.77250,-0.08150,0.26913,0.89255,0,0,60726
302.580000,456.273815,19.34651,30.63706,46.26074,-0.08686,0.25888,0.91036,0,0,60727
302.585000,456.273815,17.45458,31.91869,46.32177,-0.08979,0.24790,0.93208,0,0,60728
302.590000,456.275369,15.50162,33.07826,46.50486,-0.09638,0.23839,0.95770,0,0,60729
302.595000,456.275369,13.48763,34.11577,47.23722,-0.11029,0.22716,0.98430,0,0,60730
302.600000,456.275369,12.57218,34.23783,47.72546,-0.12517,0.21204,1.00601,0,0,60731
302.605000,456.276210,12.45012,34.11577,48.09164,-0.13518,0.19227,1.02529,0,0,60732
302.610000,456.276210,12.93836,33.74959,48.51885,-0.14469,0.16592,1.04359,0,0,60733
302.615000,456.276210,13.91484,33.13929,49.19018,-0.15201,0.14201,1.05872,0,0,60734
302.620000,456.287579,15.19647,32.22384,49.80048,-0.15958,0.11273,1.07287,0,0,60735
302.625000,456.287579,16.66119,31.00324,50.10563,-0.16885,0.08028,1.08629,0,0,60736
302.630000,456.287579,17.39355,30.45397,49.92254,-0.17861,0.04514,1.10190,0,0,60737
302.635000,456.333980,17.57664,30.27088,49.43430,-0.18959,0.01610,1.12118,0,0,60738
302.640000,456.333980,17.45458,30.02676,48.64091,-0.19984,-0.01244,1.14534,0,0,60739
302.645000,456.333980,17.27149,29.72161,46.74898,-0.20984,-0.04587,1.17584,0,0,60740
302.650000,456.335387,16.60016,29.05028,44.79602,-0.21740,-0.07540,1.20780,0,0,60741
302.655000,456.335387,15.50162,27.95174,42.11070,-0.22350,-0.10419,1.24440,0,0,60742
302.660000,456.335387,13.91484,26.36496,38.69302,-0.23009,-0.12908,1.28246,0,0,60743
302.665000,456.336201,11.59570,24.59509,34.42092,-0.23400,-0.14518,1.31443,0,0,60744
302.670000,456.336201,7.75081,22.39801,28.43998,-0.23644,-0.15518,1.34444,0,0,60745
302.675000,456.336201,4.27210,20.20093,23.55758,-0.23692,-0.15982,1.36689,0,0,60746
302.680000,456.347890,0.42721,17.51561,18.43106,-0.23790,-0.15714,1.37543,0,0,60747
302.685000,456.347890,-3.23459,14.83029,13.54866,-0.23619,-0.15006,1.37299,0,0,60748
302.690000,456.347890,-5.98094,12.45012,9.39862,-0.23082,-0.13932,1.36201,0,0,60749
302.695000,456.363957,-8.11699,9.64274,5.00446,-0.22277,-0.12444,1.33980,0,0,60750
302.700000,456.363957,-9.15450,7.62875,2.01399,-0.21716,-0.10663,1.31467,0,0,60751
302.705000,456.363957,-9.64274,6.22506,-0.36618,-0.21301,-0.08345,1.29418,0,0,60752
302.710000,456.377764,-9.70377,5.37064,-1.83090,-0.20935,-0.06246,1.27905,0,0,60753
302.715000,456.377764,-9.76480,3.84489,-3.72283,-0.20398,-0.03611,1.26197,0,0,60754
302.720000,456.377764,-9.33759,2.62429,-4.76034,-0.19837,-0.01293,1.24806,0,0,60755
302.725000,456.392510,-7.68978,0.97648,-5.43167,-0.18886,0.01293,1.23342,0,0,60756
302.730000,456.392510,-6.28609,-0.18309,-5.61476,-0.17592,0.03440,1.22146,0,0,60757
302.735000,456.392510,-5.55373,-1.15957,-5.85888,-0.16250,0.05026,1.21146,0,0,60758
302.740000,456.438967,-5.55373,-1.83090,-6.22506,-0.14860,0.06612,1.20243,0,0,60759
302.745000,456.438967,-6.46918,-2.74635,-6.95742,-0.13469,0.08320,1.19145,0,0,60760
302.750000,456.438967,-7.56772,-3.41768,-7.50669,-0.12176,0.09711,1.17901,0,0,60761
302.755000,456.440114,-8.84935,-3.66180,-7.93390,-0.10712,0.10956,1.16559,0,0,60762
302.760000,456.440114,-10.13098,-3.96695,-8.05596,-0.09345,0.12298,1.15290,0,0,60763
302.765000,456.440114,-11.53467,-3.96695,-8.42214,-0.08735,0.13615,1.14387,0,0,60764
302.770000,456.441615,-12.81630,-3.78386,-8.48317,-0.08223,0.15055,1.13411,0,0,60765
302.775000,456.441615,-13.48763,-3.90592,-8.54420,-0.07759,0.16446,1.12411,0,0,60766
302.780000,456.441615,-13.67072,-4.27210,-8.48317,-0.07515,0.17446,1.11069,0,0,60767
302.785000,456.452922,-13.48763,-4.51622,-8.48317,-0.07198,0.18422,1.09361,0,0,60768
302.790000,456.452922,-13.36557,-4.51622,-8.11699,-0.06808,0.19374,1.07994,0,0,60769
302.795000,456.452922,-13.24351,-4.39416,-7.26257,-0.06515,0.20325,1.06750,0,0,60770
302.800000,456.483826,-13.06042,-4.33313,-6.53021,-0.06393,0.20862,1.05652,0,0,60771
302.805000,456.483826,-12.63321,-4.08901,-5.98094,-0.06222,0.21350,1.04505,0,0,60772
302.810000,456.483826,-11.77879,-4.02798,-5.24858,-0.06198,0.21692,1.03383,0,0,60773
302.815000,456.484964,-10.25304,-4.21107,-4.08901,-0.06076,0.21887,1.02236,0,0,60774
302.820000,456.484964,-7.44566,-4.51622,-2.25811,-0.05905,0.21740,1.01138,0,0,60775
302.825000,456.484964,-5.24858,-4.57725,-0.54927,-0.05588,0.21496,1.00235,0,0,60776
302.830000,456.497498,-3.47871,-4.45519,0.67133,-0.05270,0.21008,0.99430,0,0,60777
302.835000,456.497498,-2.56326,-4.33313,1.64781,-0.05197,0.20423,0.98478,0,0,60778
302.840000,456.497498,-2.74635,-4.02798,2.31914,-0.05173,0.19862,0.97990,0,0,60779
302.845000,456.543761,-3.47871,-3.66180,2.56326,-0.05026,0.19178,0.97405,0,0,60780
302.850000,456.543761,-5.18755,-3.11253,2.50223,-0.04978,0.18495,0.96990,0,0,60781
302.855000,456.543761,-6.71330,-2.62429,2.19708,-0.04904,0.17666,0.96624,0,0,60782
302.860000,456.545187,-7.50669,-2.31914,1.58678,-0.04563,0.17348,0.96136,0,0,60783
302.865000,456.545187,-7.20154,-2.44120,0.91545,-0.04538,0.17129,0.95819,0,0,60784
302.870000,456.545187,-5.85888,-2.74635,0.30515,-0.04587,0.17251,0.95160,0,0,60785
302.875000,456.546248,-4.27210,-2.86841,0.06103,-0.04319,0.17617,0.94672,0,0,60786
302.880000,456.546248,-2.86841,-2.68532,0.06103,-0.04368,0.18422,0.94501,0,0,60787
302.885000,456.546248,-1.70884,-2.50223,0.24412,-0.04660,0.19032,0.94745,0,0,60788
302.890000,456.557695,-0.91545,-2.44120,0.12206,-0.04636,0.19349,0.95014,0,0,60789
302.895000,456.557695,-0.42721,-2.38017,0.24412,-0.04807,0.19544,0.95209,0,0,60790
302.900000,456.557695,-0.48824,-2.38017,0.48824,-0.04856,0.19691,0.95502,0,0,60791
302.905000,456.603792,-0.79339,-2.31914,0.54927,-0.04856,0.19984,0.95941,0,0,60792
302.910000,456.603792,-1.09854,-2.31914,0.36618,-0.05051,0.20374,0.96160,0,0,60793
302.915000,456.603792,-1.28163,-2.56326,0.12206,-0.05246,0.20984,0.96380,0,0,60794
302.920000,456.605081,-1.09854,-2.99047,0.18309,-0.05417,0.21765,0.95965,0,0,60795
302.925000,456.605081,-1.40369,-3.23459,0.67133,-0.05490,0.22180,0.95136,0,0,60796
302.930000,456.605081,-2.25811,-3.17356,1.09854,-0.05563,0.22082,0.94111,0,0,60797
302.935000,456.606715,-2.86841,-2.80738,1.58678,-0.05734,0.21692,0.93306,0,0,60798
302.940000,456.606715,-3.11253,-2.31914,1.83090,-0.05758,0.21130,0.92988,0,0,60799
302.945000,456.606715,-2.44120,-2.07502,2.31914,-0.05929,0.20423,0.93013,0,0,60800
302.950000,456.617900,-1.52575,-2.01399,2.56326,-0.06076,0.19984,0.93037,0,0,60801
302.955000,456.617900,-0.42721,-1.70884,2.99047,-0.06027,0.19422,0.93281,0,0,60802
302.960000,456.617900,0.36618,-1.46472,3.23459,-0.06002,0.18715,0.93940,0,0,60803
302.965000,456.632537,1.22060,-1.40369,3.05150,-0.06295,0.18349,0.94794,0,0,60804
302.970000,456.632537,1.40369,-1.46472,2.56326,-0.06417,0.18105,0.95111,0,0,60805
302.975000,456.632537,0.85442,-1.46472,1.95296,-0.06246,0.18154,0.95355,0,0,60806
302.980000,456.678982,-0.18309,-1.15957,1.22060,-0.05929,0.17958,0.95697,0,0,60807
302.985000,456.678982,-1.58678,-0.73236,0.42721,-0.06051,0.17934,0.95575,0,0,60808
302.990000,456.678982,-3.11253,-0.79339,-0.36618,-0.06344,0.18129,0.95184,0,0,60809
302.995000,456.679975,-4.39416,-0.97648,-0.91545,-0.06417,0.18520,0.94355,0,0,60810
303.000000,456.679975,-4.69931,-0.91545,-1.03751,-0.06393,0.18959,0.93452,0,0,60811
303.005000,456.679975,-4.27210,-0.67133,-0.97648,-0.06246,0.19374,0.93013,0,0,60812
303.010000,456.681241,-3.17356,-0.42721,-0.61030,-0.06344,0.19740,0.93037,0,0,60813
303.015000,456.681241,-1.83090,-0.30515,0.06103,-0.06124,0.20057,0.93281,0,0,60814
303.020000,456.681241,-0.54927,0.06103,1.22060,-0.05710,0.20008,0.93769,0,0,60815
303.025000,456.692515,-0.06103,0.36618,2.13605,-0.05807,0.19837,0.94355,0,0,60816
303.030000,456.692515,-0.42721,0.67133,2.38017,-0.06295,0.19886,0.94843,0,0,60817
303.035000,456.692515,-1.40369,1.03751,2.25811,-0.06564,0.19764,0.95087,0,0,60818
303.040000,456.707717,-2.38017,1.40369,2.13605,-0.06344,0.19471,0.95258,0,0,60819
303.045000,456.707717,-3.11253,1.89193,2.19708,-0.06320,0.19008,0.95624,0,0,60820
303.050000,456.707717,-3.29562,2.25811,2.50223,-0.06539,0.18520,0.96112,0,0,60821
303.055000,456.722591,-2.86841,2.19708,2.74635,-0.06490,0.18007,0.96502,0,0,60822
303.060000,456.722591,-1.95296,1.89193,2.74635,-0.06368,0.17544,0.96551,0,0,60823
303.065000,456.722591,-0.85442,1.34266,2.31914,-0.06198,0.17202,0.96673,0,0,60824
303.070000,456.737695,-0.24412,1.22060,1.58678,-0.06198,0.17129,0.96624,0,0,60825
303.075000,456.737695,-0.42721,1.03751,0.85442,-0.06076,0.17080,0.96331,0,0,60826
303.080000,456.737695,-1.15957,1.03751,0.00000,-0.05344,0.17080,0.96087,0,0,60827
303.085000,456.752631,-2.25811,1.40369,-0.85442,-0.05075,0.17226,0.96014,0,0,60828
303.090000,456.752631,-3.11253,1.76987,-1.46472,-0.05295,0.17495,0.95941,0,0,60829
303.095000,456.752631,-3.11253,2.01399,-1.89193,-0.05392,0.18178,0.95746,0,0,60830
303.100000,456.785204,-2.13605,2.01399,-1.76987,-0.05344,0.18788,0.96038,0,0,60831
303.105000,456.785204,-0.36618,1.89193,-1.40369,-0.05270,0.19203,0.96600,0,0,60832
303.110000,456.785204,1.70884,1.40369,-0.67133,-0.05026,0.19252,0.97112,0,0,60833
303.115000,456.786463,3.47871,0.91545,0.12206,-0.04587,0.19105,0.97405,0,0,60834
303.120000,456.786463,4.57725,0.54927,1.15957,-0.04465,0.18959,0.97966,0,0,60835
303.125000,456.786463,4.08901,0.73236,1.76987,-0.04807,0.19081,0.98405,0,0,60836
303.130000,456.797906,3.11253,1.03751,1.64781,-0.04782,0.18983,0.98381,0,0,60837
303.135000,456.797906,1.58678,1.28163,1.15957,-0.04270,0.18837,0.98308,0,0,60838
303.140000,456.797906,-0.61030,1.83090,0.54927,-0.04221,0.18690,0.98649,0,0,60839
303.145000,456.843887,-2.19708,2.07502,-0.06103,-0.04172,0.18959,0.98918,0,0,60840
303.150000,456.843887,-3.60077,2.50223,-0.54927,-0.04197,0.19666,0.99040,0,0,60841
303.155000,456.843887,-4.51622,2.86841,-0.73236,-0.04124,0.20472,0.99210,0,0,60842
303.160000,456.844960,-4.76034,2.99047,-0.61030,-0.04099,0.21033,0.99406,0,0,60843
303.165000,456.844960,-3.66180,2.68532,0.24412,-0.04099,0.21521,0.99381,0,0,60844
303.170000,456.844960,-2.44120,2.38017,1.40369,-0.04416,0.21911,0.99430,0,0,60845
303.175000,456.846402,-0.97648,2.19708,2.44120,-0.04807,0.21594,0.99698,0,0,60846
303.180000,456.846402,0.48824,2.13605,2.99047,-0.04734,0.20813,1.00113,0,0,60847
303.185000,456.846402,1.40369,2.01399,3.05150,-0.04514,0.20032,1.00504,0,0,60848
303.190000,456.858614,1.64781,1.64781,2.86841,-0.04563,0.19300,1.00699,0,0,60849
303.195000,456.858614,1.34266,1.28163,2.56326,-0.04856,0.18764,1.00821,0,0,60850
303.200000,456.858614,0.79339,1.15957,2.07502,-0.05197,0.18373,1.00894,0,0,60851
303.205000,456.903959,0.30515,1.28163,1.46472,-0.05124,0.17910,1.01016,0,0,60852
303.210000,456.903959,-0.06103,1.40369,1.22060,-0.04978,0.17397,1.01284,0,0,60853
303.215000,456.903959,-0.42721,1.34266,1.22060,-0.05173,0.17275,1.01528,0,0,60854
303.220000,456.905392,-0.54927,1.28163,1.28163,-0.05441,0.17519,1.01748,0,0,60855
303.225000,456.905392,-0.30515,1.03751,0.97648,-0.05539,0.17934,1.01894,0,0,60856
303.230000,456.905392,0.06103,0.67133,0.48824,-0.05856,0.18495,1.01894,0,0,60857
303.235000,456.906232,0.24412,0.24412,0.12206,-0.06173,0.19008,1.01748,0,0,60858
303.240000,456.906232,0.54927,-0.12206,0.12206,-0.06246,0.19374,1.01602,0,0,60859
303.245000,456.906232,0.54927,-0.24412,0.18309,-0.06173,0.19910,1.01431,0,0,60860
303.250000,456.917873,0.54927,-0.30515,0.48824,-0.06246,0.20179,1.01284,0,0,60861
303.255000,456.917873,0.67133,-0.24412,0.97648,-0.06539,0.20179,1.01187,0,0,60862
303.260000,456.917873,0.67133,-0.24412,1.64781,-0.06417,0.19715,1.01138,0,0,60863
303.265000,456.963883,0.48824,-0.12206,2.01399,-0.06149,0.18861,1.01016,0,0,60864
303.270000,456.963883,0.48824,-0.30515,1.95296,-0.06124,0.18349,1.00674,0,0,60865
303.275000,456.963883,0.42721,-0.48824,1.76987,-0.06320,0.18129,1.00308,0,0,60866
303.280000,456.965373,0.54927,-0.42721,1.58678,-0.06612,0.18080,0.99918,0,0,60867
303.285000,456.965373,0.54927,-0.30515,1.34266,-0.06832,0.17983,0.99772,0,0,60868
303.290000,456.965373,0.18309,-0.36618,1.15957,-0.06564,0.17495,0.99528,0,0,60869
303.295000,456.966248,-0.48824,-0.48824,0.54927,-0.06320,0.17129,0.99210,0,0,60870
303.300000,456.966248,-1.28163,-0.48824,0.00000,-0.06442,0.16982,0.99015,0,0,60871
303.305000,456.966248,-2.01399,-0.36618,-0.67133,-0.06612,0.17129,0.98722,0,0,60872
303.310000,456.977542,-2.38017,-0.12206,-1.34266,-0.06515,0.17275,0.98576,0,0,60873
303.315000,456.977542,-2.25811,-0.06103,-1.89193,-0.06539,0.17617,0.98649,0,0,60874
303.320000,456.977542,-1.52575,-0.36618,-2.38017,-0.06393,0.17910,0.98454,0,0,60875
303.325000,457.023693,-0.54927,-0.79339,-2.50223,-0.06271,0.18373,0.97917,0,0,60876
303.330000,457.023693,0.67133,-1.03751,-2.19708,-0.06393,0.19008,0.97673,0,0,60877
303.335000,457.023693,1.64781,-0.85442,-1.64781,-0.06100,0.19227,0.97405,0,0,60878
303.340000,457.025035,1.89193,-0.36618,-1.28163,-0.05563,0.19349,0.97088,0,0,60879
303.345000,457.025035,1.34266,0.00000,-0.79339,-0.05588,0.19178,0.97258,0,0,60880
303.350000,457.025035,0.48824,0.30515,-0.54927,-0.05929,0.18983,0.97624,0,0,60881
303.355000,457.026613,-0.18309,0.67133,-0.36618,-0.06222,0.18617,0.98454,0,0,60882
303.360000,457.026613,-0.48824,0.85442,-0.48824,-0.06368,0.17983,0.99528,0,0,60883
303.365000,457.026613,-0.54927,0.73236,-0.85442,-0.06442,0.17300,1.00479,0,0,60884
303.370000,457.037938,-0.85442,0.24412,-1.70884,-0.06442,0.16641,1.01236,0,0,60885
303.375000,457.037938,-1.22060,-0.36618,-2.50223,-0.06564,0.16397,1.01602,0,0,60886
303.380000,457.037938,-1.64781,-0.85442,-3.05150,-0.06515,0.16568,1.01089,0,0,60887
303.385000,457.083986,-2.38017,-1.03751,-3.53974,-0.06149,0.17007,1.00601,0,0,60888
303.390000,457.083986,-3.05150,-0.54927,-3.41768,-0.06124,0.18032,1.00064,0,0,60889
303.395000,457.083986,-3.53974,-0.12206,-2.92944,-0.06539,0.18886,0.99430,0,0,60890
303.400000,457.085076,-3.96695,-0.12206,-2.38017,-0.06905,0.19032,0.98356,0,0,60891
303.405000,457.085076,-3.90592,-0.24412,-1.95296,-0.06612,0.18812,0.97649,0,0,60892
303.410000,457.085076,-2.68532,-0.24412,-1.46472,-0.05954,0.18495,0.97234,0,0,60893
303.415000,457.086149,-0.61030,-0.24412,-0.85442,-0.05710,0.18129,0.97258,0,0,60894
303.420000,457.086149,2.38017,-0.61030,-0.24412,-0.06051,0.17812,0.97600,0,0,60895
303.425000,457.086149,4.21107,-1.15957,-0.12206,-0.06149,0.17812,0.97576,0,0,60896
303.430000,457.097754,4.76034,-1.40369,-0.24412,-0.05880,0.17861,0.97600,0,0,60897
303.435000,457.097754,4.15004,-1.28163,-0.54927,-0.05514,0.18202,0.97771,0,0,60898
303.440000,457.097754,2.13605,-0.79339,-0.97648,-0.05490,0.18739,0.97795,0,0,60899
303.445000,457.128799,0.30515,-0.54927,-1.03751,-0.05880,0.19154,0.97893,0,0,60900
303.450000,457.128799,-1.64781,-0.06103,-1.09854,-0.06100,0.19105,0.98161,0,0,60901
303.455000,457.128799,-2.86841,0.24412,-1.22060,-0.05441,0.18764,0.98283,0,0,60902
303.460000,457.130074,-3.17356,0.30515,-1.83090,-0.04831,0.18593,0.98405,0,0,60903
303.465000,457.130074,-2.99047,-0.18309,-2.19708,-0.04880,0.18715,0.98308,0,0,60904
303.470000,457.130074,-2.13605,-0.67133,-2.07502,-0.04831,0.18959,0.97893,0,0,60905
303.475000,457.142866,-1.03751,-0.97648,-1.95296,-0.04465,0.19300,0.97454,0,0,60906
303.480000,457.142866,0.06103,-1.15957,-1.89193,-0.04490,0.19740,0.96941,0,0,60907
303.485000,457.142866,0.85442,-1.28163,-1.76987,-0.04734,0.20130,0.96380,0,0,60908
303.490000,457.157599,1.40369,-1.22060,-1.22060,-0.04782,0.20252,0.95941,0,0,60909
303.495000,457.157599,1.76987,-0.67133,-0.73236,-0.04929,0.20106,0.96014,0,0,60910
303.500000,457.157599,1.83090,-0.30515,-0.61030,-0.05075,0.20130,0.96502,0,0,60911
303.505000,457.172597,1.89193,0.06103,-0.54927,-0.05051,0.20276,0.96673,0,0,60912
303.510000,457.172597,2.01399,0.36618,-0.06103,-0.05124,0.20496,0.96941,0,0,60913
303.515000,457.172597,2.01399,0.48824,0.61030,-0.05295,0.20618,0.97356,0,0,60914
303.520000,457.187677,1.76987,0.61030,1.15957,-0.05734,0.20350,0.97722,0,0,60915
303.525000,457.187677,1.52575,0.85442,1.34266,-0.05954,0.19910,0.97746,0,0,60916
303.530000,457.187677,1.03751,0.97648,1.34266,-0.05929,0.19178,0.97844,0,0,60917
303.535000,457.233767,0.42721,1.03751,1.03751,-0.05539,0.18349,0.98015,0,0,60918
303.540000,457.233767,-0.67133,0.97648,0.61030,-0.05441,0.18129,0.98112,0,0,60919
303.545000,457.233767,-2.07502,0.67133,-0.54927,-0.05710,0.18300,0.98015,0,0,60920
303.550000,457.234965,-2.92944,0.42721,-1.28163,-0.05490,0.18690,0.97527,0,0,60921
303.555000,457.234965,-3.11253,0.48824,-1.28163,-0.04782,0.19081,0.96941,0,0,60922
303.560000,457.234965,-2.86841,0.73236,-0.85442,-0.04685,0.19349,0.96722,0,0,60923
303.565000,457.236211,-2.25811,0.73236,-0.24412,-0.05124,0.19666,0.96844,0,0,60924
303.570000,457.236211,-1.34266,0.79339,0.12206,-0.05344,0.19886,0.97161,0,0,60925
303.575000,457.236211,-0.73236,0.97648,0.18309,-0.05417,0.19837,0.97600,0,0,60926
303.580000,457.247499,-0.18309,1.28163,0.24412,-0.05563,0.19471,0.98210,0,0,60927
303.585000,457.247499,0.12206,1.28163,0.54927,-0.05710,0.19349,0.98771,0,0,60928
303.590000,457.247499,0.12206,0.85442,0.73236,-0.06076,0.19325,0.99284,0,0,60929
303.595000,457.278929,0.48824,0.42721,0.67133,-0.06344,0.19300,0.99284,0,0,60930
303.600000,457.278929,0.91545,0.06103,0.42721,-0.06466,0.19496,0.98869,0,0,60931
303.605000,457.278929,0.91545,-0.06103,0.42721,-0.06320,0.19569,0.98527,0,0,60932
303.610000,457.280305,0.79339,-0.18309,0.67133,-0.06320,0.19325,0.98356,0,0,60933
303.615000,457.280305,0.61030,-0.30515,0.79339,-0.06466,0.18764,0.97942,0,0,60934
303.620000,457.280305,0.36618,-0.36618,0.67133,-0.06417,0.18129,0.97454,0,0,60935
303.625000,457.292634,0.24412,-0.48824,0.18309,-0.06222,0.17568,0.96966,0,0,60936
303.630000,457.292634,0.12206,-0.48824,-0.42721,-0.05905,0.17178,0.96478,0,0,60937
303.635000,457.292634,-0.42721,-0.36618,-1.28163,-0.05246,0.17080,0.95892,0,0,60938
303.640000,457.307907,-1.22060,-0.06103,-2.19708,-0.04612,0.17470,0.95233,0,0,60939
303.645000,457.307907,-2.01399,0.54927,-2.62429,-0.04319,0.18422,0.94745,0,0,60940
303.650000,457.307907,-2.07502,1.40369,-2.44120,-0.04538,0.19959,0.94770,0,0,60941
303.655000,457.322924,-1.95296,2.19708,-1.76987,-0.04856,0.20984,0.95258,0,0,60942
303.660000,457.322924,-1.76987,2.86841,-1.40369,-0.04685,0.21448,0.95843,0,0,60943
303.665000,457.322924,-1.64781,3.29562,-0.91545,-0.04538,0.21716,0.96600,0,0,60944
303.670000,457.337598,-1.40369,3.17356,-0.24412,-0.04929,0.21911,0.97527,0,0,60945
303.675000,457.337598,-1.15957,3.11253,0.36618,-0.05246,0.21740,0.98234,0,0,60946
303.680000,457.337598,-0.79339,2.99047,0.85442,-0.04929,0.21374,0.98771,0,0,60947
303.685000,457.352543,-0.61030,2.86841,1.22060,-0.04538,0.20862,0.99040,0,0,60948
303.690000,457.352543,-0.18309,2.56326,1.46472,-0.04709,0.20594,0.99210,0,0,60949
303.695000,457.352543,0.48824,1.95296,1.89193,-0.05075,0.20496,0.99040,0,0,60950
303.700000,457.367834,1.15957,1.58678,1.83090,-0.05197,0.20520,0.98747,0,0,60951
303.705000,457.367834,1.52575,1.64781,1.46472,-0.05124,0.20423,0.98527,0,0,60952
303.710000,457.367834,1.89193,1.58678,1.64781,-0.05124,0.20447,0.98405,0,0,60953
303.715000,457.443981,2.13605,1.64781,1.89193,-0.05514,0.20423,0.98503,0,0,60954
303.720000,457.443981,2.74635,1.76987,2.13605,-0.05905,0.20154,0.98820,0,0,60955
303.725000,457.443981,3.17356,1.83090,2.19708,-0.06173,0.19886,0.99064,0,0,60956
303.730000,457.444977,3.23459,1.76987,2.31914,-0.05929,0.19618,0.99040,0,0,60957
303.735000,457.444977,2.74635,1.83090,2.38017,-0.05710,0.19154,0.99186,0,0,60958
303.740000,457.444977,1.70884,2.01399,2.44120,-0.05905,0.18739,0.99747,0,0,60959
303.745000,457.446233,0.12206,2.25811,2.25811,-0.06149,0.18544,1.00162,0,0,60960
303.750000,457.446233,-0.91545,2.25811,1.64781,-0.06344,0.18422,1.00357,0,0,60961
303.755000,457.446233,-1.52575,1.89193,1.15957,-0.06051,0.18276,1.00284,0,0,60962
303.760000,457.447887,-1.64781,1.46472,0.61030,-0.05563,0.18398,1.00016,0,0,60963
303.765000,457.447887,-1.34266,0.91545,0.48824,-0.05929,0.18886,0.99625,0,0,60964
303.770000,457.447887,-0.97648,0.67133,0.61030,-0.06539,0.19130,0.99088,0,0,60965
303.775000,457.448709,-0.54927,0.79339,0.73236,-0.06295,0.19081,0.98381,0,0,60966
303.780000,457.448709,0.06103,1.03751,0.85442,-0.06124,0.19056,0.98112,0,0,60967
303.785000,457.448709,0.54927,1.40369,1.03751,-0.05954,0.18837,0.98161,0,0,60968
303.790000,457.457579,0.85442,1.64781,1.34266,-0.06076,0.18764,0.98332,0,0,60969
303.795000,457.457579,0.85442,1.95296,1.64781,-0.06246,0.18398,0.98576,0,0,60970
303.800000,457.457579,1.09854,2.07502,1.70884,-0.06076,0.18032,0.98942,0,0,60971
303.805000,457.563999,1.34266,2.25811,1.95296,-0.06051,0.17812,0.99625,0,0,60972
303.810000,457.563999,1.58678,2.31914,2.50223,-0.06442,0.17592,0.99845,0,0,60973
303.815000,457.563999,1.76987,2.38017,2.99047,-0.06881,0.17153,0.99845,0,0,60974
303.820000,457.565056,2.07502,2.19708,2.74635,-0.07100,0.16665,0.99698,0,0,60975
303.825000,457.565056,2.13605,2.01399,2.44120,-0.06856,0.16324,0.99772,0,0,60976
303.830000,457.565056,1.95296,2.01399,2.13605,-0.06710,0.16153,1.00113,0,0,60977
303.835000,457.566613,1.40369,2.19708,1.70884,-0.06734,0.16104,1.00284,0,0,60978
303.840000,457.566613,0.85442,2.44120,1.46472,-0.06978,0.16177,1.00528,0,0,60979
303.845000,457.566613,0.06103,2.92944,1.22060,-0.07320,0.16104,1.01065,0,0,60980
303.850000,457.567506,-0.30515,3.05150,1.40369,-0.07662,0.15933,1.01821,0,0,60981
303.855000,457.567506,-0.73236,3.23459,1.52575,-0.07735,0.15274,1.02797,0,0,60982
303.860000,457.567506,-0.97648,3.23459,1.28163,-0.07979,0.14469,1.03505,0,0,60983
303.865000,457.578976,-0.67133,2.80738,0.54927,-0.08345,0.13640,1.04017,0,0,60984
303.870000,457.578976,-0.18309,2.38017,0.18309,-0.08467,0.13176,1.04578,0,0,60985
303.875000,457.578976,0.42721,1.95296,-0.30515,-0.08418,0.12956,1.04896,0,0,60986
303.880000,457.579941,1.28163,1.40369,-0.79339,-0.08320,0.12981,1.05091,0,0,60987
303.885000,457.579941,2.50223,0.79339,-1.15957,-0.08564,0.13396,1.05115,0,0,60988
303.890000,457.579941,4.57725,0.12206,-0.79339,-0.08955,0.13957,1.05091,0,0,60989
303.895000,457.581252,6.28609,-0.42721,-0.12206,-0.09174,0.14518,1.05115,0,0,60990
303.900000,457.581252,7.75081,-0.91545,0.61030,-0.09321,0.14884,1.05310,0,0,60991
303.905000,457.581252,8.78832,-1.15957,1.22060,-0.09638,0.14811,1.05652,0,0,60992
303.910000,457.582329,9.09347,-1.15957,1.64781,-0.09906,0.14640,1.06286,0,0,60993
303.915000,457.582329,8.84935,-1.03751,2.01399,-0.09784,0.14006,1.07116,0,0,60994
303.920000,457.582329,8.11699,-0.91545,2.25811,-0.09370,0.13274,1.08556,0,0,60995
303.925000,457.592604,7.01845,-0.91545,2.38017,-0.09687,0.12810,1.09751,0,0,60996
303.930000,457.592604,6.04197,-1.22060,2.31914,-0.10565,0.12420,1.10776,0,0,60997
303.935000,457.592604,5.37064,-1.76987,2.01399,-0.11126,0.12127,1.11240,0,0,60998
303.940000,457.607657,4.57725,-2.25811,1.76987,-0.11712,0.11736,1.11532,0,0,60999
303.945000,457.607657,3.41768,-2.80738,1.52575,-0.12200,0.10956,1.11606,0,0,61000
303.950000,457.607657,2.07502,-3.17356,1.40369,-0.12517,0.09809,1.11606,0,0,61001
303.955000,457.622897,1.28163,-3.35665,0.85442,-0.12493,0.08369,1.11264,0,0,61002
303.960000,457.622897,1.03751,-4.02798,0.12206,-0.12639,0.07222,1.10727,0,0,61003
303.965000,457.622897,0.97648,-4.76034,-0.42721,-0.12737,0.06246,1.10264,0,0,61004
303.970000,457.637560,1.34266,-5.12652,-1.15957,-0.12566,0.05612,1.10044,0,0,61005
303.975000,457.637560,1.58678,-5.24858,-2.19708,-0.12761,0.05026,1.09995,0,0,61006
303.980000,457.637560,1.40369,-5.43167,-3.17356,-0.13200,0.04880,1.10264,0,0,61007
303.985000,457.713843,1.15957,-5.79785,-4.02798,-0.13518,0.04709,1.10678,0,0,61008
303.990000,457.713843,0.79339,-6.53021,-5.12652,-0.13542,0.04416,1.11093,0,0,61009
303.995000,457.713843,0.54927,-7.44566,-6.10300,-0.13493,0.04002,1.11166,0,0,61010
304.000000,457.715361,1.09854,-8.48317,-7.07948,-0.13566,0.03977,1.10947,0,0,61011
304.005000,457.715361,2.25811,-9.52068,-7.81184,-0.13640,0.04392,1.10703,0,0,61012
304.010000,457.715361,3.66180,-10.25304,-8.42214,-0.13566,0.04612,1.10874,0,0,61013
304.015000,457.716300,4.82137,-10.80231,-9.33759,-0.13469,0.04904,1.11215,0,0,61014
304.020000,457.716300,4.63828,-11.04643,-10.25304,-0.13566,0.05124,1.11606,0,0,61015
304.025000,457.716300,3.35665,-11.04643,-10.98540,-0.13469,0.05173,1.11947,0,0,61016
304.030000,457.717466,1.58678,-10.86334,-11.59570,-0.13176,0.05002,1.12362,0,0,61017
304.035000,457.717466,-0.73236,-10.37510,-12.20600,-0.13127,0.04636,1.13192,0,0,61018
304.040000,457.717466,-2.92944,-10.37510,-13.24351,-0.13444,0.04075,1.14314,0,0,61019
304.045000,457.719067,-4.76034,-10.80231,-14.76926,-0.13713,0.03733,1.15168,0,0,61020
304.050000,457.719067,-5.30961,-11.65673,-16.05089,-0.13518,0.03392,1.15412,0,0,61021
304.055000,457.719067,-5.61476,-12.99939,-17.21046,-0.13200,0.03416,1.15046,0,0,61022
304.060000,457.727732,-5.00446,-14.40308,-18.12591,-0.13078,0.03465,1.14509,0,0,61023
304.065000,457.727732,-2.68532,-15.92883,-18.91930,-0.12981,0.03733,1.13899,0,0,61024
304.070000,457.727732,-0.79339,-17.27149,-19.52960,-0.12956,0.04172,1.13289,0,0,61025
304.075000,457.789000,0.42721,-18.55312,-20.20093,-0.12786,0.04587,1.12630,0,0,61026
304.080000,457.789000,0.61030,-19.65166,-20.87226,-0.12590,0.05246,1.11825,0,0,61027
304.085000,457.789000,0.06103,-19.95681,-21.66565,-0.12468,0.05954,1.11191,0,0,61028
304.090000,457.789972,-1.22060,-20.26196,-22.33698,-0.12468,0.06564,1.10727,0,0,61029
304.095000,457.789972,-1.95296,-20.50608,-22.64213,-0.12542,0.06832,1.10776,0,0,61030
304.100000,457.789972,-1.89193,-20.81123,-23.06934,-0.12420,0.06808,1.11142,0,0,61031
304.105000,457.791281,-1.03751,-21.36050,-23.67964,-0.11883,0.06588,1.11362,0,0,61032
304.110000,457.791281,0.24412,-22.27595,-24.16788,-0.11566,0.06442,1.11313,0,0,61033
304.115000,457.791281,2.01399,-23.67964,-24.59509,-0.11468,0.06661,1.11142,0,0,61034
304.120000,457.792645,3.41768,-24.83921,-24.96127,-0.11419,0.07125,1.10776,0,0,61035
304.125000,457.792645,4.63828,-25.75466,-25.32745,-0.11566,0.07662,1.10312,0,0,61036
304.130000,457.792645,5.55373,-26.54805,-25.63260,-0.11468,0.07979,1.09922,0,0,61037
304.135000,457.802804,5.67579,-27.09732,-26.18187,-0.11297,0.08101,1.09532,0,0,61038
304.140000,457.802804,4.88240,-27.34144,-26.79217,-0.11151,0.08784,1.09044,0,0,61039
304.145000,457.802804,2.80738,-27.40247,-28.07380,-0.11297,0.09540,1.08360,0,0,61040
304.150000,457.817535,0.42721,-27.40247,-29.17234,-0.11492,0.10224,1.07555,0,0,61041
304.155000,457.817535,-1.52575,-27.21938,-30.20985,-0.11468,0.10736,1.06530,0,0,61042
304.160000,457.817535,-3.05150,-27.28041,-30.75912,-0.11688,0.11078,1.05774,0,0,61043
304.165000,457.832575,-4.21107,-27.82968,-31.61354,-0.11785,0.11053,1.04896,0,0,61044
304.170000,457.832575,-4.15004,-28.56204,-32.16281,-0.11468,0.11029,1.03578,0,0,61045
304.175000,457.832575,-3.84489,-29.29440,-32.65105,-0.10907,0.10931,1.01699,0,0,61046
304.180000,457.847900,-4.08901,-29.84367,-32.95620,-0.10175,0.10272,0.99479,0,0,61047
304.185000,457.847900,-5.00446,-29.96573,-33.50547,-0.09516,0.09516,0.97210,0,0,61048
304.190000,457.847900,-5.91991,-29.78264,-34.35989,-0.08808,0.08808,0.95624,0,0,61049
304.195000,457.893794,-6.77433,-29.41646,-35.76358,-0.08052,0.08247,0.94404,0,0,61050
304.200000,457.893794,-7.44566,-28.98925,-37.47242,-0.07662,0.08540,0.93452,0,0,61051
304.205000,457.893794,-7.81184,-28.92822,-39.24229,-0.07344,0.09370,0.92525,0,0,61052
304.210000,457.896122,-7.62875,-29.35543,-40.82907,-0.06612,0.10541,0.91451,0,0,61053
304.215000,457.896122,-6.71330,-30.14882,-42.72100,-0.05392,0.12078,0.90085,0,0,61054
304.220000,457.896122,-6.04197,-30.27088,-44.00263,-0.04319,0.13957,0.88962,0,0,61055
304.225000,457.896468,-5.73682,-30.33191,-45.22323,-0.03367,0.16202,0.88011,0,0,61056
304.230000,457.896468,-6.16403,-30.20985,-46.26074,-0.02269,0.19032,0.87108,0,0,61057
304.235000,457.896468,-7.38463,-30.08779,-47.11516,-0.01391,0.21496,0.86156,0,0,61058
304.240000,457.907863,-8.97141,-29.66058,-47.72546,-0.00390,0.23766,0.84766,0,0,61059
304.245000,457.907863,-10.98540,-28.43998,-48.45782,0.00976,0.26010,0.83643,0,0,61060
304.250000,457.907863,-12.57218,-27.21938,-49.12915,0.02342,0.28255,0.82765,0,0,61061
304.255000,457.953847,-14.28102,-26.05981,-49.86151,0.03709,0.30280,0.81862,0,0,61062
304.260000,457.953847,-15.92883,-25.57157,-50.59387,0.05222,0.32354,0.80813,0,0,61063
304.265000,457.953847,-16.53913,-25.26642,-51.14314,0.07369,0.34941,0.79300,0,0,61064
304.270000,457.955396,-15.74574,-25.08333,-51.02108,0.09272,0.37454,0.77934,0,0,61065
304.275000,457.955396,-13.79278,-24.77818,-50.34975,0.10785,0.40333,0.76592,0,0,61066
304.280000,457.955396,-10.98540,-24.71715,-49.00709,0.12249,0.43408,0.74688,0,0,61067
304.285000,457.956463,-7.56772,-24.65612,-47.23722,0.13835,0.46140,0.72907,0,0,61068
304.290000,457.956463,-3.11253,-23.74067,-44.06366,0.15177,0.49142,0.71492,0,0,61069
304.295000,457.956463,0.42721,-22.64213,-41.13422,0.16202,0.51801,0.70394,0,0,61070
304.300000,457.967921,3.78386,-21.17741,-37.83860,0.17397,0.54241,0.69686,0,0,61071
304.305000,457.967921,6.34712,-19.46857,-34.17680,0.18520,0.56706,0.69564,0,0,61072
304.310000,457.967921,8.42214,-17.08840,-28.92822,0.18934,0.58658,0.69882,0,0,61073
304.315000,458.014003,9.33759,-14.83029,-24.59509,0.18739,0.59926,0.70565,0,0,61074
304.320000,458.014003,9.76480,-12.38909,-20.13990,0.18300,0.60488,0.71492,0,0,61075
304.325000,458.014003,9.82583,-9.88686,-15.68471,0.18129,0.59878,0.72980,0,0,61076
304.330000,458.015208,9.82583,-7.56772,-10.98540,0.18105,0.58194,0.75006,0,0,61077
304.335000,458.015208,9.45965,-5.85888,-6.28609,0.17763,0.55486,0.76787,0,0,61078
304.340000,458.015208,8.91038,-4.57725,-1.58678,0.16641,0.51972,0.78178,0,0,61079
304.345000,458.016285,8.84935,-3.90592,1.09854,0.15714,0.48605,0.78983,0,0,61080
304.350000,458.016285,8.78832,-3.05150,2.99047,0.14884,0.44994,0.79544,0,0,61081
304.355000,458.016285,9.33759,-2.01399,4.63828,0.13469,0.41480,0.80276,0,0,61082
304.360000,458.027729,9.64274,-1.03751,5.91991,0.12078,0.38430,0.81057,0,0,61083
304.365000,458.027729,9.88686,-0.24412,6.28609,0.10834,0.35429,0.81789,0,0,61084
304.370000,458.027729,9.94789,0.42721,6.04197,0.09833,0.32281,0.82667,0,0,61085
304.375000,458.073787,9.94789,1.28163,5.37064,0.09223,0.29866,0.83790,0,0,61086
304.380000,458.073787,9.70377,2.31914,4.63828,0.08784,0.27645,0.85302,0,0,61087
304.385000,458.073787,9.09347,3.11253,3.78386,0.08589,0.25962,0.86913,0,0,61088
304.390000,458.075020,8.23905,3.47871,1.70884,0.08442,0.25132,0.88694,0,0,61089
304.395000,458.075020,7.68978,3.60077,-0.18309,0.08223,0.25522,0.90231,0,0,61090
304.400000,458.075020,7.38463,3.41768,-1.64781,0.08076,0.26498,0.91695,0,0,61091
304.405000,458.076237,7.50669,2.86841,-2.62429,0.07906,0.27743,0.92988,0,0,61092
304.410000,458.076237,8.11699,2.19708,-3.17356,0.07418,0.28938,0.93696,0,0,61093
304.415000,458.076237,9.21553,1.22060,-2.92944,0.07296,0.30232,0.94062,0,0,61094
304.420000,458.087609,10.13098,0.67133,-1.83090,0.07198,0.31232,0.94306,0,0,61095
304.425000,458.087609,10.98540,0.36618,-0.48824,0.07052,0.31549,0.94355,0,0,61096
304.430000,458.087609,11.53467,0.06103,0.73236,0.07198,0.31476,0.94013,0,0,61097
304.435000,458.133879,11.29055,0.06103,1.58678,0.07393,0.30939,0.93550,0,0,61098
304.440000,458.133879,10.43613,0.18309,2.07502,0.07540,0.30280,0.93013,0,0,61099
304.445000,458.133879,9.15450,0.30515,2.31914,0.07442,0.29914,0.92208,0,0,61100
304.450000,458.135416,7.75081,0.97648,2.50223,0.07247,0.29719,0.91500,0,0,61101
304.455000,458.135416,6.65227,1.58678,2.56326,0.07271,0.29500,0.91183,0,0,61102
304.460000,458.135416,5.79785,2.38017,2.62429,0.07125,0.29426,0.91232,0,0,61103
304.465000,458.136253,5.12652,3.47871,2.99047,0.06710,0.29329,0.91329,0,0,61104
304.470000,458.136253,4.94343,4.27210,3.41768,0.06222,0.29207,0.91500,0,0,61105
304.475000,458.136253,4.82137,5.18755,3.90592,0.05954,0.28792,0.91939,0,0,61106
304.480000,458.147692,4.51622,6.10300,4.51622,0.05636,0.28182,0.92866,0,0,61107
304.485000,458.147692,4.02798,6.95742,5.18755,0.05344,0.27328,0.93891,0,0,61108
304.490000,458.147692,3.47871,8.11699,6.16403,0.05197,0.26230,0.95233,0,0,61109
304.495000,458.193747,3.05150,8.54420,6.53021,0.05197,0.25132,0.96404,0,0,61110
304.500000,458.193747,2.74635,8.66626,6.65227,0.04904,0.24229,0.97551,0,0,61111
304.505000,458.193747,2.62429,8.54420,6.65227,0.04563,0.23644,0.98771,0,0,61112
304.510000,458.195018,2.68532,8.30008,6.40815,0.04343,0.23375,0.99845,0,0,61113
304.515000,458.195018,3.05150,7.56772,6.34712,0.04221,0.23180,1.00772,0,0,61114
304.520000,458.195018,3.53974,6.83536,6.53021,0.04099,0.22912,1.01358,0,0,61115
304.525000,458.196385,3.96695,6.04197,6.89639,0.03806,0.22521,1.01602,0,0,61116
304.530000,458.196385,4.27210,5.18755,7.14051,0.03270,0.22326,1.01480,0,0,61117
304.535000,458.196385,4.82137,4.63828,7.20154,0.02708,0.22009,1.01065,0,0,61118
304.540000,458.207674,5.49270,4.57725,7.32360,0.02416,0.21374,1.01162,0,0,61119
304.545000,458.207674,6.16403,4.88240,7.50669,0.02196,0.20569,1.01846,0,0,61120
304.550000,458.207674,6.59124,4.76034,7.75081,0.02147,0.19837,1.02260,0,0,61121
304.555000,458.253983,6.46918,4.45519,7.75081,0.01781,0.19325,1.02822,0,0,61122
304.560000,458.253983,6.04197,4.27210,7.75081,0.01879,0.18568,1.03456,0,0,61123
304.565000,458.253983,5.37064,4.27210,7.32360,0.02074,0.17690,1.03968,0,0,61124
304.570000,458.255221,4.27210,4.02798,6.71330,0.02001,0.16958,1.04237,0,0,61125
304.575000,458.255221,3.17356,3.60077,5.73682,0.02074,0.16128,1.04164,0,0,61126
304.580000,458.255221,2.19708,3.05150,4.51622,0.02294,0.15494,1.04188,0,0,61127
304.585000,458.256333,1.52575,2.44120,3.11253,0.02611,0.15226,1.03895,0,0,61128
304.590000,458.256333,1.46472,1.70884,1.34266,0.02440,0.15787,1.03700,0,0,61129
304.595000,458.256333,1.70884,1.15957,0.18309,0.01903,0.16909,1.03236,0,0,61130
304.600000,458.267933,2.38017,0.54927,-0.79339,0.01562,0.18276,1.02456,0,0,61131
304.605000,458.267933,3.23459,0.18309,-1.46472,0.01513,0.19666,1.01943,0,0,61132
304.610000,458.267933,3.78386,0.00000,-1.70884,0.01806,0.20911,1.01675,0,0,61133
304.615000,458.283827,3.90592,0.06103,-1.28163,0.01635,0.21984,1.01870,0,0,61134
304.620000,458.283827,3.29562,0.24412,-1.03751,0.01928,0.22326,1.02212,0,0,61135
304.625000,458.283827,2.31914,0.48824,-1.09854,0.02757,0.22350,1.02529,0,0,61136
304.630000,458.297701,0.85442,0.54927,-1.40369,0.02830,0.22741,1.02724,0,0,61137
304.635000,458.297701,-0.73236,0.61030,-1.46472,0.02708,0.23375,1.02602,0,0,61138
304.640000,458.297701,-2.56326,0.73236,-1.58678,0.03074,0.23888,1.02285,0,0,61139
304.645000,458.343840,-4.15004,0.97648,-1.46472,0.03245,0.24156,1.02041,0,0,61140
304.650000,458.343840,-5.06549,1.09854,-1.22060,0.03709,0.23936,1.01894,0,0,61141
304.655000,458.343840,-5.73682,1.09854,-1.03751,0.04221,0.23717,1.01553,0,0,61142
304.660000,458.345195,-5.73682,1.03751,-0.79339,0.04563,0.23668,1.00967,0,0,61143
304.665000,458.345195,-4.51622,0.79339,-0.06103,0.04709,0.23668,1.00308,0,0,61144
304.670000,458.345195,-2.86841,0.91545,0.67133,0.04904,0.23644,1.00138,0,0,61145
304.675000,458.346492,-0.79339,0.73236,1.28163,0.04660,0.23619,1.00089,0,0,61146
304.680000,458.346492,0.97648,0.24412,1.70884,0.04490,0.23326,1.00138,0,0,61147
304.685000,458.346492,2.13605,0.06103,2.01399,0.04636,0.23034,1.00333,0,0,61148
304.690000,458.357642,2.38017,0.18309,2.31914,0.04538,0.22546,1.00748,0,0,61149
304.695000,458.357642,2.19708,0.30515,2.50223,0.04368,0.21960,1.01333,0,0,61150
304.700000,458.357642,2.01399,0.36618,2.74635,0.04026,0.21521,1.02041,0,0,61151
304.705000,458.373867,1.95296,0.30515,2.99047,0.03562,0.20960,1.02822,0,0,61152
304.710000,458.373867,2.07502,0.00000,2.80738,0.03294,0.20252,1.03407,0,0,61153
304.715000,458.373867,2.50223,-0.54927,2.31914,0.02928,0.19764,1.03749,0,0,61154
304.720000,458.387552,2.74635,-1.34266,1.83090,0.03001,0.19422,1.03724,0,0,61155
304.725000,458.387552,2.50223,-1.89193,1.28163,0.03270,0.19227,1.03383,0,0,61156
304.730000,458.387552,1.95296,-2.38017,0.61030,0.03440,0.19154,1.02626,0,0,61157
304.735000,458.434034,1.03751,-2.62429,-0.12206,0.03514,0.19300,1.01846,0,0,61158
304.740000,458.434034,-0.97648,-2.56326,-0.85442,0.03416,0.19813,1.01040,0,0,61159
304.745000,458.434034,-2.56326,-2.25811,-1.34266,0.03343,0.20228,1.00260,0,0,61160
304.750000,458.435218,-3.90592,-1.83090,-2.01399,0.03514,0.20496,0.99479,0,0,61161
304.755000,458.435218,-4.94343,-1.58678,-2.38017,0.03880,0.20642,0.98722,0,0,61162
304.760000,458.435218,-5.30961,-1.58678,-2.50223,0.04002,0.21082,0.98039,0,0,61163
304.765000,458.436229,-4.02798,-1.70884,-1.95296,0.03684,0.21667,0.97600,0,0,61164
304.770000,458.436229,-2.44120,-1.70884,-1.46472,0.03148,0.21838,0.97698,0,0,61165
304.775000,458.436229,-1.09854,-1.52575,-1.03751,0.03489,0.21838,0.97844,0,0,61166
304.780000,458.447754,-0.30515,-1.46472,-0.79339,0.04246,0.21692,0.98088,0,0,61167
304.785000,458.447754,0.00000,-1.95296,-0.54927,0.04319,0.21618,0.98356,0,0,61168
304.790000,458.447754,-0.12206,-2.38017,-0.42721,0.03806,0.21667,0.98478,0,0,61169
304.795000,458.523779,-0.18309,-2.44120,-0.61030,0.03538,0.22058,0.98405,0,0,61170
304.800000,458.523779,-0.30515,-2.50223,-1.22060,0.03538,0.22594,0.98186,0,0,61171
304.805000,458.523779,-0.54927,-2.68532,-1.76987,0.03587,0.23204,0.97917,0,0,61172
304.810000,458.524934,-0.67133,-2.92944,-1.76987,0.03831,0.23766,0.97332,0,0,61173
304.815000,458.524934,-0.54927,-3.11253,-1.03751,0.04075,0.24107,0.96575,0,0,61174
304.820000,458.524934,-0.18309,-3.17356,-0.42721,0.04270,0.24034,0.96038,0,0,61175
304.825000,458.526367,0.12206,-2.99047,0.24412,0.04148,0.23912,0.95282,0,0,61176
304.830000,458.526367,0.06103,-2.50223,0.97648,0.04099,0.23400,0.94574,0,0,61177
304.835000,458.526367,-0.30515,-1.52575,1.52575,0.04221,0.22619,0.94648,0,0,61178
304.840000,458.527685,-0.91545,-0.48824,1.83090,0.04660,0.21423,0.94916,0,0,61179
304.845000,458.527685,-1.46472,0.00000,1.70884,0.04856,0.20545,0.95331,0,0,61180
304.850000,458.527685,-1.83090,0.06103,1.40369,0.04782,0.20130,0.95648,0,0,61181
304.855000,458.643985,-1.52575,-0.24412,0.73236,0.04514,0.20081,0.95770,0,0,61182
